estimate_id,customer_id,service_id,estimate_date,quoted_revenue,estimate_status,won_date,lead_source
1,946,5,2024-12-31,237.16,Won,2025-01-01,Google
2,132,6,2024-12-24,1368.77,Won,2025-01-01,Referral
3,402,5,2024-12-21,150.99,Won,2025-01-01,Google
4,612,3,2024-12-22,9665.19,Open,,Google
5,1310,4,2024-12-22,2400.15,Open,,Organic
6,916,2,2024-12-28,624.36,Lost,,Direct Mail
7,1023,1,2025-01-01,579.46,Won,2025-01-01,Referral
8,1069,4,2024-12-20,2283.63,Won,2025-01-01,Organic
9,565,4,2024-12-23,2192.75,Won,2025-01-01,Referral
10,798,5,2024-12-28,200.58,Won,2025-01-01,Referral
11,1307,1,2024-12-24,746.27,Won,2025-01-01,Google
12,933,3,2024-12-26,10885.55,Open,,Google
13,1108,6,2024-12-23,956.81,Won,2025-01-01,Organic
14,327,4,2024-12-20,1778.12,Lost,,Home Services Marketplace
15,892,7,2024-12-23,1208.01,Won,2025-01-01,Organic
16,85,4,2024-12-31,2115.11,Open,,Referral
17,610,1,2025-01-01,393.36,Won,2025-01-01,Google
18,624,3,2025-01-01,21353.58,Lost,,Google
19,1057,1,2024-12-30,474.69,Open,,Referral
20,539,3,2024-12-30,8249.66,Won,2025-01-01,Referral
21,1440,1,2024-12-31,594.69,Won,2025-01-01,Home Services Marketplace
22,291,6,2024-12-27,1993.87,Lost,,Referral
23,917,1,2024-12-27,538.12,Won,2025-01-01,Google
24,1136,5,2024-12-23,329.74,Lost,,Organic
25,231,5,2025-01-01,137.55,Won,2025-01-01,Home Services Marketplace
26,1272,3,2024-12-27,15212.88,Open,,Referral
27,1158,4,2024-12-29,2698.3,Open,,Organic
28,759,3,2024-12-30,18485.98,Lost,,Google
29,12,3,2024-12-27,10080.71,Open,,Home Services Marketplace
30,511,4,2024-12-24,3386.44,Open,,Google
31,323,2,2024-12-26,525.19,Won,2025-01-01,Referral
32,1143,7,2024-12-26,1403.4,Won,2025-01-02,Organic
33,433,5,2024-12-23,203.48,Open,,Google
34,357,1,2024-12-31,395.88,Won,2025-01-02,Referral
35,1409,5,2024-12-31,185.19,Open,,Referral
36,1310,5,2024-12-22,171.85,Won,2025-01-02,Organic
37,55,4,2024-12-28,2410.25,Lost,,Direct Mail
38,758,5,2024-12-24,301.39,Won,2025-01-02,Referral
39,1279,4,2024-12-24,2592.38,Won,2025-01-02,Google
40,315,4,2025-01-01,1982.53,Open,,Google
41,812,5,2025-01-02,273.44,Won,2025-01-02,Home Services Marketplace
42,594,5,2024-12-27,231.19,Open,,Organic
43,1349,3,2024-12-21,10230.68,Lost,,Organic
44,1070,3,2025-01-02,10020.68,Won,2025-01-02,Organic
45,937,5,2024-12-24,313.32,Open,,Referral
46,47,1,2024-12-26,438.22,Won,2025-01-02,Direct Mail
47,522,4,2024-12-29,1717.38,Won,2025-01-02,Google
48,364,1,2024-12-27,547.54,Won,2025-01-02,Referral
49,835,1,2024-12-28,632.85,Won,2025-01-02,Google
50,480,5,2024-12-25,313.4,Won,2025-01-02,Direct Mail
51,909,4,2024-12-26,2520.33,Won,2025-01-02,Home Services Marketplace
52,1311,6,2024-12-27,1525.12,Won,2025-01-02,Organic
53,322,5,2024-12-25,227.27,Won,2025-01-02,Google
54,875,5,2024-12-25,173.67,Open,,Organic
55,338,5,2025-01-03,207.16,Won,2025-01-03,Home Services Marketplace
56,1233,1,2024-12-28,436.67,Won,2025-01-03,Google
57,1139,5,2025-01-02,163.61,Open,,Referral
58,374,1,2024-12-25,452.96,Won,2025-01-03,Google
59,52,3,2025-01-01,7932.64,Lost,,Google
60,169,2,2024-12-23,500.01,Won,2025-01-03,Google
61,444,1,2024-12-29,344.94,Won,2025-01-03,Referral
62,361,1,2024-12-29,910.59,Lost,,Organic
63,471,5,2024-12-23,224.86,Open,,Google
64,413,5,2024-12-24,185.91,Lost,,Google
65,1426,5,2024-12-22,174.23,Won,2025-01-03,Referral
66,794,5,2025-01-02,194.5,Won,2025-01-03,Google
67,187,1,2024-12-23,503.27,Won,2025-01-03,Referral
68,1416,4,2024-12-30,3459.24,Won,2025-01-03,Referral
69,1382,5,2024-12-23,201.89,Lost,,Home Services Marketplace
70,1359,5,2024-12-27,169.57,Won,2025-01-03,Google
71,376,5,2024-12-30,146.72,Won,2025-01-03,Google
72,398,1,2024-12-25,557.81,Won,2025-01-03,Direct Mail
73,1109,1,2024-12-29,350.26,Open,,Referral
74,1117,3,2025-01-02,8662.33,Won,2025-01-03,Google
75,671,3,2025-01-03,10757.04,Won,2025-01-03,Home Services Marketplace
76,1276,6,2024-12-30,1073.83,Won,2025-01-03,Google
77,440,6,2024-12-22,1160.0,Lost,,Google
78,168,2,2024-12-27,463.33,Won,2025-01-03,Referral
79,175,5,2024-12-28,213.51,Won,2025-01-03,Organic
80,227,3,2024-12-30,8113.31,Won,2025-01-03,Home Services Marketplace
81,647,1,2024-12-28,354.55,Open,,Home Services Marketplace
82,198,1,2024-12-30,535.37,Won,2025-01-03,Direct Mail
83,1447,6,2024-12-31,2099.03,Won,2025-01-03,Google
84,1401,2,2024-12-27,526.07,Won,2025-01-03,Direct Mail
85,226,5,2025-01-03,198.67,Won,2025-01-03,Google
86,273,7,2024-12-31,1229.24,Won,2025-01-03,Direct Mail
87,1141,5,2024-12-26,197.58,Won,2025-01-03,Google
88,1303,1,2025-01-03,543.36,Won,2025-01-03,Direct Mail
89,1068,6,2024-12-24,1259.68,Open,,Google
90,536,7,2024-12-27,1481.33,Won,2025-01-03,Referral
91,1289,2,2024-12-25,558.77,Won,2025-01-03,Google
92,619,6,2024-12-30,1764.21,Won,2025-01-04,Organic
93,656,5,2024-12-30,160.67,Won,2025-01-04,Referral
94,219,2,2025-01-04,440.91,Won,2025-01-04,Google
95,1083,1,2024-12-24,643.54,Won,2025-01-04,Organic
96,1414,1,2024-12-26,455.0,Won,2025-01-04,Organic
97,277,5,2024-12-31,404.85,Open,,Google
98,1447,3,2025-01-02,12785.45,Lost,,Google
99,490,5,2024-12-29,153.39,Won,2025-01-04,Referral
100,587,4,2024-12-24,2224.78,Won,2025-01-04,Direct Mail
101,52,1,2024-12-25,641.06,Won,2025-01-04,Google
102,208,2,2024-12-25,439.85,Won,2025-01-04,Referral
103,1121,5,2024-12-25,219.02,Won,2025-01-04,Google
104,78,1,2025-01-03,747.9,Won,2025-01-04,Google
105,781,4,2024-12-29,2545.17,Lost,,Referral
106,24,5,2024-12-23,161.28,Lost,,Referral
107,208,2,2025-01-04,514.31,Won,2025-01-04,Referral
108,634,3,2025-01-01,12295.2,Won,2025-01-04,Google
109,691,5,2025-01-03,256.97,Won,2025-01-04,Home Services Marketplace
110,1444,2,2024-12-25,593.61,Won,2025-01-04,Referral
111,1063,5,2024-12-23,141.15,Won,2025-01-04,Home Services Marketplace
112,1367,1,2024-12-27,475.64,Lost,,Organic
113,766,1,2025-01-01,452.93,Won,2025-01-04,Referral
114,287,1,2025-01-02,952.37,Won,2025-01-05,Direct Mail
115,1198,6,2025-01-02,1254.43,Lost,,Referral
116,423,7,2024-12-25,2537.62,Won,2025-01-05,Organic
117,594,5,2025-01-01,227.84,Won,2025-01-05,Organic
118,1220,5,2024-12-31,176.12,Won,2025-01-05,Google
119,126,1,2024-12-27,618.75,Won,2025-01-05,Home Services Marketplace
120,974,5,2024-12-28,210.12,Won,2025-01-05,Home Services Marketplace
121,1200,1,2024-12-30,417.93,Won,2025-01-05,Google
122,1437,5,2024-12-31,179.99,Won,2025-01-05,Home Services Marketplace
123,1436,6,2025-01-03,1280.48,Won,2025-01-05,Google
124,1109,4,2025-01-04,2422.23,Lost,,Referral
125,1315,6,2024-12-29,1401.16,Won,2025-01-05,Google
126,762,5,2024-12-24,199.57,Won,2025-01-05,Google
127,1142,1,2024-12-27,611.76,Won,2025-01-05,Google
128,1004,3,2024-12-28,9161.14,Lost,,Referral
129,1093,5,2024-12-29,514.84,Won,2025-01-05,Organic
130,89,6,2025-01-05,1099.28,Won,2025-01-05,Home Services Marketplace
131,1347,1,2024-12-30,439.92,Open,,Referral
132,1068,5,2025-01-03,219.29,Won,2025-01-05,Google
133,1101,5,2024-12-25,293.64,Won,2025-01-05,Home Services Marketplace
134,338,5,2024-12-28,170.48,Won,2025-01-06,Home Services Marketplace
135,1292,1,2025-01-05,378.59,Won,2025-01-06,Home Services Marketplace
136,399,5,2024-12-25,156.98,Won,2025-01-06,Organic
137,181,1,2024-12-31,505.56,Lost,,Organic
138,550,2,2024-12-29,582.81,Open,,Referral
139,571,7,2024-12-31,932.05,Won,2025-01-06,Referral
140,774,1,2025-01-04,413.22,Won,2025-01-06,Referral
141,1070,5,2024-12-29,155.79,Won,2025-01-06,Organic
142,17,1,2025-01-05,497.53,Lost,,Organic
143,1154,3,2024-12-31,8502.08,Won,2025-01-06,Organic
144,18,6,2025-01-04,1071.26,Won,2025-01-06,Home Services Marketplace
145,1203,4,2025-01-04,3476.81,Lost,,Google
146,97,5,2025-01-03,222.72,Won,2025-01-06,Google
147,1239,1,2024-12-31,586.57,Won,2025-01-06,Referral
148,356,4,2024-12-28,3267.73,Won,2025-01-06,Direct Mail
149,254,2,2025-01-06,542.71,Lost,,Google
150,874,6,2025-01-02,2181.32,Won,2025-01-06,Referral
151,343,5,2025-01-01,193.1,Won,2025-01-06,Google
152,1087,1,2024-12-31,881.53,Won,2025-01-06,Direct Mail
153,96,1,2024-12-30,607.27,Open,,Google
154,1050,5,2024-12-26,180.18,Won,2025-01-06,Referral
155,1349,1,2025-01-01,586.66,Open,,Organic
156,1269,1,2024-12-26,389.0,Won,2025-01-06,Referral
157,841,5,2025-01-06,201.55,Won,2025-01-06,Referral
158,1360,6,2025-01-03,1287.71,Won,2025-01-06,Organic
159,340,5,2025-01-03,167.47,Won,2025-01-06,Google
160,1046,1,2024-12-29,557.17,Open,,Home Services Marketplace
161,430,6,2025-01-03,1178.1,Won,2025-01-06,Referral
162,514,4,2025-01-05,2917.08,Open,,Google
163,97,3,2025-01-04,13683.48,Open,,Google
164,1431,5,2024-12-30,271.55,Lost,,Google
165,694,4,2024-12-29,2230.19,Lost,,Google
166,529,2,2025-01-07,601.79,Won,2025-01-07,Google
167,356,5,2024-12-29,150.95,Won,2025-01-07,Direct Mail
168,563,5,2025-01-07,295.63,Won,2025-01-07,Direct Mail
169,1212,1,2025-01-05,475.16,Won,2025-01-07,Home Services Marketplace
170,202,3,2025-01-06,10868.53,Won,2025-01-07,Google
171,409,7,2025-01-06,1132.99,Won,2025-01-07,Google
172,1409,2,2025-01-06,460.92,Won,2025-01-07,Referral
173,825,2,2025-01-06,647.31,Won,2025-01-07,Google
174,470,1,2025-01-02,669.63,Won,2025-01-07,Google
175,1263,7,2024-12-27,890.6,Won,2025-01-07,Google
176,90,5,2024-12-29,230.95,Won,2025-01-07,Google
177,840,2,2025-01-06,491.14,Won,2025-01-07,Organic
178,352,5,2025-01-01,178.64,Won,2025-01-07,Direct Mail
179,820,2,2024-12-27,602.9,Won,2025-01-07,Direct Mail
180,462,5,2024-12-27,297.8,Open,,Referral
181,18,5,2024-12-31,186.94,Won,2025-01-07,Home Services Marketplace
182,15,1,2024-12-31,544.96,Won,2025-01-07,Organic
183,1235,1,2025-01-07,510.43,Open,,Referral
184,1274,5,2024-12-28,180.32,Won,2025-01-07,Direct Mail
185,1038,2,2025-01-04,604.37,Won,2025-01-07,Referral
186,956,2,2025-01-04,477.71,Won,2025-01-07,Home Services Marketplace
187,1014,1,2024-12-28,367.83,Won,2025-01-07,Google
188,811,5,2025-01-04,188.2,Won,2025-01-07,Organic
189,1000,3,2025-01-05,7049.72,Open,,Google
190,1352,5,2024-12-31,166.23,Won,2025-01-07,Direct Mail
191,536,1,2025-01-03,695.56,Won,2025-01-07,Referral
192,569,1,2024-12-30,679.96,Won,2025-01-07,Google
193,1160,5,2024-12-27,309.25,Won,2025-01-08,Google
194,223,4,2025-01-06,2067.46,Open,,Google
195,1063,2,2024-12-31,407.13,Won,2025-01-08,Home Services Marketplace
196,683,5,2024-12-29,149.32,Open,,Home Services Marketplace
197,742,3,2025-01-01,9462.75,Open,,Organic
198,731,7,2024-12-28,1320.31,Lost,,Google
199,466,1,2025-01-06,1031.13,Lost,,Google
200,445,2,2024-12-30,422.07,Won,2025-01-08,Referral
201,855,5,2024-12-27,370.86,Open,,Home Services Marketplace
202,567,1,2025-01-02,525.7,Open,,Referral
203,88,6,2025-01-05,2263.83,Won,2025-01-08,Google
204,65,6,2025-01-07,887.01,Won,2025-01-08,Google
205,1220,3,2025-01-05,7744.96,Lost,,Google
206,403,6,2025-01-03,1019.14,Won,2025-01-08,Direct Mail
207,686,1,2025-01-05,584.19,Won,2025-01-08,Home Services Marketplace
208,1167,1,2024-12-28,391.46,Won,2025-01-08,Google
209,357,5,2025-01-04,148.56,Won,2025-01-08,Referral
210,307,3,2025-01-01,10677.48,Won,2025-01-08,Google
211,509,6,2024-12-31,1364.26,Won,2025-01-08,Home Services Marketplace
212,134,1,2025-01-05,433.19,Lost,,Google
213,1039,1,2024-12-29,697.94,Lost,,Home Services Marketplace
214,1236,6,2024-12-30,1321.88,Lost,,Home Services Marketplace
215,1175,3,2025-01-02,8758.0,Lost,,Referral
216,747,5,2024-12-29,180.24,Lost,,Referral
217,1129,5,2025-01-02,148.33,Won,2025-01-09,Referral
218,1029,1,2025-01-04,949.52,Open,,Organic
219,1167,4,2025-01-07,3458.61,Lost,,Google
220,363,1,2024-12-29,448.92,Won,2025-01-09,Organic
221,220,1,2024-12-30,691.86,Won,2025-01-09,Referral
222,85,2,2025-01-03,597.47,Won,2025-01-09,Referral
223,1344,5,2025-01-01,165.4,Won,2025-01-09,Home Services Marketplace
224,471,5,2025-01-05,217.06,Won,2025-01-09,Google
225,450,2,2024-12-30,459.88,Won,2025-01-09,Home Services Marketplace
226,1220,1,2025-01-03,454.02,Won,2025-01-09,Google
227,103,5,2025-01-01,184.14,Won,2025-01-09,Organic
228,1023,4,2025-01-09,1923.58,Won,2025-01-10,Referral
229,1223,2,2025-01-02,729.15,Lost,,Referral
230,598,5,2025-01-10,260.44,Won,2025-01-10,Home Services Marketplace
231,612,4,2025-01-04,2313.24,Open,,Google
232,748,1,2025-01-04,529.13,Won,2025-01-10,Google
233,765,1,2024-12-31,459.48,Won,2025-01-10,Google
234,1255,5,2024-12-30,164.4,Won,2025-01-10,Referral
235,101,1,2024-12-31,476.86,Won,2025-01-10,Organic
236,136,2,2025-01-05,1044.77,Won,2025-01-10,Google
237,1436,1,2025-01-02,385.28,Won,2025-01-10,Google
238,230,1,2025-01-04,462.65,Won,2025-01-10,Organic
239,787,4,2025-01-10,4813.0,Won,2025-01-10,Google
240,345,1,2025-01-04,324.25,Won,2025-01-10,Google
241,1398,5,2024-12-29,146.32,Won,2025-01-10,Google
242,281,5,2025-01-02,178.92,Won,2025-01-10,Organic
243,1089,2,2025-01-06,487.85,Won,2025-01-10,Google
244,532,1,2024-12-31,401.88,Won,2025-01-10,Direct Mail
245,1450,6,2025-01-05,1251.63,Won,2025-01-10,Home Services Marketplace
246,942,1,2025-01-03,540.5,Won,2025-01-10,Google
247,638,1,2025-01-06,417.09,Won,2025-01-10,Google
248,1316,6,2025-01-07,924.34,Open,,Referral
249,1396,2,2025-01-03,467.55,Won,2025-01-10,Home Services Marketplace
250,1287,5,2025-01-05,183.18,Won,2025-01-10,Google
251,618,5,2024-12-31,203.08,Won,2025-01-10,Google
252,631,5,2025-01-07,162.94,Won,2025-01-10,Organic
253,1036,1,2024-12-29,592.01,Open,,Home Services Marketplace
254,949,3,2025-01-10,8500.99,Won,2025-01-11,Direct Mail
255,881,2,2025-01-10,504.65,Won,2025-01-11,Organic
256,1283,6,2025-01-06,1302.12,Won,2025-01-11,Referral
257,680,4,2025-01-05,2411.39,Won,2025-01-11,Home Services Marketplace
258,222,1,2025-01-01,512.4,Won,2025-01-11,Home Services Marketplace
259,1416,1,2025-01-10,417.03,Won,2025-01-11,Referral
260,271,3,2025-01-01,8191.56,Won,2025-01-11,Google
261,1272,7,2024-12-31,2091.73,Open,,Referral
262,420,2,2025-01-02,406.81,Won,2025-01-11,Home Services Marketplace
263,1106,1,2025-01-09,510.37,Won,2025-01-11,Google
264,855,1,2024-12-30,895.94,Won,2025-01-11,Home Services Marketplace
265,60,1,2025-01-07,428.4,Won,2025-01-11,Direct Mail
266,86,3,2025-01-11,10259.16,Won,2025-01-11,Organic
267,1450,1,2025-01-08,448.6,Open,,Home Services Marketplace
268,1003,5,2024-12-30,225.5,Won,2025-01-11,Home Services Marketplace
269,1038,7,2025-01-06,1196.57,Won,2025-01-11,Referral
270,743,3,2025-01-09,12692.26,Open,,Google
271,742,5,2025-01-01,173.86,Won,2025-01-11,Organic
272,1045,5,2025-01-09,180.31,Won,2025-01-11,Home Services Marketplace
273,715,1,2025-01-03,316.11,Won,2025-01-11,Organic
274,373,1,2025-01-09,410.0,Won,2025-01-11,Google
275,663,5,2025-01-03,173.64,Open,,Direct Mail
276,1323,3,2025-01-10,21094.42,Won,2025-01-11,Google
277,975,1,2025-01-03,423.7,Won,2025-01-11,Referral
278,602,6,2025-01-03,1347.19,Won,2025-01-11,Organic
279,579,1,2025-01-02,528.27,Won,2025-01-11,Google
280,419,2,2025-01-07,731.45,Won,2025-01-12,Google
281,858,1,2025-01-04,554.74,Won,2025-01-12,Organic
282,1107,1,2025-01-05,377.61,Won,2025-01-12,Home Services Marketplace
283,600,4,2025-01-06,1905.05,Won,2025-01-12,Organic
284,399,6,2025-01-03,1128.71,Won,2025-01-12,Organic
285,308,3,2025-01-06,8814.65,Lost,,Referral
286,440,5,2025-01-01,178.58,Won,2025-01-12,Google
287,979,6,2025-01-07,1226.72,Won,2025-01-12,Referral
288,1324,1,2025-01-10,514.08,Won,2025-01-12,Google
289,625,5,2025-01-02,157.64,Won,2025-01-12,Home Services Marketplace
290,469,3,2025-01-04,11345.64,Won,2025-01-12,Referral
291,96,1,2025-01-11,669.89,Won,2025-01-12,Google
292,2,6,2025-01-11,726.58,Open,,Home Services Marketplace
293,591,4,2025-01-07,2114.15,Open,,Organic
294,226,2,2025-01-04,723.42,Won,2025-01-12,Google
295,53,5,2025-01-07,193.06,Won,2025-01-12,Referral
296,192,6,2025-01-06,1331.4,Won,2025-01-12,Google
297,1108,1,2025-01-02,469.54,Won,2025-01-12,Organic
298,126,1,2025-01-11,475.01,Won,2025-01-12,Home Services Marketplace
299,926,1,2025-01-10,792.97,Won,2025-01-12,Organic
300,72,1,2025-01-04,412.73,Won,2025-01-12,Referral
301,1251,2,2025-01-04,519.47,Won,2025-01-12,Organic
302,396,1,2025-01-12,362.15,Won,2025-01-12,Direct Mail
303,1095,6,2025-01-10,2619.27,Won,2025-01-13,Referral
304,264,1,2025-01-04,435.9,Won,2025-01-13,Google
305,1450,4,2025-01-08,2243.23,Lost,,Home Services Marketplace
306,399,6,2025-01-05,1308.76,Won,2025-01-13,Organic
307,256,1,2025-01-03,510.75,Won,2025-01-13,Home Services Marketplace
308,179,6,2025-01-03,1766.58,Open,,Organic
309,108,1,2025-01-07,421.38,Open,,Organic
310,672,1,2025-01-05,475.32,Won,2025-01-13,Google
311,769,5,2025-01-04,260.61,Won,2025-01-13,Google
312,754,5,2025-01-02,228.72,Won,2025-01-13,Google
313,903,7,2025-01-05,1056.62,Won,2025-01-13,Referral
314,419,1,2025-01-07,1042.31,Won,2025-01-13,Google
315,276,1,2025-01-09,692.29,Won,2025-01-13,Google
316,416,5,2025-01-02,173.64,Won,2025-01-13,Google
317,897,1,2025-01-08,419.08,Won,2025-01-13,Organic
318,1246,1,2025-01-09,543.3,Won,2025-01-13,Google
319,438,5,2025-01-05,317.72,Won,2025-01-13,Google
320,451,3,2025-01-09,13891.34,Won,2025-01-13,Home Services Marketplace
321,948,1,2025-01-03,505.14,Won,2025-01-13,Organic
322,585,2,2025-01-02,531.71,Won,2025-01-13,Organic
323,448,6,2025-01-04,1463.66,Lost,,Google
324,276,5,2025-01-02,198.81,Won,2025-01-13,Google
325,1295,5,2025-01-06,160.41,Won,2025-01-13,Organic
326,1185,4,2025-01-07,3442.43,Won,2025-01-13,Google
327,689,1,2025-01-08,947.06,Won,2025-01-13,Referral
328,843,7,2025-01-09,1344.22,Lost,,Referral
329,33,1,2025-01-01,498.11,Open,,Google
330,1250,5,2025-01-14,138.89,Lost,,Organic
331,318,4,2025-01-07,2642.16,Won,2025-01-14,Google
332,740,5,2025-01-14,190.7,Won,2025-01-14,Home Services Marketplace
333,1349,1,2025-01-02,376.18,Open,,Organic
334,726,5,2025-01-14,175.26,Won,2025-01-14,Referral
335,847,1,2025-01-02,984.58,Won,2025-01-14,Direct Mail
336,688,2,2025-01-09,379.14,Won,2025-01-14,Referral
337,25,4,2025-01-07,2332.62,Lost,,Google
338,559,6,2025-01-14,977.06,Won,2025-01-14,Home Services Marketplace
339,173,6,2025-01-11,1665.28,Won,2025-01-14,Google
340,500,2,2025-01-02,770.75,Won,2025-01-14,Direct Mail
341,501,1,2025-01-04,414.12,Won,2025-01-14,Google
342,642,7,2025-01-12,1513.09,Won,2025-01-14,Direct Mail
343,798,5,2025-01-06,206.05,Won,2025-01-14,Referral
344,91,3,2025-01-07,10717.39,Open,,Home Services Marketplace
345,1211,3,2025-01-03,9027.05,Won,2025-01-14,Home Services Marketplace
346,1262,3,2025-01-05,14723.93,Lost,,Google
347,1104,3,2025-01-12,8803.33,Lost,,Google
348,549,1,2025-01-12,500.68,Won,2025-01-14,Home Services Marketplace
349,1209,5,2025-01-05,242.88,Won,2025-01-14,Direct Mail
350,1053,5,2025-01-10,192.66,Won,2025-01-14,Referral
351,1337,2,2025-01-07,423.91,Won,2025-01-14,Referral
352,1111,1,2025-01-10,601.56,Won,2025-01-14,Google
353,909,2,2025-01-10,613.77,Won,2025-01-14,Home Services Marketplace
354,605,1,2025-01-04,1026.24,Won,2025-01-14,Google
355,1309,7,2025-01-14,899.72,Won,2025-01-14,Direct Mail
356,1130,1,2025-01-09,592.09,Won,2025-01-14,Direct Mail
357,729,5,2025-01-06,199.43,Lost,,Referral
358,481,5,2025-01-09,206.07,Lost,,Home Services Marketplace
359,662,7,2025-01-03,1741.47,Won,2025-01-15,Referral
360,710,3,2025-01-07,9313.41,Lost,,Google
361,387,6,2025-01-15,988.74,Won,2025-01-15,Referral
362,1369,2,2025-01-09,527.05,Won,2025-01-15,Organic
363,916,5,2025-01-12,218.11,Open,,Direct Mail
364,81,5,2025-01-05,195.51,Won,2025-01-15,Google
365,763,5,2025-01-10,162.86,Won,2025-01-15,Google
366,509,1,2025-01-12,672.36,Won,2025-01-15,Home Services Marketplace
367,1264,5,2025-01-07,235.63,Won,2025-01-15,Direct Mail
368,779,2,2025-01-10,967.51,Open,,Home Services Marketplace
369,1350,3,2025-01-09,12171.47,Won,2025-01-15,Home Services Marketplace
370,1221,2,2025-01-08,661.88,Won,2025-01-15,Referral
371,333,5,2025-01-08,187.64,Won,2025-01-15,Organic
372,483,5,2025-01-13,186.43,Won,2025-01-15,Google
373,789,4,2025-01-06,2363.51,Lost,,Home Services Marketplace
374,1040,5,2025-01-03,165.87,Won,2025-01-15,Google
375,50,1,2025-01-10,632.69,Won,2025-01-15,Organic
376,98,6,2025-01-06,1331.39,Won,2025-01-15,Referral
377,238,5,2025-01-11,182.07,Won,2025-01-15,Referral
378,1066,1,2025-01-06,389.0,Won,2025-01-15,Referral
379,1394,6,2025-01-14,1020.63,Won,2025-01-16,Google
380,194,5,2025-01-08,153.53,Won,2025-01-16,Organic
381,760,6,2025-01-05,1253.91,Won,2025-01-16,Referral
382,610,1,2025-01-07,759.16,Open,,Google
383,968,3,2025-01-16,8570.25,Lost,,Organic
384,141,2,2025-01-16,543.85,Won,2025-01-16,Google
385,747,1,2025-01-07,401.13,Won,2025-01-16,Referral
386,1107,4,2025-01-08,2580.75,Won,2025-01-16,Home Services Marketplace
387,525,1,2025-01-11,428.19,Lost,,Google
388,1405,1,2025-01-04,475.73,Won,2025-01-16,Google
389,499,2,2025-01-04,381.3,Won,2025-01-16,Direct Mail
390,520,3,2025-01-09,7045.73,Won,2025-01-16,Organic
391,1449,5,2025-01-12,210.6,Won,2025-01-16,Google
392,193,5,2025-01-10,168.23,Won,2025-01-16,Home Services Marketplace
393,361,5,2025-01-12,300.58,Won,2025-01-16,Organic
394,595,6,2025-01-08,1328.59,Won,2025-01-16,Google
395,889,5,2025-01-15,226.8,Won,2025-01-16,Home Services Marketplace
396,1290,5,2025-01-09,194.25,Won,2025-01-16,Google
397,313,5,2025-01-09,333.28,Won,2025-01-16,Google
398,174,2,2025-01-06,400.7,Won,2025-01-16,Google
399,433,6,2025-01-04,1821.28,Won,2025-01-16,Google
400,89,3,2025-01-15,12029.26,Won,2025-01-16,Home Services Marketplace
401,1019,2,2025-01-10,578.18,Won,2025-01-16,Organic
402,246,1,2025-01-13,445.66,Open,,Referral
403,331,2,2025-01-05,496.43,Open,,Organic
404,55,3,2025-01-09,13846.91,Lost,,Direct Mail
405,1318,3,2025-01-07,11547.67,Won,2025-01-17,Referral
406,67,3,2025-01-13,11719.25,Won,2025-01-17,Google
407,987,5,2025-01-07,328.69,Won,2025-01-17,Google
408,233,6,2025-01-11,1326.12,Won,2025-01-17,Google
409,106,3,2025-01-11,9055.36,Won,2025-01-17,Organic
410,89,2,2025-01-16,479.63,Lost,,Home Services Marketplace
411,746,1,2025-01-08,594.62,Open,,Direct Mail
412,193,1,2025-01-06,641.49,Won,2025-01-17,Home Services Marketplace
413,669,2,2025-01-12,709.61,Won,2025-01-17,Home Services Marketplace
414,658,1,2025-01-06,503.08,Won,2025-01-17,Organic
415,1385,7,2025-01-17,1585.04,Won,2025-01-17,Home Services Marketplace
416,419,1,2025-01-17,973.9,Won,2025-01-17,Google
417,75,1,2025-01-08,322.14,Lost,,Organic
418,544,5,2025-01-17,204.09,Won,2025-01-17,Referral
419,1359,3,2025-01-11,8531.84,Won,2025-01-17,Google
420,379,6,2025-01-09,916.8,Won,2025-01-17,Organic
421,1215,3,2025-01-06,20350.22,Won,2025-01-17,Referral
422,266,5,2025-01-06,110.42,Open,,Google
423,420,2,2025-01-15,507.49,Won,2025-01-17,Home Services Marketplace
424,141,5,2025-01-10,184.07,Won,2025-01-17,Google
425,33,6,2025-01-09,1052.4,Open,,Google
426,958,2,2025-01-15,770.75,Won,2025-01-17,Google
427,450,2,2025-01-13,476.64,Won,2025-01-18,Home Services Marketplace
428,574,5,2025-01-09,153.58,Won,2025-01-18,Organic
429,669,2,2025-01-13,560.36,Won,2025-01-18,Home Services Marketplace
430,511,1,2025-01-16,579.72,Lost,,Google
431,514,5,2025-01-16,187.51,Open,,Google
432,297,2,2025-01-13,554.87,Open,,Home Services Marketplace
433,1431,5,2025-01-09,293.54,Won,2025-01-18,Google
434,356,5,2025-01-13,226.34,Won,2025-01-18,Direct Mail
435,668,3,2025-01-08,7559.71,Open,,Home Services Marketplace
436,732,3,2025-01-06,6768.25,Lost,,Organic
437,726,6,2025-01-06,1595.13,Open,,Referral
438,1437,1,2025-01-17,447.16,Won,2025-01-18,Home Services Marketplace
439,52,1,2025-01-07,402.61,Open,,Google
440,222,2,2025-01-10,481.77,Won,2025-01-18,Home Services Marketplace
441,380,1,2025-01-15,515.63,Lost,,Organic
442,739,1,2025-01-12,854.34,Won,2025-01-18,Google
443,729,1,2025-01-17,466.1,Lost,,Referral
444,1107,4,2025-01-13,2706.99,Won,2025-01-18,Home Services Marketplace
445,1308,1,2025-01-17,583.38,Won,2025-01-18,Home Services Marketplace
446,1018,3,2025-01-17,17311.7,Won,2025-01-19,Google
447,668,1,2025-01-08,382.66,Lost,,Home Services Marketplace
448,234,5,2025-01-17,328.78,Won,2025-01-19,Organic
449,755,5,2025-01-15,196.61,Won,2025-01-19,Referral
450,295,5,2025-01-13,186.32,Won,2025-01-19,Google
451,1015,1,2025-01-19,542.5,Won,2025-01-19,Google
452,223,1,2025-01-13,494.87,Won,2025-01-19,Google
453,1110,1,2025-01-08,1057.46,Won,2025-01-19,Organic
454,1146,2,2025-01-16,552.12,Lost,,Home Services Marketplace
455,527,2,2025-01-15,630.28,Won,2025-01-19,Referral
456,1230,2,2025-01-19,454.22,Won,2025-01-19,Referral
457,1097,1,2025-01-15,560.83,Won,2025-01-19,Referral
458,65,5,2025-01-19,252.58,Won,2025-01-19,Google
459,1399,5,2025-01-07,215.45,Won,2025-01-19,Organic
460,406,7,2025-01-14,1388.22,Won,2025-01-19,Google
461,1304,1,2025-01-17,431.58,Won,2025-01-19,Google
462,644,2,2025-01-19,324.52,Won,2025-01-19,Referral
463,118,7,2025-01-07,1084.68,Won,2025-01-19,Referral
464,394,3,2025-01-13,13428.18,Lost,,Home Services Marketplace
465,1049,6,2025-01-07,1087.49,Open,,Google
466,356,6,2025-01-16,1113.58,Won,2025-01-19,Direct Mail
467,655,5,2025-01-16,301.44,Won,2025-01-20,Google
468,1152,6,2025-01-16,1941.88,Open,,Referral
469,914,1,2025-01-19,479.07,Won,2025-01-20,Home Services Marketplace
470,870,7,2025-01-14,1409.14,Open,,Google
471,17,5,2025-01-14,216.64,Won,2025-01-20,Organic
472,631,2,2025-01-18,565.66,Open,,Organic
473,513,7,2025-01-10,1288.25,Won,2025-01-20,Google
474,86,5,2025-01-12,145.58,Won,2025-01-20,Organic
475,116,7,2025-01-12,1118.86,Lost,,Organic
476,1073,5,2025-01-10,331.08,Won,2025-01-20,Direct Mail
477,965,5,2025-01-18,174.26,Open,,Referral
478,1155,2,2025-01-19,491.05,Won,2025-01-20,Google
479,1120,1,2025-01-20,873.88,Won,2025-01-20,Organic
480,1128,3,2025-01-12,9441.39,Lost,,Referral
481,35,1,2025-01-20,568.59,Won,2025-01-20,Direct Mail
482,506,4,2025-01-16,3317.34,Won,2025-01-20,Organic
483,208,2,2025-01-19,501.83,Won,2025-01-20,Referral
484,806,2,2025-01-10,474.06,Won,2025-01-20,Google
485,465,5,2025-01-16,203.95,Won,2025-01-20,Referral
486,810,2,2025-01-20,445.61,Lost,,Referral
487,1054,2,2025-01-17,390.36,Won,2025-01-20,Google
488,872,4,2025-01-16,2839.33,Won,2025-01-20,Organic
489,1011,1,2025-01-16,575.41,Won,2025-01-20,Organic
490,823,3,2025-01-15,8556.55,Open,,Home Services Marketplace
491,1060,1,2025-01-15,507.29,Won,2025-01-20,Google
492,911,1,2025-01-16,799.65,Won,2025-01-20,Google
493,104,5,2025-01-20,184.77,Won,2025-01-20,Google
494,948,5,2025-01-16,152.03,Won,2025-01-20,Organic
495,423,7,2025-01-10,1979.32,Won,2025-01-21,Organic
496,1050,7,2025-01-18,922.05,Won,2025-01-21,Referral
497,1175,2,2025-01-11,396.07,Won,2025-01-21,Referral
498,1380,3,2025-01-17,9939.01,Lost,,Referral
499,1163,6,2025-01-09,1189.42,Won,2025-01-21,Google
500,186,2,2025-01-12,409.63,Won,2025-01-21,Google
501,1086,1,2025-01-15,479.82,Won,2025-01-21,Google
502,40,5,2025-01-10,189.39,Won,2025-01-21,Direct Mail
503,587,2,2025-01-19,404.95,Open,,Direct Mail
504,554,1,2025-01-17,473.25,Open,,Google
505,481,2,2025-01-21,480.99,Won,2025-01-21,Home Services Marketplace
506,556,7,2025-01-12,1051.67,Won,2025-01-21,Google
507,413,6,2025-01-16,1283.3,Lost,,Google
508,1153,1,2025-01-19,489.64,Won,2025-01-21,Referral
509,896,6,2025-01-11,1519.26,Won,2025-01-21,Google
510,15,5,2025-01-20,195.57,Won,2025-01-21,Organic
511,424,2,2025-01-10,601.89,Open,,Referral
512,460,1,2025-01-16,575.57,Won,2025-01-21,Referral
513,489,5,2025-01-11,199.5,Won,2025-01-21,Google
514,1236,7,2025-01-12,846.07,Open,,Home Services Marketplace
515,654,5,2025-01-17,174.39,Won,2025-01-21,Referral
516,652,2,2025-01-14,496.5,Won,2025-01-21,Referral
517,56,5,2025-01-18,183.12,Won,2025-01-21,Referral
518,237,4,2025-01-12,2812.88,Won,2025-01-21,Referral
519,1366,1,2025-01-10,536.1,Won,2025-01-21,Home Services Marketplace
520,1002,2,2025-01-17,720.8,Won,2025-01-21,Google
521,151,7,2025-01-21,1494.82,Open,,Home Services Marketplace
522,675,1,2025-01-15,489.28,Open,,Organic
523,518,1,2025-01-17,456.71,Won,2025-01-22,Organic
524,1317,2,2025-01-11,609.8,Open,,Direct Mail
525,501,2,2025-01-21,414.8,Open,,Google
526,570,5,2025-01-14,413.4,Lost,,Organic
527,233,1,2025-01-21,469.0,Won,2025-01-22,Google
528,1353,5,2025-01-10,177.14,Won,2025-01-22,Direct Mail
529,1177,1,2025-01-15,498.09,Won,2025-01-22,Google
530,407,3,2025-01-10,13159.2,Won,2025-01-22,Organic
531,1350,5,2025-01-22,193.73,Won,2025-01-22,Home Services Marketplace
532,192,2,2025-01-19,863.82,Won,2025-01-22,Google
533,1049,4,2025-01-17,2541.74,Open,,Google
534,268,4,2025-01-21,2081.22,Open,,Referral
535,637,1,2025-01-11,582.29,Lost,,Referral
536,778,1,2025-01-12,468.85,Won,2025-01-22,Google
537,606,2,2025-01-11,497.39,Won,2025-01-22,Organic
538,379,5,2025-01-16,164.03,Won,2025-01-22,Organic
539,647,5,2025-01-20,190.41,Won,2025-01-22,Home Services Marketplace
540,140,1,2025-01-10,445.32,Won,2025-01-22,Google
541,1238,5,2025-01-13,175.23,Won,2025-01-22,Referral
542,949,1,2025-01-21,424.5,Won,2025-01-22,Direct Mail
543,547,1,2025-01-19,415.64,Won,2025-01-23,Google
544,616,6,2025-01-11,1034.62,Lost,,Google
545,974,1,2025-01-17,486.65,Won,2025-01-23,Home Services Marketplace
546,35,5,2025-01-16,213.34,Won,2025-01-23,Direct Mail
547,1357,3,2025-01-16,8178.72,Won,2025-01-23,Google
548,1132,7,2025-01-17,767.61,Won,2025-01-23,Referral
549,412,4,2025-01-16,2432.02,Open,,Home Services Marketplace
550,974,4,2025-01-20,3123.53,Open,,Home Services Marketplace
551,1271,5,2025-01-15,210.79,Won,2025-01-23,Referral
552,1239,5,2025-01-11,183.58,Open,,Referral
553,882,7,2025-01-11,874.07,Won,2025-01-23,Home Services Marketplace
554,1423,5,2025-01-19,195.37,Open,,Home Services Marketplace
555,1073,3,2025-01-15,14630.21,Won,2025-01-23,Direct Mail
556,1314,4,2025-01-11,2351.44,Open,,Referral
557,629,1,2025-01-18,504.08,Won,2025-01-23,Home Services Marketplace
558,468,1,2025-01-13,327.21,Won,2025-01-23,Referral
559,907,2,2025-01-13,525.73,Won,2025-01-23,Google
560,1377,6,2025-01-19,1021.91,Lost,,Direct Mail
561,1222,2,2025-01-21,488.51,Won,2025-01-23,Referral
562,1105,1,2025-01-18,576.59,Won,2025-01-23,Google
563,299,2,2025-01-16,376.45,Won,2025-01-23,Referral
564,655,5,2025-01-20,163.62,Won,2025-01-23,Google
565,963,7,2025-01-23,699.7,Won,2025-01-23,Referral
566,631,1,2025-01-21,523.22,Won,2025-01-23,Organic
567,802,2,2025-01-17,551.71,Won,2025-01-24,Organic
568,737,5,2025-01-21,172.98,Lost,,Home Services Marketplace
569,1338,3,2025-01-18,18083.63,Won,2025-01-24,Google
570,41,5,2025-01-20,229.78,Won,2025-01-24,Google
571,113,1,2025-01-21,481.1,Won,2025-01-24,Google
572,550,1,2025-01-16,676.38,Lost,,Referral
573,68,4,2025-01-16,2277.71,Won,2025-01-24,Google
574,1167,6,2025-01-17,1015.9,Won,2025-01-24,Google
575,627,5,2025-01-13,261.14,Won,2025-01-24,Google
576,1146,5,2025-01-15,110.11,Won,2025-01-24,Home Services Marketplace
577,372,2,2025-01-24,833.29,Won,2025-01-24,Home Services Marketplace
578,379,5,2025-01-24,168.85,Won,2025-01-24,Organic
579,773,5,2025-01-23,197.59,Won,2025-01-24,Google
580,478,1,2025-01-23,450.49,Won,2025-01-24,Organic
581,1383,4,2025-01-12,2403.71,Won,2025-01-24,Referral
582,1428,5,2025-01-19,159.22,Won,2025-01-24,Organic
583,1154,1,2025-01-14,465.6,Won,2025-01-24,Organic
584,332,3,2025-01-13,8934.98,Open,,Google
585,412,5,2025-01-14,159.21,Open,,Home Services Marketplace
586,983,2,2025-01-20,580.06,Lost,,Organic
587,1026,1,2025-01-18,605.11,Won,2025-01-24,Organic
588,234,1,2025-01-14,694.29,Lost,,Organic
589,604,5,2025-01-23,210.44,Won,2025-01-24,Referral
590,1300,5,2025-01-20,184.09,Won,2025-01-24,Google
591,587,4,2025-01-17,1493.41,Lost,,Direct Mail
592,1044,2,2025-01-16,526.59,Won,2025-01-24,Organic
593,1044,6,2025-01-13,1303.41,Lost,,Organic
594,859,5,2025-01-17,236.96,Won,2025-01-24,Home Services Marketplace
595,1282,6,2025-01-16,1321.55,Won,2025-01-24,Referral
596,1038,3,2025-01-17,9231.42,Open,,Referral
597,823,5,2025-01-22,183.45,Won,2025-01-24,Home Services Marketplace
598,789,1,2025-01-22,436.93,Won,2025-01-24,Home Services Marketplace
599,836,2,2025-01-24,413.81,Won,2025-01-25,Google
600,384,7,2025-01-16,1252.26,Won,2025-01-25,Google
601,1073,3,2025-01-22,14845.43,Won,2025-01-25,Direct Mail
602,576,7,2025-01-18,985.87,Won,2025-01-25,Direct Mail
603,238,1,2025-01-16,450.2,Won,2025-01-25,Referral
604,877,2,2025-01-13,431.27,Won,2025-01-25,Home Services Marketplace
605,233,5,2025-01-22,258.04,Won,2025-01-25,Google
606,859,1,2025-01-25,431.92,Won,2025-01-25,Home Services Marketplace
607,1127,1,2025-01-24,447.19,Won,2025-01-25,Google
608,1423,5,2025-01-17,232.43,Won,2025-01-25,Home Services Marketplace
609,599,5,2025-01-25,363.65,Won,2025-01-25,Referral
610,1377,2,2025-01-21,560.6,Lost,,Direct Mail
611,415,1,2025-01-15,580.96,Won,2025-01-25,Referral
612,107,1,2025-01-22,408.49,Won,2025-01-25,Google
613,466,5,2025-01-17,282.88,Won,2025-01-25,Google
614,539,5,2025-01-20,175.79,Won,2025-01-25,Referral
615,1442,1,2025-01-16,682.85,Won,2025-01-25,Home Services Marketplace
616,1091,5,2025-01-18,208.37,Open,,Home Services Marketplace
617,1079,1,2025-01-13,507.55,Won,2025-01-25,Google
618,92,1,2025-01-18,545.13,Lost,,Referral
619,537,3,2025-01-19,10689.33,Open,,Organic
620,238,1,2025-01-18,578.56,Open,,Referral
621,306,5,2025-01-23,187.68,Won,2025-01-25,Organic
622,34,5,2025-01-23,182.37,Lost,,Direct Mail
623,723,6,2025-01-14,958.3,Won,2025-01-25,Direct Mail
624,1424,1,2025-01-18,428.95,Won,2025-01-25,Referral
625,850,6,2025-01-21,1223.27,Won,2025-01-25,Direct Mail
626,650,1,2025-01-18,732.36,Open,,Home Services Marketplace
627,1254,1,2025-01-22,609.45,Won,2025-01-26,Home Services Marketplace
628,924,1,2025-01-14,999.09,Open,,Google
629,813,6,2025-01-24,924.41,Won,2025-01-26,Organic
630,12,2,2025-01-17,438.6,Won,2025-01-26,Home Services Marketplace
631,731,1,2025-01-19,614.16,Lost,,Google
632,951,3,2025-01-19,8620.42,Lost,,Google
633,804,1,2025-01-26,507.57,Won,2025-01-26,Home Services Marketplace
634,566,4,2025-01-21,2318.26,Lost,,Referral
635,152,3,2025-01-16,11196.76,Lost,,Referral
636,799,7,2025-01-16,1051.8,Lost,,Referral
637,1117,6,2025-01-22,1372.79,Won,2025-01-26,Google
638,301,3,2025-01-26,15714.77,Won,2025-01-26,Direct Mail
639,1130,7,2025-01-26,891.2,Won,2025-01-26,Direct Mail
640,816,1,2025-01-16,766.65,Lost,,Organic
641,617,6,2025-01-27,1026.36,Open,,Google
642,1072,2,2025-01-25,1232.62,Won,2025-01-27,Referral
643,1072,4,2025-01-24,3212.69,Open,,Referral
644,1159,5,2025-01-18,197.29,Won,2025-01-27,Referral
645,1330,1,2025-01-18,506.2,Won,2025-01-27,Home Services Marketplace
646,1369,5,2025-01-23,173.66,Won,2025-01-27,Organic
647,518,7,2025-01-15,1428.72,Open,,Organic
648,958,1,2025-01-19,529.1,Won,2025-01-27,Google
649,1021,1,2025-01-18,581.57,Won,2025-01-27,Referral
650,829,1,2025-01-16,601.16,Won,2025-01-27,Referral
651,747,7,2025-01-25,1287.42,Won,2025-01-27,Referral
652,467,1,2025-01-23,587.55,Won,2025-01-27,Organic
653,354,1,2025-01-22,946.56,Lost,,Referral
654,265,3,2025-01-26,10896.67,Open,,Home Services Marketplace
655,332,5,2025-01-25,199.41,Won,2025-01-27,Google
656,197,4,2025-01-21,3083.28,Won,2025-01-27,Direct Mail
657,722,1,2025-01-20,633.96,Won,2025-01-27,Referral
658,187,2,2025-01-27,469.85,Lost,,Referral
659,422,2,2025-01-22,525.31,Won,2025-01-27,Google
660,1342,3,2025-01-24,11065.22,Won,2025-01-27,Direct Mail
661,1131,5,2025-01-21,180.34,Won,2025-01-27,Google
662,1048,5,2025-01-26,310.42,Won,2025-01-27,Referral
663,119,5,2025-01-26,166.15,Won,2025-01-27,Referral
664,1158,1,2025-01-17,540.28,Won,2025-01-28,Organic
665,1410,2,2025-01-28,498.8,Won,2025-01-28,Referral
666,1144,7,2025-01-18,1052.37,Won,2025-01-28,Google
667,24,2,2025-01-17,473.6,Won,2025-01-28,Referral
668,566,5,2025-01-21,221.45,Won,2025-01-28,Referral
669,1399,6,2025-01-18,944.68,Won,2025-01-28,Organic
670,562,5,2025-01-17,185.81,Won,2025-01-28,Direct Mail
671,174,6,2025-01-25,706.42,Won,2025-01-28,Google
672,868,2,2025-01-25,442.7,Won,2025-01-28,Google
673,388,1,2025-01-16,435.18,Won,2025-01-28,Google
674,383,5,2025-01-19,243.32,Won,2025-01-28,Google
675,961,5,2025-01-25,224.47,Won,2025-01-28,Referral
676,1110,2,2025-01-22,1183.77,Won,2025-01-28,Organic
677,605,3,2025-01-22,16196.84,Lost,,Google
678,1256,1,2025-01-23,428.72,Won,2025-01-28,Referral
679,1416,2,2025-01-27,426.72,Won,2025-01-28,Referral
680,561,5,2025-01-17,248.47,Won,2025-01-28,Google
681,108,7,2025-01-27,1056.07,Lost,,Organic
682,1225,1,2025-01-20,904.09,Lost,,Organic
683,753,2,2025-01-18,566.44,Won,2025-01-28,Home Services Marketplace
684,1049,4,2025-01-22,1997.0,Open,,Google
685,477,1,2025-01-26,548.64,Won,2025-01-28,Direct Mail
686,202,5,2025-01-17,218.36,Open,,Google
687,532,1,2025-01-23,313.32,Won,2025-01-28,Direct Mail
688,1211,5,2025-01-21,153.78,Open,,Home Services Marketplace
689,822,5,2025-01-20,243.05,Won,2025-01-29,Organic
690,45,5,2025-01-24,172.74,Won,2025-01-29,Direct Mail
691,248,6,2025-01-17,944.33,Open,,Direct Mail
692,1058,3,2025-01-27,11561.49,Open,,Organic
693,1319,7,2025-01-20,963.2,Won,2025-01-29,Organic
694,722,3,2025-01-18,7826.1,Lost,,Referral
695,686,5,2025-01-24,183.67,Won,2025-01-29,Home Services Marketplace
696,409,1,2025-01-28,569.15,Won,2025-01-29,Google
697,1001,1,2025-01-20,1130.25,Open,,Referral
698,670,1,2025-01-28,449.91,Won,2025-01-29,Referral
699,605,6,2025-01-17,2204.85,Lost,,Google
700,1447,1,2025-01-23,799.03,Won,2025-01-29,Google
701,890,1,2025-01-20,526.98,Won,2025-01-29,Google
702,706,1,2025-01-19,997.35,Won,2025-01-29,Organic
703,1049,5,2025-01-29,119.78,Won,2025-01-29,Google
704,484,7,2025-01-18,2889.51,Won,2025-01-29,Google
705,693,2,2025-01-27,721.12,Open,,Referral
706,351,1,2025-01-25,536.57,Lost,,Home Services Marketplace
707,283,5,2025-01-26,172.34,Open,,Organic
708,569,5,2025-01-24,350.8,Won,2025-01-29,Google
709,1022,1,2025-01-25,586.0,Won,2025-01-30,Home Services Marketplace
710,455,5,2025-01-29,172.06,Open,,Google
711,1163,3,2025-01-24,8625.21,Won,2025-01-30,Google
712,569,4,2025-01-24,1776.22,Lost,,Google
713,812,7,2025-01-22,1877.29,Won,2025-01-30,Home Services Marketplace
714,813,1,2025-01-27,534.96,Won,2025-01-30,Organic
715,236,2,2025-01-22,571.38,Won,2025-01-30,Direct Mail
716,453,6,2025-01-20,1158.25,Won,2025-01-30,Home Services Marketplace
717,40,2,2025-01-25,534.13,Won,2025-01-30,Direct Mail
718,1019,2,2025-01-28,571.25,Won,2025-01-30,Organic
719,513,2,2025-01-28,491.6,Won,2025-01-30,Google
720,1075,3,2025-01-21,6915.01,Won,2025-01-30,Referral
721,927,1,2025-01-26,445.92,Won,2025-01-30,Google
722,825,4,2025-01-23,3089.6,Open,,Google
723,279,6,2025-01-27,1096.18,Lost,,Home Services Marketplace
724,751,3,2025-01-28,9443.84,Lost,,Google
725,760,2,2025-01-29,426.84,Won,2025-01-30,Referral
726,787,2,2025-01-28,1056.63,Lost,,Google
727,501,4,2025-01-26,2349.57,Won,2025-01-30,Google
728,1415,3,2025-01-26,8651.3,Won,2025-01-30,Organic
729,1415,4,2025-01-21,2365.17,Open,,Organic
730,1312,3,2025-01-25,12014.7,Lost,,Referral
731,612,3,2025-01-20,7269.47,Won,2025-01-30,Google
732,112,2,2025-01-23,678.65,Won,2025-01-30,Organic
733,1334,3,2025-01-19,8795.41,Open,,Home Services Marketplace
734,47,4,2025-01-24,2274.64,Open,,Direct Mail
735,151,5,2025-01-29,163.57,Open,,Home Services Marketplace
736,381,2,2025-01-23,477.13,Won,2025-01-30,Home Services Marketplace
737,39,1,2025-01-25,439.35,Won,2025-01-30,Google
738,762,1,2025-01-24,445.61,Won,2025-01-30,Google
739,33,5,2025-01-21,178.42,Won,2025-01-30,Google
740,76,2,2025-01-19,507.4,Won,2025-01-30,Organic
741,797,5,2025-01-27,192.73,Won,2025-01-30,Direct Mail
742,1002,1,2025-01-22,407.86,Won,2025-01-30,Google
743,22,6,2025-01-18,978.96,Won,2025-01-30,Google
744,1145,2,2025-01-20,425.43,Won,2025-01-31,Google
745,784,1,2025-01-26,504.13,Won,2025-01-31,Organic
746,1211,2,2025-01-30,664.55,Won,2025-01-31,Home Services Marketplace
747,12,2,2025-01-23,458.52,Open,,Home Services Marketplace
748,85,1,2025-01-24,594.85,Won,2025-01-31,Referral
749,853,1,2025-01-25,408.51,Lost,,Google
750,587,5,2025-01-20,215.5,Won,2025-01-31,Direct Mail
751,447,4,2025-01-28,1966.51,Won,2025-01-31,Direct Mail
752,364,6,2025-01-29,709.07,Won,2025-01-31,Referral
753,897,1,2025-01-21,502.63,Won,2025-01-31,Organic
754,30,2,2025-01-26,525.06,Won,2025-01-31,Referral
755,1188,2,2025-01-27,464.33,Won,2025-01-31,Referral
756,959,1,2025-01-31,340.4,Won,2025-01-31,Google
757,296,2,2025-01-26,534.66,Won,2025-01-31,Direct Mail
758,554,3,2025-01-25,7243.7,Won,2025-01-31,Google
759,840,5,2025-01-25,212.98,Open,,Organic
760,1400,1,2025-01-24,542.25,Won,2025-01-31,Referral
761,686,5,2025-01-28,264.64,Won,2025-01-31,Home Services Marketplace
762,889,4,2025-01-29,2215.28,Won,2025-01-31,Home Services Marketplace
763,1005,7,2025-01-27,1176.21,Won,2025-01-31,Home Services Marketplace
764,327,2,2025-01-24,551.26,Open,,Home Services Marketplace
765,603,2,2025-01-24,639.89,Won,2025-01-31,Google
766,1034,1,2025-01-28,423.36,Won,2025-01-31,Organic
767,1014,3,2025-01-22,11701.25,Lost,,Google
768,110,2,2025-01-23,1022.27,Open,,Google
769,164,1,2025-01-27,517.09,Won,2025-01-31,Google
770,1024,2,2025-01-24,668.7,Open,,Referral
771,1201,1,2025-01-29,440.31,Lost,,Home Services Marketplace
772,195,5,2025-01-26,263.48,Won,2025-01-31,Referral
773,1260,3,2025-01-24,13654.07,Open,,Referral
774,489,1,2025-01-23,419.71,Won,2025-02-01,Google
775,576,2,2025-01-27,301.41,Won,2025-02-01,Direct Mail
776,517,4,2025-01-30,2559.04,Lost,,Google
777,406,5,2025-01-31,140.66,Won,2025-02-01,Google
778,739,7,2025-01-28,1417.6,Won,2025-02-01,Google
779,953,5,2025-01-20,221.92,Lost,,Home Services Marketplace
780,903,4,2025-01-26,2878.23,Won,2025-02-01,Referral
781,920,1,2025-01-27,448.06,Open,,Google
782,251,2,2025-02-01,911.46,Open,,Organic
783,1155,5,2025-01-27,146.27,Open,,Google
784,102,3,2025-01-25,9084.15,Won,2025-02-01,Direct Mail
785,363,2,2025-01-28,600.57,Won,2025-02-01,Organic
786,748,5,2025-01-24,288.08,Won,2025-02-01,Google
787,1335,2,2025-01-30,593.34,Won,2025-02-01,Referral
788,1374,2,2025-01-27,679.72,Won,2025-02-01,Home Services Marketplace
789,712,1,2025-01-28,887.86,Won,2025-02-01,Organic
790,1067,3,2025-01-27,8261.83,Won,2025-02-01,Organic
791,199,5,2025-01-26,237.93,Won,2025-02-01,Organic
792,782,4,2025-01-30,2714.21,Lost,,Organic
793,591,5,2025-01-25,157.24,Won,2025-02-01,Organic
794,959,3,2025-01-30,7171.04,Won,2025-02-02,Google
795,927,1,2025-01-21,470.53,Won,2025-02-02,Google
796,375,3,2025-02-02,11612.08,Open,,Direct Mail
797,374,1,2025-01-28,620.98,Open,,Google
798,1051,6,2025-01-24,1337.58,Won,2025-02-02,Organic
799,1446,5,2025-01-24,191.24,Won,2025-02-02,Home Services Marketplace
800,490,1,2025-01-25,464.14,Won,2025-02-02,Referral
801,751,1,2025-01-23,423.92,Open,,Google
802,876,1,2025-01-29,493.25,Lost,,Google
803,187,5,2025-01-25,206.96,Open,,Referral
804,974,5,2025-01-23,228.45,Open,,Home Services Marketplace
805,875,2,2025-01-30,515.41,Lost,,Organic
806,724,5,2025-02-01,226.42,Open,,Google
807,793,1,2025-01-27,733.65,Won,2025-02-02,Google
808,1073,1,2025-01-24,905.38,Won,2025-02-02,Direct Mail
809,1267,1,2025-01-24,621.79,Won,2025-02-02,Home Services Marketplace
810,343,5,2025-01-26,170.74,Won,2025-02-02,Google
811,445,1,2025-01-22,425.76,Won,2025-02-02,Referral
812,1077,1,2025-01-25,380.99,Lost,,Referral
813,528,1,2025-01-23,621.82,Won,2025-02-02,Google
814,29,1,2025-02-02,494.5,Won,2025-02-02,Organic
815,859,5,2025-01-26,237.61,Won,2025-02-02,Home Services Marketplace
816,1306,3,2025-02-02,9731.27,Open,,Organic
817,460,2,2025-01-21,637.82,Won,2025-02-02,Referral
818,26,6,2025-01-26,1163.41,Won,2025-02-02,Google
819,440,1,2025-01-22,438.97,Open,,Google
820,122,1,2025-02-02,651.65,Open,,Referral
821,470,5,2025-01-26,265.15,Won,2025-02-02,Google
822,1132,1,2025-01-31,361.3,Lost,,Referral
823,970,5,2025-01-28,191.72,Won,2025-02-03,Direct Mail
824,702,1,2025-02-02,317.87,Won,2025-02-03,Organic
825,1026,5,2025-01-23,165.15,Won,2025-02-03,Organic
826,1124,5,2025-01-23,171.73,Won,2025-02-03,Organic
827,1051,1,2025-02-02,612.56,Won,2025-02-03,Organic
828,1009,6,2025-01-28,1020.59,Open,,Google
829,982,4,2025-02-03,5378.02,Lost,,Home Services Marketplace
830,572,6,2025-01-27,1361.47,Open,,Direct Mail
831,286,6,2025-02-01,915.17,Won,2025-02-03,Referral
832,1116,5,2025-01-26,177.51,Won,2025-02-03,Organic
833,599,6,2025-01-25,2401.06,Won,2025-02-03,Referral
834,126,2,2025-01-27,480.96,Won,2025-02-03,Home Services Marketplace
835,538,5,2025-01-28,227.41,Won,2025-02-03,Referral
836,542,5,2025-01-31,165.11,Lost,,Google
837,13,1,2025-01-28,543.53,Lost,,Referral
838,839,3,2025-01-28,7714.38,Won,2025-02-03,Google
839,975,5,2025-01-23,182.4,Won,2025-02-03,Referral
840,449,6,2025-01-25,1103.05,Open,,Google
841,762,3,2025-01-23,11855.23,Won,2025-02-03,Google
842,1012,1,2025-01-31,397.19,Won,2025-02-03,Referral
843,753,4,2025-01-28,2186.56,Open,,Home Services Marketplace
844,770,2,2025-01-25,384.84,Open,,Organic
845,1064,5,2025-01-26,196.0,Won,2025-02-04,Referral
846,326,5,2025-01-28,227.73,Won,2025-02-04,Referral
847,5,6,2025-01-30,1296.06,Won,2025-02-04,Referral
848,406,1,2025-02-04,662.0,Won,2025-02-04,Google
849,1431,1,2025-01-30,348.63,Won,2025-02-04,Google
850,232,1,2025-02-02,365.64,Open,,Home Services Marketplace
851,65,2,2025-01-28,424.4,Won,2025-02-04,Google
852,1162,1,2025-01-29,330.89,Won,2025-02-04,Google
853,537,4,2025-02-01,2949.16,Won,2025-02-04,Organic
854,1364,3,2025-01-30,7452.02,Won,2025-02-04,Referral
855,256,2,2025-01-27,490.86,Won,2025-02-04,Home Services Marketplace
856,1002,6,2025-01-26,1013.88,Won,2025-02-04,Google
857,643,2,2025-02-01,585.06,Won,2025-02-04,Google
858,1051,2,2025-02-02,495.45,Won,2025-02-04,Organic
859,1113,5,2025-01-23,224.9,Open,,Home Services Marketplace
860,154,6,2025-01-24,1222.0,Lost,,Google
861,542,2,2025-02-03,503.52,Open,,Google
862,548,5,2025-02-04,275.84,Won,2025-02-04,Google
863,781,1,2025-02-02,358.67,Won,2025-02-04,Referral
864,97,7,2025-01-23,1336.24,Won,2025-02-04,Google
865,904,4,2025-02-03,2342.3,Won,2025-02-04,Google
866,374,5,2025-01-27,213.99,Won,2025-02-04,Google
867,755,5,2025-02-03,216.33,Lost,,Referral
868,1375,5,2025-01-28,157.36,Lost,,Direct Mail
869,1312,1,2025-01-30,535.27,Won,2025-02-05,Referral
870,745,2,2025-01-30,453.67,Won,2025-02-05,Organic
871,869,5,2025-02-05,194.17,Open,,Google
872,1201,6,2025-02-01,1133.06,Won,2025-02-05,Home Services Marketplace
873,55,5,2025-01-26,150.95,Lost,,Direct Mail
874,972,5,2025-02-02,229.93,Won,2025-02-05,Organic
875,948,2,2025-02-04,589.33,Won,2025-02-05,Organic
876,1359,6,2025-02-01,747.4,Won,2025-02-05,Google
877,549,2,2025-02-04,435.81,Won,2025-02-05,Home Services Marketplace
878,372,7,2025-01-31,1918.33,Open,,Home Services Marketplace
879,585,2,2025-01-31,445.32,Lost,,Organic
880,458,2,2025-02-04,752.09,Lost,,Referral
881,284,6,2025-01-28,1295.88,Won,2025-02-05,Referral
882,1028,5,2025-02-01,212.68,Open,,Home Services Marketplace
883,430,5,2025-01-25,166.4,Won,2025-02-05,Referral
884,628,1,2025-01-31,383.79,Won,2025-02-05,Referral
885,230,1,2025-02-03,288.92,Won,2025-02-05,Organic
886,123,5,2025-02-03,250.1,Won,2025-02-05,Google
887,498,3,2025-01-26,14683.68,Open,,Referral
888,291,6,2025-02-05,1126.17,Open,,Referral
889,769,5,2025-02-03,182.2,Won,2025-02-05,Google
890,1044,6,2025-01-31,1469.98,Won,2025-02-06,Organic
891,523,5,2025-01-30,340.7,Won,2025-02-06,Referral
892,171,5,2025-02-05,181.23,Won,2025-02-06,Referral
893,530,5,2025-02-02,168.4,Won,2025-02-06,Direct Mail
894,1287,3,2025-01-28,8750.47,Open,,Google
895,359,2,2025-01-30,631.96,Open,,Google
896,1074,3,2025-01-30,12228.2,Lost,,Organic
897,1059,5,2025-01-26,189.95,Lost,,Home Services Marketplace
898,114,5,2025-01-31,182.95,Lost,,Google
899,222,1,2025-01-26,679.62,Won,2025-02-06,Home Services Marketplace
900,767,1,2025-01-30,432.84,Won,2025-02-06,Google
901,72,2,2025-01-31,694.52,Won,2025-02-06,Referral
902,184,4,2025-02-01,3158.24,Lost,,Google
903,401,1,2025-01-31,558.33,Won,2025-02-06,Referral
904,1233,3,2025-01-30,9590.25,Lost,,Google
905,833,5,2025-02-06,230.79,Won,2025-02-06,Organic
906,850,5,2025-01-31,326.07,Won,2025-02-06,Direct Mail
907,823,5,2025-01-31,108.51,Won,2025-02-06,Home Services Marketplace
908,737,2,2025-02-01,483.52,Won,2025-02-06,Home Services Marketplace
909,1417,3,2025-01-31,9589.79,Won,2025-02-06,Organic
910,910,5,2025-02-06,167.19,Open,,Organic
911,183,1,2025-01-31,775.14,Won,2025-02-06,Home Services Marketplace
912,280,4,2025-01-28,2272.41,Open,,Direct Mail
913,760,5,2025-02-01,255.04,Won,2025-02-06,Referral
914,216,1,2025-02-04,411.82,Open,,Google
915,265,2,2025-01-27,393.34,Won,2025-02-06,Home Services Marketplace
916,1183,2,2025-01-26,496.72,Won,2025-02-06,Google
917,850,2,2025-02-01,557.13,Won,2025-02-06,Direct Mail
918,1144,5,2025-01-26,187.35,Won,2025-02-06,Google
919,17,4,2025-01-28,2919.85,Won,2025-02-06,Organic
920,222,1,2025-01-25,340.41,Lost,,Home Services Marketplace
921,1292,6,2025-01-25,1280.57,Won,2025-02-06,Home Services Marketplace
922,247,5,2025-01-30,193.99,Won,2025-02-06,Referral
923,860,5,2025-02-05,207.98,Won,2025-02-06,Referral
924,587,6,2025-02-06,1369.6,Won,2025-02-06,Direct Mail
925,929,7,2025-01-29,1297.8,Won,2025-02-06,Referral
926,504,1,2025-01-25,365.44,Lost,,Referral
927,626,1,2025-01-29,420.51,Won,2025-02-07,Referral
928,1064,4,2025-01-30,2681.3,Open,,Referral
929,1399,1,2025-02-05,473.8,Open,,Organic
930,1410,1,2025-01-28,350.73,Won,2025-02-07,Referral
931,234,4,2025-01-26,4317.95,Won,2025-02-07,Organic
932,1441,1,2025-01-28,798.07,Won,2025-02-07,Google
933,633,3,2025-02-03,6908.78,Won,2025-02-07,Referral
934,974,5,2025-01-26,149.19,Won,2025-02-07,Home Services Marketplace
935,1377,6,2025-02-05,995.88,Won,2025-02-07,Direct Mail
936,870,5,2025-01-30,159.86,Open,,Google
937,470,1,2025-02-02,831.43,Won,2025-02-07,Google
938,1127,5,2025-01-28,132.68,Won,2025-02-07,Google
939,1304,1,2025-01-30,348.29,Won,2025-02-07,Google
940,1134,5,2025-02-07,242.47,Won,2025-02-07,Google
941,605,5,2025-01-26,295.51,Won,2025-02-07,Google
942,1005,1,2025-01-31,657.78,Won,2025-02-07,Home Services Marketplace
943,605,3,2025-02-04,18679.23,Lost,,Google
944,503,2,2025-02-04,574.71,Won,2025-02-07,Direct Mail
945,643,1,2025-01-27,418.42,Won,2025-02-07,Google
946,3,1,2025-01-30,537.98,Won,2025-02-07,Google
947,712,5,2025-01-27,354.17,Won,2025-02-07,Organic
948,1074,5,2025-02-01,208.93,Won,2025-02-07,Organic
949,968,1,2025-01-26,450.67,Won,2025-02-07,Organic
950,306,1,2025-01-27,525.92,Won,2025-02-07,Organic
951,681,5,2025-02-03,218.0,Won,2025-02-07,Referral
952,895,1,2025-02-07,578.12,Won,2025-02-07,Google
953,1099,7,2025-02-07,942.94,Lost,,Organic
954,17,4,2025-02-02,2583.83,Lost,,Organic
955,790,2,2025-01-28,531.35,Won,2025-02-08,Referral
956,556,5,2025-02-01,195.12,Open,,Google
957,497,1,2025-02-01,609.41,Open,,Google
958,1153,1,2025-01-31,418.08,Won,2025-02-08,Referral
959,593,2,2025-01-29,550.46,Won,2025-02-08,Home Services Marketplace
960,1287,5,2025-02-07,229.31,Won,2025-02-08,Google
961,66,5,2025-01-29,196.16,Open,,Referral
962,357,5,2025-02-05,134.42,Won,2025-02-08,Referral
963,1423,5,2025-01-31,188.87,Open,,Home Services Marketplace
964,750,1,2025-02-05,397.89,Won,2025-02-08,Google
965,547,4,2025-02-03,2222.82,Won,2025-02-08,Google
966,1189,1,2025-01-30,1114.48,Won,2025-02-08,Referral
967,873,6,2025-02-02,1210.98,Won,2025-02-08,Referral
968,890,3,2025-01-28,9693.05,Open,,Google
969,494,7,2025-02-05,1339.66,Lost,,Referral
970,78,1,2025-02-08,659.8,Won,2025-02-09,Google
971,1396,3,2025-02-09,9947.66,Won,2025-02-09,Home Services Marketplace
972,1070,2,2025-02-07,496.15,Won,2025-02-09,Organic
973,243,7,2025-02-08,1126.89,Won,2025-02-09,Direct Mail
974,106,5,2025-01-29,153.41,Won,2025-02-09,Organic
975,290,1,2025-01-28,549.67,Won,2025-02-09,Organic
976,445,6,2025-01-30,1399.27,Won,2025-02-09,Referral
977,605,1,2025-02-02,866.85,Won,2025-02-09,Google
978,931,1,2025-01-30,652.43,Won,2025-02-09,Direct Mail
979,708,1,2025-02-05,589.66,Won,2025-02-09,Google
980,889,3,2025-02-06,8522.81,Open,,Home Services Marketplace
981,10,6,2025-02-08,3138.81,Won,2025-02-09,Google
982,19,1,2025-02-08,450.41,Open,,Referral
983,813,5,2025-02-03,189.37,Won,2025-02-09,Organic
984,1317,2,2025-02-03,476.52,Won,2025-02-09,Direct Mail
985,526,1,2025-02-02,485.22,Open,,Google
986,250,1,2025-02-09,522.51,Won,2025-02-09,Organic
987,768,1,2025-01-29,545.17,Won,2025-02-09,Google
988,183,6,2025-02-03,1498.7,Won,2025-02-09,Home Services Marketplace
989,225,5,2025-02-05,154.33,Won,2025-02-09,Home Services Marketplace
990,1369,5,2025-02-01,232.46,Won,2025-02-10,Organic
991,1039,6,2025-02-10,1175.89,Won,2025-02-10,Home Services Marketplace
992,1210,1,2025-02-04,645.63,Won,2025-02-10,Google
993,512,6,2025-02-07,1410.0,Won,2025-02-10,Direct Mail
994,710,4,2025-02-05,2255.27,Won,2025-02-10,Google
995,14,5,2025-02-08,167.08,Open,,Referral
996,76,3,2025-02-04,11343.07,Open,,Organic
997,878,6,2025-01-31,1220.6,Open,,Organic
998,310,5,2025-02-03,167.88,Open,,Google
999,1093,5,2025-02-02,304.19,Won,2025-02-10,Organic
1000,264,1,2025-02-03,576.31,Won,2025-02-10,Google
1001,790,5,2025-02-02,201.86,Won,2025-02-10,Referral
1002,975,5,2025-01-31,207.9,Open,,Referral
1003,63,1,2025-01-30,497.56,Won,2025-02-10,Google
1004,925,1,2025-02-05,405.6,Won,2025-02-10,Referral
1005,669,1,2025-02-06,609.79,Won,2025-02-10,Home Services Marketplace
1006,968,1,2025-01-31,569.11,Won,2025-02-10,Organic
1007,780,1,2025-02-06,460.76,Won,2025-02-10,Google
1008,1000,5,2025-02-08,174.87,Open,,Google
1009,1224,1,2025-01-30,488.82,Won,2025-02-10,Organic
1010,1191,6,2025-02-03,1082.41,Won,2025-02-10,Referral
1011,1401,3,2025-02-08,9165.14,Won,2025-02-10,Direct Mail
1012,294,2,2025-02-04,450.04,Won,2025-02-11,Referral
1013,479,7,2025-02-09,1110.63,Open,,Referral
1014,290,3,2025-02-10,9214.19,Won,2025-02-11,Organic
1015,735,1,2025-02-03,348.51,Lost,,Home Services Marketplace
1016,509,1,2025-02-09,410.76,Lost,,Home Services Marketplace
1017,1432,1,2025-02-10,515.19,Won,2025-02-11,Home Services Marketplace
1018,362,1,2025-02-03,426.34,Won,2025-02-11,Referral
1019,1244,5,2025-02-07,176.07,Won,2025-02-11,Organic
1020,1070,5,2025-02-03,244.31,Won,2025-02-11,Organic
1021,476,5,2025-02-06,216.84,Won,2025-02-11,Referral
1022,755,4,2025-02-11,2667.6,Lost,,Referral
1023,23,4,2025-02-04,1979.11,Lost,,Referral
1024,470,3,2025-02-08,15860.71,Lost,,Google
1025,919,2,2025-02-09,574.39,Won,2025-02-11,Direct Mail
1026,194,1,2025-01-30,533.96,Won,2025-02-11,Organic
1027,1439,5,2025-02-11,368.46,Won,2025-02-11,Google
1028,951,5,2025-02-10,192.09,Won,2025-02-11,Google
1029,669,6,2025-02-06,1039.57,Won,2025-02-11,Home Services Marketplace
1030,555,1,2025-02-10,500.08,Won,2025-02-11,Direct Mail
1031,932,5,2025-02-04,206.25,Lost,,Google
1032,456,2,2025-01-31,458.57,Lost,,Organic
1033,1272,5,2025-02-01,263.08,Won,2025-02-12,Referral
1034,1224,1,2025-02-02,535.56,Won,2025-02-12,Organic
1035,578,1,2025-02-09,472.46,Won,2025-02-12,Google
1036,41,5,2025-02-05,167.45,Won,2025-02-12,Google
1037,8,5,2025-02-09,209.81,Won,2025-02-12,Google
1038,1352,3,2025-02-04,10859.37,Won,2025-02-12,Direct Mail
1039,761,7,2025-01-31,1361.09,Lost,,Google
1040,233,2,2025-02-03,637.36,Won,2025-02-12,Google
1041,746,1,2025-02-06,456.5,Won,2025-02-12,Direct Mail
1042,620,5,2025-02-05,229.98,Open,,Direct Mail
1043,1208,2,2025-02-11,405.03,Lost,,Google
1044,385,1,2025-02-04,522.8,Lost,,Google
1045,284,5,2025-02-07,180.58,Won,2025-02-12,Referral
1046,526,1,2025-02-01,556.93,Won,2025-02-12,Google
1047,39,5,2025-02-05,145.86,Won,2025-02-12,Google
1048,1384,5,2025-02-01,186.42,Open,,Referral
1049,1298,1,2025-02-07,455.04,Open,,Direct Mail
1050,260,1,2025-02-11,1155.8,Won,2025-02-13,Referral
1051,511,7,2025-02-10,1080.68,Won,2025-02-13,Google
1052,982,5,2025-02-08,327.75,Won,2025-02-13,Home Services Marketplace
1053,254,1,2025-02-09,460.59,Won,2025-02-13,Google
1054,82,5,2025-02-11,139.78,Lost,,Referral
1055,1294,2,2025-02-03,669.54,Open,,Organic
1056,50,1,2025-02-05,364.64,Won,2025-02-13,Organic
1057,42,5,2025-02-01,178.1,Won,2025-02-13,Home Services Marketplace
1058,617,5,2025-02-05,166.34,Won,2025-02-13,Google
1059,1291,1,2025-02-01,1188.15,Won,2025-02-13,Home Services Marketplace
1060,187,3,2025-02-01,9223.57,Open,,Referral
1061,54,5,2025-02-13,243.25,Won,2025-02-13,Google
1062,217,6,2025-02-01,1520.63,Lost,,Home Services Marketplace
1063,1373,2,2025-02-12,960.14,Lost,,Referral
1064,86,5,2025-02-05,172.09,Won,2025-02-13,Organic
1065,591,3,2025-02-13,8851.26,Open,,Organic
1066,705,2,2025-02-04,532.13,Open,,Organic
1067,423,3,2025-02-02,12907.28,Open,,Organic
1068,714,1,2025-02-04,439.88,Won,2025-02-13,Direct Mail
1069,699,2,2025-02-09,525.9,Won,2025-02-13,Direct Mail
1070,142,2,2025-02-08,475.43,Won,2025-02-13,Home Services Marketplace
1071,72,1,2025-02-10,423.92,Open,,Referral
1072,1016,1,2025-02-13,485.28,Won,2025-02-13,Google
1073,413,3,2025-02-08,12148.53,Won,2025-02-13,Google
1074,641,7,2025-02-10,767.0,Won,2025-02-13,Home Services Marketplace
1075,1423,5,2025-02-13,153.7,Lost,,Home Services Marketplace
1076,238,6,2025-02-11,1582.85,Won,2025-02-13,Referral
1077,684,3,2025-02-01,10055.64,Won,2025-02-13,Direct Mail
1078,1201,5,2025-02-04,137.42,Won,2025-02-13,Home Services Marketplace
1079,334,1,2025-02-02,598.38,Won,2025-02-13,Organic
1080,795,3,2025-02-10,8793.11,Won,2025-02-13,Referral
1081,103,1,2025-02-06,528.11,Won,2025-02-14,Organic
1082,1302,5,2025-02-04,349.46,Won,2025-02-14,Home Services Marketplace
1083,429,2,2025-02-12,561.06,Lost,,Google
1084,1403,5,2025-02-07,195.93,Won,2025-02-14,Organic
1085,132,2,2025-02-03,587.15,Lost,,Referral
1086,254,3,2025-02-13,9496.96,Open,,Google
1087,723,4,2025-02-08,2505.78,Lost,,Direct Mail
1088,254,6,2025-02-11,1416.74,Won,2025-02-14,Google
1089,604,3,2025-02-06,8635.99,Open,,Referral
1090,378,2,2025-02-09,457.53,Won,2025-02-14,Home Services Marketplace
1091,433,3,2025-02-11,15161.13,Open,,Google
1092,1071,2,2025-02-03,725.63,Lost,,Google
1093,261,5,2025-02-09,167.3,Won,2025-02-14,Google
1094,608,1,2025-02-06,504.7,Won,2025-02-14,Organic
1095,505,5,2025-02-10,390.24,Won,2025-02-14,Referral
1096,956,3,2025-02-07,7500.47,Won,2025-02-14,Home Services Marketplace
1097,1344,5,2025-02-03,241.38,Open,,Home Services Marketplace
1098,396,1,2025-02-11,481.51,Won,2025-02-14,Direct Mail
1099,314,2,2025-02-03,397.61,Won,2025-02-14,Referral
1100,505,5,2025-02-04,354.79,Won,2025-02-14,Referral
1101,1405,2,2025-02-10,596.62,Won,2025-02-15,Google
1102,818,5,2025-02-15,189.64,Won,2025-02-15,Google
1103,881,5,2025-02-14,180.34,Won,2025-02-15,Organic
1104,758,2,2025-02-06,832.67,Won,2025-02-15,Referral
1105,475,5,2025-02-12,166.83,Open,,Google
1106,494,7,2025-02-14,1250.53,Won,2025-02-15,Referral
1107,1251,6,2025-02-11,1338.09,Won,2025-02-15,Organic
1108,295,1,2025-02-13,613.37,Lost,,Google
1109,209,1,2025-02-03,385.29,Won,2025-02-15,Referral
1110,225,7,2025-02-15,887.26,Won,2025-02-15,Home Services Marketplace
1111,544,1,2025-02-05,516.85,Lost,,Referral
1112,597,2,2025-02-03,577.49,Won,2025-02-15,Direct Mail
1113,1300,1,2025-02-11,765.92,Won,2025-02-16,Google
1114,1195,2,2025-02-11,561.11,Won,2025-02-16,Referral
1115,376,1,2025-02-09,708.46,Won,2025-02-16,Google
1116,444,5,2025-02-13,134.84,Won,2025-02-16,Referral
1117,1446,3,2025-02-16,8749.51,Won,2025-02-16,Home Services Marketplace
1118,246,2,2025-02-04,504.93,Won,2025-02-16,Referral
1119,890,5,2025-02-15,158.97,Won,2025-02-16,Google
1120,257,5,2025-02-08,127.71,Won,2025-02-16,Direct Mail
1121,1148,5,2025-02-09,202.43,Won,2025-02-16,Home Services Marketplace
1122,674,2,2025-02-09,548.09,Won,2025-02-16,Referral
1123,557,5,2025-02-12,224.86,Won,2025-02-16,Home Services Marketplace
1124,539,4,2025-02-11,2867.79,Open,,Referral
1125,1288,5,2025-02-06,175.01,Lost,,Organic
1126,135,1,2025-02-13,526.38,Won,2025-02-16,Home Services Marketplace
1127,1266,1,2025-02-12,571.84,Won,2025-02-16,Google
1128,879,1,2025-02-16,632.03,Won,2025-02-16,Organic
1129,1114,1,2025-02-07,609.85,Won,2025-02-16,Home Services Marketplace
1130,1119,7,2025-02-07,1193.19,Won,2025-02-16,Organic
1131,1146,5,2025-02-12,227.21,Won,2025-02-16,Home Services Marketplace
1132,598,1,2025-02-08,565.6,Won,2025-02-17,Home Services Marketplace
1133,202,5,2025-02-15,225.1,Won,2025-02-17,Google
1134,1250,5,2025-02-13,212.69,Open,,Organic
1135,945,5,2025-02-10,201.69,Won,2025-02-17,Google
1136,250,5,2025-02-06,170.47,Won,2025-02-17,Organic
1137,938,3,2025-02-10,7609.24,Lost,,Home Services Marketplace
1138,738,2,2025-02-17,473.93,Won,2025-02-17,Referral
1139,3,3,2025-02-12,9914.19,Open,,Google
1140,624,2,2025-02-05,937.73,Won,2025-02-17,Google
1141,708,1,2025-02-12,502.65,Lost,,Google
1142,497,5,2025-02-08,308.09,Won,2025-02-17,Google
1143,523,2,2025-02-05,881.21,Won,2025-02-17,Referral
1144,228,3,2025-02-07,8712.99,Won,2025-02-17,Google
1145,224,1,2025-02-07,572.79,Open,,Referral
1146,548,4,2025-02-17,3062.05,Lost,,Google
1147,934,2,2025-02-07,523.9,Won,2025-02-17,Home Services Marketplace
1148,527,5,2025-02-17,277.46,Open,,Referral
1149,1062,1,2025-02-10,469.61,Won,2025-02-18,Organic
1150,423,1,2025-02-13,713.71,Won,2025-02-18,Organic
1151,781,5,2025-02-18,166.23,Won,2025-02-18,Referral
1152,1440,5,2025-02-12,188.24,Won,2025-02-18,Home Services Marketplace
1153,812,7,2025-02-09,1673.38,Won,2025-02-18,Home Services Marketplace
1154,720,5,2025-02-09,199.13,Won,2025-02-18,Google
1155,747,5,2025-02-12,247.5,Won,2025-02-18,Referral
1156,1315,4,2025-02-16,2747.83,Won,2025-02-18,Google
1157,715,4,2025-02-14,2047.77,Open,,Organic
1158,1308,1,2025-02-15,535.59,Open,,Home Services Marketplace
1159,790,3,2025-02-13,15956.09,Won,2025-02-18,Referral
1160,867,4,2025-02-14,2244.48,Open,,Home Services Marketplace
1161,85,1,2025-02-07,592.98,Lost,,Referral
1162,74,3,2025-02-13,10593.53,Open,,Google
1163,988,4,2025-02-17,3464.53,Lost,,Referral
1164,723,1,2025-02-10,588.66,Won,2025-02-18,Direct Mail
1165,1406,5,2025-02-09,141.05,Won,2025-02-18,Google
1166,1186,6,2025-02-13,962.91,Lost,,Google
1167,494,3,2025-02-15,9374.99,Open,,Referral
1168,1128,2,2025-02-16,586.4,Won,2025-02-18,Referral
1169,1433,2,2025-02-11,462.07,Won,2025-02-18,Google
1170,1273,1,2025-02-18,516.94,Won,2025-02-18,Home Services Marketplace
1171,508,5,2025-02-06,199.62,Open,,Google
1172,344,2,2025-02-12,521.77,Won,2025-02-19,Referral
1173,725,1,2025-02-07,726.52,Won,2025-02-19,Referral
1174,1207,1,2025-02-11,473.94,Won,2025-02-19,Organic
1175,713,6,2025-02-14,911.28,Open,,Google
1176,618,6,2025-02-08,1159.86,Won,2025-02-19,Google
1177,319,5,2025-02-11,362.62,Won,2025-02-19,Google
1178,51,5,2025-02-12,203.05,Open,,Organic
1179,562,1,2025-02-15,474.54,Won,2025-02-19,Direct Mail
1180,260,2,2025-02-09,857.06,Won,2025-02-19,Referral
1181,135,5,2025-02-18,197.91,Won,2025-02-19,Home Services Marketplace
1182,1353,7,2025-02-09,1125.35,Open,,Direct Mail
1183,1396,5,2025-02-08,199.54,Won,2025-02-19,Home Services Marketplace
1184,497,5,2025-02-14,241.18,Won,2025-02-19,Google
1185,975,5,2025-02-10,132.11,Won,2025-02-19,Referral
1186,192,5,2025-02-15,417.68,Won,2025-02-19,Google
1187,269,1,2025-02-07,456.93,Lost,,Referral
1188,312,5,2025-02-14,141.76,Won,2025-02-19,Direct Mail
1189,1309,1,2025-02-18,329.27,Won,2025-02-19,Direct Mail
1190,182,1,2025-02-18,354.32,Won,2025-02-19,Home Services Marketplace
1191,707,4,2025-02-08,2205.69,Won,2025-02-19,Organic
1192,1358,1,2025-02-13,439.13,Open,,Referral
1193,498,6,2025-02-10,1347.88,Open,,Referral
1194,452,2,2025-02-19,334.55,Lost,,Organic
1195,348,4,2025-02-17,2304.72,Lost,,Google
1196,1449,2,2025-02-17,552.36,Won,2025-02-20,Google
1197,15,1,2025-02-19,473.03,Won,2025-02-20,Organic
1198,881,5,2025-02-09,223.9,Won,2025-02-20,Organic
1199,1146,1,2025-02-19,579.04,Lost,,Home Services Marketplace
1200,95,5,2025-02-13,190.99,Won,2025-02-20,Organic
1201,622,2,2025-02-11,507.87,Won,2025-02-20,Direct Mail
1202,1349,1,2025-02-17,335.77,Won,2025-02-20,Organic
1203,474,1,2025-02-12,494.44,Won,2025-02-20,Google
1204,1344,4,2025-02-11,3186.85,Open,,Home Services Marketplace
1205,288,1,2025-02-17,375.21,Won,2025-02-20,Referral
1206,771,2,2025-02-15,635.55,Won,2025-02-20,Google
1207,1176,2,2025-02-13,420.97,Won,2025-02-20,Referral
1208,936,1,2025-02-17,473.46,Won,2025-02-20,Organic
1209,1185,6,2025-02-12,1136.33,Won,2025-02-20,Google
1210,1147,1,2025-02-13,562.04,Won,2025-02-20,Referral
1211,1256,1,2025-02-14,592.83,Lost,,Referral
1212,124,5,2025-02-11,173.1,Open,,Home Services Marketplace
1213,963,5,2025-02-13,154.81,Won,2025-02-21,Referral
1214,1409,7,2025-02-19,1665.56,Lost,,Referral
1215,1025,7,2025-02-13,1224.38,Won,2025-02-21,Referral
1216,771,5,2025-02-15,280.28,Lost,,Google
1217,66,5,2025-02-09,304.65,Won,2025-02-21,Referral
1218,199,1,2025-02-14,532.51,Won,2025-02-21,Organic
1219,87,1,2025-02-10,528.32,Won,2025-02-21,Direct Mail
1220,548,5,2025-02-16,277.95,Lost,,Google
1221,1450,6,2025-02-18,1219.22,Won,2025-02-21,Home Services Marketplace
1222,1332,1,2025-02-15,473.31,Open,,Organic
1223,822,5,2025-02-13,230.06,Won,2025-02-21,Organic
1224,943,5,2025-02-15,193.63,Won,2025-02-21,Referral
1225,383,3,2025-02-15,7359.27,Won,2025-02-21,Google
1226,847,6,2025-02-14,2430.32,Won,2025-02-21,Direct Mail
1227,401,1,2025-02-09,439.67,Won,2025-02-21,Referral
1228,639,2,2025-02-19,550.94,Won,2025-02-21,Google
1229,840,5,2025-02-19,228.07,Won,2025-02-21,Organic
1230,607,1,2025-02-13,569.67,Lost,,Google
1231,817,2,2025-02-16,653.62,Won,2025-02-21,Organic
1232,1227,2,2025-02-13,745.79,Won,2025-02-21,Direct Mail
1233,922,5,2025-02-19,136.7,Lost,,Home Services Marketplace
1234,556,5,2025-02-18,211.67,Won,2025-02-21,Google
1235,765,3,2025-02-12,9566.93,Won,2025-02-21,Google
1236,1131,1,2025-02-11,495.48,Won,2025-02-21,Google
1237,1280,1,2025-02-09,506.92,Won,2025-02-21,Google
1238,1121,1,2025-02-10,459.7,Won,2025-02-21,Google
1239,305,5,2025-02-13,158.84,Won,2025-02-22,Home Services Marketplace
1240,1243,2,2025-02-21,453.31,Lost,,Organic
1241,1317,1,2025-02-17,474.74,Open,,Direct Mail
1242,46,5,2025-02-18,242.95,Lost,,Google
1243,1378,5,2025-02-17,174.7,Open,,Home Services Marketplace
1244,1026,6,2025-02-19,863.05,Won,2025-02-22,Organic
1245,936,6,2025-02-18,1088.4,Won,2025-02-22,Organic
1246,1193,7,2025-02-11,1083.61,Won,2025-02-22,Referral
1247,1168,3,2025-02-12,9814.33,Open,,Referral
1248,1201,6,2025-02-12,1225.18,Won,2025-02-22,Home Services Marketplace
1249,795,2,2025-02-18,545.29,Won,2025-02-22,Referral
1250,1202,5,2025-02-10,254.48,Won,2025-02-22,Google
1251,1207,5,2025-02-16,249.78,Lost,,Organic
1252,1324,1,2025-02-23,441.94,Open,,Google
1253,1012,2,2025-02-21,536.08,Won,2025-02-23,Referral
1254,211,5,2025-02-17,172.02,Won,2025-02-23,Organic
1255,486,2,2025-02-21,1094.14,Open,,Google
1256,1213,5,2025-02-21,251.68,Lost,,Google
1257,88,6,2025-02-21,2581.74,Won,2025-02-23,Google
1258,214,1,2025-02-15,391.47,Won,2025-02-23,Google
1259,821,5,2025-02-14,170.74,Open,,Referral
1260,321,2,2025-02-21,460.48,Won,2025-02-23,Organic
1261,961,6,2025-02-20,1515.82,Won,2025-02-23,Referral
1262,937,5,2025-02-18,310.12,Won,2025-02-23,Referral
1263,623,6,2025-02-17,1157.02,Won,2025-02-23,Google
1264,734,5,2025-02-11,200.65,Open,,Google
1265,89,6,2025-02-14,1081.39,Won,2025-02-23,Home Services Marketplace
1266,175,1,2025-02-11,496.23,Won,2025-02-23,Organic
1267,401,1,2025-02-13,664.4,Lost,,Referral
1268,1173,5,2025-02-23,343.89,Open,,Organic
1269,508,5,2025-02-22,226.78,Open,,Google
1270,226,5,2025-02-14,198.94,Won,2025-02-24,Google
1271,1015,6,2025-02-21,1079.56,Won,2025-02-24,Google
1272,323,5,2025-02-19,167.96,Open,,Referral
1273,419,5,2025-02-12,272.33,Won,2025-02-24,Google
1274,1052,6,2025-02-14,958.95,Won,2025-02-24,Google
1275,1117,1,2025-02-23,465.66,Open,,Google
1276,616,2,2025-02-19,492.49,Won,2025-02-24,Google
1277,1137,5,2025-02-24,166.82,Lost,,Google
1278,991,3,2025-02-13,10962.69,Open,,Referral
1279,1253,1,2025-02-14,484.46,Won,2025-02-24,Referral
1280,1366,3,2025-02-13,10729.93,Won,2025-02-24,Home Services Marketplace
1281,507,2,2025-02-14,410.75,Won,2025-02-24,Organic
1282,1394,2,2025-02-23,424.07,Won,2025-02-24,Google
1283,857,5,2025-02-14,195.7,Won,2025-02-24,Organic
1284,571,1,2025-02-20,411.9,Won,2025-02-24,Referral
1285,475,6,2025-02-21,1232.75,Open,,Google
1286,167,1,2025-02-22,436.5,Won,2025-02-24,Referral
1287,204,5,2025-02-17,166.57,Won,2025-02-24,Home Services Marketplace
1288,583,5,2025-02-22,141.68,Won,2025-02-24,Google
1289,1281,7,2025-02-24,1346.65,Won,2025-02-24,Referral
1290,1042,1,2025-02-12,587.52,Won,2025-02-24,Google
1291,138,1,2025-02-25,432.59,Won,2025-02-25,Google
1292,1158,2,2025-02-18,666.4,Won,2025-02-25,Organic
1293,976,5,2025-02-13,219.63,Won,2025-02-25,Google
1294,988,2,2025-02-15,503.14,Won,2025-02-25,Referral
1295,82,1,2025-02-20,360.96,Won,2025-02-25,Referral
1296,1007,5,2025-02-19,316.76,Won,2025-02-25,Referral
1297,1358,1,2025-02-18,373.35,Won,2025-02-25,Referral
1298,217,2,2025-02-20,362.63,Won,2025-02-25,Home Services Marketplace
1299,328,5,2025-02-24,235.43,Won,2025-02-25,Google
1300,561,3,2025-02-17,9690.95,Lost,,Google
1301,1190,5,2025-02-19,212.46,Won,2025-02-25,Organic
1302,328,7,2025-02-13,821.15,Won,2025-02-25,Google
1303,1212,4,2025-02-19,2373.56,Won,2025-02-25,Home Services Marketplace
1304,42,6,2025-02-20,1123.71,Lost,,Home Services Marketplace
1305,888,2,2025-02-24,531.53,Won,2025-02-25,Google
1306,169,1,2025-02-25,509.37,Won,2025-02-25,Google
1307,1368,5,2025-02-16,160.8,Won,2025-02-25,Google
1308,468,5,2025-02-21,171.1,Won,2025-02-25,Referral
1309,508,5,2025-02-24,161.39,Open,,Google
1310,721,3,2025-02-18,11269.68,Won,2025-02-25,Direct Mail
1311,1413,1,2025-02-24,602.33,Won,2025-02-25,Organic
1312,1044,2,2025-02-25,367.02,Won,2025-02-25,Organic
1313,1183,4,2025-02-24,2114.41,Open,,Google
1314,8,3,2025-02-14,12816.94,Lost,,Google
1315,645,5,2025-02-26,164.86,Won,2025-02-26,Referral
1316,905,5,2025-02-20,220.69,Won,2025-02-26,Home Services Marketplace
1317,1177,1,2025-02-25,481.63,Lost,,Google
1318,1009,2,2025-02-20,569.91,Won,2025-02-26,Google
1319,407,1,2025-02-21,403.83,Won,2025-02-26,Organic
1320,1432,1,2025-02-15,337.93,Won,2025-02-26,Home Services Marketplace
1321,762,1,2025-02-17,523.8,Won,2025-02-26,Google
1322,1384,5,2025-02-26,140.88,Won,2025-02-26,Referral
1323,985,2,2025-02-23,507.97,Open,,Home Services Marketplace
1324,86,6,2025-02-16,839.92,Won,2025-02-26,Organic
1325,623,4,2025-02-19,2078.13,Open,,Google
1326,721,7,2025-02-25,848.97,Won,2025-02-26,Direct Mail
1327,1076,5,2025-02-16,148.2,Won,2025-02-26,Referral
1328,409,6,2025-02-23,1653.22,Won,2025-02-26,Google
1329,124,5,2025-02-25,230.8,Won,2025-02-26,Home Services Marketplace
1330,909,2,2025-02-17,610.08,Won,2025-02-26,Home Services Marketplace
1331,1325,1,2025-02-16,472.59,Lost,,Google
1332,1144,3,2025-02-23,10728.33,Open,,Google
1333,1017,1,2025-02-26,407.19,Won,2025-02-26,Direct Mail
1334,764,5,2025-02-14,173.92,Lost,,Organic
1335,1108,5,2025-02-15,169.13,Open,,Organic
1336,160,3,2025-02-23,9688.11,Lost,,Google
1337,1003,6,2025-02-26,1370.13,Won,2025-02-26,Home Services Marketplace
1338,111,2,2025-02-16,461.57,Lost,,Organic
1339,810,4,2025-02-22,2573.19,Open,,Referral
1340,1299,1,2025-02-17,550.12,Won,2025-02-26,Home Services Marketplace
1341,1212,2,2025-02-14,744.22,Won,2025-02-26,Home Services Marketplace
1342,704,1,2025-02-19,484.88,Lost,,Organic
1343,49,1,2025-02-27,429.91,Won,2025-02-27,Referral
1344,571,2,2025-02-18,555.44,Open,,Referral
1345,246,2,2025-02-17,445.01,Won,2025-02-27,Referral
1346,598,3,2025-02-16,9110.15,Won,2025-02-27,Home Services Marketplace
1347,410,5,2025-02-23,208.41,Won,2025-02-27,Organic
1348,531,1,2025-02-23,970.76,Open,,Google
1349,932,1,2025-02-19,463.62,Open,,Google
1350,263,6,2025-02-24,1310.69,Won,2025-02-27,Organic
1351,376,1,2025-02-26,403.73,Won,2025-02-27,Google
1352,990,5,2025-02-17,158.56,Won,2025-02-27,Google
1353,674,3,2025-02-20,9304.48,Won,2025-02-27,Referral
1354,1057,1,2025-02-27,527.16,Won,2025-02-27,Referral
1355,555,2,2025-02-15,575.27,Won,2025-02-27,Direct Mail
1356,1238,6,2025-02-16,946.31,Won,2025-02-27,Referral
1357,465,2,2025-02-23,552.21,Won,2025-02-27,Referral
1358,127,4,2025-02-17,3357.52,Open,,Organic
1359,304,6,2025-02-25,1224.08,Won,2025-02-27,Referral
1360,396,5,2025-02-18,159.16,Won,2025-02-27,Direct Mail
1361,1009,3,2025-02-28,12284.06,Won,2025-02-28,Google
1362,600,5,2025-02-27,121.03,Won,2025-02-28,Organic
1363,629,4,2025-02-28,2373.92,Won,2025-02-28,Home Services Marketplace
1364,376,5,2025-02-22,230.02,Won,2025-02-28,Google
1365,957,3,2025-02-22,9747.57,Open,,Referral
1366,587,5,2025-02-19,155.04,Won,2025-02-28,Direct Mail
1367,630,5,2025-02-25,172.93,Won,2025-02-28,Organic
1368,932,1,2025-02-17,601.25,Won,2025-02-28,Google
1369,463,5,2025-02-20,198.9,Won,2025-02-28,Organic
1370,1300,1,2025-02-19,576.13,Won,2025-02-28,Google
1371,760,5,2025-02-26,201.87,Won,2025-02-28,Referral
1372,183,5,2025-02-24,300.37,Open,,Home Services Marketplace
1373,249,1,2025-02-16,401.57,Won,2025-02-28,Home Services Marketplace
1374,655,2,2025-02-17,463.35,Won,2025-02-28,Google
1375,1356,4,2025-02-18,1769.58,Open,,Referral
1376,744,5,2025-02-18,243.7,Won,2025-02-28,Google
1377,740,5,2025-02-23,188.15,Won,2025-02-28,Home Services Marketplace
1378,668,5,2025-02-26,185.08,Won,2025-02-28,Home Services Marketplace
1379,778,5,2025-02-28,205.4,Won,2025-03-01,Google
1380,963,4,2025-03-01,2183.05,Won,2025-03-01,Referral
1381,726,5,2025-02-25,151.27,Open,,Referral
1382,1345,4,2025-02-23,2026.39,Won,2025-03-01,Organic
1383,904,1,2025-02-17,396.37,Won,2025-03-01,Google
1384,738,4,2025-02-18,2952.18,Won,2025-03-01,Referral
1385,454,1,2025-02-19,430.15,Won,2025-03-01,Referral
1386,1283,4,2025-02-25,3085.32,Won,2025-03-01,Referral
1387,556,4,2025-02-26,2267.02,Won,2025-03-01,Google
1388,1194,1,2025-02-20,428.31,Won,2025-03-01,Referral
1389,1347,4,2025-03-01,3841.13,Lost,,Referral
1390,930,5,2025-02-26,152.77,Won,2025-03-02,Referral
1391,1276,3,2025-02-21,8086.56,Won,2025-03-02,Google
1392,1427,1,2025-02-19,306.67,Won,2025-03-02,Referral
1393,1240,5,2025-02-20,197.1,Won,2025-03-02,Google
1394,1051,3,2025-02-18,9784.09,Won,2025-03-02,Organic
1395,1443,7,2025-02-18,931.0,Won,2025-03-02,Organic
1396,161,1,2025-02-20,416.64,Won,2025-03-02,Google
1397,480,1,2025-02-22,741.24,Won,2025-03-02,Direct Mail
1398,937,5,2025-02-26,284.55,Won,2025-03-02,Referral
1399,1106,5,2025-02-22,208.72,Won,2025-03-02,Google
1400,1448,4,2025-02-19,2417.49,Won,2025-03-02,Organic
1401,1092,1,2025-02-27,402.21,Won,2025-03-02,Google
1402,633,3,2025-02-26,8351.03,Open,,Referral
1403,1184,2,2025-03-02,641.4,Won,2025-03-02,Google
1404,1269,1,2025-02-23,591.0,Lost,,Referral
1405,738,2,2025-02-26,565.4,Won,2025-03-03,Referral
1406,1266,1,2025-02-26,546.4,Won,2025-03-03,Google
1407,939,1,2025-02-28,363.46,Won,2025-03-03,Organic
1408,832,3,2025-02-28,13505.2,Won,2025-03-03,Referral
1409,1174,2,2025-02-24,1122.16,Won,2025-03-03,Organic
1410,110,1,2025-03-01,829.84,Won,2025-03-03,Google
1411,470,7,2025-02-28,2064.84,Won,2025-03-03,Google
1412,1186,4,2025-02-27,2323.0,Open,,Google
1413,834,1,2025-02-23,539.7,Open,,Google
1414,123,5,2025-02-20,159.41,Won,2025-03-03,Google
1415,1182,1,2025-03-03,486.47,Won,2025-03-03,Google
1416,240,7,2025-02-26,1181.37,Won,2025-03-03,Direct Mail
1417,1215,5,2025-02-23,377.43,Won,2025-03-03,Referral
1418,86,1,2025-02-23,491.1,Open,,Organic
1419,1241,1,2025-03-02,544.57,Won,2025-03-03,Google
1420,183,5,2025-02-19,403.58,Open,,Home Services Marketplace
1421,736,2,2025-02-25,343.43,Won,2025-03-03,Organic
1422,520,2,2025-02-22,456.62,Won,2025-03-03,Organic
1423,366,2,2025-03-02,404.44,Open,,Referral
1424,559,1,2025-03-03,522.98,Won,2025-03-03,Home Services Marketplace
1425,1229,6,2025-02-27,1172.4,Won,2025-03-03,Google
1426,430,6,2025-03-03,1265.17,Lost,,Referral
1427,74,1,2025-02-23,269.84,Won,2025-03-03,Google
1428,1358,5,2025-02-26,146.56,Lost,,Referral
1429,348,3,2025-02-22,10843.47,Open,,Google
1430,1433,6,2025-03-04,1194.74,Open,,Google
1431,846,1,2025-03-02,595.17,Won,2025-03-04,Direct Mail
1432,1063,3,2025-02-25,7279.58,Won,2025-03-04,Home Services Marketplace
1433,1217,2,2025-02-21,551.28,Won,2025-03-04,Google
1434,859,3,2025-02-21,12824.93,Open,,Home Services Marketplace
1435,541,5,2025-02-28,295.47,Won,2025-03-04,Organic
1436,796,6,2025-03-02,1340.05,Won,2025-03-04,Google
1437,598,1,2025-03-02,618.85,Won,2025-03-04,Home Services Marketplace
1438,796,4,2025-02-25,1688.9,Won,2025-03-04,Google
1439,468,4,2025-02-23,1867.28,Lost,,Referral
1440,1149,1,2025-02-26,392.71,Won,2025-03-04,Home Services Marketplace
1441,582,4,2025-02-28,2799.11,Lost,,Google
1442,1152,2,2025-03-02,697.74,Open,,Referral
1443,1092,2,2025-02-26,408.39,Won,2025-03-04,Google
1444,450,5,2025-02-22,191.85,Lost,,Home Services Marketplace
1445,10,5,2025-02-22,247.68,Won,2025-03-04,Google
1446,677,1,2025-03-04,527.37,Lost,,Home Services Marketplace
1447,303,5,2025-02-20,244.29,Won,2025-03-04,Referral
1448,946,3,2025-02-25,11518.18,Won,2025-03-04,Google
1449,1104,2,2025-02-24,548.99,Won,2025-03-04,Google
1450,664,6,2025-02-26,1122.08,Won,2025-03-04,Referral
1451,267,3,2025-03-01,9799.41,Won,2025-03-04,Google
1452,185,1,2025-03-03,485.21,Won,2025-03-04,Google
1453,949,3,2025-03-02,13064.27,Open,,Direct Mail
1454,903,5,2025-02-22,224.61,Won,2025-03-05,Referral
1455,311,1,2025-02-25,590.71,Won,2025-03-05,Referral
1456,1059,1,2025-02-24,376.4,Open,,Home Services Marketplace
1457,463,1,2025-03-03,547.04,Won,2025-03-05,Organic
1458,840,1,2025-02-26,360.55,Open,,Organic
1459,1351,7,2025-02-26,1427.32,Lost,,Organic
1460,9,4,2025-03-02,2399.63,Won,2025-03-05,Organic
1461,109,3,2025-02-24,10372.9,Lost,,Referral
1462,459,1,2025-03-03,581.58,Won,2025-03-05,Google
1463,1195,3,2025-03-01,8595.59,Won,2025-03-05,Referral
1464,419,1,2025-02-26,598.99,Lost,,Google
1465,529,2,2025-02-22,443.85,Won,2025-03-05,Google
1466,791,1,2025-02-24,420.72,Won,2025-03-05,Google
1467,975,1,2025-03-02,574.38,Open,,Referral
1468,106,6,2025-02-23,1092.64,Won,2025-03-06,Organic
1469,296,1,2025-03-01,429.2,Won,2025-03-06,Direct Mail
1470,855,3,2025-02-23,17819.63,Open,,Home Services Marketplace
1471,1156,6,2025-02-25,1092.96,Won,2025-03-06,Referral
1472,982,6,2025-02-22,2185.76,Won,2025-03-06,Home Services Marketplace
1473,685,5,2025-03-02,215.1,Open,,Organic
1474,1288,1,2025-03-06,436.41,Open,,Organic
1475,134,2,2025-02-24,687.25,Won,2025-03-06,Google
1476,362,3,2025-03-06,14627.1,Won,2025-03-06,Referral
1477,147,4,2025-03-06,3040.84,Won,2025-03-06,Direct Mail
1478,161,1,2025-03-04,374.41,Won,2025-03-06,Google
1479,411,5,2025-02-25,202.24,Won,2025-03-06,Organic
1480,1363,5,2025-02-24,175.61,Lost,,Home Services Marketplace
1481,758,4,2025-03-04,4608.89,Lost,,Referral
1482,965,6,2025-03-04,1113.47,Lost,,Referral
1483,79,2,2025-03-06,558.8,Won,2025-03-06,Google
1484,1288,6,2025-03-04,825.13,Won,2025-03-06,Organic
1485,259,5,2025-03-02,163.22,Won,2025-03-06,Home Services Marketplace
1486,964,5,2025-02-28,220.03,Won,2025-03-06,Home Services Marketplace
1487,502,3,2025-02-24,12171.29,Lost,,Home Services Marketplace
1488,710,3,2025-02-23,12706.78,Open,,Google
1489,35,5,2025-02-27,234.36,Won,2025-03-07,Direct Mail
1490,26,2,2025-02-27,792.76,Won,2025-03-07,Google
1491,362,5,2025-03-02,262.08,Won,2025-03-07,Referral
1492,583,5,2025-03-05,225.76,Won,2025-03-07,Google
1493,672,2,2025-03-01,460.37,Lost,,Google
1494,529,5,2025-02-24,135.98,Won,2025-03-07,Google
1495,1268,5,2025-02-25,219.22,Won,2025-03-07,Organic
1496,332,7,2025-03-01,1453.91,Won,2025-03-07,Google
1497,320,1,2025-03-03,557.72,Open,,Referral
1498,841,6,2025-02-25,1302.46,Won,2025-03-07,Referral
1499,1390,2,2025-02-25,868.58,Won,2025-03-07,Organic
1500,536,1,2025-03-02,775.75,Won,2025-03-07,Referral
1501,737,1,2025-03-01,540.18,Won,2025-03-07,Home Services Marketplace
1502,133,1,2025-03-06,493.61,Open,,Referral
1503,259,1,2025-02-27,444.07,Won,2025-03-07,Home Services Marketplace
1504,421,5,2025-03-07,181.37,Won,2025-03-07,Direct Mail
1505,10,5,2025-02-25,334.28,Won,2025-03-07,Google
1506,1397,5,2025-03-07,191.33,Won,2025-03-07,Direct Mail
1507,134,1,2025-02-25,652.43,Open,,Google
1508,1346,7,2025-03-01,931.79,Won,2025-03-07,Organic
1509,529,1,2025-02-23,515.65,Open,,Google
1510,767,6,2025-03-06,1155.9,Won,2025-03-07,Google
1511,337,5,2025-03-04,394.91,Won,2025-03-07,Google
1512,973,1,2025-02-24,516.31,Won,2025-03-07,Google
1513,581,1,2025-02-25,768.38,Won,2025-03-08,Referral
1514,402,5,2025-02-25,224.22,Won,2025-03-08,Google
1515,350,2,2025-02-25,492.82,Won,2025-03-08,Google
1516,868,5,2025-03-01,211.73,Won,2025-03-08,Google
1517,942,4,2025-02-28,2932.95,Open,,Google
1518,820,1,2025-03-05,570.89,Won,2025-03-08,Direct Mail
1519,801,1,2025-02-25,365.17,Won,2025-03-08,Google
1520,1256,5,2025-03-03,133.93,Lost,,Referral
1521,710,1,2025-02-27,561.93,Lost,,Google
1522,1294,5,2025-03-01,211.89,Won,2025-03-08,Organic
1523,170,1,2025-03-06,376.14,Won,2025-03-08,Direct Mail
1524,1134,6,2025-02-26,1563.37,Lost,,Google
1525,592,6,2025-03-05,2571.34,Won,2025-03-08,Home Services Marketplace
1526,83,5,2025-03-02,208.68,Won,2025-03-08,Referral
1527,951,1,2025-03-06,474.23,Won,2025-03-08,Google
1528,1389,5,2025-02-28,252.48,Lost,,Direct Mail
1529,512,7,2025-03-03,1011.67,Open,,Direct Mail
1530,1434,5,2025-02-27,297.7,Won,2025-03-09,Organic
1531,635,6,2025-02-28,1320.27,Won,2025-03-09,Organic
1532,1211,1,2025-03-03,427.17,Won,2025-03-09,Home Services Marketplace
1533,1206,2,2025-03-09,510.29,Won,2025-03-09,Google
1534,1212,5,2025-03-05,259.87,Won,2025-03-09,Home Services Marketplace
1535,233,5,2025-03-03,203.7,Open,,Google
1536,929,2,2025-02-28,506.93,Won,2025-03-09,Referral
1537,103,7,2025-03-07,1166.15,Won,2025-03-09,Organic
1538,790,1,2025-03-02,407.68,Won,2025-03-09,Referral
1539,363,5,2025-03-03,244.91,Won,2025-03-09,Organic
1540,383,3,2025-02-26,6182.9,Won,2025-03-09,Google
1541,932,2,2025-02-27,525.78,Lost,,Google
1542,1073,6,2025-03-02,1935.43,Won,2025-03-09,Direct Mail
1543,69,1,2025-03-06,611.95,Won,2025-03-10,Google
1544,514,1,2025-03-07,603.46,Won,2025-03-10,Google
1545,454,2,2025-03-04,576.13,Won,2025-03-10,Referral
1546,1126,2,2025-03-03,467.71,Won,2025-03-10,Home Services Marketplace
1547,489,1,2025-03-04,419.41,Lost,,Google
1548,1308,2,2025-03-09,573.19,Won,2025-03-10,Home Services Marketplace
1549,1390,6,2025-03-06,1591.45,Won,2025-03-10,Organic
1550,1310,5,2025-03-02,200.39,Won,2025-03-10,Organic
1551,458,7,2025-03-08,1096.46,Won,2025-03-10,Referral
1552,142,1,2025-03-03,440.33,Won,2025-03-10,Home Services Marketplace
1553,285,5,2025-03-05,186.17,Lost,,Referral
1554,921,6,2025-02-28,1208.19,Lost,,Referral
1555,1401,1,2025-03-10,439.64,Won,2025-03-10,Direct Mail
1556,394,2,2025-03-01,541.28,Won,2025-03-10,Home Services Marketplace
1557,12,5,2025-02-28,146.7,Won,2025-03-10,Home Services Marketplace
1558,817,1,2025-03-03,549.17,Won,2025-03-10,Organic
1559,785,3,2025-03-06,9700.31,Lost,,Home Services Marketplace
1560,1034,4,2025-02-26,2337.81,Won,2025-03-10,Organic
1561,791,5,2025-03-09,214.49,Won,2025-03-11,Google
1562,444,2,2025-03-10,588.42,Won,2025-03-11,Referral
1563,422,1,2025-03-08,621.67,Won,2025-03-11,Google
1564,10,1,2025-03-03,824.1,Won,2025-03-11,Google
1565,890,1,2025-03-07,490.6,Won,2025-03-11,Google
1566,451,2,2025-03-09,1456.41,Won,2025-03-11,Home Services Marketplace
1567,1129,1,2025-03-08,369.32,Won,2025-03-11,Referral
1568,1178,2,2025-03-09,404.67,Won,2025-03-11,Home Services Marketplace
1569,175,5,2025-03-01,197.85,Won,2025-03-11,Organic
1570,1296,6,2025-03-11,899.77,Won,2025-03-11,Referral
1571,62,5,2025-03-11,220.32,Won,2025-03-11,Google
1572,406,4,2025-03-05,2613.25,Won,2025-03-11,Google
1573,858,5,2025-03-03,194.18,Won,2025-03-11,Organic
1574,533,5,2025-03-01,263.52,Won,2025-03-11,Referral
1575,571,4,2025-03-07,2147.69,Won,2025-03-11,Referral
1576,1019,1,2025-03-07,491.82,Won,2025-03-11,Organic
1577,234,1,2025-03-11,800.28,Won,2025-03-11,Organic
1578,933,1,2025-03-09,596.23,Open,,Google
1579,687,6,2025-02-27,1355.3,Won,2025-03-11,Google
1580,791,5,2025-03-11,156.21,Won,2025-03-11,Google
1581,1050,5,2025-03-09,204.7,Won,2025-03-11,Referral
1582,1357,1,2025-03-01,475.92,Open,,Google
1583,413,1,2025-02-28,515.97,Open,,Google
1584,1043,1,2025-03-10,425.25,Won,2025-03-11,Referral
1585,937,5,2025-03-10,276.21,Won,2025-03-11,Referral
1586,285,4,2025-03-06,2875.26,Open,,Referral
1587,347,5,2025-02-27,258.01,Won,2025-03-11,Referral
1588,672,2,2025-03-11,614.52,Won,2025-03-12,Google
1589,133,4,2025-03-01,3589.29,Won,2025-03-12,Referral
1590,852,2,2025-03-11,498.32,Won,2025-03-12,Home Services Marketplace
1591,1051,5,2025-03-10,224.86,Won,2025-03-12,Organic
1592,765,5,2025-02-28,149.61,Lost,,Google
1593,990,3,2025-03-03,12094.22,Won,2025-03-12,Google
1594,1351,3,2025-03-11,6617.64,Won,2025-03-12,Organic
1595,231,2,2025-03-08,538.53,Won,2025-03-12,Home Services Marketplace
1596,1341,5,2025-03-03,164.55,Won,2025-03-12,Referral
1597,302,1,2025-03-02,468.24,Lost,,Referral
1598,177,3,2025-03-03,10313.62,Open,,Referral
1599,652,4,2025-02-28,2449.95,Lost,,Referral
1600,690,1,2025-03-12,476.88,Won,2025-03-12,Referral
1601,2,4,2025-03-01,1832.23,Lost,,Home Services Marketplace
1602,408,4,2025-03-05,2316.83,Lost,,Organic
1603,1224,6,2025-03-01,1215.56,Won,2025-03-12,Organic
1604,135,1,2025-03-01,423.49,Won,2025-03-12,Home Services Marketplace
1605,56,3,2025-03-07,10290.01,Won,2025-03-12,Referral
1606,148,2,2025-03-05,509.53,Won,2025-03-12,Referral
1607,1317,3,2025-03-09,9873.16,Open,,Direct Mail
1608,797,1,2025-03-03,493.65,Won,2025-03-12,Direct Mail
1609,1091,1,2025-03-12,573.46,Won,2025-03-12,Home Services Marketplace
1610,1219,1,2025-03-10,632.5,Won,2025-03-12,Referral
1611,632,1,2025-03-11,324.2,Won,2025-03-12,Referral
1612,924,4,2025-03-10,4121.48,Open,,Google
1613,1099,2,2025-03-01,650.76,Won,2025-03-13,Organic
1614,362,6,2025-03-02,1372.37,Lost,,Referral
1615,1410,1,2025-03-05,601.67,Open,,Referral
1616,191,4,2025-03-05,3377.15,Open,,Referral
1617,1151,2,2025-03-10,375.5,Won,2025-03-13,Referral
1618,772,1,2025-03-10,822.01,Won,2025-03-13,Referral
1619,525,4,2025-03-06,2258.96,Lost,,Google
1620,817,1,2025-03-01,502.17,Lost,,Organic
1621,739,2,2025-03-11,929.28,Won,2025-03-13,Google
1622,1075,1,2025-03-01,370.98,Lost,,Referral
1623,497,5,2025-03-09,357.62,Lost,,Google
1624,1332,5,2025-03-04,145.7,Won,2025-03-13,Organic
1625,1445,2,2025-03-01,437.98,Open,,Google
1626,1385,5,2025-03-13,277.38,Won,2025-03-13,Home Services Marketplace
1627,1303,7,2025-03-13,884.35,Won,2025-03-13,Direct Mail
1628,372,4,2025-03-06,4554.53,Won,2025-03-13,Home Services Marketplace
1629,1091,2,2025-03-06,514.82,Won,2025-03-13,Home Services Marketplace
1630,588,4,2025-03-07,2632.36,Won,2025-03-13,Organic
1631,426,7,2025-03-08,888.11,Open,,Referral
1632,1252,2,2025-03-02,1168.43,Won,2025-03-13,Organic
1633,1274,1,2025-03-04,399.87,Won,2025-03-13,Direct Mail
1634,640,3,2025-03-04,9459.16,Lost,,Organic
1635,841,3,2025-03-12,10415.11,Lost,,Referral
1636,1244,5,2025-03-04,197.26,Won,2025-03-13,Organic
1637,1063,5,2025-03-12,252.96,Won,2025-03-14,Home Services Marketplace
1638,135,3,2025-03-09,15612.05,Won,2025-03-14,Home Services Marketplace
1639,1071,1,2025-03-11,543.7,Won,2025-03-14,Google
1640,440,3,2025-03-02,9321.23,Open,,Google
1641,236,5,2025-03-04,230.81,Open,,Direct Mail
1642,260,1,2025-03-06,737.5,Won,2025-03-14,Referral
1643,1182,1,2025-03-03,632.27,Won,2025-03-14,Google
1644,1161,7,2025-03-06,590.07,Won,2025-03-14,Referral
1645,353,2,2025-03-07,454.15,Won,2025-03-14,Referral
1646,1057,1,2025-03-13,561.68,Lost,,Referral
1647,232,4,2025-03-12,3255.77,Won,2025-03-14,Home Services Marketplace
1648,1127,1,2025-03-13,373.92,Won,2025-03-14,Google
1649,962,2,2025-03-07,439.09,Won,2025-03-14,Direct Mail
1650,1275,5,2025-03-10,158.26,Won,2025-03-14,Google
1651,517,6,2025-03-10,1314.73,Open,,Google
1652,1121,1,2025-03-12,337.22,Won,2025-03-14,Google
1653,1251,1,2025-03-13,599.92,Won,2025-03-14,Organic
1654,244,1,2025-03-12,472.25,Lost,,Organic
1655,491,1,2025-03-06,427.59,Open,,Organic
1656,10,5,2025-03-08,228.42,Won,2025-03-14,Google
1657,203,2,2025-03-03,427.31,Won,2025-03-14,Referral
1658,288,4,2025-03-04,3068.64,Won,2025-03-15,Referral
1659,704,1,2025-03-09,508.73,Won,2025-03-15,Organic
1660,1189,1,2025-03-05,854.11,Won,2025-03-15,Referral
1661,464,5,2025-03-13,244.65,Lost,,Google
1662,539,1,2025-03-07,403.99,Won,2025-03-15,Referral
1663,1084,5,2025-03-04,190.97,Won,2025-03-15,Home Services Marketplace
1664,1023,2,2025-03-12,578.18,Won,2025-03-15,Referral
1665,1325,5,2025-03-03,154.91,Won,2025-03-15,Google
1666,600,1,2025-03-12,494.57,Won,2025-03-15,Organic
1667,662,6,2025-03-12,799.28,Won,2025-03-15,Referral
1668,181,2,2025-03-12,538.36,Won,2025-03-15,Organic
1669,1117,1,2025-03-09,708.72,Won,2025-03-16,Google
1670,331,5,2025-03-11,195.88,Won,2025-03-16,Organic
1671,1063,5,2025-03-12,207.37,Won,2025-03-16,Home Services Marketplace
1672,250,6,2025-03-05,986.5,Won,2025-03-16,Organic
1673,1440,7,2025-03-14,846.0,Won,2025-03-16,Home Services Marketplace
1674,1017,7,2025-03-14,1221.97,Won,2025-03-16,Direct Mail
1675,650,6,2025-03-10,1599.31,Lost,,Home Services Marketplace
1676,248,1,2025-03-16,451.67,Won,2025-03-16,Direct Mail
1677,560,6,2025-03-07,1467.96,Won,2025-03-16,Organic
1678,1445,1,2025-03-05,753.38,Won,2025-03-16,Google
1679,803,1,2025-03-15,328.79,Won,2025-03-16,Google
1680,1336,3,2025-03-08,8466.8,Won,2025-03-16,Referral
1681,605,5,2025-03-10,367.01,Won,2025-03-17,Google
1682,87,2,2025-03-13,448.95,Won,2025-03-17,Direct Mail
1683,706,2,2025-03-12,1249.24,Won,2025-03-17,Organic
1684,808,5,2025-03-13,333.98,Lost,,Google
1685,548,5,2025-03-16,381.08,Won,2025-03-17,Google
1686,71,4,2025-03-05,2098.67,Won,2025-03-17,Home Services Marketplace
1687,1362,5,2025-03-07,150.72,Open,,Google
1688,1216,5,2025-03-06,191.85,Won,2025-03-17,Referral
1689,1070,2,2025-03-10,551.46,Won,2025-03-17,Organic
1690,632,1,2025-03-05,354.05,Won,2025-03-17,Referral
1691,6,5,2025-03-14,151.08,Won,2025-03-17,Home Services Marketplace
1692,1037,6,2025-03-14,1362.29,Won,2025-03-17,Direct Mail
1693,494,5,2025-03-07,163.86,Won,2025-03-17,Referral
1694,525,7,2025-03-17,1068.76,Open,,Google
1695,166,1,2025-03-08,567.48,Won,2025-03-17,Google
1696,6,1,2025-03-15,529.87,Won,2025-03-17,Home Services Marketplace
1697,336,3,2025-03-17,12598.64,Won,2025-03-17,Direct Mail
1698,24,5,2025-03-05,214.37,Won,2025-03-17,Referral
1699,300,1,2025-03-05,411.0,Won,2025-03-17,Direct Mail
1700,1241,3,2025-03-16,10085.18,Won,2025-03-18,Google
1701,1139,5,2025-03-16,174.23,Open,,Referral
1702,693,3,2025-03-13,15343.18,Open,,Referral
1703,1150,1,2025-03-13,1073.84,Open,,Google
1704,476,3,2025-03-07,7845.92,Won,2025-03-18,Referral
1705,1274,3,2025-03-09,10324.1,Won,2025-03-18,Direct Mail
1706,787,7,2025-03-17,2525.99,Won,2025-03-18,Google
1707,521,3,2025-03-16,8371.22,Won,2025-03-18,Referral
1708,205,4,2025-03-10,2383.75,Lost,,Google
1709,175,1,2025-03-15,406.1,Won,2025-03-18,Organic
1710,1197,6,2025-03-15,1078.55,Won,2025-03-18,Organic
1711,1185,3,2025-03-08,8800.65,Won,2025-03-18,Google
1712,915,1,2025-03-16,662.86,Lost,,Referral
1713,677,2,2025-03-16,610.18,Open,,Home Services Marketplace
1714,166,4,2025-03-15,2783.75,Open,,Google
1715,212,1,2025-03-11,457.24,Won,2025-03-18,Google
1716,489,1,2025-03-10,502.85,Won,2025-03-19,Google
1717,771,5,2025-03-18,222.84,Open,,Google
1718,209,2,2025-03-07,331.11,Open,,Referral
1719,650,1,2025-03-11,916.63,Won,2025-03-19,Home Services Marketplace
1720,1322,1,2025-03-13,466.75,Open,,Google
1721,867,2,2025-03-17,585.08,Open,,Home Services Marketplace
1722,163,2,2025-03-12,611.07,Won,2025-03-19,Google
1723,876,2,2025-03-16,503.79,Won,2025-03-19,Google
1724,1247,3,2025-03-18,18944.66,Open,,Home Services Marketplace
1725,169,2,2025-03-12,542.0,Won,2025-03-19,Google
1726,1314,1,2025-03-17,536.73,Won,2025-03-20,Referral
1727,1250,1,2025-03-16,442.44,Lost,,Organic
1728,205,2,2025-03-12,576.09,Lost,,Google
1729,812,2,2025-03-15,1279.38,Won,2025-03-20,Home Services Marketplace
1730,54,3,2025-03-15,10380.16,Won,2025-03-20,Google
1731,1225,4,2025-03-18,4541.94,Lost,,Organic
1732,1241,5,2025-03-12,185.29,Won,2025-03-20,Google
1733,829,6,2025-03-14,1298.85,Won,2025-03-20,Referral
1734,598,1,2025-03-11,501.5,Lost,,Home Services Marketplace
1735,821,2,2025-03-13,416.77,Won,2025-03-20,Referral
1736,604,4,2025-03-09,2877.52,Open,,Referral
1737,1357,1,2025-03-11,561.47,Won,2025-03-20,Google
1738,120,2,2025-03-08,471.26,Open,,Organic
1739,794,5,2025-03-11,215.59,Won,2025-03-20,Google
1740,1409,5,2025-03-18,179.63,Won,2025-03-20,Referral
1741,1189,5,2025-03-18,309.66,Lost,,Referral
1742,7,5,2025-03-15,231.5,Won,2025-03-20,Google
1743,52,7,2025-03-13,1133.88,Won,2025-03-20,Google
1744,160,7,2025-03-21,1622.24,Won,2025-03-21,Google
1745,467,5,2025-03-16,149.42,Won,2025-03-21,Organic
1746,696,5,2025-03-20,231.96,Won,2025-03-21,Organic
1747,719,6,2025-03-12,1806.17,Lost,,Referral
1748,796,5,2025-03-13,204.24,Won,2025-03-21,Google
1749,191,1,2025-03-19,356.47,Won,2025-03-21,Referral
1750,1358,2,2025-03-12,621.36,Won,2025-03-21,Referral
1751,21,7,2025-03-18,1028.07,Open,,Home Services Marketplace
1752,93,5,2025-03-11,194.77,Won,2025-03-21,Google
1753,1353,5,2025-03-21,167.41,Won,2025-03-21,Direct Mail
1754,660,1,2025-03-09,515.08,Won,2025-03-21,Google
1755,73,5,2025-03-10,209.06,Won,2025-03-21,Referral
1756,754,7,2025-03-09,1204.42,Won,2025-03-21,Google
1757,24,7,2025-03-16,1201.25,Open,,Referral
1758,114,1,2025-03-10,501.58,Won,2025-03-22,Google
1759,677,5,2025-03-18,157.76,Won,2025-03-22,Home Services Marketplace
1760,951,1,2025-03-20,586.71,Lost,,Google
1761,1399,3,2025-03-19,7581.57,Won,2025-03-22,Organic
1762,901,5,2025-03-11,279.39,Open,,Referral
1763,734,5,2025-03-11,160.0,Won,2025-03-22,Google
1764,1165,3,2025-03-14,10381.2,Lost,,Home Services Marketplace
1765,969,2,2025-03-16,498.34,Won,2025-03-22,Organic
1766,480,1,2025-03-18,612.57,Open,,Direct Mail
1767,956,1,2025-03-21,729.09,Won,2025-03-22,Home Services Marketplace
1768,1401,2,2025-03-16,622.66,Won,2025-03-22,Direct Mail
1769,876,4,2025-03-21,2797.85,Open,,Google
1770,797,1,2025-03-20,455.79,Won,2025-03-23,Direct Mail
1771,164,6,2025-03-14,1282.14,Won,2025-03-23,Google
1772,204,2,2025-03-20,412.05,Won,2025-03-23,Home Services Marketplace
1773,1023,5,2025-03-13,179.27,Won,2025-03-23,Referral
1774,698,3,2025-03-15,9835.19,Won,2025-03-23,Google
1775,1180,5,2025-03-22,186.86,Won,2025-03-23,Google
1776,674,2,2025-03-16,531.51,Lost,,Referral
1777,955,2,2025-03-18,389.27,Won,2025-03-23,Organic
1778,1151,5,2025-03-16,147.42,Won,2025-03-23,Referral
1779,236,2,2025-03-13,557.75,Won,2025-03-23,Direct Mail
1780,655,5,2025-03-20,177.84,Open,,Google
1781,169,2,2025-03-16,525.79,Lost,,Google
1782,1155,4,2025-03-22,3566.76,Won,2025-03-23,Google
1783,627,1,2025-03-13,466.69,Lost,,Google
1784,541,1,2025-03-16,497.78,Open,,Organic
1785,689,4,2025-03-13,2992.89,Open,,Referral
1786,1127,7,2025-03-14,1436.51,Won,2025-03-24,Google
1787,688,1,2025-03-22,306.51,Won,2025-03-24,Referral
1788,422,2,2025-03-14,499.96,Won,2025-03-24,Google
1789,405,3,2025-03-23,16296.53,Won,2025-03-24,Referral
1790,783,1,2025-03-21,395.97,Lost,,Google
1791,1345,2,2025-03-12,419.32,Won,2025-03-24,Organic
1792,1052,7,2025-03-20,1038.0,Won,2025-03-24,Google
1793,1342,5,2025-03-24,197.03,Open,,Direct Mail
1794,777,1,2025-03-15,586.51,Lost,,Direct Mail
1795,395,5,2025-03-14,343.97,Won,2025-03-24,Organic
1796,153,1,2025-03-17,567.74,Won,2025-03-24,Organic
1797,524,5,2025-03-24,184.76,Won,2025-03-24,Referral
1798,54,4,2025-03-19,2188.11,Lost,,Google
1799,1039,1,2025-03-14,432.7,Won,2025-03-24,Home Services Marketplace
1800,517,1,2025-03-12,428.99,Won,2025-03-24,Google
1801,808,7,2025-03-23,2282.14,Won,2025-03-25,Google
1802,28,1,2025-03-17,741.88,Won,2025-03-25,Organic
1803,613,1,2025-03-19,396.73,Won,2025-03-25,Google
1804,1017,5,2025-03-20,161.78,Won,2025-03-25,Direct Mail
1805,1166,1,2025-03-15,330.2,Won,2025-03-25,Google
1806,537,1,2025-03-19,510.45,Won,2025-03-25,Organic
1807,709,3,2025-03-13,12891.04,Won,2025-03-25,Organic
1808,716,1,2025-03-20,586.19,Won,2025-03-25,Organic
1809,760,5,2025-03-19,182.5,Won,2025-03-25,Referral
1810,1276,2,2025-03-20,438.03,Won,2025-03-25,Google
1811,723,1,2025-03-23,353.81,Won,2025-03-25,Direct Mail
1812,1369,1,2025-03-21,666.26,Open,,Organic
1813,1061,3,2025-03-13,9891.91,Lost,,Organic
1814,742,2,2025-03-23,607.84,Lost,,Organic
1815,477,1,2025-03-20,564.46,Won,2025-03-26,Direct Mail
1816,1344,1,2025-03-25,451.52,Open,,Home Services Marketplace
1817,513,5,2025-03-22,181.48,Won,2025-03-26,Google
1818,1246,5,2025-03-18,222.52,Won,2025-03-26,Google
1819,1275,1,2025-03-21,510.11,Won,2025-03-26,Google
1820,238,4,2025-03-20,2509.56,Won,2025-03-26,Referral
1821,220,2,2025-03-25,484.94,Lost,,Referral
1822,590,3,2025-03-14,11872.04,Open,,Google
1823,254,1,2025-03-16,606.06,Won,2025-03-26,Google
1824,126,1,2025-03-20,486.5,Won,2025-03-26,Home Services Marketplace
1825,1009,1,2025-03-14,722.19,Won,2025-03-26,Google
1826,1348,1,2025-03-24,308.44,Open,,Organic
1827,7,4,2025-03-22,2465.91,Lost,,Google
1828,1333,3,2025-03-23,11159.43,Won,2025-03-26,Direct Mail
1829,231,6,2025-03-16,1360.49,Open,,Home Services Marketplace
1830,242,3,2025-03-19,15170.3,Lost,,Direct Mail
1831,143,5,2025-03-14,242.16,Won,2025-03-26,Google
1832,489,1,2025-03-16,423.58,Won,2025-03-27,Google
1833,1294,6,2025-03-26,1383.83,Open,,Organic
1834,850,2,2025-03-15,516.87,Won,2025-03-27,Direct Mail
1835,81,5,2025-03-20,165.52,Open,,Google
1836,825,2,2025-03-22,363.69,Won,2025-03-27,Google
1837,1103,5,2025-03-27,258.56,Won,2025-03-27,Google
1838,871,5,2025-03-18,332.71,Won,2025-03-27,Google
1839,1135,2,2025-03-25,509.18,Won,2025-03-27,Organic
1840,502,1,2025-03-20,569.17,Won,2025-03-27,Home Services Marketplace
1841,334,4,2025-03-16,2340.49,Won,2025-03-27,Organic
1842,1356,2,2025-03-20,491.58,Won,2025-03-27,Referral
1843,924,2,2025-03-20,661.39,Lost,,Google
1844,1146,5,2025-03-21,178.64,Lost,,Home Services Marketplace
1845,145,2,2025-03-22,914.87,Lost,,Organic
1846,669,1,2025-03-15,346.56,Won,2025-03-27,Home Services Marketplace
1847,176,6,2025-03-17,1385.23,Open,,Google
1848,148,6,2025-03-26,1577.65,Won,2025-03-27,Referral
1849,1081,3,2025-03-24,11186.03,Lost,,Google
1850,709,5,2025-03-18,120.79,Won,2025-03-27,Organic
1851,32,5,2025-03-16,173.23,Lost,,Home Services Marketplace
1852,1182,6,2025-03-20,920.24,Won,2025-03-27,Google
1853,545,2,2025-03-15,433.39,Lost,,Google
1854,990,7,2025-03-22,986.61,Lost,,Google
1855,1379,5,2025-03-17,244.33,Open,,Google
1856,896,2,2025-03-27,548.25,Lost,,Google
1857,163,1,2025-03-27,484.44,Won,2025-03-27,Google
1858,699,3,2025-03-19,8454.37,Open,,Direct Mail
1859,1199,1,2025-03-26,471.02,Won,2025-03-27,Organic
1860,1359,5,2025-03-23,177.36,Won,2025-03-27,Google
1861,1427,5,2025-03-23,203.36,Won,2025-03-28,Referral
1862,715,3,2025-03-19,9566.89,Won,2025-03-28,Organic
1863,229,2,2025-03-24,631.77,Won,2025-03-28,Google
1864,1162,2,2025-03-19,487.14,Lost,,Google
1865,939,2,2025-03-22,429.06,Won,2025-03-28,Organic
1866,827,1,2025-03-27,806.07,Lost,,Google
1867,1158,5,2025-03-25,194.72,Won,2025-03-28,Organic
1868,353,1,2025-03-27,479.7,Won,2025-03-28,Referral
1869,748,5,2025-03-28,246.25,Won,2025-03-28,Google
1870,1073,3,2025-03-28,14063.3,Open,,Direct Mail
1871,118,1,2025-03-24,565.22,Lost,,Referral
1872,185,5,2025-03-26,189.37,Open,,Google
1873,440,1,2025-03-26,452.21,Won,2025-03-28,Google
1874,932,5,2025-03-16,187.5,Won,2025-03-28,Google
1875,158,5,2025-03-17,198.06,Won,2025-03-29,Home Services Marketplace
1876,219,1,2025-03-25,423.59,Won,2025-03-29,Google
1877,872,1,2025-03-17,387.48,Won,2025-03-29,Organic
1878,912,1,2025-03-27,465.3,Won,2025-03-29,Home Services Marketplace
1879,1125,2,2025-03-21,458.92,Won,2025-03-29,Google
1880,1406,3,2025-03-21,8108.37,Open,,Google
1881,166,1,2025-03-23,430.65,Won,2025-03-29,Google
1882,918,5,2025-03-17,316.29,Won,2025-03-29,Direct Mail
1883,1206,1,2025-03-21,498.24,Won,2025-03-29,Google
1884,1349,1,2025-03-17,434.6,Won,2025-03-29,Organic
1885,707,2,2025-03-20,387.75,Lost,,Organic
1886,1274,1,2025-03-27,507.95,Won,2025-03-29,Direct Mail
1887,401,1,2025-03-19,533.54,Won,2025-03-29,Referral
1888,481,5,2025-03-17,222.07,Won,2025-03-29,Home Services Marketplace
1889,628,1,2025-03-29,443.28,Won,2025-03-29,Referral
1890,977,5,2025-03-23,157.29,Won,2025-03-29,Direct Mail
1891,150,5,2025-03-22,204.51,Lost,,Google
1892,1358,2,2025-03-27,528.46,Open,,Referral
1893,1246,2,2025-03-20,624.01,Lost,,Google
1894,1220,1,2025-03-27,532.59,Won,2025-03-30,Google
1895,280,2,2025-03-21,469.9,Lost,,Direct Mail
1896,519,6,2025-03-18,956.18,Open,,Direct Mail
1897,692,6,2025-03-25,1915.22,Won,2025-03-30,Organic
1898,1167,1,2025-03-27,403.69,Won,2025-03-30,Google
1899,1137,1,2025-03-21,560.5,Won,2025-03-31,Google
1900,44,1,2025-03-27,497.06,Won,2025-03-31,Google
1901,164,1,2025-03-25,457.96,Won,2025-03-31,Google
1902,203,5,2025-03-27,145.41,Won,2025-03-31,Referral
1903,293,5,2025-03-26,148.02,Lost,,Referral
1904,1125,1,2025-03-23,389.76,Won,2025-03-31,Google
1905,131,6,2025-03-22,1120.87,Won,2025-03-31,Direct Mail
1906,921,5,2025-03-27,196.64,Won,2025-03-31,Referral
1907,1443,5,2025-03-19,220.36,Lost,,Organic
1908,1362,5,2025-03-23,202.86,Lost,,Google
1909,542,2,2025-03-21,726.57,Won,2025-03-31,Google
1910,1208,1,2025-03-26,402.99,Won,2025-03-31,Google
1911,1310,2,2025-03-28,351.15,Won,2025-03-31,Organic
1912,1336,4,2025-03-26,2417.05,Won,2025-04-01,Referral
1913,104,1,2025-03-30,454.64,Won,2025-04-01,Google
1914,595,1,2025-03-24,571.61,Won,2025-04-01,Google
1915,877,4,2025-03-30,2498.61,Won,2025-04-01,Home Services Marketplace
1916,1100,6,2025-03-23,950.78,Won,2025-04-01,Organic
1917,1321,1,2025-03-28,384.78,Won,2025-04-01,Direct Mail
1918,1237,1,2025-03-24,442.44,Won,2025-04-01,Direct Mail
1919,350,2,2025-03-27,524.32,Won,2025-04-01,Google
1920,1440,1,2025-03-25,455.33,Won,2025-04-01,Home Services Marketplace
1921,337,2,2025-03-22,1076.47,Won,2025-04-01,Google
1922,857,2,2025-03-24,402.38,Won,2025-04-01,Organic
1923,298,2,2025-03-21,603.67,Won,2025-04-01,Referral
1924,341,3,2025-03-23,8124.39,Won,2025-04-01,Organic
1925,692,1,2025-03-27,863.8,Open,,Organic
1926,878,5,2025-03-29,176.47,Open,,Organic
1927,1189,1,2025-03-30,1088.63,Won,2025-04-01,Referral
1928,1100,6,2025-03-23,1000.48,Won,2025-04-01,Organic
1929,962,2,2025-03-28,545.74,Won,2025-04-01,Direct Mail
1930,635,5,2025-03-25,151.24,Won,2025-04-01,Organic
1931,1085,3,2025-03-28,9787.24,Won,2025-04-01,Organic
1932,911,7,2025-03-28,1899.45,Won,2025-04-02,Google
1933,544,5,2025-03-30,176.88,Lost,,Referral
1934,423,1,2025-03-29,621.58,Won,2025-04-02,Organic
1935,1438,1,2025-03-22,543.1,Won,2025-04-02,Organic
1936,1169,2,2025-03-26,510.01,Won,2025-04-02,Referral
1937,871,5,2025-03-30,401.19,Won,2025-04-02,Google
1938,836,2,2025-03-24,585.22,Won,2025-04-02,Google
1939,78,6,2025-03-27,2147.34,Won,2025-04-02,Google
1940,103,5,2025-03-30,143.8,Won,2025-04-02,Organic
1941,1310,1,2025-03-27,557.1,Won,2025-04-02,Organic
1942,1401,1,2025-03-26,582.43,Open,,Direct Mail
1943,422,7,2025-03-30,1007.63,Won,2025-04-02,Google
1944,327,5,2025-03-29,200.08,Lost,,Home Services Marketplace
1945,336,2,2025-03-22,450.46,Won,2025-04-02,Direct Mail
1946,127,4,2025-03-21,2249.23,Won,2025-04-02,Organic
1947,1005,4,2025-03-27,2356.09,Open,,Home Services Marketplace
1948,1065,3,2025-03-31,9361.79,Won,2025-04-02,Home Services Marketplace
1949,353,5,2025-03-25,171.85,Won,2025-04-02,Referral
1950,958,3,2025-03-29,6532.59,Lost,,Google
1951,105,1,2025-03-21,523.41,Lost,,Referral
1952,1066,2,2025-03-23,531.9,Won,2025-04-03,Referral
1953,840,5,2025-03-22,143.67,Won,2025-04-03,Organic
1954,483,5,2025-03-30,165.39,Won,2025-04-03,Google
1955,892,4,2025-04-03,1837.3,Won,2025-04-03,Organic
1956,668,1,2025-03-27,487.74,Won,2025-04-03,Home Services Marketplace
1957,151,2,2025-03-26,668.74,Won,2025-04-03,Home Services Marketplace
1958,433,2,2025-03-22,592.15,Won,2025-04-03,Google
1959,906,1,2025-03-23,551.24,Won,2025-04-03,Google
1960,996,1,2025-03-24,329.39,Lost,,Organic
1961,1134,1,2025-04-03,408.88,Won,2025-04-03,Google
1962,289,5,2025-04-03,164.29,Won,2025-04-03,Google
1963,925,7,2025-04-01,1170.45,Won,2025-04-03,Referral
1964,1315,2,2025-03-24,519.74,Open,,Google
1965,764,1,2025-03-31,482.14,Won,2025-04-03,Organic
1966,381,2,2025-03-24,578.49,Won,2025-04-03,Home Services Marketplace
1967,1434,5,2025-03-30,289.16,Won,2025-04-03,Organic
1968,408,1,2025-03-29,412.17,Won,2025-04-03,Organic
1969,669,5,2025-03-30,213.98,Won,2025-04-03,Home Services Marketplace
1970,653,2,2025-03-24,577.64,Won,2025-04-03,Google
1971,1267,5,2025-03-25,186.95,Lost,,Home Services Marketplace
1972,1049,1,2025-03-25,447.56,Won,2025-04-03,Google
1973,715,5,2025-03-27,198.15,Won,2025-04-03,Organic
1974,744,2,2025-03-23,642.72,Won,2025-04-03,Google
1975,1209,1,2025-03-29,481.58,Won,2025-04-03,Direct Mail
1976,996,1,2025-04-02,476.09,Won,2025-04-03,Organic
1977,143,6,2025-03-25,1150.31,Won,2025-04-03,Google
1978,596,7,2025-03-25,1170.3,Won,2025-04-03,Referral
1979,1097,5,2025-03-26,205.0,Won,2025-04-03,Referral
1980,1133,5,2025-03-27,184.52,Won,2025-04-04,Direct Mail
1981,247,1,2025-04-01,533.87,Open,,Referral
1982,1438,3,2025-04-01,10093.98,Lost,,Organic
1983,426,2,2025-03-26,557.72,Won,2025-04-04,Referral
1984,378,1,2025-03-26,508.25,Open,,Home Services Marketplace
1985,1281,1,2025-03-25,590.08,Won,2025-04-04,Referral
1986,1335,1,2025-03-31,679.83,Won,2025-04-04,Referral
1987,1340,5,2025-04-03,225.58,Lost,,Organic
1988,1101,6,2025-03-29,1719.57,Lost,,Home Services Marketplace
1989,183,1,2025-03-25,1165.72,Won,2025-04-04,Home Services Marketplace
1990,604,4,2025-03-25,2155.64,Won,2025-04-04,Referral
1991,754,5,2025-04-02,198.97,Won,2025-04-04,Google
1992,844,6,2025-04-03,1071.67,Won,2025-04-04,Direct Mail
1993,812,1,2025-03-31,762.23,Won,2025-04-04,Home Services Marketplace
1994,404,1,2025-03-28,565.78,Won,2025-04-05,Referral
1995,324,5,2025-03-30,243.04,Open,,Referral
1996,1399,1,2025-03-31,548.08,Won,2025-04-05,Organic
1997,94,1,2025-03-27,492.34,Open,,Direct Mail
1998,65,1,2025-03-28,423.61,Lost,,Google
1999,1319,2,2025-03-31,520.32,Won,2025-04-05,Organic
2000,399,4,2025-04-01,3843.3,Lost,,Organic
2001,92,1,2025-03-27,616.88,Won,2025-04-06,Referral
2002,1126,5,2025-04-03,207.64,Won,2025-04-06,Home Services Marketplace
2003,1081,1,2025-04-06,458.89,Open,,Google
2004,396,2,2025-04-05,564.18,Won,2025-04-06,Direct Mail
2005,390,1,2025-03-26,391.73,Open,,Referral
2006,414,2,2025-03-28,396.09,Won,2025-04-06,Referral
2007,324,4,2025-03-31,2132.89,Open,,Referral
2008,1410,5,2025-04-03,218.47,Won,2025-04-06,Referral
2009,583,5,2025-03-28,154.85,Won,2025-04-06,Google
2010,994,5,2025-03-26,162.67,Won,2025-04-06,Google
2011,852,1,2025-03-29,380.0,Won,2025-04-07,Home Services Marketplace
2012,699,2,2025-03-26,545.12,Lost,,Direct Mail
2013,669,5,2025-03-29,220.64,Won,2025-04-07,Home Services Marketplace
2014,988,6,2025-04-04,968.63,Won,2025-04-07,Referral
2015,698,4,2025-04-07,3997.95,Lost,,Google
2016,1108,4,2025-03-30,2258.34,Lost,,Organic
2017,335,1,2025-04-07,570.57,Won,2025-04-07,Referral
2018,20,3,2025-03-30,16025.35,Won,2025-04-07,Home Services Marketplace
2019,512,3,2025-04-05,9000.11,Open,,Direct Mail
2020,191,4,2025-04-02,2118.3,Open,,Referral
2021,1369,1,2025-03-27,648.12,Lost,,Organic
2022,1227,5,2025-03-27,139.95,Won,2025-04-07,Direct Mail
2023,1161,1,2025-04-02,510.87,Won,2025-04-07,Referral
2024,1041,6,2025-03-27,1796.04,Won,2025-04-08,Organic
2025,1046,1,2025-03-31,548.19,Won,2025-04-08,Home Services Marketplace
2026,782,5,2025-03-30,205.37,Won,2025-04-08,Organic
2027,793,5,2025-03-29,453.74,Won,2025-04-08,Google
2028,201,2,2025-04-07,408.86,Won,2025-04-08,Home Services Marketplace
2029,1202,2,2025-04-06,576.45,Open,,Google
2030,438,6,2025-04-02,2242.2,Won,2025-04-08,Google
2031,1200,7,2025-04-04,1029.4,Won,2025-04-08,Google
2032,97,2,2025-04-04,459.73,Won,2025-04-08,Google
2033,1185,3,2025-03-31,9550.53,Won,2025-04-08,Google
2034,1202,5,2025-04-08,185.76,Won,2025-04-08,Google
2035,388,4,2025-04-06,2531.12,Open,,Google
2036,6,6,2025-04-01,1183.16,Won,2025-04-08,Home Services Marketplace
2037,376,7,2025-03-30,1241.01,Won,2025-04-08,Google
2038,554,1,2025-04-05,556.2,Won,2025-04-08,Google
2039,354,6,2025-03-30,2930.74,Won,2025-04-08,Referral
2040,792,1,2025-04-06,578.5,Won,2025-04-09,Referral
2041,721,5,2025-04-01,197.43,Open,,Direct Mail
2042,908,5,2025-03-28,151.46,Won,2025-04-09,Organic
2043,415,5,2025-04-07,203.65,Won,2025-04-09,Referral
2044,1441,2,2025-04-08,1180.4,Won,2025-04-09,Google
2045,187,5,2025-03-31,193.21,Open,,Referral
2046,335,5,2025-03-31,216.99,Won,2025-04-09,Referral
2047,1336,5,2025-04-01,266.96,Won,2025-04-09,Referral
2048,1174,6,2025-04-01,2288.7,Won,2025-04-09,Organic
2049,15,5,2025-04-04,220.31,Won,2025-04-09,Organic
2050,1087,1,2025-04-01,1035.59,Won,2025-04-09,Direct Mail
2051,49,1,2025-04-07,491.13,Won,2025-04-10,Referral
2052,210,5,2025-04-01,174.47,Lost,,Referral
2053,1404,5,2025-04-04,214.01,Won,2025-04-10,Organic
2054,516,5,2025-03-31,180.44,Open,,Google
2055,584,4,2025-03-31,2007.39,Lost,,Google
2056,278,1,2025-04-02,430.63,Won,2025-04-10,Google
2057,931,4,2025-04-05,2919.95,Won,2025-04-10,Direct Mail
2058,517,7,2025-04-06,1083.8,Won,2025-04-10,Google
2059,891,5,2025-04-06,145.77,Won,2025-04-10,Direct Mail
2060,106,1,2025-04-08,683.73,Won,2025-04-10,Organic
2061,1264,5,2025-04-01,214.16,Won,2025-04-10,Direct Mail
2062,501,5,2025-03-30,196.75,Won,2025-04-10,Google
2063,1386,6,2025-03-30,1244.13,Won,2025-04-10,Google
2064,24,2,2025-04-09,507.65,Lost,,Referral
2065,57,3,2025-04-02,11766.13,Won,2025-04-10,Google
2066,321,1,2025-04-07,485.64,Open,,Organic
2067,999,1,2025-04-03,448.15,Won,2025-04-10,Referral
2068,459,2,2025-04-08,513.07,Won,2025-04-10,Google
2069,574,5,2025-03-30,180.93,Won,2025-04-11,Organic
2070,253,3,2025-04-03,8523.12,Won,2025-04-11,Google
2071,1095,3,2025-04-01,20138.37,Open,,Referral
2072,697,4,2025-04-11,2592.07,Open,,Google
2073,773,5,2025-04-02,198.6,Won,2025-04-11,Google
2074,344,6,2025-04-11,1051.32,Lost,,Referral
2075,1217,1,2025-04-03,658.5,Won,2025-04-11,Google
2076,616,4,2025-04-03,2432.23,Open,,Google
2077,816,5,2025-04-02,336.83,Won,2025-04-11,Organic
2078,649,1,2025-04-04,338.52,Won,2025-04-11,Google
2079,578,1,2025-04-04,403.68,Won,2025-04-11,Google
2080,615,5,2025-04-09,313.13,Won,2025-04-11,Referral
2081,183,5,2025-04-10,373.24,Won,2025-04-11,Home Services Marketplace
2082,1078,1,2025-04-02,551.88,Won,2025-04-11,Home Services Marketplace
2083,1388,1,2025-04-05,509.75,Open,,Google
2084,662,1,2025-04-04,655.63,Lost,,Referral
2085,508,5,2025-04-03,215.13,Won,2025-04-12,Google
2086,1234,2,2025-04-02,759.41,Won,2025-04-12,Referral
2087,659,2,2025-04-08,494.08,Won,2025-04-12,Direct Mail
2088,1388,1,2025-04-06,447.74,Won,2025-04-12,Google
2089,1330,2,2025-04-04,577.93,Won,2025-04-12,Home Services Marketplace
2090,12,1,2025-04-11,487.1,Won,2025-04-12,Home Services Marketplace
2091,904,1,2025-04-01,622.02,Won,2025-04-12,Google
2092,942,1,2025-04-06,636.87,Won,2025-04-12,Google
2093,493,3,2025-04-04,13235.31,Won,2025-04-12,Organic
2094,253,3,2025-04-06,8524.63,Lost,,Google
2095,116,3,2025-04-08,11720.63,Won,2025-04-13,Organic
2096,1230,5,2025-04-09,181.38,Won,2025-04-13,Referral
2097,23,1,2025-04-05,382.06,Won,2025-04-14,Referral
2098,351,1,2025-04-05,461.48,Lost,,Home Services Marketplace
2099,1047,5,2025-04-12,162.13,Lost,,Home Services Marketplace
2100,960,1,2025-04-04,407.36,Won,2025-04-14,Home Services Marketplace
2101,412,6,2025-04-02,1294.28,Won,2025-04-14,Home Services Marketplace
2102,333,2,2025-04-06,558.65,Lost,,Organic
2103,865,5,2025-04-10,199.42,Won,2025-04-14,Referral
2104,1355,1,2025-04-07,553.98,Won,2025-04-14,Organic
2105,383,2,2025-04-06,460.09,Open,,Google
2106,937,1,2025-04-13,650.29,Won,2025-04-14,Referral
2107,729,1,2025-04-03,456.98,Won,2025-04-14,Referral
2108,145,1,2025-04-14,1407.86,Won,2025-04-14,Organic
2109,816,1,2025-04-13,702.2,Won,2025-04-14,Organic
2110,1023,3,2025-04-03,9825.48,Lost,,Referral
2111,1114,1,2025-04-14,433.3,Won,2025-04-14,Home Services Marketplace
2112,798,1,2025-04-06,440.19,Won,2025-04-15,Referral
2113,1210,7,2025-04-13,1160.34,Won,2025-04-15,Google
2114,1047,5,2025-04-12,192.45,Won,2025-04-15,Home Services Marketplace
2115,92,5,2025-04-03,193.47,Won,2025-04-15,Referral
2116,349,1,2025-04-04,399.15,Lost,,Google
2117,656,3,2025-04-06,9363.37,Won,2025-04-15,Referral
2118,1033,1,2025-04-05,385.71,Won,2025-04-15,Referral
2119,10,4,2025-04-06,3888.14,Won,2025-04-15,Google
2120,860,7,2025-04-12,1039.34,Won,2025-04-15,Referral
2121,639,5,2025-04-04,184.41,Won,2025-04-15,Google
2122,66,6,2025-04-07,1198.27,Won,2025-04-15,Referral
2123,514,3,2025-04-04,16858.89,Won,2025-04-15,Google
2124,124,2,2025-04-14,374.18,Open,,Home Services Marketplace
2125,1164,2,2025-04-05,696.38,Won,2025-04-16,Organic
2126,1439,5,2025-04-04,288.56,Won,2025-04-16,Google
2127,251,2,2025-04-15,531.19,Won,2025-04-16,Organic
2128,1141,2,2025-04-12,811.47,Won,2025-04-16,Google
2129,660,1,2025-04-07,565.64,Open,,Google
2130,1292,5,2025-04-15,137.07,Open,,Home Services Marketplace
2131,714,4,2025-04-04,2438.6,Open,,Direct Mail
2132,1126,6,2025-04-06,1194.78,Won,2025-04-16,Home Services Marketplace
2133,705,5,2025-04-10,201.5,Lost,,Organic
2134,805,3,2025-04-07,10157.88,Won,2025-04-16,Referral
2135,541,5,2025-04-14,173.77,Won,2025-04-16,Organic
2136,455,5,2025-04-07,194.17,Won,2025-04-16,Google
2137,1109,6,2025-04-09,802.31,Won,2025-04-16,Referral
2138,1208,1,2025-04-13,439.84,Lost,,Google
2139,356,5,2025-04-07,203.07,Won,2025-04-17,Direct Mail
2140,39,1,2025-04-11,466.9,Won,2025-04-17,Google
2141,746,5,2025-04-07,254.6,Won,2025-04-17,Direct Mail
2142,933,5,2025-04-10,172.15,Won,2025-04-17,Google
2143,588,2,2025-04-14,457.97,Won,2025-04-17,Organic
2144,1022,4,2025-04-07,2218.81,Won,2025-04-17,Home Services Marketplace
2145,1197,5,2025-04-13,190.91,Won,2025-04-17,Organic
2146,946,3,2025-04-11,9991.93,Won,2025-04-17,Google
2147,1282,2,2025-04-08,585.0,Won,2025-04-17,Referral
2148,1371,1,2025-04-11,475.55,Won,2025-04-17,Google
2149,919,7,2025-04-11,1021.77,Won,2025-04-17,Direct Mail
2150,1099,7,2025-04-08,1184.41,Open,,Organic
2151,1450,1,2025-04-06,510.18,Won,2025-04-17,Home Services Marketplace
2152,784,2,2025-04-06,644.57,Won,2025-04-17,Organic
2153,1313,1,2025-04-10,496.56,Won,2025-04-17,Google
2154,1166,5,2025-04-14,179.11,Won,2025-04-17,Google
2155,40,2,2025-04-11,542.23,Won,2025-04-17,Direct Mail
2156,599,2,2025-04-06,928.13,Won,2025-04-18,Referral
2157,1185,4,2025-04-10,3291.43,Won,2025-04-18,Google
2158,558,2,2025-04-11,445.57,Won,2025-04-18,Google
2159,548,4,2025-04-07,5963.94,Won,2025-04-18,Google
2160,783,1,2025-04-14,579.41,Open,,Google
2161,941,6,2025-04-11,871.46,Open,,Referral
2162,1402,7,2025-04-10,1141.09,Won,2025-04-18,Google
2163,182,5,2025-04-13,210.79,Lost,,Home Services Marketplace
2164,1412,5,2025-04-09,132.93,Won,2025-04-18,Google
2165,134,2,2025-04-17,636.62,Won,2025-04-18,Google
2166,626,1,2025-04-12,550.3,Won,2025-04-18,Referral
2167,266,1,2025-04-07,467.1,Won,2025-04-18,Google
2168,21,3,2025-04-18,14363.05,Lost,,Home Services Marketplace
2169,1368,1,2025-04-19,519.61,Won,2025-04-19,Google
2170,1381,5,2025-04-19,137.22,Won,2025-04-19,Referral
2171,1079,2,2025-04-15,380.12,Won,2025-04-19,Google
2172,130,5,2025-04-09,298.95,Won,2025-04-19,Home Services Marketplace
2173,509,4,2025-04-17,2184.61,Open,,Home Services Marketplace
2174,906,1,2025-04-08,722.53,Open,,Google
2175,782,7,2025-04-18,1143.17,Won,2025-04-19,Organic
2176,628,3,2025-04-12,9587.27,Lost,,Referral
2177,658,1,2025-04-15,389.33,Won,2025-04-19,Organic
2178,1325,1,2025-04-10,512.8,Won,2025-04-19,Google
2179,159,6,2025-04-10,1389.75,Won,2025-04-20,Google
2180,24,5,2025-04-20,166.36,Won,2025-04-20,Referral
2181,1061,1,2025-04-08,512.75,Lost,,Organic
2182,973,1,2025-04-18,524.69,Won,2025-04-20,Google
2183,389,6,2025-04-14,1215.78,Won,2025-04-20,Referral
2184,36,6,2025-04-20,1274.12,Won,2025-04-20,Google
2185,512,5,2025-04-15,178.37,Lost,,Direct Mail
2186,583,5,2025-04-09,149.11,Won,2025-04-20,Google
2187,709,5,2025-04-13,168.32,Won,2025-04-20,Organic
2188,118,7,2025-04-14,1220.05,Won,2025-04-20,Referral
2189,1321,5,2025-04-20,205.65,Won,2025-04-20,Direct Mail
2190,340,5,2025-04-17,154.61,Won,2025-04-20,Google
2191,277,6,2025-04-17,2067.65,Won,2025-04-20,Google
2192,1371,5,2025-04-13,177.65,Open,,Google
2193,568,1,2025-04-10,734.64,Won,2025-04-20,Google
2194,960,5,2025-04-11,168.21,Lost,,Home Services Marketplace
2195,305,6,2025-04-20,1250.53,Won,2025-04-20,Home Services Marketplace
2196,1256,5,2025-04-17,163.2,Won,2025-04-20,Referral
2197,203,4,2025-04-09,3368.11,Won,2025-04-20,Referral
2198,775,5,2025-04-15,184.88,Won,2025-04-20,Google
2199,892,2,2025-04-16,602.36,Open,,Organic
2200,692,5,2025-04-11,343.37,Won,2025-04-21,Organic
2201,460,5,2025-04-17,145.69,Won,2025-04-21,Referral
2202,326,7,2025-04-09,969.55,Open,,Referral
2203,903,5,2025-04-15,218.9,Won,2025-04-21,Referral
2204,1093,1,2025-04-12,679.21,Won,2025-04-21,Organic
2205,892,1,2025-04-21,674.37,Won,2025-04-21,Organic
2206,1151,1,2025-04-20,456.43,Won,2025-04-21,Referral
2207,562,1,2025-04-10,594.56,Won,2025-04-21,Direct Mail
2208,1424,5,2025-04-18,153.88,Lost,,Referral
2209,1386,5,2025-04-14,145.04,Won,2025-04-21,Google
2210,982,1,2025-04-10,834.78,Won,2025-04-21,Home Services Marketplace
2211,168,2,2025-04-10,539.35,Open,,Referral
2212,728,7,2025-04-14,1222.44,Won,2025-04-21,Direct Mail
2213,545,4,2025-04-21,2199.01,Lost,,Google
2214,1282,2,2025-04-19,424.44,Won,2025-04-21,Referral
2215,1024,4,2025-04-12,1830.55,Lost,,Referral
2216,1084,5,2025-04-11,247.23,Open,,Home Services Marketplace
2217,243,2,2025-04-17,596.49,Open,,Direct Mail
2218,1352,5,2025-04-20,169.69,Lost,,Direct Mail
2219,1093,3,2025-04-09,17345.78,Won,2025-04-21,Organic
2220,728,4,2025-04-17,3634.62,Lost,,Direct Mail
2221,370,1,2025-04-18,430.86,Won,2025-04-22,Home Services Marketplace
2222,395,1,2025-04-18,690.81,Open,,Organic
2223,795,2,2025-04-20,441.32,Open,,Referral
2224,1056,5,2025-04-10,229.33,Open,,Organic
2225,782,5,2025-04-11,208.89,Won,2025-04-22,Organic
2226,179,1,2025-04-14,499.59,Won,2025-04-22,Organic
2227,1285,1,2025-04-18,507.56,Won,2025-04-22,Google
2228,187,5,2025-04-19,281.78,Won,2025-04-22,Referral
2229,448,5,2025-04-13,200.91,Won,2025-04-22,Google
2230,80,5,2025-04-10,321.12,Won,2025-04-22,Organic
2231,1003,1,2025-04-22,573.85,Open,,Home Services Marketplace
2232,729,2,2025-04-11,706.99,Lost,,Referral
2233,622,1,2025-04-22,489.36,Won,2025-04-22,Direct Mail
2234,19,5,2025-04-10,143.07,Won,2025-04-22,Referral
2235,646,4,2025-04-14,2861.44,Won,2025-04-22,Google
2236,8,5,2025-04-13,190.82,Won,2025-04-22,Google
2237,763,1,2025-04-17,423.42,Won,2025-04-22,Google
2238,695,2,2025-04-19,620.67,Won,2025-04-23,Google
2239,426,7,2025-04-15,1257.27,Won,2025-04-23,Referral
2240,614,1,2025-04-20,659.91,Open,,Direct Mail
2241,795,1,2025-04-11,492.27,Won,2025-04-23,Referral
2242,1226,5,2025-04-19,203.71,Won,2025-04-23,Referral
2243,266,5,2025-04-21,194.26,Won,2025-04-23,Google
2244,1356,6,2025-04-13,1015.56,Won,2025-04-23,Referral
2245,762,1,2025-04-21,702.08,Won,2025-04-23,Google
2246,1034,5,2025-04-21,191.71,Won,2025-04-23,Organic
2247,1081,6,2025-04-21,1134.99,Won,2025-04-23,Google
2248,322,5,2025-04-22,138.7,Won,2025-04-23,Google
2249,735,5,2025-04-18,160.77,Open,,Home Services Marketplace
2250,266,2,2025-04-15,579.34,Won,2025-04-23,Google
2251,928,5,2025-04-17,215.62,Lost,,Organic
2252,1344,7,2025-04-11,984.69,Won,2025-04-23,Home Services Marketplace
2253,673,4,2025-04-22,2290.8,Open,,Referral
2254,388,2,2025-04-18,488.08,Won,2025-04-23,Google
2255,1091,3,2025-04-22,11807.37,Won,2025-04-24,Home Services Marketplace
2256,1146,2,2025-04-20,739.59,Won,2025-04-24,Home Services Marketplace
2257,798,2,2025-04-23,416.32,Won,2025-04-24,Referral
2258,1187,1,2025-04-23,611.3,Won,2025-04-24,Organic
2259,1300,5,2025-04-23,229.61,Won,2025-04-24,Google
2260,1023,1,2025-04-12,529.61,Won,2025-04-24,Referral
2261,219,6,2025-04-23,980.31,Open,,Google
2262,734,1,2025-04-17,562.58,Open,,Google
2263,105,5,2025-04-18,194.39,Won,2025-04-24,Referral
2264,1287,4,2025-04-15,2793.84,Lost,,Google
2265,451,5,2025-04-16,386.31,Won,2025-04-24,Home Services Marketplace
2266,468,5,2025-04-15,204.8,Open,,Referral
2267,117,5,2025-04-24,163.1,Lost,,Home Services Marketplace
2268,715,2,2025-04-22,615.92,Won,2025-04-25,Organic
2269,770,3,2025-04-14,9474.53,Lost,,Organic
2270,622,1,2025-04-15,472.13,Won,2025-04-25,Direct Mail
2271,1105,5,2025-04-23,167.97,Won,2025-04-25,Google
2272,243,1,2025-04-21,422.42,Won,2025-04-25,Direct Mail
2273,1176,5,2025-04-21,149.67,Won,2025-04-25,Referral
2274,347,2,2025-04-15,593.8,Lost,,Referral
2275,1259,5,2025-04-14,187.32,Won,2025-04-25,Organic
2276,1444,7,2025-04-19,1017.61,Won,2025-04-25,Referral
2277,260,1,2025-04-20,841.05,Won,2025-04-25,Referral
2278,708,7,2025-04-20,1164.51,Won,2025-04-25,Google
2279,1214,2,2025-04-19,342.07,Won,2025-04-25,Direct Mail
2280,1423,5,2025-04-22,206.27,Won,2025-04-25,Home Services Marketplace
2281,766,6,2025-04-21,1188.36,Won,2025-04-25,Referral
2282,444,1,2025-04-15,589.74,Won,2025-04-26,Referral
2283,429,7,2025-04-18,1206.27,Won,2025-04-26,Google
2284,490,1,2025-04-24,556.64,Won,2025-04-26,Referral
2285,620,1,2025-04-21,449.93,Open,,Direct Mail
2286,16,4,2025-04-26,2344.42,Won,2025-04-26,Google
2287,35,7,2025-04-26,1377.97,Open,,Direct Mail
2288,875,1,2025-04-21,494.63,Lost,,Organic
2289,104,1,2025-04-19,398.74,Won,2025-04-26,Google
2290,119,3,2025-04-21,8572.85,Lost,,Referral
2291,32,5,2025-04-25,250.07,Open,,Home Services Marketplace
2292,1023,5,2025-04-25,186.58,Won,2025-04-26,Referral
2293,723,7,2025-04-17,1221.48,Won,2025-04-26,Direct Mail
2294,464,5,2025-04-17,151.26,Won,2025-04-27,Google
2295,1155,1,2025-04-21,590.56,Won,2025-04-27,Google
2296,486,3,2025-04-25,17838.9,Won,2025-04-27,Google
2297,383,5,2025-04-26,238.18,Open,,Google
2298,3,1,2025-04-16,415.69,Won,2025-04-27,Google
2299,961,5,2025-04-18,232.88,Won,2025-04-27,Referral
2300,979,2,2025-04-17,530.35,Lost,,Referral
2301,1367,1,2025-04-17,445.27,Won,2025-04-27,Organic
2302,1177,1,2025-04-19,658.7,Won,2025-04-27,Google
2303,573,5,2025-04-17,160.85,Won,2025-04-27,Direct Mail
2304,586,6,2025-04-23,1126.33,Lost,,Google
2305,812,1,2025-04-26,846.78,Open,,Home Services Marketplace
2306,1314,1,2025-04-23,502.05,Won,2025-04-27,Referral
2307,249,5,2025-04-15,202.35,Won,2025-04-27,Home Services Marketplace
2308,151,5,2025-04-26,211.57,Won,2025-04-27,Home Services Marketplace
2309,165,1,2025-04-18,567.43,Won,2025-04-27,Home Services Marketplace
2310,576,3,2025-04-25,11295.26,Open,,Direct Mail
2311,925,2,2025-04-17,665.32,Won,2025-04-27,Referral
2312,812,1,2025-04-19,1021.62,Won,2025-04-28,Home Services Marketplace
2313,214,2,2025-04-20,395.75,Won,2025-04-28,Google
2314,369,5,2025-04-26,234.13,Lost,,Referral
2315,1068,2,2025-04-18,576.75,Lost,,Google
2316,836,2,2025-04-16,611.84,Open,,Google
2317,900,1,2025-04-24,538.66,Won,2025-04-28,Referral
2318,1432,5,2025-04-22,227.07,Lost,,Home Services Marketplace
2319,189,5,2025-04-22,224.73,Won,2025-04-28,Organic
2320,812,1,2025-04-21,1019.98,Lost,,Home Services Marketplace
2321,1179,1,2025-04-26,545.56,Won,2025-04-28,Direct Mail
2322,956,4,2025-04-23,2634.17,Won,2025-04-28,Home Services Marketplace
2323,293,1,2025-04-21,528.75,Won,2025-04-28,Referral
2324,229,4,2025-04-18,2083.44,Open,,Google
2325,563,1,2025-04-21,938.59,Lost,,Direct Mail
2326,766,4,2025-04-24,2555.67,Won,2025-04-28,Referral
2327,883,5,2025-04-16,230.03,Won,2025-04-28,Organic
2328,1347,1,2025-04-21,515.95,Won,2025-04-28,Referral
2329,1098,1,2025-04-20,558.66,Lost,,Direct Mail
2330,459,1,2025-04-27,655.94,Won,2025-04-29,Google
2331,180,1,2025-04-23,459.11,Won,2025-04-29,Direct Mail
2332,1434,2,2025-04-25,765.71,Won,2025-04-29,Organic
2333,35,7,2025-04-25,1405.07,Won,2025-04-29,Direct Mail
2334,1353,1,2025-04-18,398.37,Won,2025-04-29,Direct Mail
2335,185,7,2025-04-24,1438.44,Won,2025-04-29,Google
2336,393,5,2025-04-17,173.95,Won,2025-04-29,Google
2337,732,1,2025-04-20,359.63,Lost,,Organic
2338,707,6,2025-04-25,794.73,Open,,Organic
2339,1190,5,2025-04-22,223.4,Open,,Organic
2340,626,1,2025-04-28,562.86,Won,2025-04-29,Referral
2341,937,3,2025-04-28,16620.95,Open,,Referral
2342,587,3,2025-04-29,10291.86,Open,,Direct Mail
2343,677,4,2025-04-29,2236.92,Lost,,Home Services Marketplace
2344,1028,5,2025-04-22,193.87,Won,2025-04-29,Home Services Marketplace
2345,202,5,2025-04-28,177.97,Won,2025-04-29,Google
2346,448,1,2025-04-18,356.91,Won,2025-04-29,Google
2347,516,1,2025-04-21,390.58,Won,2025-04-29,Google
2348,1447,1,2025-04-23,912.8,Won,2025-04-29,Google
2349,984,5,2025-04-20,286.02,Lost,,Referral
2350,479,7,2025-04-24,815.31,Won,2025-04-30,Referral
2351,447,4,2025-04-25,3049.06,Won,2025-04-30,Direct Mail
2352,315,1,2025-04-24,550.5,Won,2025-04-30,Google
2353,887,2,2025-04-18,1114.48,Won,2025-04-30,Google
2354,919,1,2025-04-24,407.3,Won,2025-04-30,Direct Mail
2355,1236,5,2025-04-26,166.78,Won,2025-04-30,Home Services Marketplace
2356,775,1,2025-04-24,610.57,Open,,Google
2357,1293,1,2025-04-18,421.26,Lost,,Google
2358,905,2,2025-04-29,435.08,Lost,,Home Services Marketplace
2359,369,6,2025-04-29,1113.0,Open,,Referral
2360,296,6,2025-04-29,1559.53,Won,2025-04-30,Direct Mail
2361,1266,1,2025-04-24,325.89,Won,2025-04-30,Google
2362,639,1,2025-04-25,424.91,Open,,Google
2363,86,7,2025-04-25,1261.62,Lost,,Organic
2364,441,5,2025-04-29,166.31,Won,2025-04-30,Organic
2365,610,4,2025-04-19,2713.48,Won,2025-04-30,Google
2366,324,5,2025-04-21,178.81,Won,2025-05-01,Referral
2367,29,3,2025-04-19,10592.68,Won,2025-05-01,Organic
2368,152,1,2025-04-22,420.54,Won,2025-05-01,Referral
2369,316,5,2025-04-22,225.77,Won,2025-05-01,Google
2370,79,2,2025-04-26,746.99,Open,,Google
2371,165,2,2025-04-29,533.13,Won,2025-05-01,Home Services Marketplace
2372,1299,7,2025-04-29,1075.94,Won,2025-05-01,Home Services Marketplace
2373,1416,1,2025-04-29,451.89,Won,2025-05-01,Referral
2374,1319,1,2025-04-27,727.48,Won,2025-05-01,Organic
2375,144,3,2025-04-23,10812.05,Won,2025-05-01,Referral
2376,1193,5,2025-05-01,197.61,Won,2025-05-01,Referral
2377,95,2,2025-04-25,513.38,Won,2025-05-01,Organic
2378,20,2,2025-04-28,695.68,Lost,,Home Services Marketplace
2379,882,2,2025-04-30,519.53,Open,,Home Services Marketplace
2380,994,5,2025-04-29,219.45,Won,2025-05-01,Google
2381,971,1,2025-04-22,403.7,Won,2025-05-01,Google
2382,502,5,2025-04-29,160.62,Won,2025-05-01,Home Services Marketplace
2383,1414,1,2025-04-30,390.14,Won,2025-05-02,Organic
2384,858,1,2025-04-21,415.27,Won,2025-05-02,Organic
2385,424,7,2025-04-22,1292.72,Won,2025-05-02,Referral
2386,1196,1,2025-04-21,923.8,Won,2025-05-02,Referral
2387,823,7,2025-04-26,1193.99,Won,2025-05-02,Home Services Marketplace
2388,526,5,2025-04-27,149.15,Lost,,Google
2389,792,1,2025-04-29,369.64,Won,2025-05-02,Referral
2390,466,5,2025-04-23,270.26,Open,,Google
2391,1121,4,2025-05-01,2284.87,Open,,Google
2392,897,1,2025-05-02,437.46,Won,2025-05-02,Organic
2393,1157,2,2025-04-29,497.83,Won,2025-05-02,Referral
2394,605,4,2025-05-01,4470.2,Open,,Google
2395,254,4,2025-04-20,3178.05,Lost,,Google
2396,843,6,2025-04-29,1191.81,Lost,,Referral
2397,968,2,2025-04-22,552.11,Won,2025-05-03,Organic
2398,74,5,2025-04-30,257.73,Won,2025-05-03,Google
2399,927,1,2025-04-30,507.84,Won,2025-05-03,Google
2400,320,5,2025-04-26,172.56,Won,2025-05-03,Referral
2401,1246,5,2025-04-25,187.65,Won,2025-05-03,Google
2402,919,5,2025-04-22,149.39,Open,,Direct Mail
2403,59,3,2025-04-22,11285.49,Won,2025-05-03,Organic
2404,1390,1,2025-04-22,457.44,Lost,,Organic
2405,721,5,2025-04-26,207.7,Won,2025-05-03,Direct Mail
2406,725,5,2025-04-29,335.61,Lost,,Referral
2407,72,1,2025-04-23,632.75,Won,2025-05-03,Referral
2408,714,4,2025-04-24,2758.3,Open,,Direct Mail
2409,889,1,2025-04-21,450.77,Won,2025-05-03,Home Services Marketplace
2410,547,5,2025-04-28,222.06,Open,,Google
2411,230,5,2025-04-23,223.1,Lost,,Organic
2412,530,5,2025-04-28,205.73,Won,2025-05-03,Direct Mail
2413,352,2,2025-04-30,758.95,Won,2025-05-04,Direct Mail
2414,764,3,2025-04-30,11668.95,Won,2025-05-04,Organic
2415,1446,2,2025-05-01,593.97,Open,,Home Services Marketplace
2416,137,5,2025-05-02,130.0,Won,2025-05-04,Google
2417,170,3,2025-04-25,10260.96,Open,,Direct Mail
2418,19,7,2025-04-25,1243.01,Won,2025-05-04,Referral
2419,939,3,2025-04-23,11359.35,Lost,,Organic
2420,1065,2,2025-04-28,498.38,Lost,,Home Services Marketplace
2421,1160,6,2025-05-01,2017.62,Won,2025-05-04,Google
2422,428,2,2025-04-26,574.28,Won,2025-05-04,Organic
2423,491,2,2025-04-24,407.27,Won,2025-05-04,Organic
2424,705,1,2025-04-30,563.22,Won,2025-05-04,Organic
2425,331,1,2025-04-30,541.99,Won,2025-05-04,Organic
2426,1016,5,2025-04-23,232.39,Lost,,Google
2427,516,1,2025-05-01,404.89,Won,2025-05-04,Google
2428,679,1,2025-04-24,574.89,Won,2025-05-04,Google
2429,433,5,2025-05-04,182.17,Won,2025-05-04,Google
2430,1187,4,2025-04-29,1979.38,Won,2025-05-04,Organic
2431,1375,3,2025-04-30,11848.68,Lost,,Direct Mail
2432,1105,7,2025-04-30,1151.74,Won,2025-05-05,Google
2433,515,2,2025-04-25,504.94,Won,2025-05-05,Direct Mail
2434,82,3,2025-04-24,9279.93,Lost,,Referral
2435,328,3,2025-05-03,11115.48,Won,2025-05-05,Google
2436,475,3,2025-05-01,15367.35,Won,2025-05-05,Google
2437,560,7,2025-04-27,1214.17,Won,2025-05-05,Organic
2438,760,6,2025-05-02,1054.98,Lost,,Referral
2439,1076,2,2025-05-02,631.3,Won,2025-05-05,Referral
2440,45,4,2025-05-01,2571.57,Won,2025-05-05,Direct Mail
2441,898,6,2025-04-25,1801.21,Won,2025-05-05,Home Services Marketplace
2442,779,5,2025-05-04,234.26,Won,2025-05-05,Home Services Marketplace
2443,809,5,2025-04-28,138.49,Open,,Home Services Marketplace
2444,1179,1,2025-05-03,574.36,Won,2025-05-05,Direct Mail
2445,313,5,2025-04-23,363.17,Won,2025-05-05,Google
2446,1050,7,2025-05-02,1234.68,Won,2025-05-05,Referral
2447,1326,5,2025-05-01,157.3,Lost,,Referral
2448,647,4,2025-04-28,2113.02,Won,2025-05-05,Home Services Marketplace
2449,1314,7,2025-05-01,1253.23,Won,2025-05-06,Referral
2450,784,5,2025-04-25,178.65,Won,2025-05-06,Organic
2451,1387,6,2025-05-06,1177.86,Won,2025-05-06,Google
2452,1081,3,2025-04-27,9416.18,Won,2025-05-06,Google
2453,534,1,2025-05-03,474.88,Won,2025-05-06,Organic
2454,262,1,2025-04-29,597.39,Won,2025-05-06,Referral
2455,237,5,2025-05-03,174.43,Won,2025-05-06,Referral
2456,1341,3,2025-04-24,10373.98,Lost,,Referral
2457,606,2,2025-05-01,492.18,Won,2025-05-06,Organic
2458,94,2,2025-04-29,417.46,Won,2025-05-06,Direct Mail
2459,151,2,2025-05-06,580.04,Lost,,Home Services Marketplace
2460,242,2,2025-04-27,981.02,Won,2025-05-06,Direct Mail
2461,410,5,2025-04-24,243.66,Won,2025-05-06,Organic
2462,25,5,2025-05-05,143.72,Won,2025-05-06,Google
2463,279,5,2025-04-27,236.38,Won,2025-05-06,Home Services Marketplace
2464,1189,5,2025-04-28,205.69,Won,2025-05-07,Referral
2465,1055,2,2025-04-29,397.65,Open,,Organic
2466,1390,2,2025-05-05,460.41,Won,2025-05-07,Organic
2467,1434,1,2025-04-27,975.46,Won,2025-05-07,Organic
2468,265,5,2025-04-27,156.11,Won,2025-05-07,Home Services Marketplace
2469,658,4,2025-05-07,3279.95,Lost,,Organic
2470,934,6,2025-05-06,1320.3,Won,2025-05-07,Home Services Marketplace
2471,570,6,2025-05-06,2287.26,Won,2025-05-07,Organic
2472,698,7,2025-04-30,888.36,Won,2025-05-07,Google
2473,352,3,2025-05-01,8118.68,Lost,,Direct Mail
2474,200,6,2025-05-04,774.53,Won,2025-05-07,Direct Mail
2475,1296,6,2025-05-07,979.84,Open,,Referral
2476,246,1,2025-04-25,437.88,Won,2025-05-07,Referral
2477,1302,1,2025-05-03,1132.98,Won,2025-05-08,Home Services Marketplace
2478,1161,3,2025-05-08,10154.47,Won,2025-05-08,Referral
2479,963,2,2025-04-28,687.56,Won,2025-05-08,Referral
2480,181,1,2025-05-02,598.67,Won,2025-05-08,Organic
2481,954,2,2025-05-04,418.19,Won,2025-05-08,Google
2482,287,5,2025-04-30,340.58,Won,2025-05-08,Direct Mail
2483,93,2,2025-04-28,540.36,Won,2025-05-08,Google
2484,1104,1,2025-05-07,475.13,Won,2025-05-08,Google
2485,1060,2,2025-05-08,543.26,Lost,,Google
2486,126,1,2025-05-01,360.25,Won,2025-05-08,Home Services Marketplace
2487,178,3,2025-04-28,11429.91,Won,2025-05-08,Google
2488,393,1,2025-05-05,483.1,Won,2025-05-08,Google
2489,1275,1,2025-05-02,391.38,Won,2025-05-08,Google
2490,1282,3,2025-05-06,8713.71,Lost,,Referral
2491,620,5,2025-05-06,175.64,Won,2025-05-08,Direct Mail
2492,1422,1,2025-04-28,791.96,Open,,Organic
2493,506,2,2025-04-27,823.92,Won,2025-05-08,Organic
2494,1084,2,2025-05-08,535.2,Open,,Home Services Marketplace
2495,354,6,2025-04-26,2345.6,Won,2025-05-08,Referral
2496,518,3,2025-05-04,8060.12,Won,2025-05-08,Organic
2497,174,1,2025-04-26,360.08,Won,2025-05-08,Google
2498,1216,7,2025-04-29,1235.24,Won,2025-05-08,Referral
2499,86,5,2025-05-02,168.01,Won,2025-05-08,Organic
2500,47,2,2025-05-01,497.32,Won,2025-05-08,Direct Mail
2501,131,1,2025-05-07,428.05,Won,2025-05-08,Direct Mail
2502,966,5,2025-04-28,172.38,Won,2025-05-08,Referral
2503,414,1,2025-05-04,431.65,Won,2025-05-09,Referral
2504,1291,6,2025-04-30,2058.57,Won,2025-05-09,Home Services Marketplace
2505,933,5,2025-05-02,231.28,Lost,,Google
2506,816,1,2025-04-29,679.54,Won,2025-05-09,Organic
2507,23,1,2025-05-02,469.03,Won,2025-05-09,Referral
2508,1327,2,2025-05-05,866.13,Won,2025-05-09,Google
2509,945,5,2025-05-07,193.88,Won,2025-05-09,Google
2510,1388,6,2025-04-28,1092.29,Won,2025-05-09,Google
2511,172,1,2025-05-07,961.86,Lost,,Organic
2512,1285,6,2025-05-09,1019.12,Won,2025-05-09,Google
2513,1313,7,2025-05-09,1489.2,Won,2025-05-09,Google
2514,787,7,2025-04-27,2201.9,Won,2025-05-09,Google
2515,808,1,2025-05-01,1222.64,Won,2025-05-09,Google
2516,1277,3,2025-05-04,7473.82,Won,2025-05-09,Organic
2517,766,3,2025-05-08,9730.88,Won,2025-05-09,Referral
2518,644,5,2025-05-03,149.5,Won,2025-05-09,Referral
2519,791,1,2025-05-04,464.68,Won,2025-05-09,Google
2520,244,5,2025-05-03,218.99,Won,2025-05-09,Organic
2521,322,5,2025-04-29,169.71,Won,2025-05-09,Google
2522,1077,2,2025-04-29,588.99,Won,2025-05-09,Referral
2523,1214,5,2025-05-06,171.94,Won,2025-05-09,Direct Mail
2524,1447,5,2025-05-09,284.99,Won,2025-05-10,Google
2525,568,5,2025-05-09,336.56,Won,2025-05-10,Google
2526,495,1,2025-04-29,631.29,Lost,,Direct Mail
2527,1205,5,2025-05-09,300.65,Lost,,Referral
2528,1287,1,2025-04-29,400.77,Lost,,Google
2529,440,5,2025-05-08,134.21,Won,2025-05-10,Google
2530,338,1,2025-05-07,367.02,Won,2025-05-10,Home Services Marketplace
2531,827,5,2025-05-07,326.84,Won,2025-05-10,Google
2532,1404,2,2025-04-30,442.63,Lost,,Organic
2533,1085,2,2025-05-01,456.43,Won,2025-05-10,Organic
2534,1212,1,2025-05-05,750.74,Won,2025-05-10,Home Services Marketplace
2535,765,3,2025-04-28,9248.19,Open,,Google
2536,369,1,2025-05-07,595.4,Won,2025-05-10,Referral
2537,1356,1,2025-05-06,412.32,Won,2025-05-10,Referral
2538,364,3,2025-05-05,9798.5,Won,2025-05-10,Referral
2539,544,1,2025-05-04,411.39,Lost,,Referral
2540,1236,5,2025-05-01,181.44,Won,2025-05-11,Home Services Marketplace
2541,325,7,2025-05-10,922.75,Won,2025-05-11,Referral
2542,572,1,2025-05-05,415.16,Won,2025-05-11,Direct Mail
2543,1322,5,2025-05-11,200.89,Lost,,Google
2544,768,3,2025-05-01,11200.93,Lost,,Google
2545,718,5,2025-05-07,192.39,Won,2025-05-11,Organic
2546,389,3,2025-05-06,10175.89,Lost,,Referral
2547,483,1,2025-05-05,353.04,Won,2025-05-11,Google
2548,180,5,2025-04-30,237.79,Won,2025-05-11,Direct Mail
2549,380,5,2025-05-12,213.58,Lost,,Organic
2550,955,1,2025-05-04,534.52,Won,2025-05-12,Organic
2551,1231,1,2025-05-11,491.75,Lost,,Google
2552,779,1,2025-05-03,1050.18,Won,2025-05-12,Home Services Marketplace
2553,867,1,2025-05-08,386.36,Won,2025-05-12,Home Services Marketplace
2554,464,1,2025-05-12,405.36,Lost,,Google
2555,451,4,2025-05-08,6239.75,Won,2025-05-12,Home Services Marketplace
2556,675,1,2025-05-01,576.5,Won,2025-05-12,Organic
2557,1050,1,2025-05-02,589.99,Won,2025-05-12,Referral
2558,409,2,2025-04-30,655.51,Won,2025-05-12,Google
2559,1113,2,2025-05-07,627.34,Won,2025-05-12,Home Services Marketplace
2560,1179,5,2025-05-12,195.64,Won,2025-05-12,Direct Mail
2561,862,1,2025-05-07,490.46,Won,2025-05-12,Home Services Marketplace
2562,693,2,2025-05-01,844.69,Won,2025-05-13,Referral
2563,475,3,2025-05-10,8686.99,Open,,Google
2564,780,5,2025-05-05,136.18,Open,,Google
2565,268,1,2025-05-12,507.09,Won,2025-05-13,Referral
2566,1016,2,2025-05-06,535.36,Won,2025-05-13,Google
2567,1441,6,2025-05-03,1744.56,Won,2025-05-13,Google
2568,976,5,2025-05-05,211.32,Won,2025-05-13,Google
2569,1374,1,2025-05-04,386.94,Won,2025-05-13,Home Services Marketplace
2570,386,6,2025-05-05,1489.96,Won,2025-05-13,Google
2571,1353,1,2025-05-05,479.26,Lost,,Direct Mail
2572,1423,1,2025-05-13,566.05,Won,2025-05-13,Home Services Marketplace
2573,1384,5,2025-05-07,244.48,Lost,,Referral
2574,392,1,2025-05-08,383.2,Won,2025-05-13,Google
2575,596,1,2025-05-01,440.21,Won,2025-05-13,Referral
2576,1413,4,2025-05-10,1648.39,Won,2025-05-13,Organic
2577,1387,2,2025-05-10,648.24,Open,,Google
2578,1163,6,2025-05-05,1211.35,Won,2025-05-13,Google
2579,936,2,2025-05-06,403.4,Won,2025-05-13,Organic
2580,142,2,2025-05-11,469.16,Lost,,Home Services Marketplace
2581,1146,5,2025-05-11,219.7,Lost,,Home Services Marketplace
2582,673,2,2025-05-04,531.59,Won,2025-05-13,Referral
2583,1290,5,2025-05-06,213.19,Open,,Google
2584,999,5,2025-05-06,167.61,Won,2025-05-13,Referral
2585,897,4,2025-05-04,1837.04,Open,,Organic
2586,1010,1,2025-05-04,537.36,Won,2025-05-13,Direct Mail
2587,1002,1,2025-05-05,442.8,Won,2025-05-13,Google
2588,815,4,2025-05-06,2021.73,Lost,,Organic
2589,1064,6,2025-05-12,1082.71,Lost,,Referral
2590,797,5,2025-05-03,158.79,Won,2025-05-13,Direct Mail
2591,107,4,2025-05-08,3079.74,Lost,,Google
2592,1146,4,2025-05-03,2494.74,Won,2025-05-13,Home Services Marketplace
2593,879,6,2025-05-11,1136.0,Won,2025-05-13,Organic
2594,277,5,2025-05-04,250.99,Won,2025-05-14,Google
2595,500,1,2025-05-05,973.19,Won,2025-05-14,Direct Mail
2596,552,5,2025-05-13,171.17,Won,2025-05-14,Referral
2597,36,6,2025-05-07,1228.82,Won,2025-05-14,Google
2598,745,1,2025-05-03,368.38,Won,2025-05-14,Organic
2599,179,4,2025-05-09,3178.33,Open,,Organic
2600,186,2,2025-05-02,344.28,Won,2025-05-14,Google
2601,567,3,2025-05-02,10706.81,Won,2025-05-14,Referral
2602,999,5,2025-05-08,196.87,Won,2025-05-14,Referral
2603,609,3,2025-05-14,11360.19,Lost,,Direct Mail
2604,889,1,2025-05-06,638.92,Won,2025-05-14,Home Services Marketplace
2605,1038,1,2025-05-12,587.75,Open,,Referral
2606,1034,6,2025-05-02,1530.62,Open,,Organic
2607,609,6,2025-05-11,1366.14,Won,2025-05-14,Direct Mail
2608,4,2,2025-05-11,415.45,Won,2025-05-14,Google
2609,247,5,2025-05-06,218.11,Won,2025-05-14,Referral
2610,1395,6,2025-05-13,1099.01,Won,2025-05-14,Home Services Marketplace
2611,767,1,2025-05-14,465.55,Won,2025-05-14,Google
2612,1307,2,2025-05-09,657.06,Won,2025-05-14,Google
2613,183,6,2025-05-13,1952.72,Won,2025-05-14,Home Services Marketplace
2614,291,3,2025-05-11,12374.28,Lost,,Referral
2615,897,1,2025-05-03,362.53,Won,2025-05-15,Organic
2616,243,1,2025-05-04,577.83,Won,2025-05-15,Direct Mail
2617,541,7,2025-05-07,1194.39,Won,2025-05-15,Organic
2618,708,1,2025-05-03,453.42,Lost,,Google
2619,1356,5,2025-05-05,242.2,Lost,,Referral
2620,335,5,2025-05-09,279.64,Won,2025-05-15,Referral
2621,1338,2,2025-05-04,904.22,Won,2025-05-15,Google
2622,1012,5,2025-05-09,219.03,Won,2025-05-15,Referral
2623,1386,6,2025-05-12,1089.58,Lost,,Google
2624,1153,1,2025-05-14,476.34,Won,2025-05-15,Referral
2625,1192,5,2025-05-03,207.15,Won,2025-05-15,Referral
2626,384,2,2025-05-04,487.25,Won,2025-05-15,Google
2627,463,5,2025-05-08,145.89,Won,2025-05-15,Organic
2628,454,2,2025-05-06,485.84,Won,2025-05-15,Referral
2629,1273,1,2025-05-10,406.95,Won,2025-05-15,Home Services Marketplace
2630,1249,1,2025-05-14,697.85,Won,2025-05-15,Google
2631,381,1,2025-05-13,608.93,Won,2025-05-15,Home Services Marketplace
2632,986,1,2025-05-04,438.66,Won,2025-05-15,Home Services Marketplace
2633,1001,5,2025-05-05,279.34,Won,2025-05-15,Referral
2634,1052,6,2025-05-11,782.28,Won,2025-05-15,Google
2635,1024,5,2025-05-09,204.71,Won,2025-05-15,Referral
2636,892,3,2025-05-11,10089.09,Open,,Organic
2637,1361,2,2025-05-07,452.87,Won,2025-05-16,Google
2638,451,1,2025-05-12,781.64,Won,2025-05-16,Home Services Marketplace
2639,688,5,2025-05-13,168.19,Won,2025-05-16,Referral
2640,1290,4,2025-05-15,2383.96,Lost,,Google
2641,983,1,2025-05-15,432.41,Lost,,Organic
2642,1423,2,2025-05-04,433.42,Won,2025-05-16,Home Services Marketplace
2643,230,5,2025-05-15,192.3,Open,,Organic
2644,671,6,2025-05-11,1334.28,Open,,Home Services Marketplace
2645,772,6,2025-05-14,1348.42,Won,2025-05-16,Referral
2646,18,1,2025-05-05,458.94,Won,2025-05-16,Home Services Marketplace
2647,899,7,2025-05-14,1144.49,Won,2025-05-16,Organic
2648,1449,7,2025-05-08,1056.41,Won,2025-05-16,Google
2649,258,1,2025-05-07,423.77,Won,2025-05-16,Referral
2650,641,1,2025-05-16,372.51,Won,2025-05-16,Home Services Marketplace
2651,186,5,2025-05-09,202.19,Won,2025-05-16,Google
2652,44,5,2025-05-12,159.7,Open,,Google
2653,1176,2,2025-05-04,567.77,Open,,Referral
2654,1213,5,2025-05-15,246.85,Won,2025-05-16,Google
2655,1388,2,2025-05-11,543.29,Won,2025-05-16,Google
2656,948,4,2025-05-13,1808.77,Open,,Organic
2657,121,7,2025-05-11,1575.85,Won,2025-05-16,Home Services Marketplace
2658,1187,5,2025-05-15,270.35,Won,2025-05-16,Organic
2659,1177,1,2025-05-12,618.66,Won,2025-05-17,Google
2660,485,2,2025-05-14,392.91,Won,2025-05-17,Referral
2661,2,5,2025-05-14,210.47,Open,,Home Services Marketplace
2662,613,1,2025-05-15,566.3,Won,2025-05-17,Google
2663,846,7,2025-05-08,1590.04,Lost,,Direct Mail
2664,1354,5,2025-05-16,237.43,Won,2025-05-17,Referral
2665,583,5,2025-05-16,255.7,Won,2025-05-17,Google
2666,1200,6,2025-05-17,1163.0,Won,2025-05-17,Google
2667,638,1,2025-05-17,390.87,Lost,,Google
2668,805,5,2025-05-07,169.44,Won,2025-05-17,Referral
2669,1273,1,2025-05-15,598.52,Open,,Home Services Marketplace
2670,503,1,2025-05-06,521.32,Won,2025-05-17,Direct Mail
2671,124,5,2025-05-05,164.72,Won,2025-05-17,Home Services Marketplace
2672,134,5,2025-05-10,183.13,Won,2025-05-17,Google
2673,154,2,2025-05-07,416.52,Won,2025-05-17,Google
2674,1017,2,2025-05-10,508.1,Open,,Direct Mail
2675,738,2,2025-05-10,545.91,Won,2025-05-18,Referral
2676,235,6,2025-05-18,1250.38,Won,2025-05-18,Organic
2677,18,1,2025-05-07,409.66,Won,2025-05-18,Home Services Marketplace
2678,87,1,2025-05-13,490.43,Lost,,Direct Mail
2679,1184,5,2025-05-06,245.26,Won,2025-05-18,Google
2680,775,1,2025-05-07,498.36,Open,,Google
2681,951,6,2025-05-16,1084.2,Won,2025-05-18,Google
2682,1027,1,2025-05-16,477.36,Won,2025-05-18,Google
2683,1424,1,2025-05-06,568.51,Won,2025-05-18,Referral
2684,121,2,2025-05-16,674.06,Lost,,Home Services Marketplace
2685,532,5,2025-05-08,208.63,Lost,,Direct Mail
2686,809,1,2025-05-09,423.44,Lost,,Home Services Marketplace
2687,461,2,2025-05-11,621.15,Won,2025-05-18,Organic
2688,102,3,2025-05-10,9850.39,Open,,Direct Mail
2689,501,1,2025-05-14,470.92,Won,2025-05-18,Google
2690,1255,3,2025-05-08,9733.9,Lost,,Referral
2691,858,4,2025-05-16,2657.63,Won,2025-05-18,Organic
2692,696,2,2025-05-09,619.39,Won,2025-05-19,Organic
2693,646,1,2025-05-14,569.2,Won,2025-05-19,Google
2694,1068,5,2025-05-14,174.3,Won,2025-05-19,Google
2695,95,5,2025-05-11,203.09,Lost,,Organic
2696,620,1,2025-05-09,538.04,Won,2025-05-19,Direct Mail
2697,1400,5,2025-05-19,131.01,Open,,Referral
2698,7,1,2025-05-16,300.75,Won,2025-05-19,Google
2699,1362,5,2025-05-07,166.37,Won,2025-05-19,Google
2700,23,1,2025-05-18,508.42,Won,2025-05-19,Referral
2701,1270,7,2025-05-09,1063.76,Won,2025-05-19,Organic
2702,1269,7,2025-05-07,1122.86,Won,2025-05-19,Referral
2703,1286,1,2025-05-08,425.08,Open,,Google
2704,478,5,2025-05-09,160.46,Won,2025-05-19,Organic
2705,924,1,2025-05-10,921.32,Lost,,Google
2706,817,3,2025-05-11,9878.61,Won,2025-05-19,Organic
2707,892,4,2025-05-10,2680.56,Won,2025-05-19,Organic
2708,1232,2,2025-05-14,445.03,Won,2025-05-19,Home Services Marketplace
2709,1303,1,2025-05-15,497.71,Won,2025-05-19,Direct Mail
2710,1028,2,2025-05-17,413.01,Won,2025-05-19,Home Services Marketplace
2711,357,1,2025-05-11,466.46,Lost,,Referral
2712,374,4,2025-05-16,1902.78,Open,,Google
2713,558,5,2025-05-10,190.65,Won,2025-05-19,Google
2714,573,1,2025-05-07,569.83,Won,2025-05-19,Direct Mail
2715,448,5,2025-05-09,183.26,Lost,,Google
2716,596,4,2025-05-07,2460.06,Lost,,Referral
2717,666,3,2025-05-17,17731.06,Open,,Google
2718,718,1,2025-05-14,532.17,Won,2025-05-19,Organic
2719,103,6,2025-05-11,1174.04,Won,2025-05-20,Organic
2720,1317,1,2025-05-18,511.63,Won,2025-05-20,Direct Mail
2721,795,2,2025-05-12,613.57,Lost,,Referral
2722,1371,2,2025-05-12,479.51,Won,2025-05-20,Google
2723,156,1,2025-05-12,706.09,Won,2025-05-20,Google
2724,993,6,2025-05-19,1583.62,Won,2025-05-20,Home Services Marketplace
2725,604,5,2025-05-08,187.57,Won,2025-05-20,Referral
2726,368,5,2025-05-13,151.96,Won,2025-05-20,Direct Mail
2727,1015,5,2025-05-13,211.43,Won,2025-05-20,Google
2728,291,6,2025-05-19,1116.48,Won,2025-05-20,Referral
2729,647,3,2025-05-08,8584.65,Won,2025-05-20,Home Services Marketplace
2730,1224,7,2025-05-09,1046.81,Won,2025-05-20,Organic
2731,840,1,2025-05-15,471.04,Won,2025-05-20,Organic
2732,760,7,2025-05-17,931.14,Won,2025-05-20,Referral
2733,1416,1,2025-05-14,416.39,Won,2025-05-20,Referral
2734,1072,1,2025-05-18,692.93,Won,2025-05-20,Referral
2735,48,2,2025-05-17,478.84,Won,2025-05-21,Home Services Marketplace
2736,719,2,2025-05-14,483.53,Won,2025-05-21,Referral
2737,378,6,2025-05-10,1485.42,Lost,,Home Services Marketplace
2738,483,6,2025-05-16,1289.62,Lost,,Google
2739,358,1,2025-05-20,478.24,Won,2025-05-21,Referral
2740,1245,3,2025-05-21,21004.36,Won,2025-05-21,Referral
2741,93,4,2025-05-21,2263.86,Won,2025-05-21,Google
2742,87,5,2025-05-21,157.96,Won,2025-05-21,Direct Mail
2743,534,1,2025-05-17,385.12,Open,,Organic
2744,1001,5,2025-05-12,260.82,Open,,Referral
2745,1047,2,2025-05-11,621.82,Won,2025-05-21,Home Services Marketplace
2746,42,1,2025-05-18,475.77,Open,,Home Services Marketplace
2747,495,5,2025-05-17,158.36,Won,2025-05-21,Direct Mail
2748,769,6,2025-05-17,1328.53,Lost,,Google
2749,1322,5,2025-05-11,224.26,Won,2025-05-21,Google
2750,412,5,2025-05-14,163.61,Won,2025-05-21,Home Services Marketplace
2751,180,7,2025-05-11,1122.73,Won,2025-05-21,Direct Mail
2752,473,5,2025-05-11,190.42,Won,2025-05-21,Google
2753,1179,1,2025-05-16,381.16,Won,2025-05-21,Direct Mail
2754,995,1,2025-05-13,394.21,Won,2025-05-21,Direct Mail
2755,966,2,2025-05-17,495.98,Won,2025-05-22,Referral
2756,740,5,2025-05-17,157.19,Won,2025-05-22,Home Services Marketplace
2757,222,7,2025-05-14,931.11,Won,2025-05-22,Home Services Marketplace
2758,946,5,2025-05-12,165.93,Won,2025-05-22,Google
2759,1124,1,2025-05-20,721.35,Won,2025-05-22,Organic
2760,1378,2,2025-05-17,683.83,Won,2025-05-22,Home Services Marketplace
2761,375,5,2025-05-12,163.55,Won,2025-05-22,Direct Mail
2762,207,1,2025-05-19,402.14,Won,2025-05-22,Referral
2763,449,2,2025-05-15,481.4,Won,2025-05-22,Google
2764,938,1,2025-05-18,454.61,Won,2025-05-22,Home Services Marketplace
2765,1372,5,2025-05-20,193.51,Open,,Referral
2766,389,2,2025-05-18,505.73,Won,2025-05-22,Referral
2767,251,2,2025-05-20,538.71,Won,2025-05-22,Organic
2768,835,5,2025-05-13,141.09,Open,,Google
2769,704,4,2025-05-13,3182.58,Won,2025-05-22,Organic
2770,198,5,2025-05-20,123.46,Won,2025-05-22,Direct Mail
2771,72,1,2025-05-19,346.91,Lost,,Referral
2772,997,2,2025-05-20,847.65,Won,2025-05-22,Referral
2773,801,4,2025-05-11,2749.16,Won,2025-05-22,Google
2774,1281,3,2025-05-15,10203.32,Open,,Referral
2775,438,3,2025-05-19,17185.88,Lost,,Google
2776,581,2,2025-05-21,866.07,Open,,Referral
2777,1003,3,2025-05-11,8058.54,Lost,,Home Services Marketplace
2778,1443,5,2025-05-13,202.95,Lost,,Organic
2779,1361,2,2025-05-19,614.21,Won,2025-05-23,Google
2780,645,1,2025-05-15,446.62,Lost,,Referral
2781,220,2,2025-05-20,628.39,Won,2025-05-23,Referral
2782,102,3,2025-05-21,6497.0,Won,2025-05-23,Direct Mail
2783,1225,1,2025-05-21,770.34,Lost,,Organic
2784,181,1,2025-05-17,311.88,Won,2025-05-23,Organic
2785,489,2,2025-05-14,643.06,Won,2025-05-23,Google
2786,629,5,2025-05-21,206.39,Won,2025-05-23,Home Services Marketplace
2787,64,5,2025-05-13,176.96,Won,2025-05-23,Google
2788,1190,5,2025-05-22,171.77,Won,2025-05-23,Organic
2789,853,2,2025-05-23,506.17,Lost,,Google
2790,1071,5,2025-05-16,259.4,Won,2025-05-23,Google
2791,1203,4,2025-05-23,2408.73,Open,,Google
2792,550,1,2025-05-22,579.29,Won,2025-05-24,Referral
2793,65,5,2025-05-20,182.23,Lost,,Google
2794,1331,5,2025-05-14,200.94,Won,2025-05-24,Home Services Marketplace
2795,1208,1,2025-05-20,635.52,Lost,,Google
2796,1201,2,2025-05-17,437.05,Won,2025-05-24,Home Services Marketplace
2797,87,1,2025-05-16,405.19,Won,2025-05-24,Direct Mail
2798,190,7,2025-05-20,1211.38,Won,2025-05-24,Referral
2799,1233,2,2025-05-18,529.16,Won,2025-05-24,Google
2800,845,5,2025-05-24,206.86,Won,2025-05-24,Home Services Marketplace
2801,1373,5,2025-05-20,371.45,Won,2025-05-24,Referral
2802,432,1,2025-05-24,859.24,Won,2025-05-24,Referral
2803,238,5,2025-05-20,189.38,Won,2025-05-24,Referral
2804,702,6,2025-05-12,1096.54,Won,2025-05-24,Organic
2805,809,1,2025-05-15,485.56,Open,,Home Services Marketplace
2806,6,1,2025-05-22,520.03,Lost,,Home Services Marketplace
2807,1342,1,2025-05-15,413.31,Open,,Direct Mail
2808,1229,1,2025-05-23,544.16,Won,2025-05-25,Google
2809,713,1,2025-05-16,512.98,Won,2025-05-25,Google
2810,462,5,2025-05-24,256.28,Won,2025-05-25,Referral
2811,813,5,2025-05-16,182.14,Won,2025-05-25,Organic
2812,473,5,2025-05-16,225.92,Open,,Google
2813,953,3,2025-05-21,9028.52,Open,,Home Services Marketplace
2814,1430,2,2025-05-14,437.1,Lost,,Referral
2815,624,1,2025-05-22,909.72,Won,2025-05-25,Google
2816,260,1,2025-05-25,912.64,Lost,,Referral
2817,1092,4,2025-05-24,3051.9,Won,2025-05-25,Google
2818,191,1,2025-05-19,574.48,Won,2025-05-25,Referral
2819,1052,1,2025-05-25,410.84,Open,,Google
2820,1103,5,2025-05-15,138.5,Won,2025-05-25,Google
2821,185,5,2025-05-17,138.39,Won,2025-05-26,Google
2822,1140,6,2025-05-17,912.8,Open,,Google
2823,734,6,2025-05-17,1170.33,Won,2025-05-26,Google
2824,360,3,2025-05-14,13420.7,Lost,,Home Services Marketplace
2825,744,2,2025-05-20,511.25,Won,2025-05-26,Google
2826,108,1,2025-05-15,419.72,Lost,,Organic
2827,469,3,2025-05-26,9108.05,Won,2025-05-26,Referral
2828,925,7,2025-05-24,1100.53,Lost,,Referral
2829,59,5,2025-05-26,233.95,Won,2025-05-26,Organic
2830,896,2,2025-05-18,521.56,Lost,,Google
2831,1316,1,2025-05-14,402.95,Won,2025-05-26,Referral
2832,51,1,2025-05-26,493.48,Won,2025-05-26,Organic
2833,617,5,2025-05-18,155.22,Won,2025-05-26,Google
2834,1366,4,2025-05-17,3172.82,Won,2025-05-26,Home Services Marketplace
2835,110,5,2025-05-24,226.8,Won,2025-05-26,Google
2836,958,5,2025-05-26,198.87,Won,2025-05-26,Google
2837,189,3,2025-05-17,8234.73,Open,,Organic
2838,891,5,2025-05-24,201.56,Won,2025-05-26,Direct Mail
2839,985,2,2025-05-15,526.24,Won,2025-05-26,Home Services Marketplace
2840,164,2,2025-05-17,499.26,Lost,,Google
2841,992,5,2025-05-15,178.22,Open,,Organic
2842,916,1,2025-05-16,478.84,Won,2025-05-26,Direct Mail
2843,446,1,2025-05-15,602.31,Won,2025-05-26,Google
2844,1033,1,2025-05-22,362.41,Won,2025-05-26,Referral
2845,774,4,2025-05-23,1898.01,Open,,Referral
2846,324,1,2025-05-14,413.97,Won,2025-05-26,Referral
2847,407,1,2025-05-14,418.15,Won,2025-05-26,Organic
2848,570,4,2025-05-25,3385.57,Won,2025-05-26,Organic
2849,1055,1,2025-05-17,547.58,Won,2025-05-26,Organic
2850,729,4,2025-05-20,2049.37,Open,,Referral
2851,600,1,2025-05-15,342.93,Won,2025-05-26,Organic
2852,645,1,2025-05-19,610.75,Won,2025-05-26,Referral
2853,1261,6,2025-05-17,855.71,Lost,,Organic
2854,630,1,2025-05-18,596.44,Won,2025-05-26,Organic
2855,727,7,2025-05-18,1113.89,Won,2025-05-26,Organic
2856,618,4,2025-05-19,2582.23,Open,,Google
2857,646,1,2025-05-26,439.93,Won,2025-05-27,Google
2858,1052,2,2025-05-22,691.22,Won,2025-05-27,Google
2859,623,6,2025-05-16,1068.57,Won,2025-05-27,Google
2860,336,1,2025-05-25,422.46,Open,,Direct Mail
2861,1023,5,2025-05-25,157.73,Open,,Referral
2862,1441,3,2025-05-17,21332.03,Open,,Google
2863,1174,5,2025-05-23,348.49,Won,2025-05-27,Organic
2864,817,5,2025-05-17,211.22,Lost,,Organic
2865,823,5,2025-05-16,233.34,Won,2025-05-27,Home Services Marketplace
2866,670,1,2025-05-18,515.7,Won,2025-05-27,Referral
2867,1254,2,2025-05-22,418.86,Won,2025-05-27,Home Services Marketplace
2868,116,5,2025-05-18,207.82,Won,2025-05-27,Organic
2869,283,1,2025-05-18,459.68,Won,2025-05-27,Organic
2870,1253,5,2025-05-22,257.27,Won,2025-05-27,Referral
2871,1087,1,2025-05-22,978.16,Won,2025-05-27,Direct Mail
2872,801,4,2025-05-22,2573.94,Open,,Google
2873,1399,3,2025-05-25,8497.77,Lost,,Organic
2874,330,2,2025-05-23,539.91,Won,2025-05-27,Referral
2875,511,1,2025-05-26,478.6,Won,2025-05-27,Google
2876,191,3,2025-05-27,8209.56,Won,2025-05-27,Referral
2877,507,6,2025-05-21,1254.95,Won,2025-05-27,Organic
2878,959,1,2025-05-18,578.01,Lost,,Google
2879,610,6,2025-05-15,1102.02,Won,2025-05-27,Google
2880,979,5,2025-05-24,168.94,Won,2025-05-27,Referral
2881,178,5,2025-05-23,188.24,Won,2025-05-27,Google
2882,372,5,2025-05-25,314.53,Won,2025-05-27,Home Services Marketplace
2883,1031,1,2025-05-18,478.75,Won,2025-05-28,Google
2884,1019,7,2025-05-24,1089.67,Won,2025-05-28,Organic
2885,1114,3,2025-05-20,8942.05,Won,2025-05-28,Home Services Marketplace
2886,300,5,2025-05-25,135.89,Won,2025-05-28,Direct Mail
2887,248,5,2025-05-25,188.02,Won,2025-05-28,Direct Mail
2888,231,6,2025-05-25,1416.79,Won,2025-05-28,Home Services Marketplace
2889,534,2,2025-05-26,658.62,Lost,,Organic
2890,1425,2,2025-05-25,418.91,Won,2025-05-28,Google
2891,1288,2,2025-05-20,659.17,Won,2025-05-28,Organic
2892,569,5,2025-05-27,187.2,Won,2025-05-28,Google
2893,377,2,2025-05-19,418.1,Won,2025-05-28,Google
2894,363,6,2025-05-20,1004.88,Won,2025-05-28,Organic
2895,91,5,2025-05-19,152.45,Open,,Home Services Marketplace
2896,1411,1,2025-05-23,380.0,Won,2025-05-28,Google
2897,639,7,2025-05-18,1318.53,Won,2025-05-28,Google
2898,1426,4,2025-05-17,2222.42,Lost,,Referral
2899,726,4,2025-05-21,2688.66,Won,2025-05-28,Referral
2900,1026,7,2025-05-20,1137.89,Lost,,Organic
2901,644,5,2025-05-29,159.42,Won,2025-05-29,Referral
2902,54,1,2025-05-24,677.93,Won,2025-05-29,Google
2903,772,6,2025-05-28,2007.56,Lost,,Referral
2904,436,3,2025-05-22,8899.06,Won,2025-05-29,Google
2905,1425,3,2025-05-21,9937.89,Lost,,Google
2906,1286,6,2025-05-29,1045.97,Lost,,Google
2907,406,1,2025-05-23,582.04,Won,2025-05-29,Google
2908,1354,4,2025-05-18,2141.52,Open,,Referral
2909,586,1,2025-05-29,590.91,Won,2025-05-29,Google
2910,954,1,2025-05-21,458.12,Won,2025-05-29,Google
2911,1112,5,2025-05-21,201.39,Won,2025-05-29,Referral
2912,1343,1,2025-05-24,426.31,Won,2025-05-29,Google
2913,996,3,2025-05-25,9105.04,Won,2025-05-29,Organic
2914,345,1,2025-05-23,651.97,Won,2025-05-29,Google
2915,689,6,2025-05-27,1871.37,Won,2025-05-29,Referral
2916,826,5,2025-05-22,353.43,Lost,,Google
2917,74,6,2025-05-28,1099.64,Won,2025-05-29,Google
2918,1149,7,2025-05-23,1171.92,Won,2025-05-29,Home Services Marketplace
2919,1200,3,2025-05-17,12059.47,Won,2025-05-29,Google
2920,1117,2,2025-05-20,627.97,Open,,Google
2921,1249,2,2025-05-23,395.44,Won,2025-05-29,Google
2922,611,5,2025-05-19,149.08,Won,2025-05-29,Referral
2923,387,6,2025-05-23,1270.54,Won,2025-05-30,Referral
2924,1280,1,2025-05-28,560.06,Won,2025-05-30,Google
2925,1219,2,2025-05-29,546.36,Won,2025-05-30,Referral
2926,1319,5,2025-05-25,184.42,Open,,Organic
2927,800,2,2025-05-23,374.4,Won,2025-05-30,Google
2928,80,5,2025-05-30,355.81,Won,2025-05-30,Organic
2929,952,3,2025-05-24,12670.26,Open,,Organic
2930,1249,6,2025-05-30,1298.73,Won,2025-05-30,Google
2931,774,7,2025-05-25,1387.71,Lost,,Referral
2932,359,5,2025-05-22,144.19,Lost,,Google
2933,272,5,2025-05-26,151.17,Won,2025-05-30,Home Services Marketplace
2934,13,1,2025-05-19,473.89,Lost,,Referral
2935,197,1,2025-05-25,577.08,Lost,,Direct Mail
2936,135,2,2025-05-23,654.8,Won,2025-05-30,Home Services Marketplace
2937,498,1,2025-05-18,491.89,Won,2025-05-30,Referral
2938,398,2,2025-05-19,529.56,Won,2025-05-30,Direct Mail
2939,1385,1,2025-05-27,655.94,Won,2025-05-30,Home Services Marketplace
2940,745,2,2025-05-26,465.15,Won,2025-05-30,Organic
2941,336,3,2025-05-29,8605.32,Lost,,Direct Mail
2942,51,2,2025-05-19,583.97,Won,2025-05-30,Organic
2943,767,3,2025-05-20,9639.02,Open,,Google
2944,995,1,2025-05-19,406.84,Lost,,Direct Mail
2945,1045,5,2025-05-25,175.66,Open,,Home Services Marketplace
2946,770,5,2025-05-23,147.58,Won,2025-05-30,Organic
2947,536,1,2025-05-25,722.69,Open,,Referral
2948,786,1,2025-05-30,656.24,Won,2025-05-30,Google
2949,420,2,2025-05-28,715.05,Won,2025-05-30,Home Services Marketplace
2950,160,4,2025-05-24,2302.67,Won,2025-05-30,Google
2951,641,1,2025-05-20,465.13,Open,,Home Services Marketplace
2952,556,1,2025-05-22,518.47,Won,2025-05-30,Google
2953,854,3,2025-05-23,8674.24,Won,2025-05-30,Organic
2954,42,4,2025-05-25,2697.54,Open,,Home Services Marketplace
2955,813,1,2025-05-28,484.44,Won,2025-05-31,Organic
2956,871,1,2025-05-25,1147.23,Won,2025-05-31,Google
2957,1012,4,2025-05-27,1807.74,Won,2025-05-31,Referral
2958,739,7,2025-05-28,2075.41,Won,2025-05-31,Google
2959,46,5,2025-05-25,201.34,Lost,,Google
2960,1017,6,2025-05-23,1139.93,Open,,Direct Mail
2961,1297,5,2025-05-26,250.83,Open,,Home Services Marketplace
2962,1234,1,2025-05-22,589.29,Won,2025-05-31,Referral
2963,822,1,2025-05-19,362.7,Lost,,Organic
2964,345,7,2025-05-23,947.02,Won,2025-05-31,Google
2965,1166,5,2025-05-24,143.79,Won,2025-05-31,Google
2966,910,1,2025-05-26,426.75,Won,2025-05-31,Organic
2967,348,5,2025-05-24,156.09,Won,2025-05-31,Google
2968,291,1,2025-05-26,447.39,Won,2025-05-31,Referral
2969,608,1,2025-05-25,518.78,Won,2025-06-01,Organic
2970,517,2,2025-05-23,436.35,Won,2025-06-01,Google
2971,1433,2,2025-05-28,478.43,Won,2025-06-01,Google
2972,710,5,2025-05-21,142.67,Won,2025-06-01,Google
2973,63,6,2025-05-28,1173.14,Won,2025-06-01,Google
2974,11,3,2025-05-29,11773.97,Open,,Referral
2975,670,1,2025-05-24,458.32,Lost,,Referral
2976,1290,1,2025-05-31,752.23,Won,2025-06-01,Google
2977,588,6,2025-05-21,1522.18,Open,,Organic
2978,514,7,2025-05-22,1034.78,Won,2025-06-01,Google
2979,1184,2,2025-05-20,540.51,Won,2025-06-01,Google
2980,1426,1,2025-05-27,391.79,Open,,Referral
2981,243,3,2025-05-26,10318.53,Lost,,Direct Mail
2982,135,7,2025-05-30,1466.36,Won,2025-06-01,Home Services Marketplace
2983,266,2,2025-05-21,1025.41,Won,2025-06-01,Google
2984,1336,6,2025-05-25,1663.18,Won,2025-06-01,Referral
2985,488,4,2025-05-22,2594.47,Lost,,Home Services Marketplace
2986,142,4,2025-05-30,2730.6,Won,2025-06-02,Home Services Marketplace
2987,421,6,2025-06-01,1552.61,Lost,,Direct Mail
2988,1426,1,2025-05-26,528.44,Won,2025-06-02,Referral
2989,954,5,2025-05-25,166.89,Won,2025-06-02,Google
2990,948,4,2025-05-22,1757.62,Won,2025-06-02,Organic
2991,395,2,2025-05-30,939.34,Won,2025-06-02,Organic
2992,1068,7,2025-06-02,917.1,Won,2025-06-02,Google
2993,1176,6,2025-05-27,1179.67,Open,,Referral
2994,1333,1,2025-05-21,407.93,Won,2025-06-02,Direct Mail
2995,452,6,2025-05-25,1315.58,Lost,,Organic
2996,141,3,2025-05-29,10741.58,Open,,Google
2997,437,1,2025-05-22,396.83,Won,2025-06-02,Referral
2998,218,7,2025-05-23,1109.24,Won,2025-06-02,Google
2999,517,2,2025-05-21,625.51,Lost,,Google
3000,215,7,2025-05-31,1020.92,Lost,,Direct Mail
3001,514,5,2025-05-22,149.91,Won,2025-06-02,Google
3002,753,5,2025-05-26,214.98,Won,2025-06-02,Home Services Marketplace
3003,1045,4,2025-05-26,2762.84,Lost,,Home Services Marketplace
3004,1416,1,2025-05-24,516.09,Won,2025-06-02,Referral
3005,300,7,2025-05-28,981.95,Won,2025-06-02,Direct Mail
3006,454,2,2025-06-01,436.12,Won,2025-06-02,Referral
3007,20,4,2025-05-29,4358.41,Won,2025-06-02,Home Services Marketplace
3008,224,1,2025-05-21,421.67,Won,2025-06-02,Referral
3009,802,2,2025-05-23,486.6,Won,2025-06-02,Organic
3010,563,2,2025-06-02,710.87,Won,2025-06-02,Direct Mail
3011,1234,7,2025-06-01,1049.62,Lost,,Referral
3012,577,2,2025-06-01,471.96,Open,,Direct Mail
3013,658,1,2025-05-23,436.67,Won,2025-06-02,Organic
3014,1267,6,2025-05-22,1625.02,Won,2025-06-02,Home Services Marketplace
3015,706,3,2025-05-28,15539.0,Lost,,Organic
3016,1217,5,2025-06-03,227.23,Won,2025-06-03,Google
3017,1189,5,2025-05-23,275.69,Won,2025-06-03,Referral
3018,423,3,2025-05-23,16259.56,Open,,Organic
3019,144,2,2025-05-28,478.34,Won,2025-06-03,Referral
3020,551,5,2025-06-01,218.82,Open,,Organic
3021,1410,3,2025-05-31,9118.75,Won,2025-06-03,Referral
3022,295,5,2025-05-22,224.48,Won,2025-06-03,Google
3023,508,1,2025-05-26,574.71,Won,2025-06-03,Google
3024,1316,1,2025-05-25,562.16,Won,2025-06-03,Referral
3025,391,2,2025-05-25,342.5,Won,2025-06-03,Home Services Marketplace
3026,939,1,2025-05-29,571.72,Won,2025-06-03,Organic
3027,1028,4,2025-05-24,2350.47,Open,,Home Services Marketplace
3028,1086,2,2025-05-23,479.84,Won,2025-06-03,Google
3029,543,5,2025-05-23,190.92,Won,2025-06-03,Organic
3030,840,5,2025-06-02,170.6,Won,2025-06-03,Organic
3031,1180,2,2025-05-23,520.62,Won,2025-06-03,Google
3032,927,1,2025-05-29,523.62,Won,2025-06-03,Google
3033,825,5,2025-06-02,186.68,Won,2025-06-03,Google
3034,41,6,2025-05-23,883.77,Won,2025-06-03,Google
3035,467,5,2025-05-25,182.58,Won,2025-06-03,Organic
3036,433,7,2025-06-03,888.61,Lost,,Google
3037,1219,1,2025-05-30,454.31,Won,2025-06-03,Referral
3038,692,1,2025-05-28,821.6,Won,2025-06-03,Organic
3039,202,6,2025-05-30,1190.1,Won,2025-06-03,Google
3040,903,1,2025-06-02,588.08,Won,2025-06-04,Referral
3041,537,5,2025-06-01,206.28,Won,2025-06-04,Organic
3042,615,5,2025-06-01,243.33,Won,2025-06-04,Referral
3043,1108,4,2025-06-01,3026.03,Open,,Organic
3044,162,3,2025-05-27,8514.92,Won,2025-06-04,Organic
3045,92,5,2025-05-28,178.81,Open,,Referral
3046,758,5,2025-05-25,386.98,Won,2025-06-04,Referral
3047,150,1,2025-05-25,503.35,Won,2025-06-04,Google
3048,996,5,2025-06-01,207.25,Open,,Organic
3049,989,1,2025-05-25,758.23,Won,2025-06-04,Direct Mail
3050,228,5,2025-05-30,164.34,Won,2025-06-04,Google
3051,168,7,2025-06-02,996.18,Won,2025-06-04,Referral
3052,296,2,2025-05-31,659.72,Open,,Direct Mail
3053,160,2,2025-05-27,501.51,Won,2025-06-04,Google
3054,852,5,2025-05-30,198.47,Won,2025-06-04,Home Services Marketplace
3055,143,5,2025-05-23,160.94,Won,2025-06-04,Google
3056,148,5,2025-05-29,150.62,Lost,,Referral
3057,1181,6,2025-05-30,930.42,Won,2025-06-04,Organic
3058,139,5,2025-05-29,227.26,Won,2025-06-04,Google
3059,1109,3,2025-05-23,6091.33,Won,2025-06-04,Referral
3060,588,1,2025-05-27,573.19,Won,2025-06-04,Organic
3061,1356,5,2025-05-27,185.11,Won,2025-06-04,Referral
3062,214,2,2025-05-28,553.75,Open,,Google
3063,145,5,2025-06-03,357.88,Lost,,Organic
3064,95,6,2025-05-28,1208.91,Won,2025-06-04,Organic
3065,103,2,2025-05-24,459.28,Won,2025-06-04,Organic
3066,1142,1,2025-06-02,763.08,Lost,,Google
3067,1028,5,2025-05-26,242.19,Won,2025-06-04,Home Services Marketplace
3068,474,5,2025-06-02,196.2,Won,2025-06-04,Google
3069,345,3,2025-05-27,12445.41,Open,,Google
3070,922,2,2025-06-05,672.05,Won,2025-06-05,Home Services Marketplace
3071,1221,7,2025-06-05,1299.61,Open,,Referral
3072,1136,1,2025-05-29,785.13,Won,2025-06-05,Organic
3073,510,7,2025-06-01,1604.42,Lost,,Google
3074,1115,4,2025-06-05,2499.64,Won,2025-06-05,Referral
3075,1077,2,2025-06-03,423.61,Won,2025-06-05,Referral
3076,887,1,2025-05-24,817.54,Won,2025-06-05,Google
3077,1380,6,2025-05-28,1072.49,Open,,Referral
3078,180,1,2025-05-27,440.59,Won,2025-06-05,Direct Mail
3079,371,5,2025-06-04,182.93,Lost,,Referral
3080,118,2,2025-05-29,422.96,Won,2025-06-05,Referral
3081,1339,2,2025-06-03,532.94,Won,2025-06-05,Referral
3082,150,1,2025-06-02,625.42,Won,2025-06-05,Google
3083,915,1,2025-06-01,331.99,Won,2025-06-05,Referral
3084,743,5,2025-05-31,152.15,Won,2025-06-05,Google
3085,630,1,2025-06-03,504.18,Won,2025-06-05,Organic
3086,1247,1,2025-05-31,800.23,Open,,Home Services Marketplace
3087,49,5,2025-06-05,230.26,Won,2025-06-05,Referral
3088,670,5,2025-05-28,210.39,Won,2025-06-05,Referral
3089,720,1,2025-06-03,429.9,Won,2025-06-05,Google
3090,811,4,2025-05-29,2518.57,Open,,Organic
3091,425,1,2025-05-24,586.32,Won,2025-06-05,Google
3092,1348,1,2025-05-24,605.22,Won,2025-06-05,Organic
3093,1150,2,2025-06-05,694.76,Won,2025-06-05,Google
3094,868,5,2025-05-29,134.94,Lost,,Google
3095,1297,1,2025-05-26,440.52,Lost,,Home Services Marketplace
3096,616,4,2025-06-03,2836.53,Lost,,Google
3097,634,5,2025-06-06,185.41,Won,2025-06-06,Google
3098,997,1,2025-06-01,426.11,Won,2025-06-06,Referral
3099,1033,3,2025-05-27,7567.15,Won,2025-06-06,Referral
3100,777,5,2025-06-04,174.1,Won,2025-06-06,Direct Mail
3101,670,2,2025-05-25,497.82,Lost,,Referral
3102,9,5,2025-06-03,216.54,Lost,,Organic
3103,720,2,2025-06-03,390.6,Won,2025-06-06,Google
3104,141,3,2025-05-30,9310.76,Lost,,Google
3105,955,5,2025-05-30,239.34,Won,2025-06-06,Organic
3106,891,5,2025-06-03,218.9,Open,,Direct Mail
3107,510,5,2025-05-26,223.86,Won,2025-06-06,Google
3108,550,5,2025-05-29,168.09,Won,2025-06-06,Referral
3109,959,1,2025-06-04,414.13,Lost,,Google
3110,1143,5,2025-05-27,164.98,Won,2025-06-06,Organic
3111,150,5,2025-05-27,185.08,Won,2025-06-06,Google
3112,420,4,2025-06-05,2393.39,Won,2025-06-06,Home Services Marketplace
3113,418,1,2025-06-04,398.54,Won,2025-06-06,Direct Mail
3114,1280,3,2025-05-29,13606.67,Won,2025-06-06,Google
3115,926,4,2025-06-05,2367.5,Won,2025-06-06,Organic
3116,782,1,2025-05-31,468.91,Won,2025-06-06,Organic
3117,751,1,2025-05-27,442.03,Lost,,Google
3118,821,1,2025-05-30,472.25,Won,2025-06-06,Referral
3119,689,3,2025-05-26,18642.22,Open,,Referral
3120,203,6,2025-06-06,870.74,Lost,,Referral
3121,919,2,2025-05-25,557.94,Won,2025-06-06,Direct Mail
3122,135,3,2025-06-03,10404.8,Lost,,Home Services Marketplace
3123,659,2,2025-06-05,453.56,Won,2025-06-07,Direct Mail
3124,1013,3,2025-06-03,9138.43,Lost,,Google
3125,628,1,2025-05-30,571.75,Won,2025-06-07,Referral
3126,1211,2,2025-06-03,550.22,Won,2025-06-07,Home Services Marketplace
3127,589,6,2025-06-03,1211.93,Won,2025-06-07,Referral
3128,1201,5,2025-05-30,156.71,Won,2025-06-07,Home Services Marketplace
3129,1310,3,2025-06-07,8413.87,Won,2025-06-07,Organic
3130,496,1,2025-05-26,430.9,Won,2025-06-07,Referral
3131,391,2,2025-06-06,628.39,Lost,,Home Services Marketplace
3132,541,5,2025-05-29,122.58,Lost,,Organic
3133,658,1,2025-05-28,471.78,Open,,Organic
3134,314,7,2025-06-06,1473.89,Won,2025-06-07,Referral
3135,780,3,2025-06-04,9220.31,Won,2025-06-07,Google
3136,1305,4,2025-06-02,2802.64,Lost,,Organic
3137,377,1,2025-06-07,476.88,Won,2025-06-08,Google
3138,1363,5,2025-05-28,125.34,Won,2025-06-08,Home Services Marketplace
3139,1209,6,2025-05-31,1371.15,Won,2025-06-08,Direct Mail
3140,620,1,2025-06-06,496.07,Won,2025-06-08,Direct Mail
3141,207,1,2025-06-01,395.61,Lost,,Referral
3142,189,3,2025-05-29,12864.05,Lost,,Organic
3143,394,1,2025-05-31,535.48,Won,2025-06-08,Home Services Marketplace
3144,1119,2,2025-05-27,464.77,Lost,,Organic
3145,174,1,2025-05-28,394.81,Won,2025-06-08,Google
3146,103,1,2025-05-28,463.17,Won,2025-06-08,Organic
3147,1026,1,2025-06-06,425.87,Won,2025-06-08,Organic
3148,534,5,2025-05-27,143.84,Lost,,Organic
3149,427,1,2025-06-09,448.4,Open,,Home Services Marketplace
3150,753,1,2025-06-06,468.85,Won,2025-06-09,Home Services Marketplace
3151,73,1,2025-06-03,354.08,Won,2025-06-09,Referral
3152,111,5,2025-06-07,209.66,Won,2025-06-09,Organic
3153,1408,5,2025-06-09,130.07,Won,2025-06-09,Google
3154,654,3,2025-05-28,9403.92,Won,2025-06-09,Referral
3155,662,5,2025-06-06,226.69,Open,,Referral
3156,1036,3,2025-06-08,11186.87,Open,,Home Services Marketplace
3157,1209,6,2025-06-08,1280.63,Won,2025-06-09,Direct Mail
3158,922,1,2025-06-04,481.9,Won,2025-06-09,Home Services Marketplace
3159,1178,1,2025-06-06,484.02,Open,,Home Services Marketplace
3160,777,7,2025-05-31,1457.61,Lost,,Direct Mail
3161,202,4,2025-05-31,2402.87,Won,2025-06-09,Google
3162,1361,5,2025-06-04,200.73,Won,2025-06-09,Google
3163,248,2,2025-06-06,387.66,Won,2025-06-09,Direct Mail
3164,1034,5,2025-05-29,167.69,Won,2025-06-09,Organic
3165,479,7,2025-05-30,1057.61,Open,,Referral
3166,186,2,2025-05-30,498.54,Open,,Google
3167,1406,2,2025-06-07,461.19,Won,2025-06-10,Google
3168,837,5,2025-06-07,183.41,Open,,Home Services Marketplace
3169,468,5,2025-05-31,153.71,Open,,Referral
3170,1424,2,2025-06-09,528.58,Open,,Referral
3171,855,2,2025-05-30,718.37,Won,2025-06-10,Home Services Marketplace
3172,1181,5,2025-06-02,165.34,Won,2025-06-10,Organic
3173,1225,1,2025-06-10,627.35,Won,2025-06-10,Organic
3174,548,1,2025-05-29,856.28,Lost,,Google
3175,1111,7,2025-06-10,1170.17,Won,2025-06-10,Google
3176,21,1,2025-06-08,362.0,Open,,Home Services Marketplace
3177,622,2,2025-06-04,657.3,Open,,Direct Mail
3178,804,2,2025-06-04,683.83,Won,2025-06-11,Home Services Marketplace
3179,738,1,2025-05-31,393.95,Won,2025-06-11,Referral
3180,1402,5,2025-06-02,181.05,Won,2025-06-11,Google
3181,1427,2,2025-06-02,591.22,Won,2025-06-11,Referral
3182,242,1,2025-06-07,1040.99,Won,2025-06-11,Direct Mail
3183,649,1,2025-06-06,397.72,Won,2025-06-11,Google
3184,1162,1,2025-06-02,426.48,Open,,Google
3185,109,2,2025-05-31,481.4,Won,2025-06-11,Referral
3186,1061,5,2025-05-30,139.96,Lost,,Organic
3187,489,1,2025-06-01,485.15,Won,2025-06-11,Google
3188,1209,5,2025-06-05,194.58,Won,2025-06-11,Direct Mail
3189,1343,5,2025-06-09,229.83,Won,2025-06-11,Google
3190,418,1,2025-05-31,613.21,Won,2025-06-11,Direct Mail
3191,655,4,2025-06-02,2175.34,Won,2025-06-11,Google
3192,268,2,2025-06-06,545.92,Won,2025-06-11,Referral
3193,566,1,2025-06-06,586.6,Won,2025-06-11,Referral
3194,334,1,2025-06-02,585.67,Won,2025-06-11,Organic
3195,1026,1,2025-06-08,470.84,Won,2025-06-11,Organic
3196,116,1,2025-05-30,560.19,Won,2025-06-11,Organic
3197,1045,1,2025-06-10,546.73,Open,,Home Services Marketplace
3198,796,5,2025-06-02,217.44,Lost,,Google
3199,531,4,2025-06-05,4859.19,Won,2025-06-11,Google
3200,785,5,2025-06-07,166.26,Open,,Home Services Marketplace
3201,144,2,2025-06-01,635.19,Won,2025-06-11,Referral
3202,655,2,2025-06-10,424.32,Won,2025-06-11,Google
3203,340,1,2025-06-01,683.11,Won,2025-06-11,Google
3204,676,5,2025-06-04,313.76,Won,2025-06-11,Google
3205,464,3,2025-05-30,10797.79,Open,,Google
3206,152,2,2025-06-09,668.95,Lost,,Referral
3207,1250,3,2025-05-30,8627.84,Won,2025-06-11,Organic
3208,607,4,2025-05-30,2742.79,Won,2025-06-11,Google
3209,555,4,2025-06-01,2303.33,Lost,,Direct Mail
3210,1218,4,2025-05-30,2178.71,Open,,Referral
3211,65,1,2025-06-03,488.75,Won,2025-06-11,Google
3212,64,5,2025-06-08,193.04,Lost,,Google
3213,970,6,2025-05-31,1512.8,Won,2025-06-12,Direct Mail
3214,291,1,2025-06-04,662.47,Open,,Referral
3215,1346,1,2025-06-11,458.36,Won,2025-06-12,Organic
3216,552,3,2025-06-08,9330.73,Won,2025-06-12,Referral
3217,868,3,2025-06-12,13314.09,Open,,Google
3218,1392,5,2025-06-12,181.02,Won,2025-06-12,Organic
3219,1174,1,2025-06-04,1042.11,Lost,,Organic
3220,147,5,2025-06-04,178.83,Open,,Direct Mail
3221,1210,5,2025-06-01,110.35,Won,2025-06-12,Google
3222,174,1,2025-06-11,420.64,Won,2025-06-12,Google
3223,198,5,2025-06-06,173.79,Won,2025-06-12,Direct Mail
3224,745,2,2025-06-11,467.35,Won,2025-06-12,Organic
3225,683,4,2025-06-07,2555.31,Open,,Home Services Marketplace
3226,1087,3,2025-06-01,19232.28,Lost,,Direct Mail
3227,1075,2,2025-05-31,588.4,Open,,Referral
3228,60,3,2025-06-05,9893.06,Lost,,Direct Mail
3229,597,5,2025-05-31,182.9,Won,2025-06-12,Direct Mail
3230,574,6,2025-06-08,887.58,Won,2025-06-12,Organic
3231,326,1,2025-06-05,403.39,Won,2025-06-12,Referral
3232,330,1,2025-06-12,399.65,Won,2025-06-12,Referral
3233,524,5,2025-06-07,203.87,Won,2025-06-12,Referral
3234,185,1,2025-06-08,480.56,Won,2025-06-12,Google
3235,1115,7,2025-06-04,1072.25,Open,,Referral
3236,164,1,2025-06-07,465.4,Won,2025-06-12,Google
3237,581,1,2025-06-04,891.93,Won,2025-06-12,Referral
3238,117,5,2025-06-12,247.89,Won,2025-06-12,Home Services Marketplace
3239,469,5,2025-06-02,140.22,Won,2025-06-13,Referral
3240,597,5,2025-06-11,196.92,Won,2025-06-13,Direct Mail
3241,967,3,2025-06-06,9068.88,Won,2025-06-13,Google
3242,1010,1,2025-06-11,355.6,Won,2025-06-13,Direct Mail
3243,941,5,2025-06-04,169.07,Won,2025-06-13,Referral
3244,1006,1,2025-06-12,746.26,Won,2025-06-13,Direct Mail
3245,1163,6,2025-06-11,1145.71,Won,2025-06-13,Google
3246,430,1,2025-06-01,577.23,Won,2025-06-13,Referral
3247,1430,1,2025-06-08,605.48,Won,2025-06-13,Referral
3248,6,2,2025-06-02,744.39,Won,2025-06-13,Home Services Marketplace
3249,233,1,2025-06-03,446.19,Won,2025-06-13,Google
3250,1222,5,2025-06-03,166.46,Won,2025-06-13,Referral
3251,663,5,2025-06-02,251.73,Won,2025-06-13,Direct Mail
3252,1010,2,2025-06-03,618.15,Won,2025-06-13,Direct Mail
3253,35,5,2025-06-12,225.03,Won,2025-06-13,Direct Mail
3254,383,6,2025-06-01,848.69,Won,2025-06-13,Google
3255,56,4,2025-06-07,3009.1,Won,2025-06-13,Referral
3256,728,1,2025-06-03,535.34,Won,2025-06-13,Direct Mail
3257,115,2,2025-06-10,465.45,Won,2025-06-13,Organic
3258,358,1,2025-06-03,704.47,Open,,Referral
3259,850,5,2025-06-02,201.39,Won,2025-06-13,Direct Mail
3260,727,5,2025-06-05,165.38,Won,2025-06-13,Organic
3261,905,3,2025-06-06,10124.9,Lost,,Home Services Marketplace
3262,1247,4,2025-06-08,3016.87,Open,,Home Services Marketplace
3263,202,7,2025-06-14,1038.74,Won,2025-06-14,Google
3264,33,2,2025-06-14,440.51,Won,2025-06-14,Google
3265,1203,5,2025-06-04,205.57,Won,2025-06-14,Google
3266,492,1,2025-06-13,389.3,Open,,Google
3267,145,5,2025-06-02,319.6,Lost,,Organic
3268,693,2,2025-06-02,573.56,Won,2025-06-14,Referral
3269,894,5,2025-06-14,170.59,Lost,,Home Services Marketplace
3270,15,5,2025-06-05,158.13,Lost,,Organic
3271,1229,5,2025-06-13,179.45,Won,2025-06-14,Google
3272,957,1,2025-06-07,567.75,Won,2025-06-14,Referral
3273,686,3,2025-06-14,12089.7,Won,2025-06-14,Home Services Marketplace
3274,573,1,2025-06-04,545.94,Won,2025-06-14,Direct Mail
3275,499,5,2025-06-12,168.63,Won,2025-06-15,Direct Mail
3276,1057,3,2025-06-13,10778.23,Open,,Referral
3277,1052,1,2025-06-12,566.35,Won,2025-06-15,Google
3278,1296,1,2025-06-13,655.01,Won,2025-06-15,Referral
3279,729,1,2025-06-15,470.7,Won,2025-06-15,Referral
3280,1424,4,2025-06-15,1880.99,Open,,Referral
3281,202,5,2025-06-09,175.43,Open,,Google
3282,358,5,2025-06-12,186.7,Won,2025-06-15,Referral
3283,1165,5,2025-06-08,265.92,Won,2025-06-15,Home Services Marketplace
3284,1395,5,2025-06-10,218.28,Won,2025-06-15,Home Services Marketplace
3285,504,1,2025-06-06,580.15,Won,2025-06-15,Referral
3286,386,1,2025-06-06,454.96,Won,2025-06-15,Google
3287,1016,6,2025-06-07,871.74,Won,2025-06-15,Google
3288,952,2,2025-06-15,461.93,Open,,Organic
3289,651,5,2025-06-08,211.02,Won,2025-06-15,Referral
3290,572,3,2025-06-09,12360.81,Open,,Direct Mail
3291,581,1,2025-06-06,942.89,Won,2025-06-15,Referral
3292,743,1,2025-06-07,697.44,Won,2025-06-15,Google
3293,1136,1,2025-06-07,801.21,Won,2025-06-15,Organic
3294,218,2,2025-06-04,454.7,Won,2025-06-15,Google
3295,1166,5,2025-06-10,248.45,Won,2025-06-15,Google
3296,517,5,2025-06-11,196.87,Won,2025-06-15,Google
3297,49,1,2025-06-12,429.67,Won,2025-06-15,Referral
3298,791,6,2025-06-14,945.26,Lost,,Google
3299,958,1,2025-06-13,648.95,Won,2025-06-16,Google
3300,906,6,2025-06-15,1177.76,Won,2025-06-16,Google
3301,1165,1,2025-06-08,650.31,Won,2025-06-16,Home Services Marketplace
3302,1155,1,2025-06-09,562.67,Won,2025-06-16,Google
3303,832,5,2025-06-13,102.94,Won,2025-06-16,Referral
3304,1127,3,2025-06-16,9021.17,Open,,Google
3305,1311,1,2025-06-07,470.69,Won,2025-06-16,Organic
3306,974,4,2025-06-08,2478.67,Open,,Home Services Marketplace
3307,886,2,2025-06-07,507.95,Lost,,Google
3308,1444,2,2025-06-07,414.72,Won,2025-06-16,Referral
3309,805,2,2025-06-07,528.94,Open,,Referral
3310,406,1,2025-06-07,504.1,Won,2025-06-16,Google
3311,626,1,2025-06-06,395.66,Won,2025-06-16,Referral
3312,401,1,2025-06-09,428.43,Open,,Referral
3313,805,5,2025-06-11,168.69,Won,2025-06-16,Referral
3314,588,2,2025-06-08,704.01,Won,2025-06-16,Organic
3315,739,2,2025-06-08,929.72,Won,2025-06-16,Google
3316,1325,2,2025-06-05,663.92,Won,2025-06-16,Google
3317,284,4,2025-06-10,2225.4,Open,,Referral
3318,845,3,2025-06-06,10521.37,Won,2025-06-16,Home Services Marketplace
3319,755,1,2025-06-14,494.54,Won,2025-06-16,Referral
3320,706,1,2025-06-12,733.95,Won,2025-06-16,Organic
3321,1333,1,2025-06-06,415.92,Won,2025-06-16,Direct Mail
3322,83,1,2025-06-11,577.96,Lost,,Referral
3323,703,1,2025-06-11,470.2,Won,2025-06-16,Organic
3324,1155,1,2025-06-13,515.3,Won,2025-06-16,Google
3325,888,1,2025-06-12,482.39,Won,2025-06-16,Google
3326,312,1,2025-06-12,560.16,Lost,,Direct Mail
3327,648,1,2025-06-16,434.48,Won,2025-06-16,Direct Mail
3328,419,6,2025-06-14,1705.79,Won,2025-06-16,Google
3329,510,5,2025-06-16,157.33,Won,2025-06-16,Google
3330,1146,2,2025-06-06,480.81,Open,,Home Services Marketplace
3331,634,1,2025-06-05,414.14,Won,2025-06-17,Google
3332,1270,5,2025-06-14,201.89,Won,2025-06-17,Organic
3333,119,6,2025-06-14,1515.73,Won,2025-06-17,Referral
3334,726,1,2025-06-11,491.66,Won,2025-06-17,Referral
3335,556,1,2025-06-16,533.08,Won,2025-06-17,Google
3336,982,5,2025-06-08,351.7,Won,2025-06-17,Home Services Marketplace
3337,1334,2,2025-06-10,730.77,Won,2025-06-17,Home Services Marketplace
3338,664,1,2025-06-12,543.09,Open,,Referral
3339,283,5,2025-06-07,214.66,Won,2025-06-17,Organic
3340,473,1,2025-06-08,489.03,Won,2025-06-17,Google
3341,299,3,2025-06-10,8230.29,Won,2025-06-17,Referral
3342,399,5,2025-06-07,139.36,Open,,Organic
3343,558,5,2025-06-10,184.37,Won,2025-06-17,Google
3344,565,5,2025-06-14,153.81,Lost,,Referral
3345,1160,1,2025-06-11,1067.5,Won,2025-06-17,Google
3346,121,5,2025-06-16,370.79,Won,2025-06-17,Home Services Marketplace
3347,750,1,2025-06-16,331.27,Won,2025-06-17,Google
3348,758,2,2025-06-07,855.01,Won,2025-06-17,Referral
3349,926,3,2025-06-05,12173.92,Lost,,Organic
3350,827,5,2025-06-11,368.1,Won,2025-06-17,Google
3351,254,2,2025-06-12,587.07,Won,2025-06-17,Google
3352,151,1,2025-06-16,384.56,Won,2025-06-17,Home Services Marketplace
3353,53,7,2025-06-12,966.55,Won,2025-06-17,Referral
3354,1277,6,2025-06-17,1187.43,Won,2025-06-17,Organic
3355,68,1,2025-06-05,357.62,Won,2025-06-17,Google
3356,317,5,2025-06-12,177.28,Lost,,Organic
3357,1146,4,2025-06-17,2624.35,Won,2025-06-18,Home Services Marketplace
3358,101,7,2025-06-18,1012.26,Won,2025-06-18,Organic
3359,118,4,2025-06-10,1921.65,Open,,Referral
3360,544,6,2025-06-06,1395.92,Won,2025-06-18,Referral
3361,730,3,2025-06-12,8753.87,Won,2025-06-18,Organic
3362,217,1,2025-06-14,485.42,Won,2025-06-18,Home Services Marketplace
3363,1009,1,2025-06-07,383.31,Won,2025-06-18,Google
3364,498,5,2025-06-10,253.88,Won,2025-06-18,Referral
3365,559,2,2025-06-17,409.07,Won,2025-06-18,Home Services Marketplace
3366,136,1,2025-06-18,967.5,Won,2025-06-18,Google
3367,389,3,2025-06-11,8920.36,Won,2025-06-18,Referral
3368,801,5,2025-06-16,180.73,Lost,,Google
3369,1390,1,2025-06-08,326.91,Won,2025-06-18,Organic
3370,545,5,2025-06-09,190.64,Won,2025-06-18,Google
3371,1253,2,2025-06-17,701.68,Won,2025-06-18,Referral
3372,135,3,2025-06-17,9325.29,Open,,Home Services Marketplace
3373,1134,7,2025-06-14,1011.56,Open,,Google
3374,364,5,2025-06-06,140.81,Open,,Referral
3375,680,2,2025-06-16,371.11,Won,2025-06-18,Home Services Marketplace
3376,147,1,2025-06-06,398.01,Open,,Direct Mail
3377,1010,2,2025-06-07,420.06,Won,2025-06-18,Direct Mail
3378,162,2,2025-06-07,570.28,Won,2025-06-18,Organic
3379,358,3,2025-06-09,9453.13,Open,,Referral
3380,1131,1,2025-06-16,464.73,Lost,,Google
3381,1061,1,2025-06-15,502.64,Won,2025-06-18,Organic
3382,252,2,2025-06-17,369.83,Lost,,Direct Mail
3383,24,5,2025-06-13,104.86,Lost,,Referral
3384,1293,2,2025-06-12,602.15,Won,2025-06-18,Google
3385,525,1,2025-06-15,521.9,Open,,Google
3386,768,2,2025-06-08,803.52,Won,2025-06-19,Google
3387,240,5,2025-06-15,176.57,Won,2025-06-19,Direct Mail
3388,864,1,2025-06-12,670.18,Open,,Google
3389,232,5,2025-06-16,158.25,Won,2025-06-19,Home Services Marketplace
3390,162,7,2025-06-17,1057.57,Open,,Organic
3391,1130,7,2025-06-19,896.08,Won,2025-06-19,Direct Mail
3392,1247,6,2025-06-13,1885.03,Won,2025-06-19,Home Services Marketplace
3393,1195,1,2025-06-10,574.87,Won,2025-06-19,Referral
3394,361,6,2025-06-19,1942.1,Won,2025-06-19,Organic
3395,950,2,2025-06-15,1063.17,Open,,Home Services Marketplace
3396,644,2,2025-06-18,398.65,Open,,Referral
3397,1073,6,2025-06-14,1940.08,Won,2025-06-19,Direct Mail
3398,1205,1,2025-06-09,477.34,Won,2025-06-19,Referral
3399,548,1,2025-06-09,1177.03,Open,,Google
3400,186,5,2025-06-08,200.9,Won,2025-06-19,Google
3401,1019,1,2025-06-12,455.44,Won,2025-06-19,Organic
3402,278,5,2025-06-09,267.4,Open,,Google
3403,215,1,2025-06-18,386.59,Won,2025-06-19,Direct Mail
3404,583,7,2025-06-16,1477.21,Won,2025-06-19,Google
3405,49,3,2025-06-18,9137.21,Won,2025-06-19,Referral
3406,1066,5,2025-06-15,180.77,Won,2025-06-19,Referral
3407,642,3,2025-06-11,13459.65,Lost,,Direct Mail
3408,1288,3,2025-06-17,8968.03,Won,2025-06-19,Organic
3409,1398,1,2025-06-14,468.62,Won,2025-06-19,Google
3410,1128,4,2025-06-07,2553.93,Won,2025-06-19,Referral
3411,592,1,2025-06-15,940.3,Open,,Home Services Marketplace
3412,668,1,2025-06-19,525.52,Won,2025-06-19,Home Services Marketplace
3413,829,5,2025-06-09,173.37,Won,2025-06-20,Referral
3414,644,1,2025-06-15,637.75,Won,2025-06-20,Referral
3415,539,1,2025-06-08,595.43,Won,2025-06-20,Referral
3416,157,1,2025-06-14,429.94,Won,2025-06-20,Referral
3417,134,4,2025-06-19,2262.34,Won,2025-06-20,Google
3418,838,1,2025-06-08,605.32,Won,2025-06-20,Referral
3419,1258,2,2025-06-18,426.4,Won,2025-06-20,Google
3420,249,2,2025-06-10,459.52,Won,2025-06-20,Home Services Marketplace
3421,828,5,2025-06-08,238.16,Won,2025-06-20,Google
3422,121,1,2025-06-20,977.36,Won,2025-06-20,Home Services Marketplace
3423,137,1,2025-06-14,519.11,Won,2025-06-20,Google
3424,450,2,2025-06-20,425.79,Won,2025-06-20,Home Services Marketplace
3425,1007,1,2025-06-09,1032.14,Won,2025-06-20,Referral
3426,849,5,2025-06-10,164.18,Won,2025-06-20,Google
3427,898,5,2025-06-13,244.78,Won,2025-06-20,Home Services Marketplace
3428,1300,5,2025-06-16,285.23,Won,2025-06-20,Google
3429,879,1,2025-06-14,458.09,Won,2025-06-20,Organic
3430,554,1,2025-06-08,605.47,Won,2025-06-20,Google
3431,66,1,2025-06-16,454.92,Won,2025-06-20,Referral
3432,896,7,2025-06-12,1106.07,Won,2025-06-20,Google
3433,509,1,2025-06-14,442.68,Lost,,Home Services Marketplace
3434,524,2,2025-06-17,384.86,Won,2025-06-20,Referral
3435,224,1,2025-06-14,599.39,Won,2025-06-20,Referral
3436,533,6,2025-06-08,1651.95,Won,2025-06-20,Referral
3437,1450,1,2025-06-18,527.16,Open,,Home Services Marketplace
3438,282,2,2025-06-18,511.74,Won,2025-06-21,Referral
3439,10,7,2025-06-12,1272.98,Won,2025-06-21,Google
3440,1224,1,2025-06-09,446.94,Open,,Organic
3441,796,6,2025-06-17,1353.89,Won,2025-06-21,Google
3442,765,4,2025-06-11,1968.59,Lost,,Google
3443,1308,4,2025-06-10,2307.66,Open,,Home Services Marketplace
3444,1103,5,2025-06-20,140.0,Lost,,Google
3445,1306,5,2025-06-16,171.25,Won,2025-06-21,Organic
3446,791,1,2025-06-16,462.93,Won,2025-06-21,Google
3447,787,1,2025-06-09,849.69,Won,2025-06-21,Google
3448,165,4,2025-06-09,2496.29,Won,2025-06-21,Home Services Marketplace
3449,737,2,2025-06-14,640.83,Won,2025-06-21,Home Services Marketplace
3450,727,1,2025-06-19,598.46,Won,2025-06-21,Organic
3451,6,4,2025-06-11,2514.73,Won,2025-06-21,Home Services Marketplace
3452,49,5,2025-06-20,149.2,Won,2025-06-21,Referral
3453,873,4,2025-06-13,2489.95,Open,,Referral
3454,657,5,2025-06-21,183.83,Won,2025-06-22,Referral
3455,1030,5,2025-06-12,187.68,Won,2025-06-22,Google
3456,348,1,2025-06-22,338.47,Won,2025-06-22,Google
3457,1065,3,2025-06-18,7987.83,Open,,Home Services Marketplace
3458,882,3,2025-06-12,10561.98,Won,2025-06-22,Home Services Marketplace
3459,378,5,2025-06-11,179.14,Open,,Home Services Marketplace
3460,308,3,2025-06-10,9368.19,Won,2025-06-22,Referral
3461,193,2,2025-06-16,411.68,Open,,Home Services Marketplace
3462,1447,7,2025-06-12,1876.3,Won,2025-06-22,Google
3463,381,3,2025-06-11,10454.66,Won,2025-06-22,Home Services Marketplace
3464,37,6,2025-06-21,920.7,Won,2025-06-22,Google
3465,1397,1,2025-06-17,517.53,Open,,Direct Mail
3466,965,1,2025-06-14,596.72,Lost,,Referral
3467,690,4,2025-06-18,2099.65,Open,,Referral
3468,783,5,2025-06-11,155.41,Open,,Google
3469,808,1,2025-06-21,717.12,Won,2025-06-22,Google
3470,1132,4,2025-06-15,2181.58,Open,,Referral
3471,972,1,2025-06-17,556.64,Won,2025-06-22,Organic
3472,244,5,2025-06-12,224.85,Won,2025-06-22,Organic
3473,132,1,2025-06-14,351.79,Won,2025-06-22,Referral
3474,1141,5,2025-06-11,132.19,Won,2025-06-23,Google
3475,1015,3,2025-06-22,8807.3,Won,2025-06-23,Google
3476,1007,5,2025-06-19,254.58,Open,,Referral
3477,82,5,2025-06-17,186.75,Won,2025-06-23,Referral
3478,1045,1,2025-06-15,558.23,Won,2025-06-23,Home Services Marketplace
3479,357,1,2025-06-22,479.7,Lost,,Referral
3480,359,2,2025-06-11,545.97,Won,2025-06-23,Google
3481,1360,1,2025-06-14,654.89,Open,,Organic
3482,725,4,2025-06-12,5281.4,Won,2025-06-23,Referral
3483,666,5,2025-06-15,302.24,Lost,,Google
3484,874,1,2025-06-23,811.58,Lost,,Referral
3485,383,5,2025-06-22,177.6,Won,2025-06-23,Google
3486,578,3,2025-06-12,9110.86,Open,,Google
3487,875,1,2025-06-15,594.76,Lost,,Organic
3488,290,2,2025-06-14,495.37,Won,2025-06-23,Organic
3489,755,2,2025-06-22,518.65,Lost,,Referral
3490,1196,5,2025-06-21,316.88,Won,2025-06-23,Referral
3491,837,5,2025-06-11,222.67,Won,2025-06-23,Home Services Marketplace
3492,764,1,2025-06-16,548.11,Won,2025-06-23,Organic
3493,1191,1,2025-06-20,476.83,Lost,,Referral
3494,799,4,2025-06-19,2629.07,Won,2025-06-23,Referral
3495,1349,1,2025-06-16,633.71,Lost,,Organic
3496,138,1,2025-06-22,392.24,Won,2025-06-23,Google
3497,1388,1,2025-06-23,635.51,Won,2025-06-23,Google
3498,864,1,2025-06-19,571.31,Open,,Google
3499,410,2,2025-06-13,635.63,Won,2025-06-23,Organic
3500,213,6,2025-06-20,2115.41,Open,,Direct Mail
3501,1033,2,2025-06-23,547.58,Won,2025-06-24,Referral
3502,1410,7,2025-06-23,1135.12,Won,2025-06-24,Referral
3503,382,5,2025-06-18,212.56,Won,2025-06-24,Referral
3504,926,5,2025-06-15,248.63,Won,2025-06-24,Organic
3505,415,4,2025-06-22,1928.66,Won,2025-06-24,Referral
3506,439,5,2025-06-12,323.71,Won,2025-06-24,Home Services Marketplace
3507,448,5,2025-06-16,181.94,Lost,,Google
3508,64,2,2025-06-23,578.78,Won,2025-06-24,Google
3509,1158,5,2025-06-12,142.46,Won,2025-06-24,Organic
3510,101,1,2025-06-19,357.9,Won,2025-06-24,Organic
3511,367,5,2025-06-18,181.88,Won,2025-06-24,Direct Mail
3512,833,5,2025-06-23,186.87,Lost,,Organic
3513,411,3,2025-06-20,7757.28,Lost,,Organic
3514,423,3,2025-06-23,20179.82,Won,2025-06-24,Organic
3515,1290,2,2025-06-23,592.59,Won,2025-06-24,Google
3516,209,5,2025-06-18,233.21,Won,2025-06-24,Referral
3517,1282,7,2025-06-16,1221.57,Won,2025-06-24,Referral
3518,126,3,2025-06-14,7757.6,Open,,Home Services Marketplace
3519,201,2,2025-06-24,579.16,Won,2025-06-24,Home Services Marketplace
3520,701,5,2025-06-18,207.41,Won,2025-06-24,Direct Mail
3521,821,1,2025-06-20,451.75,Open,,Referral
3522,1004,5,2025-06-23,174.71,Won,2025-06-24,Referral
3523,739,1,2025-06-19,743.55,Won,2025-06-25,Google
3524,738,1,2025-06-17,435.44,Won,2025-06-25,Referral
3525,987,1,2025-06-19,745.41,Open,,Google
3526,825,1,2025-06-23,428.05,Won,2025-06-25,Google
3527,1132,2,2025-06-15,424.48,Won,2025-06-25,Referral
3528,939,5,2025-06-18,169.36,Won,2025-06-25,Organic
3529,1333,6,2025-06-18,1171.08,Open,,Direct Mail
3530,843,1,2025-06-21,367.26,Won,2025-06-25,Referral
3531,400,6,2025-06-16,744.24,Won,2025-06-25,Home Services Marketplace
3532,212,7,2025-06-22,920.09,Won,2025-06-25,Google
3533,1188,3,2025-06-22,14742.51,Open,,Referral
3534,1345,1,2025-06-25,454.99,Lost,,Organic
3535,1191,2,2025-06-18,517.65,Won,2025-06-25,Referral
3536,1048,5,2025-06-16,372.75,Lost,,Referral
3537,763,2,2025-06-14,555.08,Won,2025-06-25,Google
3538,1222,5,2025-06-15,132.63,Won,2025-06-25,Referral
3539,801,2,2025-06-17,488.54,Won,2025-06-25,Google
3540,80,1,2025-06-18,798.79,Won,2025-06-25,Organic
3541,643,5,2025-06-24,175.11,Won,2025-06-25,Google
3542,546,2,2025-06-15,532.18,Won,2025-06-25,Referral
3543,574,5,2025-06-16,217.23,Won,2025-06-25,Organic
3544,1135,2,2025-06-24,440.85,Lost,,Organic
3545,1137,1,2025-06-13,520.81,Won,2025-06-25,Google
3546,383,5,2025-06-25,218.86,Won,2025-06-25,Google
3547,1296,2,2025-06-22,407.61,Won,2025-06-25,Referral
3548,1315,2,2025-06-20,431.11,Won,2025-06-25,Google
3549,127,6,2025-06-13,993.89,Won,2025-06-25,Organic
3550,334,5,2025-06-22,193.16,Won,2025-06-25,Organic
3551,291,2,2025-06-17,654.24,Open,,Referral
3552,376,4,2025-06-25,1859.11,Won,2025-06-25,Google
3553,1009,1,2025-06-17,482.29,Won,2025-06-25,Google
3554,67,5,2025-06-25,171.79,Won,2025-06-26,Google
3555,984,3,2025-06-23,20633.63,Open,,Referral
3556,686,1,2025-06-21,458.47,Won,2025-06-26,Home Services Marketplace
3557,511,2,2025-06-21,414.01,Won,2025-06-26,Google
3558,834,7,2025-06-19,956.09,Won,2025-06-26,Google
3559,1443,2,2025-06-15,469.98,Won,2025-06-26,Organic
3560,338,4,2025-06-23,2730.22,Won,2025-06-26,Home Services Marketplace
3561,290,2,2025-06-18,502.73,Won,2025-06-26,Organic
3562,1182,1,2025-06-14,418.26,Won,2025-06-26,Google
3563,300,5,2025-06-23,245.29,Lost,,Direct Mail
3564,499,1,2025-06-23,443.25,Won,2025-06-26,Direct Mail
3565,416,5,2025-06-24,169.48,Won,2025-06-26,Google
3566,753,3,2025-06-18,9538.92,Open,,Home Services Marketplace
3567,202,2,2025-06-16,513.13,Lost,,Google
3568,316,7,2025-06-20,1501.77,Won,2025-06-26,Google
3569,1151,5,2025-06-16,148.79,Lost,,Referral
3570,976,1,2025-06-19,603.43,Lost,,Google
3571,1106,5,2025-06-14,206.17,Won,2025-06-26,Google
3572,1283,2,2025-06-20,510.41,Open,,Referral
3573,682,6,2025-06-17,1345.33,Won,2025-06-26,Referral
3574,285,1,2025-06-27,536.62,Open,,Referral
3575,878,1,2025-06-24,525.68,Won,2025-06-27,Organic
3576,1397,5,2025-06-17,173.57,Won,2025-06-27,Direct Mail
3577,687,1,2025-06-26,408.56,Won,2025-06-27,Google
3578,704,5,2025-06-20,203.85,Won,2025-06-27,Organic
3579,1375,4,2025-06-22,2011.06,Lost,,Direct Mail
3580,1248,6,2025-06-20,1152.6,Won,2025-06-27,Google
3581,720,2,2025-06-23,566.9,Won,2025-06-27,Google
3582,455,5,2025-06-16,212.97,Won,2025-06-27,Google
3583,72,2,2025-06-18,418.97,Lost,,Referral
3584,1007,1,2025-06-27,769.01,Won,2025-06-27,Referral
3585,1351,3,2025-06-21,9402.28,Open,,Organic
3586,70,1,2025-06-20,522.61,Won,2025-06-27,Google
3587,444,5,2025-06-23,202.36,Won,2025-06-27,Referral
3588,958,2,2025-06-15,517.86,Lost,,Google
3589,391,1,2025-06-23,381.53,Won,2025-06-27,Home Services Marketplace
3590,1151,1,2025-06-23,522.28,Won,2025-06-27,Referral
3591,1147,7,2025-06-23,1099.39,Lost,,Referral
3592,562,1,2025-06-16,405.53,Lost,,Direct Mail
3593,576,6,2025-06-18,1366.25,Won,2025-06-27,Direct Mail
3594,1203,2,2025-06-23,515.38,Won,2025-06-27,Google
3595,1355,2,2025-06-26,351.77,Won,2025-06-27,Organic
3596,35,4,2025-06-26,2248.85,Won,2025-06-27,Direct Mail
3597,527,1,2025-06-16,463.6,Won,2025-06-27,Referral
3598,584,1,2025-06-15,451.64,Won,2025-06-27,Google
3599,513,5,2025-06-25,266.04,Won,2025-06-27,Google
3600,166,6,2025-06-23,1322.76,Open,,Google
3601,841,1,2025-06-16,579.58,Won,2025-06-27,Referral
3602,995,1,2025-06-27,529.45,Open,,Direct Mail
3603,187,3,2025-06-27,10060.86,Open,,Referral
3604,576,4,2025-06-17,2682.72,Won,2025-06-27,Direct Mail
3605,199,4,2025-06-18,1656.23,Lost,,Organic
3606,173,5,2025-06-18,219.52,Won,2025-06-28,Google
3607,1228,2,2025-06-25,452.86,Won,2025-06-28,Organic
3608,388,5,2025-06-27,211.41,Lost,,Google
3609,1158,4,2025-06-18,2875.63,Won,2025-06-28,Organic
3610,419,1,2025-06-17,950.09,Won,2025-06-28,Google
3611,585,3,2025-06-26,12186.21,Won,2025-06-28,Organic
3612,807,1,2025-06-28,963.47,Won,2025-06-28,Direct Mail
3613,825,3,2025-06-17,12083.05,Won,2025-06-28,Google
3614,993,1,2025-06-26,521.04,Won,2025-06-28,Home Services Marketplace
3615,1269,4,2025-06-27,2368.84,Won,2025-06-28,Referral
3616,1143,1,2025-06-21,380.2,Won,2025-06-28,Organic
3617,1021,5,2025-06-27,195.42,Won,2025-06-28,Referral
3618,280,1,2025-06-20,557.8,Won,2025-06-28,Direct Mail
3619,476,5,2025-06-25,150.41,Won,2025-06-28,Referral
3620,1172,2,2025-06-23,434.17,Won,2025-06-28,Referral
3621,422,2,2025-06-16,426.68,Won,2025-06-28,Google
3622,503,6,2025-06-20,1305.62,Won,2025-06-28,Direct Mail
3623,54,1,2025-06-18,421.92,Won,2025-06-28,Google
3624,418,1,2025-06-21,484.84,Won,2025-06-29,Direct Mail
3625,447,3,2025-06-20,11819.63,Lost,,Direct Mail
3626,866,5,2025-06-26,240.89,Won,2025-06-29,Organic
3627,44,6,2025-06-17,1452.86,Open,,Google
3628,1334,2,2025-06-29,648.88,Lost,,Home Services Marketplace
3629,109,4,2025-06-17,3118.73,Lost,,Referral
3630,52,4,2025-06-20,3223.17,Won,2025-06-29,Google
3631,1185,6,2025-06-18,1024.69,Won,2025-06-29,Google
3632,1132,7,2025-06-29,1169.98,Won,2025-06-29,Referral
3633,941,5,2025-06-19,188.07,Won,2025-06-29,Referral
3634,740,1,2025-06-29,447.93,Won,2025-06-29,Home Services Marketplace
3635,585,2,2025-06-24,463.73,Won,2025-06-29,Organic
3636,496,1,2025-06-28,632.16,Won,2025-06-29,Referral
3637,1163,6,2025-06-17,1029.35,Won,2025-06-29,Google
3638,1430,1,2025-06-26,489.61,Won,2025-06-29,Referral
3639,1436,1,2025-06-27,577.29,Open,,Google
3640,1201,6,2025-06-19,1297.8,Won,2025-06-29,Home Services Marketplace
3641,1387,5,2025-06-24,187.8,Lost,,Google
3642,1179,1,2025-06-28,469.54,Lost,,Direct Mail
3643,226,5,2025-06-29,276.35,Lost,,Google
3644,871,2,2025-06-25,833.26,Won,2025-06-29,Google
3645,730,1,2025-06-28,492.09,Open,,Organic
3646,1320,4,2025-06-26,4382.43,Lost,,Direct Mail
3647,405,6,2025-06-26,1439.03,Won,2025-06-30,Referral
3648,677,3,2025-06-21,8675.6,Won,2025-06-30,Home Services Marketplace
3649,1383,1,2025-06-18,336.57,Won,2025-06-30,Referral
3650,971,5,2025-06-20,242.93,Won,2025-06-30,Google
3651,1319,1,2025-06-20,479.78,Won,2025-06-30,Organic
3652,1277,3,2025-06-18,12015.71,Lost,,Organic
3653,959,5,2025-06-24,189.71,Won,2025-06-30,Google
3654,1411,2,2025-06-19,767.85,Open,,Google
3655,288,5,2025-06-30,284.21,Lost,,Referral
3656,460,1,2025-06-23,407.79,Won,2025-06-30,Referral
3657,912,1,2025-06-25,594.87,Lost,,Home Services Marketplace
3658,378,3,2025-06-19,10192.67,Open,,Home Services Marketplace
3659,1020,5,2025-06-20,269.38,Won,2025-06-30,Home Services Marketplace
3660,448,5,2025-06-26,175.57,Won,2025-06-30,Google
3661,635,4,2025-06-27,1799.49,Won,2025-06-30,Organic
3662,670,1,2025-06-24,674.31,Won,2025-06-30,Referral
3663,799,5,2025-06-21,184.72,Won,2025-06-30,Referral
3664,503,5,2025-06-19,160.41,Won,2025-06-30,Direct Mail
3665,17,2,2025-06-30,366.38,Won,2025-06-30,Organic
3666,554,2,2025-06-22,486.83,Won,2025-06-30,Google
3667,565,1,2025-06-21,535.63,Won,2025-06-30,Referral
3668,104,2,2025-06-24,615.68,Won,2025-07-01,Google
3669,1345,6,2025-06-25,992.61,Won,2025-07-01,Organic
3670,266,7,2025-06-25,1037.3,Won,2025-07-01,Google
3671,1051,2,2025-06-26,475.07,Lost,,Organic
3672,973,2,2025-06-23,383.73,Won,2025-07-01,Google
3673,192,6,2025-06-25,2222.12,Won,2025-07-01,Google
3674,1245,1,2025-06-20,812.03,Lost,,Referral
3675,921,4,2025-06-24,2391.6,Won,2025-07-01,Referral
3676,1202,1,2025-07-01,521.15,Won,2025-07-01,Google
3677,795,5,2025-06-22,186.75,Won,2025-07-01,Referral
3678,241,6,2025-06-26,1132.11,Lost,,Referral
3679,1082,7,2025-06-19,1205.9,Won,2025-07-01,Google
3680,850,1,2025-06-22,714.37,Won,2025-07-01,Direct Mail
3681,571,5,2025-06-29,274.55,Won,2025-07-01,Referral
3682,1070,5,2025-06-21,172.19,Won,2025-07-01,Organic
3683,699,1,2025-07-01,421.58,Won,2025-07-01,Direct Mail
3684,28,1,2025-06-26,892.43,Won,2025-07-01,Organic
3685,291,1,2025-06-19,457.5,Won,2025-07-01,Referral
3686,1360,1,2025-06-20,434.07,Won,2025-07-01,Organic
3687,118,2,2025-06-27,527.25,Won,2025-07-01,Referral
3688,977,5,2025-06-20,216.64,Won,2025-07-01,Direct Mail
3689,731,1,2025-06-30,414.45,Won,2025-07-01,Google
3690,1030,2,2025-06-22,395.11,Won,2025-07-01,Google
3691,81,4,2025-07-01,2016.45,Open,,Google
3692,1037,5,2025-07-01,222.43,Lost,,Direct Mail
3693,748,1,2025-06-29,931.81,Lost,,Google
3694,821,3,2025-06-22,9106.27,Open,,Referral
3695,65,6,2025-06-25,1020.66,Lost,,Google
3696,57,2,2025-06-27,585.97,Won,2025-07-02,Google
3697,488,2,2025-06-21,657.68,Won,2025-07-02,Home Services Marketplace
3698,788,2,2025-06-20,393.98,Open,,Direct Mail
3699,353,5,2025-07-01,174.59,Lost,,Referral
3700,661,3,2025-06-30,8495.47,Open,,Google
3701,463,2,2025-06-23,520.76,Won,2025-07-02,Organic
3702,1234,4,2025-06-28,3688.75,Won,2025-07-02,Referral
3703,625,1,2025-06-26,574.39,Won,2025-07-02,Home Services Marketplace
3704,517,2,2025-07-01,457.36,Open,,Google
3705,1397,5,2025-06-26,167.36,Won,2025-07-02,Direct Mail
3706,37,5,2025-06-26,236.37,Open,,Google
3707,109,1,2025-06-26,505.98,Lost,,Referral
3708,464,5,2025-06-26,100.35,Lost,,Google
3709,1258,2,2025-06-29,674.19,Won,2025-07-02,Google
3710,226,4,2025-06-30,2534.9,Won,2025-07-02,Google
3711,1297,1,2025-06-23,419.03,Won,2025-07-02,Home Services Marketplace
3712,535,5,2025-06-21,245.82,Won,2025-07-02,Home Services Marketplace
3713,170,5,2025-06-21,180.48,Won,2025-07-02,Direct Mail
3714,540,1,2025-06-26,379.55,Lost,,Organic
3715,420,5,2025-06-30,187.31,Open,,Home Services Marketplace
3716,1299,7,2025-06-24,1838.03,Won,2025-07-02,Home Services Marketplace
3717,614,1,2025-06-24,518.77,Won,2025-07-02,Direct Mail
3718,643,5,2025-06-23,213.67,Won,2025-07-02,Google
3719,1041,1,2025-06-28,733.9,Won,2025-07-02,Organic
3720,1359,4,2025-06-24,2402.91,Won,2025-07-02,Google
3721,958,2,2025-06-23,575.62,Won,2025-07-02,Google
3722,998,7,2025-06-27,807.46,Won,2025-07-02,Organic
3723,600,1,2025-06-26,376.28,Won,2025-07-02,Organic
3724,703,5,2025-07-02,126.44,Open,,Organic
3725,399,3,2025-06-21,10662.22,Won,2025-07-02,Organic
3726,1308,5,2025-06-30,199.83,Won,2025-07-02,Home Services Marketplace
3727,154,2,2025-06-26,552.29,Lost,,Google
3728,28,1,2025-07-03,786.47,Won,2025-07-03,Organic
3729,299,2,2025-06-28,538.16,Won,2025-07-03,Referral
3730,1183,5,2025-06-28,163.68,Won,2025-07-03,Google
3731,452,3,2025-06-23,13610.39,Open,,Organic
3732,1069,1,2025-06-26,390.8,Won,2025-07-03,Organic
3733,1393,5,2025-06-28,271.05,Won,2025-07-03,Google
3734,625,6,2025-06-30,1202.09,Won,2025-07-03,Home Services Marketplace
3735,169,6,2025-07-03,1527.1,Open,,Google
3736,656,6,2025-07-01,1449.09,Open,,Referral
3737,1367,5,2025-07-01,120.08,Won,2025-07-03,Organic
3738,1214,4,2025-06-29,2149.87,Lost,,Direct Mail
3739,355,2,2025-06-28,567.92,Open,,Organic
3740,1416,5,2025-06-22,211.73,Lost,,Referral
3741,196,5,2025-06-28,157.82,Won,2025-07-03,Organic
3742,800,4,2025-06-27,3081.45,Won,2025-07-03,Google
3743,1107,7,2025-06-22,856.94,Won,2025-07-03,Home Services Marketplace
3744,116,6,2025-06-23,1202.96,Won,2025-07-03,Organic
3745,1412,1,2025-06-23,528.81,Open,,Google
3746,1253,2,2025-06-24,535.38,Open,,Referral
3747,278,1,2025-06-22,592.22,Open,,Google
3748,1347,3,2025-07-01,10853.98,Won,2025-07-03,Referral
3749,1235,7,2025-07-03,967.06,Won,2025-07-03,Referral
3750,1349,1,2025-06-23,426.5,Won,2025-07-03,Organic
3751,767,6,2025-06-24,1608.13,Won,2025-07-03,Google
3752,781,1,2025-06-23,411.44,Won,2025-07-03,Referral
3753,1030,5,2025-07-01,186.46,Won,2025-07-04,Google
3754,1310,1,2025-06-28,499.14,Won,2025-07-04,Organic
3755,650,7,2025-07-03,1884.31,Open,,Home Services Marketplace
3756,1351,2,2025-07-03,635.42,Open,,Organic
3757,424,1,2025-07-03,377.94,Won,2025-07-04,Referral
3758,207,1,2025-06-28,675.34,Won,2025-07-04,Referral
3759,318,1,2025-07-03,554.46,Open,,Google
3760,1348,5,2025-06-26,181.64,Lost,,Organic
3761,101,1,2025-06-28,504.38,Won,2025-07-04,Organic
3762,77,4,2025-06-29,2957.85,Open,,Referral
3763,1147,5,2025-06-24,168.38,Won,2025-07-04,Referral
3764,261,5,2025-06-30,214.74,Open,,Google
3765,198,3,2025-06-23,9803.28,Won,2025-07-04,Direct Mail
3766,924,2,2025-06-30,1076.81,Won,2025-07-04,Google
3767,313,3,2025-06-22,15981.13,Won,2025-07-04,Google
3768,699,7,2025-06-24,1092.24,Won,2025-07-04,Direct Mail
3769,939,3,2025-06-28,14002.28,Lost,,Organic
3770,1114,2,2025-06-25,576.58,Lost,,Home Services Marketplace
3771,147,1,2025-06-24,519.93,Open,,Direct Mail
3772,286,7,2025-06-30,1037.11,Won,2025-07-04,Referral
3773,1278,2,2025-06-28,618.62,Won,2025-07-04,Referral
3774,1187,1,2025-06-28,526.24,Open,,Organic
3775,935,1,2025-06-27,749.74,Won,2025-07-04,Home Services Marketplace
3776,1397,3,2025-07-01,8725.23,Won,2025-07-04,Direct Mail
3777,947,1,2025-06-24,574.23,Won,2025-07-04,Organic
3778,620,1,2025-06-25,424.06,Won,2025-07-04,Direct Mail
3779,1068,6,2025-06-26,894.02,Won,2025-07-04,Google
3780,283,5,2025-06-28,124.93,Won,2025-07-04,Organic
3781,1085,1,2025-07-01,494.7,Lost,,Organic
3782,403,1,2025-06-24,476.13,Won,2025-07-05,Direct Mail
3783,1352,3,2025-06-26,7703.89,Won,2025-07-05,Direct Mail
3784,1341,2,2025-06-30,502.04,Won,2025-07-05,Referral
3785,560,2,2025-06-24,587.21,Won,2025-07-05,Organic
3786,152,4,2025-06-27,1911.15,Lost,,Referral
3787,497,1,2025-06-23,749.71,Won,2025-07-05,Google
3788,665,5,2025-06-26,190.12,Won,2025-07-05,Organic
3789,109,1,2025-06-24,561.37,Won,2025-07-05,Referral
3790,575,1,2025-06-23,579.55,Open,,Referral
3791,1438,4,2025-06-27,4503.06,Lost,,Organic
3792,1400,4,2025-06-29,3494.33,Won,2025-07-05,Referral
3793,613,2,2025-06-26,425.19,Lost,,Google
3794,513,3,2025-07-03,7745.55,Lost,,Google
3795,439,3,2025-06-23,19698.95,Lost,,Home Services Marketplace
3796,790,1,2025-06-28,474.23,Won,2025-07-05,Referral
3797,980,4,2025-06-24,4131.91,Won,2025-07-05,Organic
3798,600,5,2025-06-30,221.63,Won,2025-07-05,Organic
3799,571,5,2025-07-01,184.9,Won,2025-07-05,Referral
3800,373,1,2025-06-24,399.78,Open,,Google
3801,931,6,2025-07-05,990.93,Lost,,Direct Mail
3802,328,1,2025-06-25,463.24,Won,2025-07-05,Google
3803,980,4,2025-07-03,5009.85,Won,2025-07-05,Organic
3804,757,2,2025-07-01,427.82,Won,2025-07-05,Google
3805,331,7,2025-06-30,1639.94,Won,2025-07-05,Organic
3806,1278,6,2025-06-25,1197.13,Won,2025-07-05,Referral
3807,880,2,2025-07-02,430.85,Open,,Organic
3808,344,5,2025-07-05,166.11,Won,2025-07-06,Referral
3809,1414,1,2025-06-30,559.05,Lost,,Organic
3810,64,2,2025-07-02,414.91,Won,2025-07-06,Google
3811,508,1,2025-06-27,456.04,Lost,,Google
3812,1062,1,2025-07-06,369.94,Won,2025-07-06,Organic
3813,421,1,2025-06-30,566.49,Won,2025-07-06,Direct Mail
3814,1217,2,2025-07-03,390.52,Won,2025-07-06,Google
3815,842,5,2025-06-26,184.48,Open,,Referral
3816,2,6,2025-07-01,752.81,Won,2025-07-06,Home Services Marketplace
3817,859,2,2025-06-30,697.52,Won,2025-07-06,Home Services Marketplace
3818,1078,4,2025-07-03,2993.61,Won,2025-07-06,Home Services Marketplace
3819,1284,5,2025-06-24,261.49,Won,2025-07-06,Google
3820,714,1,2025-07-01,440.62,Won,2025-07-06,Direct Mail
3821,1347,5,2025-06-24,210.9,Won,2025-07-06,Referral
3822,250,5,2025-06-24,220.91,Lost,,Organic
3823,404,7,2025-06-26,1281.33,Won,2025-07-06,Referral
3824,544,7,2025-06-26,1207.94,Won,2025-07-06,Referral
3825,822,4,2025-07-01,2152.8,Open,,Organic
3826,286,3,2025-07-04,9611.76,Won,2025-07-07,Referral
3827,464,1,2025-07-05,367.74,Won,2025-07-07,Google
3828,500,6,2025-07-07,2693.19,Won,2025-07-07,Direct Mail
3829,665,5,2025-07-03,185.75,Open,,Organic
3830,342,5,2025-06-29,191.14,Won,2025-07-07,Home Services Marketplace
3831,327,3,2025-06-29,11426.74,Won,2025-07-07,Home Services Marketplace
3832,1293,2,2025-07-04,476.67,Won,2025-07-07,Google
3833,1220,1,2025-06-27,502.76,Open,,Google
3834,570,6,2025-07-02,2560.73,Won,2025-07-07,Organic
3835,59,2,2025-06-28,459.94,Won,2025-07-07,Organic
3836,1071,5,2025-06-26,233.49,Open,,Google
3837,1071,1,2025-06-27,461.48,Won,2025-07-07,Google
3838,148,2,2025-07-06,434.09,Won,2025-07-07,Referral
3839,897,7,2025-07-06,917.23,Won,2025-07-07,Organic
3840,89,5,2025-06-30,160.75,Open,,Home Services Marketplace
3841,1135,5,2025-07-02,216.88,Won,2025-07-07,Organic
3842,1017,6,2025-07-05,1559.08,Won,2025-07-07,Direct Mail
3843,398,2,2025-07-04,479.48,Won,2025-07-07,Direct Mail
3844,787,2,2025-06-26,840.34,Won,2025-07-07,Google
3845,865,3,2025-07-06,11160.89,Open,,Referral
3846,1367,5,2025-07-01,209.68,Won,2025-07-07,Organic
3847,1199,4,2025-07-01,2121.72,Won,2025-07-07,Organic
3848,91,2,2025-07-02,504.79,Won,2025-07-07,Home Services Marketplace
3849,1307,2,2025-06-27,1105.94,Won,2025-07-07,Google
3850,436,4,2025-07-01,2313.99,Won,2025-07-07,Google
3851,792,5,2025-07-03,204.2,Lost,,Referral
3852,854,6,2025-07-04,1557.75,Lost,,Organic
3853,950,5,2025-06-28,329.02,Open,,Home Services Marketplace
3854,386,5,2025-07-05,171.43,Lost,,Google
3855,679,4,2025-06-28,2413.66,Won,2025-07-08,Google
3856,475,5,2025-06-26,194.73,Won,2025-07-08,Google
3857,1352,2,2025-07-07,573.68,Won,2025-07-08,Direct Mail
3858,203,1,2025-07-01,596.2,Won,2025-07-08,Referral
3859,1329,2,2025-06-28,517.67,Lost,,Direct Mail
3860,1292,4,2025-07-05,3039.8,Lost,,Home Services Marketplace
3861,140,6,2025-07-06,826.17,Won,2025-07-08,Google
3862,696,6,2025-06-30,1195.28,Won,2025-07-08,Organic
3863,738,1,2025-07-08,436.92,Won,2025-07-08,Referral
3864,899,1,2025-07-01,495.34,Won,2025-07-08,Organic
3865,400,1,2025-06-27,377.77,Won,2025-07-08,Home Services Marketplace
3866,737,4,2025-07-06,3007.97,Won,2025-07-08,Home Services Marketplace
3867,1369,6,2025-07-03,956.96,Won,2025-07-08,Organic
3868,702,5,2025-06-26,185.51,Won,2025-07-08,Organic
3869,455,1,2025-07-03,622.07,Won,2025-07-08,Google
3870,7,1,2025-06-26,474.69,Open,,Google
3871,940,1,2025-06-29,469.26,Lost,,Google
3872,1436,7,2025-07-04,1200.6,Won,2025-07-08,Google
3873,351,1,2025-07-04,553.58,Won,2025-07-08,Home Services Marketplace
3874,226,5,2025-07-01,132.15,Open,,Google
3875,730,6,2025-07-01,1024.8,Won,2025-07-09,Organic
3876,687,2,2025-07-09,662.44,Won,2025-07-09,Google
3877,811,2,2025-07-04,558.54,Won,2025-07-09,Organic
3878,956,4,2025-07-02,3001.84,Won,2025-07-09,Home Services Marketplace
3879,1201,5,2025-07-07,209.95,Lost,,Home Services Marketplace
3880,1051,2,2025-07-03,674.82,Won,2025-07-09,Organic
3881,1014,5,2025-07-03,233.02,Won,2025-07-09,Google
3882,1303,2,2025-06-30,482.79,Won,2025-07-09,Direct Mail
3883,1121,4,2025-07-03,2585.63,Lost,,Google
3884,969,7,2025-07-02,1065.34,Won,2025-07-09,Organic
3885,1042,1,2025-06-29,539.08,Won,2025-07-09,Google
3886,1261,5,2025-07-04,185.01,Won,2025-07-09,Organic
3887,1252,2,2025-07-02,695.99,Won,2025-07-09,Organic
3888,1332,2,2025-07-07,361.66,Open,,Organic
3889,1343,5,2025-07-05,209.08,Won,2025-07-09,Google
3890,715,5,2025-06-27,172.82,Won,2025-07-09,Organic
3891,594,2,2025-07-09,504.05,Open,,Organic
3892,744,5,2025-06-30,178.3,Won,2025-07-09,Google
3893,1291,5,2025-07-09,263.08,Won,2025-07-09,Home Services Marketplace
3894,1207,5,2025-06-29,187.85,Lost,,Organic
3895,1442,1,2025-07-08,979.89,Won,2025-07-09,Home Services Marketplace
3896,877,1,2025-07-08,549.21,Won,2025-07-09,Home Services Marketplace
3897,738,4,2025-06-28,2420.23,Won,2025-07-09,Referral
3898,564,5,2025-06-29,139.76,Open,,Direct Mail
3899,121,2,2025-07-07,1011.4,Won,2025-07-10,Home Services Marketplace
3900,729,2,2025-07-06,644.04,Won,2025-07-10,Referral
3901,370,3,2025-07-06,12197.48,Open,,Home Services Marketplace
3902,1077,6,2025-07-04,1102.37,Won,2025-07-10,Referral
3903,268,1,2025-07-02,470.85,Won,2025-07-10,Referral
3904,312,2,2025-07-04,458.43,Won,2025-07-10,Direct Mail
3905,626,2,2025-06-30,465.47,Open,,Referral
3906,114,1,2025-07-04,433.57,Won,2025-07-10,Google
3907,1248,2,2025-07-05,675.41,Won,2025-07-10,Google
3908,574,5,2025-07-10,162.95,Won,2025-07-10,Organic
3909,1033,7,2025-07-10,1177.55,Lost,,Referral
3910,765,5,2025-06-28,260.69,Won,2025-07-10,Google
3911,1287,5,2025-07-06,192.4,Lost,,Google
3912,850,2,2025-07-08,570.6,Won,2025-07-10,Direct Mail
3913,295,1,2025-07-09,600.95,Won,2025-07-10,Google
3914,958,6,2025-07-04,1083.07,Won,2025-07-10,Google
3915,111,2,2025-06-29,567.95,Won,2025-07-10,Organic
3916,163,2,2025-06-28,606.41,Lost,,Google
3917,100,1,2025-06-28,629.06,Won,2025-07-10,Direct Mail
3918,737,1,2025-07-08,529.93,Won,2025-07-10,Home Services Marketplace
3919,526,2,2025-06-30,390.48,Won,2025-07-10,Google
3920,973,6,2025-07-01,1212.87,Won,2025-07-10,Google
3921,1298,1,2025-06-30,546.71,Won,2025-07-10,Direct Mail
3922,964,6,2025-07-09,1282.0,Won,2025-07-10,Home Services Marketplace
3923,1374,7,2025-06-28,915.21,Won,2025-07-10,Home Services Marketplace
3924,644,5,2025-07-09,221.95,Won,2025-07-10,Referral
3925,28,6,2025-07-03,1768.08,Won,2025-07-10,Organic
3926,1229,5,2025-07-10,191.1,Won,2025-07-10,Google
3927,1069,1,2025-07-04,398.14,Won,2025-07-10,Organic
3928,1329,1,2025-07-09,560.78,Lost,,Direct Mail
3929,1306,1,2025-07-09,542.89,Won,2025-07-11,Organic
3930,1305,6,2025-07-04,1077.98,Won,2025-07-11,Organic
3931,18,7,2025-07-06,1404.33,Lost,,Home Services Marketplace
3932,439,1,2025-06-29,641.91,Won,2025-07-11,Home Services Marketplace
3933,1428,5,2025-07-08,221.89,Won,2025-07-11,Organic
3934,407,1,2025-07-05,532.0,Won,2025-07-11,Organic
3935,321,1,2025-07-06,440.17,Open,,Organic
3936,272,5,2025-07-11,193.09,Won,2025-07-11,Home Services Marketplace
3937,804,3,2025-07-09,10634.16,Open,,Home Services Marketplace
3938,606,2,2025-07-09,508.12,Won,2025-07-11,Organic
3939,822,1,2025-07-10,462.58,Won,2025-07-11,Organic
3940,1078,5,2025-07-09,248.71,Won,2025-07-11,Home Services Marketplace
3941,46,5,2025-07-09,192.13,Won,2025-07-11,Google
3942,1358,2,2025-07-05,515.39,Won,2025-07-11,Referral
3943,1291,2,2025-07-10,1058.22,Won,2025-07-11,Home Services Marketplace
3944,1215,1,2025-07-01,796.27,Won,2025-07-11,Referral
3945,694,5,2025-07-07,190.76,Won,2025-07-11,Google
3946,1440,7,2025-07-02,1220.99,Won,2025-07-11,Home Services Marketplace
3947,381,5,2025-07-01,293.71,Won,2025-07-11,Home Services Marketplace
3948,140,1,2025-07-04,609.24,Won,2025-07-11,Google
3949,1234,2,2025-07-05,457.22,Lost,,Referral
3950,245,5,2025-07-04,207.23,Won,2025-07-11,Home Services Marketplace
3951,640,1,2025-07-01,390.6,Lost,,Organic
3952,1069,2,2025-07-09,660.12,Won,2025-07-11,Organic
3953,1200,3,2025-07-04,9832.31,Won,2025-07-11,Google
3954,344,1,2025-07-03,537.07,Won,2025-07-11,Referral
3955,1099,5,2025-07-05,239.84,Lost,,Organic
3956,139,5,2025-06-29,238.86,Open,,Google
3957,523,6,2025-06-30,1684.38,Won,2025-07-11,Referral
3958,224,1,2025-07-02,345.46,Won,2025-07-11,Referral
3959,154,1,2025-07-02,536.11,Open,,Google
3960,182,1,2025-07-10,664.74,Won,2025-07-12,Home Services Marketplace
3961,425,4,2025-07-03,1948.47,Lost,,Google
3962,1382,6,2025-07-01,1493.52,Won,2025-07-12,Home Services Marketplace
3963,371,5,2025-07-09,216.47,Lost,,Referral
3964,586,1,2025-07-04,440.05,Open,,Google
3965,228,6,2025-07-07,1153.7,Won,2025-07-12,Google
3966,727,1,2025-07-01,395.88,Won,2025-07-12,Organic
3967,228,1,2025-07-06,490.52,Won,2025-07-12,Google
3968,1104,3,2025-07-12,10473.05,Won,2025-07-12,Google
3969,897,3,2025-07-12,8992.83,Lost,,Organic
3970,731,5,2025-07-08,158.38,Won,2025-07-12,Google
3971,258,1,2025-07-06,526.56,Won,2025-07-12,Referral
3972,319,1,2025-07-03,733.91,Lost,,Google
3973,1197,7,2025-07-10,1357.37,Lost,,Organic
3974,1375,1,2025-07-11,374.74,Won,2025-07-12,Direct Mail
3975,987,1,2025-07-01,790.81,Lost,,Google
3976,115,5,2025-07-12,179.61,Won,2025-07-12,Organic
3977,902,1,2025-07-02,619.46,Won,2025-07-12,Google
3978,1085,5,2025-07-11,215.82,Won,2025-07-12,Organic
3979,468,4,2025-07-03,2655.66,Won,2025-07-12,Referral
3980,1338,5,2025-07-01,301.63,Won,2025-07-12,Google
3981,1310,1,2025-07-07,479.85,Open,,Organic
3982,271,3,2025-07-10,9729.69,Lost,,Google
3983,600,6,2025-07-06,1209.37,Lost,,Organic
3984,1272,6,2025-07-11,2379.54,Won,2025-07-13,Referral
3985,300,5,2025-07-08,192.59,Won,2025-07-13,Direct Mail
3986,937,3,2025-07-11,19074.83,Open,,Referral
3987,1297,4,2025-07-02,2299.46,Open,,Home Services Marketplace
3988,1106,2,2025-07-12,465.0,Won,2025-07-13,Google
3989,887,1,2025-07-06,723.62,Won,2025-07-13,Google
3990,178,7,2025-07-12,842.27,Won,2025-07-13,Google
3991,1281,6,2025-07-11,1322.38,Won,2025-07-13,Referral
3992,952,5,2025-07-12,180.35,Open,,Organic
3993,834,7,2025-07-05,1045.74,Won,2025-07-13,Google
3994,1080,2,2025-07-12,664.77,Open,,Google
3995,604,1,2025-07-05,384.98,Open,,Referral
3996,1069,7,2025-07-06,1094.58,Won,2025-07-13,Organic
3997,839,5,2025-07-06,237.15,Won,2025-07-13,Google
3998,619,2,2025-07-12,418.2,Won,2025-07-14,Organic
3999,933,2,2025-07-08,500.92,Won,2025-07-14,Google
4000,1339,1,2025-07-08,345.98,Won,2025-07-14,Referral
4001,1283,6,2025-07-10,1502.37,Open,,Referral
4002,375,4,2025-07-07,3413.7,Lost,,Direct Mail
4003,681,1,2025-07-05,371.4,Won,2025-07-14,Referral
4004,752,1,2025-07-10,530.37,Lost,,Referral
4005,299,6,2025-07-05,1458.08,Won,2025-07-14,Referral
4006,150,5,2025-07-06,141.73,Won,2025-07-14,Google
4007,1380,1,2025-07-11,570.23,Open,,Referral
4008,1376,1,2025-07-14,726.85,Won,2025-07-14,Home Services Marketplace
4009,958,2,2025-07-14,493.68,Won,2025-07-14,Google
4010,186,2,2025-07-07,579.59,Won,2025-07-14,Google
4011,24,2,2025-07-10,444.37,Won,2025-07-14,Referral
4012,718,2,2025-07-14,589.45,Won,2025-07-14,Organic
4013,993,6,2025-07-14,1431.76,Won,2025-07-14,Home Services Marketplace
4014,812,1,2025-07-11,895.36,Won,2025-07-14,Home Services Marketplace
4015,299,5,2025-07-11,189.17,Open,,Referral
4016,1420,5,2025-07-07,173.03,Lost,,Referral
4017,547,2,2025-07-06,539.07,Won,2025-07-14,Google
4018,725,2,2025-07-11,973.61,Won,2025-07-14,Referral
4019,146,4,2025-07-14,2485.77,Lost,,Direct Mail
4020,1415,3,2025-07-10,12022.17,Won,2025-07-14,Organic
4021,209,5,2025-07-09,180.94,Won,2025-07-14,Referral
4022,282,1,2025-07-11,387.59,Won,2025-07-14,Referral
4023,493,7,2025-07-06,1805.65,Open,,Organic
4024,265,1,2025-07-02,383.9,Won,2025-07-14,Home Services Marketplace
4025,577,3,2025-07-08,8952.95,Lost,,Direct Mail
4026,377,5,2025-07-04,160.63,Lost,,Google
4027,885,5,2025-07-08,411.17,Won,2025-07-14,Referral
4028,185,2,2025-07-09,589.57,Won,2025-07-14,Google
4029,529,2,2025-07-14,351.84,Lost,,Google
4030,1326,5,2025-07-14,185.05,Won,2025-07-14,Referral
4031,876,3,2025-07-11,9218.12,Open,,Google
4032,926,3,2025-07-08,10607.23,Lost,,Organic
4033,279,5,2025-07-11,206.25,Won,2025-07-15,Home Services Marketplace
4034,319,2,2025-07-06,837.52,Won,2025-07-15,Google
4035,1227,5,2025-07-11,209.91,Won,2025-07-15,Direct Mail
4036,638,2,2025-07-07,453.68,Lost,,Google
4037,491,6,2025-07-05,1282.71,Won,2025-07-15,Organic
4038,1097,2,2025-07-09,610.81,Won,2025-07-15,Referral
4039,1383,1,2025-07-09,528.71,Won,2025-07-15,Referral
4040,667,5,2025-07-05,394.77,Lost,,Organic
4041,1399,1,2025-07-05,421.61,Lost,,Organic
4042,918,5,2025-07-03,411.15,Won,2025-07-15,Direct Mail
4043,1050,3,2025-07-03,8947.75,Won,2025-07-15,Referral
4044,977,3,2025-07-04,12864.2,Open,,Direct Mail
4045,1212,1,2025-07-06,520.41,Open,,Home Services Marketplace
4046,1389,2,2025-07-15,487.78,Won,2025-07-15,Direct Mail
4047,1251,1,2025-07-11,531.87,Won,2025-07-15,Organic
4048,545,5,2025-07-04,237.81,Won,2025-07-15,Google
4049,500,1,2025-07-04,1444.14,Open,,Direct Mail
4050,1265,5,2025-07-07,146.27,Won,2025-07-15,Google
4051,1364,5,2025-07-05,163.65,Won,2025-07-15,Referral
4052,692,2,2025-07-05,950.33,Won,2025-07-15,Organic
4053,823,2,2025-07-04,475.8,Won,2025-07-15,Home Services Marketplace
4054,377,5,2025-07-09,162.07,Won,2025-07-15,Google
4055,1037,6,2025-07-08,1261.81,Lost,,Direct Mail
4056,1146,1,2025-07-14,542.7,Won,2025-07-15,Home Services Marketplace
4057,1141,3,2025-07-05,9508.35,Open,,Google
4058,263,1,2025-07-13,1477.75,Won,2025-07-15,Organic
4059,506,5,2025-07-14,249.43,Lost,,Organic
4060,340,1,2025-07-04,465.78,Won,2025-07-16,Google
4061,946,4,2025-07-06,2558.6,Open,,Google
4062,407,1,2025-07-06,411.25,Won,2025-07-16,Organic
4063,235,4,2025-07-04,3160.16,Won,2025-07-16,Organic
4064,919,2,2025-07-12,428.14,Won,2025-07-16,Direct Mail
4065,1266,2,2025-07-04,754.45,Lost,,Google
4066,758,2,2025-07-14,1014.65,Open,,Referral
4067,670,1,2025-07-09,563.91,Won,2025-07-16,Referral
4068,267,1,2025-07-10,640.94,Open,,Google
4069,1196,2,2025-07-04,1143.51,Won,2025-07-16,Referral
4070,566,2,2025-07-06,457.55,Won,2025-07-16,Referral
4071,409,1,2025-07-16,401.72,Open,,Google
4072,1085,4,2025-07-12,2592.95,Open,,Organic
4073,1030,1,2025-07-09,495.97,Won,2025-07-16,Google
4074,1179,5,2025-07-09,278.4,Won,2025-07-16,Direct Mail
4075,499,3,2025-07-11,10230.81,Open,,Direct Mail
4076,875,1,2025-07-16,399.67,Open,,Organic
4077,1115,5,2025-07-14,209.38,Won,2025-07-16,Referral
4078,662,7,2025-07-14,1108.03,Won,2025-07-16,Referral
4079,1095,5,2025-07-16,320.56,Won,2025-07-16,Referral
4080,1265,5,2025-07-14,169.14,Won,2025-07-16,Google
4081,1028,3,2025-07-10,8510.8,Won,2025-07-16,Home Services Marketplace
4082,1233,4,2025-07-12,2976.95,Won,2025-07-16,Google
4083,214,1,2025-07-08,331.69,Lost,,Google
4084,1290,2,2025-07-06,470.58,Won,2025-07-16,Google
4085,900,3,2025-07-14,9649.67,Lost,,Referral
4086,498,5,2025-07-07,136.46,Open,,Referral
4087,427,1,2025-07-07,525.01,Won,2025-07-17,Home Services Marketplace
4088,1075,5,2025-07-16,183.82,Won,2025-07-17,Referral
4089,824,1,2025-07-17,491.59,Won,2025-07-17,Direct Mail
4090,841,4,2025-07-16,2800.17,Won,2025-07-17,Referral
4091,1249,1,2025-07-11,458.3,Open,,Google
4092,364,4,2025-07-09,2946.11,Won,2025-07-17,Referral
4093,361,1,2025-07-15,1008.75,Open,,Organic
4094,525,4,2025-07-11,1920.66,Open,,Google
4095,510,3,2025-07-05,15799.31,Lost,,Google
4096,753,1,2025-07-12,527.79,Won,2025-07-17,Home Services Marketplace
4097,1213,3,2025-07-07,8100.99,Open,,Google
4098,1397,2,2025-07-11,604.31,Won,2025-07-17,Direct Mail
4099,585,2,2025-07-11,497.64,Won,2025-07-17,Organic
4100,812,1,2025-07-13,719.0,Won,2025-07-17,Home Services Marketplace
4101,4,2,2025-07-14,613.05,Won,2025-07-17,Google
4102,1187,4,2025-07-08,2640.5,Open,,Organic
4103,79,6,2025-07-13,1821.1,Won,2025-07-17,Google
4104,641,1,2025-07-14,457.84,Won,2025-07-17,Home Services Marketplace
4105,130,1,2025-07-13,723.95,Won,2025-07-17,Home Services Marketplace
4106,795,4,2025-07-11,2780.8,Open,,Referral
4107,194,4,2025-07-11,1813.59,Won,2025-07-17,Organic
4108,1393,2,2025-07-14,537.57,Lost,,Google
4109,890,2,2025-07-13,590.47,Won,2025-07-18,Google
4110,868,5,2025-07-06,174.25,Won,2025-07-18,Google
4111,633,3,2025-07-18,12129.3,Won,2025-07-18,Referral
4112,1006,5,2025-07-14,152.27,Lost,,Direct Mail
4113,496,6,2025-07-11,1278.05,Open,,Referral
4114,275,5,2025-07-12,115.5,Won,2025-07-18,Google
4115,455,2,2025-07-16,611.33,Lost,,Google
4116,1041,1,2025-07-06,848.08,Won,2025-07-18,Organic
4117,1199,5,2025-07-16,169.78,Won,2025-07-18,Organic
4118,564,1,2025-07-07,495.55,Won,2025-07-18,Direct Mail
4119,1108,2,2025-07-15,538.05,Won,2025-07-18,Organic
4120,275,7,2025-07-15,1086.34,Won,2025-07-18,Google
4121,336,1,2025-07-07,552.64,Won,2025-07-18,Direct Mail
4122,566,2,2025-07-15,512.23,Won,2025-07-18,Referral
4123,94,1,2025-07-06,395.6,Won,2025-07-18,Direct Mail
4124,1087,5,2025-07-18,358.37,Won,2025-07-18,Direct Mail
4125,106,3,2025-07-08,12876.69,Won,2025-07-18,Organic
4126,1326,5,2025-07-08,153.24,Open,,Referral
4127,162,2,2025-07-07,661.49,Won,2025-07-18,Organic
4128,807,2,2025-07-08,901.24,Open,,Direct Mail
4129,1384,7,2025-07-10,1126.92,Won,2025-07-19,Referral
4130,751,5,2025-07-12,196.17,Won,2025-07-19,Google
4131,141,6,2025-07-14,1345.73,Won,2025-07-19,Google
4132,54,1,2025-07-13,482.08,Won,2025-07-19,Google
4133,862,2,2025-07-08,454.88,Open,,Home Services Marketplace
4134,1031,4,2025-07-10,1769.17,Lost,,Google
4135,1104,1,2025-07-10,433.95,Lost,,Google
4136,1089,5,2025-07-19,126.57,Open,,Google
4137,74,3,2025-07-10,10431.7,Won,2025-07-19,Google
4138,1327,1,2025-07-14,397.54,Open,,Google
4139,292,1,2025-07-08,499.42,Won,2025-07-19,Home Services Marketplace
4140,616,2,2025-07-19,635.2,Won,2025-07-19,Google
4141,61,5,2025-07-13,185.84,Lost,,Google
4142,104,1,2025-07-12,554.68,Open,,Google
4143,1232,1,2025-07-17,453.17,Won,2025-07-19,Home Services Marketplace
4144,1138,2,2025-07-08,367.42,Won,2025-07-19,Organic
4145,1112,1,2025-07-20,477.52,Lost,,Referral
4146,1437,7,2025-07-12,1037.83,Lost,,Home Services Marketplace
4147,433,2,2025-07-18,478.77,Won,2025-07-20,Google
4148,1337,1,2025-07-15,573.0,Won,2025-07-20,Referral
4149,910,5,2025-07-20,216.92,Won,2025-07-20,Organic
4150,1252,3,2025-07-14,26523.47,Won,2025-07-20,Organic
4151,257,2,2025-07-11,275.57,Won,2025-07-20,Direct Mail
4152,1196,1,2025-07-13,709.07,Open,,Referral
4153,793,4,2025-07-12,4449.17,Won,2025-07-20,Google
4154,1310,1,2025-07-19,450.86,Won,2025-07-20,Organic
4155,99,5,2025-07-16,163.31,Won,2025-07-20,Google
4156,407,6,2025-07-18,1253.41,Open,,Organic
4157,1183,5,2025-07-10,190.9,Lost,,Google
4158,569,1,2025-07-16,505.77,Won,2025-07-20,Google
4159,822,5,2025-07-16,186.25,Open,,Organic
4160,17,4,2025-07-19,2115.4,Open,,Organic
4161,291,2,2025-07-20,634.37,Won,2025-07-20,Referral
4162,838,5,2025-07-20,147.72,Open,,Referral
4163,72,4,2025-07-18,2886.06,Lost,,Referral
4164,996,1,2025-07-09,466.51,Lost,,Organic
4165,964,1,2025-07-12,478.35,Won,2025-07-20,Home Services Marketplace
4166,571,1,2025-07-18,587.54,Won,2025-07-20,Referral
4167,790,1,2025-07-15,548.91,Won,2025-07-20,Referral
4168,317,4,2025-07-18,2676.69,Won,2025-07-20,Organic
4169,77,1,2025-07-11,433.59,Won,2025-07-20,Referral
4170,437,3,2025-07-18,9363.38,Won,2025-07-20,Referral
4171,1368,5,2025-07-20,184.48,Won,2025-07-20,Google
4172,333,2,2025-07-19,547.88,Won,2025-07-20,Organic
4173,662,4,2025-07-10,2630.99,Won,2025-07-21,Referral
4174,1083,5,2025-07-14,191.83,Won,2025-07-21,Organic
4175,1029,4,2025-07-20,4513.23,Won,2025-07-21,Organic
4176,535,7,2025-07-13,1668.35,Won,2025-07-21,Home Services Marketplace
4177,228,5,2025-07-20,177.98,Won,2025-07-21,Google
4178,217,4,2025-07-21,2749.45,Won,2025-07-21,Home Services Marketplace
4179,1146,6,2025-07-14,921.9,Lost,,Home Services Marketplace
4180,1151,1,2025-07-17,825.68,Won,2025-07-21,Referral
4181,57,5,2025-07-17,166.11,Won,2025-07-21,Google
4182,973,7,2025-07-20,1004.57,Won,2025-07-21,Google
4183,893,1,2025-07-20,1176.15,Won,2025-07-21,Referral
4184,333,5,2025-07-14,227.37,Won,2025-07-21,Organic
4185,1073,1,2025-07-11,984.59,Won,2025-07-21,Direct Mail
4186,200,1,2025-07-14,418.38,Lost,,Direct Mail
4187,83,2,2025-07-16,627.16,Won,2025-07-21,Referral
4188,1322,6,2025-07-17,1390.94,Won,2025-07-21,Google
4189,1015,1,2025-07-14,518.04,Open,,Google
4190,771,2,2025-07-14,438.76,Open,,Google
4191,793,2,2025-07-16,1193.61,Won,2025-07-21,Google
4192,493,3,2025-07-12,16930.36,Lost,,Organic
4193,86,1,2025-07-19,491.93,Open,,Organic
4194,460,2,2025-07-16,533.85,Won,2025-07-22,Referral
4195,316,2,2025-07-21,542.98,Open,,Google
4196,372,2,2025-07-11,1075.94,Won,2025-07-22,Home Services Marketplace
4197,842,5,2025-07-20,211.04,Open,,Referral
4198,786,3,2025-07-21,9262.97,Won,2025-07-22,Google
4199,905,6,2025-07-14,1594.99,Won,2025-07-22,Home Services Marketplace
4200,502,5,2025-07-21,217.69,Won,2025-07-22,Home Services Marketplace
4201,1181,7,2025-07-19,1036.55,Won,2025-07-22,Organic
4202,138,6,2025-07-18,1137.43,Won,2025-07-22,Google
4203,659,5,2025-07-16,216.16,Won,2025-07-22,Direct Mail
4204,552,5,2025-07-14,246.69,Won,2025-07-22,Referral
4205,1335,5,2025-07-22,195.37,Open,,Referral
4206,423,3,2025-07-20,16734.31,Open,,Organic
4207,1247,5,2025-07-18,393.57,Open,,Home Services Marketplace
4208,972,5,2025-07-18,185.25,Won,2025-07-22,Organic
4209,43,1,2025-07-13,699.74,Won,2025-07-22,Google
4210,1295,5,2025-07-12,147.35,Open,,Organic
4211,496,5,2025-07-13,210.17,Won,2025-07-22,Referral
4212,514,2,2025-07-13,569.07,Won,2025-07-22,Google
4213,196,2,2025-07-16,531.01,Won,2025-07-22,Organic
4214,366,4,2025-07-19,2737.17,Won,2025-07-22,Referral
4215,222,6,2025-07-16,1043.36,Lost,,Home Services Marketplace
4216,234,2,2025-07-23,1186.41,Lost,,Organic
4217,1226,6,2025-07-22,882.3,Won,2025-07-23,Referral
4218,308,7,2025-07-13,1358.63,Lost,,Referral
4219,81,2,2025-07-21,726.5,Won,2025-07-23,Google
4220,962,3,2025-07-23,8790.25,Lost,,Direct Mail
4221,359,4,2025-07-17,1992.3,Won,2025-07-23,Google
4222,1398,2,2025-07-17,479.05,Won,2025-07-23,Google
4223,20,6,2025-07-21,1884.58,Won,2025-07-23,Home Services Marketplace
4224,373,6,2025-07-13,928.08,Won,2025-07-23,Google
4225,254,3,2025-07-11,9091.07,Won,2025-07-23,Google
4226,577,1,2025-07-14,495.12,Open,,Direct Mail
4227,118,1,2025-07-21,516.1,Won,2025-07-23,Referral
4228,91,1,2025-07-17,695.63,Won,2025-07-23,Home Services Marketplace
4229,1125,3,2025-07-16,9411.23,Won,2025-07-23,Google
4230,352,1,2025-07-13,415.68,Open,,Direct Mail
4231,1216,1,2025-07-22,533.93,Won,2025-07-23,Referral
4232,820,1,2025-07-22,453.36,Won,2025-07-23,Direct Mail
4233,275,4,2025-07-16,2176.66,Lost,,Google
4234,865,5,2025-07-22,201.82,Won,2025-07-23,Referral
4235,931,6,2025-07-15,1321.81,Won,2025-07-23,Direct Mail
4236,429,7,2025-07-13,1380.12,Open,,Google
4237,76,3,2025-07-13,9918.26,Open,,Organic
4238,943,5,2025-07-11,182.05,Won,2025-07-23,Referral
4239,1344,5,2025-07-19,182.27,Won,2025-07-23,Home Services Marketplace
4240,534,4,2025-07-14,1920.46,Won,2025-07-23,Organic
4241,768,1,2025-07-16,432.06,Open,,Google
4242,1425,1,2025-07-14,414.7,Won,2025-07-24,Google
4243,937,6,2025-07-14,1801.18,Won,2025-07-24,Referral
4244,974,1,2025-07-15,427.59,Won,2025-07-24,Home Services Marketplace
4245,1066,5,2025-07-24,215.01,Won,2025-07-24,Referral
4246,152,6,2025-07-12,1086.71,Lost,,Referral
4247,1366,1,2025-07-19,368.09,Won,2025-07-24,Home Services Marketplace
4248,905,5,2025-07-17,198.43,Lost,,Home Services Marketplace
4249,541,1,2025-07-19,527.24,Won,2025-07-24,Organic
4250,502,5,2025-07-15,217.94,Won,2025-07-24,Home Services Marketplace
4251,573,1,2025-07-22,312.2,Lost,,Direct Mail
4252,566,5,2025-07-13,208.11,Won,2025-07-24,Referral
4253,524,1,2025-07-20,431.84,Lost,,Referral
4254,308,5,2025-07-13,169.55,Won,2025-07-24,Referral
4255,422,5,2025-07-16,228.94,Won,2025-07-24,Google
4256,470,2,2025-07-17,889.33,Won,2025-07-24,Google
4257,108,5,2025-07-23,176.11,Won,2025-07-24,Organic
4258,1258,6,2025-07-20,1145.65,Lost,,Google
4259,1092,6,2025-07-21,1322.4,Open,,Google
4260,46,3,2025-07-17,12075.72,Open,,Google
4261,341,2,2025-07-17,678.87,Lost,,Organic
4262,279,1,2025-07-24,463.73,Won,2025-07-24,Home Services Marketplace
4263,1109,5,2025-07-12,152.15,Won,2025-07-24,Referral
4264,1005,3,2025-07-22,8145.66,Won,2025-07-24,Home Services Marketplace
4265,863,5,2025-07-17,391.5,Won,2025-07-24,Google
4266,431,1,2025-07-16,390.57,Won,2025-07-24,Organic
4267,433,2,2025-07-19,819.96,Open,,Google
4268,1192,4,2025-07-16,2109.76,Open,,Referral
4269,155,1,2025-07-22,535.18,Won,2025-07-24,Organic
4270,1144,5,2025-07-22,181.09,Lost,,Google
4271,802,2,2025-07-22,649.56,Won,2025-07-25,Organic
4272,459,4,2025-07-18,3132.46,Lost,,Google
4273,1208,2,2025-07-25,504.74,Lost,,Google
4274,1404,4,2025-07-23,2217.67,Won,2025-07-25,Organic
4275,1260,3,2025-07-13,9291.41,Won,2025-07-25,Referral
4276,1073,1,2025-07-23,968.11,Lost,,Direct Mail
4277,1257,1,2025-07-22,600.62,Won,2025-07-25,Home Services Marketplace
4278,286,1,2025-07-24,488.7,Won,2025-07-25,Referral
4279,73,2,2025-07-21,699.02,Lost,,Referral
4280,1239,5,2025-07-18,213.38,Won,2025-07-25,Referral
4281,287,5,2025-07-25,342.43,Won,2025-07-25,Direct Mail
4282,1380,1,2025-07-25,408.36,Won,2025-07-25,Referral
4283,118,2,2025-07-15,515.55,Won,2025-07-25,Referral
4284,1289,1,2025-07-18,821.29,Won,2025-07-25,Google
4285,38,5,2025-07-18,207.27,Won,2025-07-25,Referral
4286,549,1,2025-07-19,482.13,Won,2025-07-25,Home Services Marketplace
4287,56,5,2025-07-22,244.21,Won,2025-07-25,Referral
4288,307,5,2025-07-15,204.78,Lost,,Google
4289,1427,5,2025-07-20,207.43,Won,2025-07-25,Referral
4290,976,5,2025-07-25,244.51,Won,2025-07-25,Google
4291,1129,2,2025-07-19,545.17,Open,,Referral
4292,1058,5,2025-07-24,277.72,Won,2025-07-25,Organic
4293,1436,1,2025-07-19,523.0,Lost,,Google
4294,72,4,2025-07-26,2988.01,Won,2025-07-26,Referral
4295,1286,2,2025-07-23,521.49,Won,2025-07-26,Google
4296,755,5,2025-07-25,144.12,Open,,Referral
4297,1156,6,2025-07-19,895.24,Won,2025-07-26,Referral
4298,677,1,2025-07-15,610.38,Won,2025-07-26,Home Services Marketplace
4299,393,2,2025-07-24,390.71,Won,2025-07-26,Google
4300,651,5,2025-07-20,162.16,Won,2025-07-26,Referral
4301,559,1,2025-07-18,471.59,Open,,Home Services Marketplace
4302,423,2,2025-07-24,1015.04,Open,,Organic
4303,148,2,2025-07-23,508.46,Open,,Referral
4304,559,5,2025-07-23,195.43,Won,2025-07-26,Home Services Marketplace
4305,322,5,2025-07-15,115.25,Won,2025-07-26,Google
4306,649,1,2025-07-21,472.47,Open,,Google
4307,375,1,2025-07-24,373.67,Won,2025-07-26,Direct Mail
4308,938,4,2025-07-22,3188.98,Won,2025-07-26,Home Services Marketplace
4309,844,7,2025-07-22,1240.71,Open,,Direct Mail
4310,891,2,2025-07-16,480.8,Won,2025-07-26,Direct Mail
4311,804,5,2025-07-16,154.25,Won,2025-07-26,Home Services Marketplace
4312,211,5,2025-07-16,164.55,Won,2025-07-27,Organic
4313,757,1,2025-07-18,393.18,Won,2025-07-27,Google
4314,1180,5,2025-07-21,256.63,Won,2025-07-27,Google
4315,1377,3,2025-07-16,11255.7,Open,,Direct Mail
4316,679,1,2025-07-19,512.17,Won,2025-07-27,Google
4317,1422,5,2025-07-20,188.88,Won,2025-07-27,Organic
4318,329,1,2025-07-15,452.96,Won,2025-07-27,Google
4319,125,3,2025-07-17,9469.38,Won,2025-07-27,Google
4320,832,1,2025-07-16,398.91,Won,2025-07-27,Referral
4321,1286,1,2025-07-27,634.86,Lost,,Google
4322,1078,3,2025-07-20,7999.07,Open,,Home Services Marketplace
4323,1321,4,2025-07-15,2525.69,Open,,Direct Mail
4324,444,4,2025-07-20,1855.09,Won,2025-07-27,Referral
4325,946,5,2025-07-17,186.01,Won,2025-07-27,Google
4326,1246,6,2025-07-21,1284.86,Won,2025-07-27,Google
4327,279,2,2025-07-20,540.6,Won,2025-07-27,Home Services Marketplace
4328,1319,1,2025-07-15,576.54,Won,2025-07-27,Organic
4329,850,2,2025-07-18,555.31,Won,2025-07-27,Direct Mail
4330,272,6,2025-07-15,1370.49,Won,2025-07-27,Home Services Marketplace
4331,1028,1,2025-07-27,655.71,Won,2025-07-28,Home Services Marketplace
4332,350,3,2025-07-22,7477.37,Won,2025-07-28,Google
4333,1163,2,2025-07-22,600.34,Lost,,Google
4334,4,1,2025-07-22,435.06,Open,,Google
4335,1054,2,2025-07-25,449.89,Won,2025-07-28,Google
4336,1368,3,2025-07-27,7200.44,Lost,,Google
4337,1132,5,2025-07-19,139.0,Open,,Referral
4338,206,5,2025-07-27,200.52,Open,,Home Services Marketplace
4339,1232,4,2025-07-18,1390.12,Open,,Home Services Marketplace
4340,781,5,2025-07-27,176.81,Won,2025-07-28,Referral
4341,1419,3,2025-07-20,12984.21,Won,2025-07-28,Google
4342,439,1,2025-07-18,889.22,Open,,Home Services Marketplace
4343,1203,4,2025-07-21,1786.79,Open,,Google
4344,241,5,2025-07-21,134.47,Open,,Referral
4345,843,1,2025-07-19,600.44,Lost,,Referral
4346,955,5,2025-07-23,202.0,Won,2025-07-28,Organic
4347,854,6,2025-07-20,1423.62,Won,2025-07-28,Organic
4348,1265,3,2025-07-26,7640.13,Open,,Google
4349,644,2,2025-07-28,491.74,Open,,Referral
4350,110,7,2025-07-24,2141.94,Won,2025-07-28,Google
4351,667,2,2025-07-18,831.29,Won,2025-07-28,Organic
4352,1266,1,2025-07-28,569.09,Won,2025-07-28,Google
4353,1433,3,2025-07-18,8342.72,Won,2025-07-28,Google
4354,796,6,2025-07-20,1146.19,Won,2025-07-28,Google
4355,1331,6,2025-07-28,1767.19,Won,2025-07-28,Home Services Marketplace
4356,1179,7,2025-07-28,1438.64,Won,2025-07-28,Direct Mail
4357,1340,6,2025-07-16,1331.76,Lost,,Organic
4358,1254,7,2025-07-26,1163.6,Won,2025-07-28,Home Services Marketplace
4359,320,4,2025-07-16,1481.0,Won,2025-07-28,Referral
4360,741,1,2025-07-22,581.65,Won,2025-07-28,Google
4361,462,5,2025-07-18,301.6,Lost,,Referral
4362,64,7,2025-07-18,1173.67,Won,2025-07-28,Google
4363,390,2,2025-07-17,548.79,Won,2025-07-28,Referral
4364,198,5,2025-07-21,188.36,Won,2025-07-28,Direct Mail
4365,479,5,2025-07-21,139.7,Won,2025-07-28,Referral
4366,26,3,2025-07-24,6879.45,Won,2025-07-28,Google
4367,1249,1,2025-07-17,458.93,Won,2025-07-28,Google
4368,82,1,2025-07-20,664.89,Won,2025-07-29,Referral
4369,717,1,2025-07-18,607.43,Lost,,Home Services Marketplace
4370,773,2,2025-07-17,542.17,Won,2025-07-29,Google
4371,1349,1,2025-07-25,432.01,Won,2025-07-29,Organic
4372,1315,1,2025-07-20,473.43,Won,2025-07-29,Google
4373,1051,1,2025-07-20,411.7,Won,2025-07-29,Organic
4374,1121,1,2025-07-27,538.15,Won,2025-07-29,Google
4375,558,1,2025-07-23,381.75,Won,2025-07-29,Google
4376,203,5,2025-07-29,188.48,Open,,Referral
4377,1405,1,2025-07-25,570.36,Won,2025-07-29,Google
4378,91,1,2025-07-27,475.61,Won,2025-07-29,Home Services Marketplace
4379,142,1,2025-07-17,461.36,Won,2025-07-29,Home Services Marketplace
4380,192,4,2025-07-29,4918.65,Open,,Google
4381,62,5,2025-07-17,165.95,Open,,Google
4382,111,5,2025-07-23,161.84,Won,2025-07-29,Organic
4383,1348,5,2025-07-28,153.89,Lost,,Organic
4384,643,5,2025-07-24,131.92,Lost,,Google
4385,958,2,2025-07-25,504.51,Won,2025-07-29,Google
4386,1150,2,2025-07-18,811.11,Won,2025-07-29,Google
4387,434,6,2025-07-19,1105.81,Open,,Google
4388,108,5,2025-07-18,156.43,Won,2025-07-29,Organic
4389,892,6,2025-07-18,1092.98,Won,2025-07-29,Organic
4390,311,5,2025-07-20,182.7,Open,,Referral
4391,1317,4,2025-07-20,2210.47,Lost,,Direct Mail
4392,652,2,2025-07-21,512.47,Won,2025-07-30,Referral
4393,251,5,2025-07-22,204.13,Won,2025-07-30,Organic
4394,1252,7,2025-07-28,1837.61,Won,2025-07-30,Organic
4395,1164,1,2025-07-28,526.47,Won,2025-07-30,Organic
4396,471,6,2025-07-25,1375.77,Lost,,Google
4397,246,5,2025-07-18,238.06,Open,,Referral
4398,660,2,2025-07-26,497.98,Won,2025-07-30,Google
4399,510,3,2025-07-30,9699.51,Lost,,Google
4400,320,4,2025-07-18,2642.38,Won,2025-07-30,Referral
4401,139,5,2025-07-22,209.99,Won,2025-07-30,Google
4402,299,6,2025-07-27,1073.24,Won,2025-07-30,Referral
4403,763,5,2025-07-29,196.23,Won,2025-07-30,Google
4404,327,1,2025-07-24,591.33,Lost,,Home Services Marketplace
4405,26,1,2025-07-20,536.64,Open,,Google
4406,261,2,2025-07-24,642.45,Won,2025-07-30,Google
4407,690,2,2025-07-18,504.86,Won,2025-07-30,Referral
4408,937,5,2025-07-26,394.6,Won,2025-07-30,Referral
4409,1040,2,2025-07-30,500.89,Open,,Google
4410,178,2,2025-07-20,379.63,Won,2025-07-30,Google
4411,1395,5,2025-07-21,223.67,Won,2025-07-30,Home Services Marketplace
4412,40,3,2025-07-30,6950.27,Won,2025-07-30,Direct Mail
4413,579,1,2025-07-22,512.16,Open,,Google
4414,967,1,2025-07-29,413.86,Won,2025-07-30,Google
4415,723,2,2025-07-19,647.62,Won,2025-07-30,Direct Mail
4416,1229,3,2025-07-29,10207.89,Won,2025-07-30,Google
4417,1088,1,2025-07-28,506.54,Lost,,Home Services Marketplace
4418,1064,2,2025-07-25,638.85,Won,2025-07-30,Referral
4419,878,5,2025-07-28,170.89,Won,2025-07-30,Organic
4420,929,5,2025-07-21,144.47,Won,2025-07-30,Referral
4421,1040,2,2025-07-28,526.85,Lost,,Google
4422,730,1,2025-07-27,362.59,Won,2025-07-31,Organic
4423,1166,1,2025-07-25,520.43,Won,2025-07-31,Google
4424,1257,3,2025-07-29,8961.59,Won,2025-07-31,Home Services Marketplace
4425,459,5,2025-07-22,147.6,Won,2025-07-31,Google
4426,746,1,2025-07-28,466.46,Open,,Direct Mail
4427,504,2,2025-07-19,663.51,Won,2025-07-31,Referral
4428,186,1,2025-07-27,683.78,Won,2025-07-31,Google
4429,70,2,2025-07-21,514.92,Won,2025-07-31,Google
4430,872,5,2025-07-26,182.97,Won,2025-07-31,Organic
4431,298,1,2025-07-25,504.77,Won,2025-07-31,Referral
4432,624,5,2025-07-26,308.42,Won,2025-07-31,Google
4433,827,6,2025-07-23,2128.96,Won,2025-07-31,Google
4434,937,3,2025-07-19,10997.94,Open,,Referral
4435,1380,5,2025-07-29,225.89,Open,,Referral
4436,1255,1,2025-07-24,395.48,Won,2025-07-31,Referral
4437,1076,1,2025-07-19,601.63,Won,2025-07-31,Referral
4438,490,2,2025-07-28,450.45,Open,,Referral
4439,1349,6,2025-07-24,1119.0,Lost,,Organic
4440,894,1,2025-07-21,348.06,Won,2025-07-31,Home Services Marketplace
4441,781,2,2025-07-26,608.52,Won,2025-07-31,Referral
4442,473,6,2025-07-24,1135.3,Won,2025-07-31,Google
4443,372,4,2025-07-21,4533.5,Won,2025-07-31,Home Services Marketplace
4444,1421,1,2025-07-31,483.24,Won,2025-07-31,Referral
4445,111,5,2025-07-23,152.43,Won,2025-07-31,Organic
4446,1240,5,2025-07-22,199.68,Won,2025-07-31,Google
4447,774,3,2025-07-24,7107.94,Won,2025-07-31,Referral
4448,1257,1,2025-07-19,360.1,Won,2025-07-31,Home Services Marketplace
4449,1077,1,2025-07-30,373.36,Won,2025-07-31,Referral
4450,77,1,2025-07-25,427.48,Won,2025-08-01,Referral
4451,456,3,2025-08-01,9255.78,Won,2025-08-01,Organic
4452,263,2,2025-07-20,881.45,Won,2025-08-01,Organic
4453,515,6,2025-07-30,1339.87,Won,2025-08-01,Direct Mail
4454,1356,5,2025-07-28,225.02,Won,2025-08-01,Referral
4455,740,1,2025-07-26,379.67,Won,2025-08-01,Home Services Marketplace
4456,1285,2,2025-07-20,691.15,Won,2025-08-01,Google
4457,1380,2,2025-07-23,684.37,Lost,,Referral
4458,1330,4,2025-07-30,2290.08,Won,2025-08-01,Home Services Marketplace
4459,477,1,2025-07-27,479.15,Won,2025-08-01,Direct Mail
4460,97,2,2025-07-20,538.78,Won,2025-08-01,Google
4461,565,1,2025-07-31,442.69,Won,2025-08-01,Referral
4462,177,2,2025-07-23,467.6,Lost,,Referral
4463,1225,4,2025-07-20,5458.96,Won,2025-08-01,Organic
4464,977,2,2025-07-28,521.89,Won,2025-08-01,Direct Mail
4465,1206,1,2025-07-20,526.9,Won,2025-08-01,Google
4466,1322,5,2025-07-24,160.89,Won,2025-08-01,Google
4467,1083,1,2025-08-01,682.32,Lost,,Organic
4468,366,3,2025-07-22,12115.27,Won,2025-08-01,Referral
4469,225,1,2025-07-25,517.48,Won,2025-08-01,Home Services Marketplace
4470,1188,1,2025-07-22,429.95,Won,2025-08-01,Referral
4471,1129,3,2025-07-24,9415.91,Won,2025-08-01,Referral
4472,823,6,2025-08-01,1010.3,Won,2025-08-01,Home Services Marketplace
4473,1118,2,2025-07-30,619.34,Won,2025-08-01,Referral
4474,1368,3,2025-07-24,10011.04,Won,2025-08-01,Google
4475,1311,4,2025-08-01,2726.44,Open,,Organic
4476,803,1,2025-07-26,528.97,Won,2025-08-01,Google
4477,41,2,2025-07-26,716.03,Won,2025-08-02,Google
4478,223,1,2025-07-24,294.01,Won,2025-08-02,Google
4479,859,4,2025-07-31,1916.48,Lost,,Home Services Marketplace
4480,1176,2,2025-07-27,578.65,Won,2025-08-02,Referral
4481,574,7,2025-07-25,1224.54,Won,2025-08-02,Organic
4482,276,1,2025-07-29,455.69,Won,2025-08-02,Google
4483,1180,6,2025-07-31,879.62,Open,,Google
4484,599,2,2025-07-30,654.05,Lost,,Referral
4485,328,1,2025-07-28,362.79,Won,2025-08-02,Google
4486,118,5,2025-07-27,183.56,Won,2025-08-02,Referral
4487,1309,5,2025-07-27,185.96,Won,2025-08-02,Direct Mail
4488,437,5,2025-07-24,197.45,Won,2025-08-02,Referral
4489,670,1,2025-07-21,384.14,Won,2025-08-02,Referral
4490,398,6,2025-08-02,1133.27,Lost,,Direct Mail
4491,6,5,2025-08-03,167.27,Open,,Home Services Marketplace
4492,684,7,2025-07-25,935.97,Won,2025-08-03,Direct Mail
4493,945,4,2025-07-31,2132.27,Lost,,Google
4494,575,5,2025-07-30,151.17,Won,2025-08-03,Referral
4495,770,1,2025-07-26,367.5,Open,,Organic
4496,517,1,2025-07-30,520.73,Won,2025-08-03,Google
4497,43,6,2025-07-22,1142.26,Won,2025-08-03,Google
4498,119,1,2025-07-25,336.18,Won,2025-08-03,Referral
4499,1319,5,2025-07-26,230.12,Won,2025-08-03,Organic
4500,1341,1,2025-07-25,419.44,Won,2025-08-03,Referral
4501,592,3,2025-07-23,17289.03,Lost,,Home Services Marketplace
4502,875,4,2025-07-31,2064.11,Lost,,Organic
4503,1287,5,2025-07-28,227.79,Won,2025-08-03,Google
4504,690,1,2025-07-23,455.94,Won,2025-08-03,Referral
4505,376,2,2025-08-02,633.55,Won,2025-08-03,Google
4506,736,1,2025-07-26,498.36,Won,2025-08-04,Organic
4507,1201,2,2025-07-23,612.78,Lost,,Home Services Marketplace
4508,392,1,2025-07-25,586.58,Won,2025-08-04,Google
4509,1236,3,2025-08-01,7803.97,Open,,Home Services Marketplace
4510,1199,1,2025-07-26,538.54,Lost,,Organic
4511,1376,1,2025-07-31,313.42,Won,2025-08-04,Home Services Marketplace
4512,475,2,2025-07-31,542.79,Won,2025-08-04,Google
4513,764,1,2025-08-02,650.56,Won,2025-08-04,Organic
4514,1174,1,2025-07-31,822.93,Won,2025-08-04,Organic
4515,1280,5,2025-07-31,175.13,Won,2025-08-04,Google
4516,131,5,2025-08-01,166.62,Won,2025-08-04,Direct Mail
4517,835,4,2025-08-04,2211.27,Won,2025-08-04,Google
4518,1197,5,2025-07-29,188.11,Won,2025-08-04,Organic
4519,844,2,2025-07-30,482.53,Won,2025-08-04,Direct Mail
4520,501,2,2025-07-24,552.23,Won,2025-08-04,Google
4521,1441,6,2025-07-31,2871.41,Lost,,Google
4522,730,2,2025-08-01,652.04,Won,2025-08-04,Organic
4523,1189,2,2025-07-29,1251.31,Won,2025-08-04,Referral
4524,599,5,2025-08-05,332.77,Lost,,Referral
4525,694,3,2025-07-28,9020.84,Open,,Google
4526,260,1,2025-08-02,910.57,Won,2025-08-05,Referral
4527,644,5,2025-07-30,209.77,Won,2025-08-05,Referral
4528,1237,5,2025-08-04,208.04,Won,2025-08-05,Direct Mail
4529,693,1,2025-07-25,361.53,Won,2025-08-05,Referral
4530,1436,1,2025-08-05,525.3,Lost,,Google
4531,655,5,2025-08-01,146.15,Open,,Google
4532,674,1,2025-07-24,455.43,Won,2025-08-05,Referral
4533,972,5,2025-08-05,249.56,Won,2025-08-05,Organic
4534,1367,3,2025-08-02,10383.71,Won,2025-08-05,Organic
4535,1163,2,2025-07-31,501.12,Won,2025-08-05,Google
4536,1239,5,2025-07-28,161.71,Won,2025-08-05,Referral
4537,384,3,2025-07-24,9424.16,Open,,Google
4538,1426,1,2025-08-04,530.46,Lost,,Referral
4539,1094,5,2025-07-31,179.53,Won,2025-08-05,Google
4540,903,4,2025-08-03,3447.25,Open,,Referral
4541,1205,7,2025-08-04,1058.01,Won,2025-08-05,Referral
4542,11,1,2025-08-05,605.42,Won,2025-08-05,Referral
4543,212,7,2025-07-28,707.83,Won,2025-08-05,Google
4544,423,4,2025-07-30,3838.01,Won,2025-08-06,Organic
4545,368,3,2025-07-30,7067.94,Lost,,Direct Mail
4546,1240,2,2025-08-05,400.97,Lost,,Google
4547,33,2,2025-08-06,638.49,Won,2025-08-06,Google
4548,708,6,2025-07-25,1258.33,Won,2025-08-06,Google
4549,372,1,2025-07-29,970.61,Won,2025-08-06,Home Services Marketplace
4550,1230,2,2025-08-04,412.1,Won,2025-08-06,Referral
4551,1150,1,2025-07-27,966.09,Won,2025-08-06,Google
4552,1278,1,2025-07-26,397.08,Won,2025-08-06,Referral
4553,839,1,2025-07-29,453.53,Lost,,Google
4554,612,5,2025-08-06,160.82,Won,2025-08-06,Google
4555,840,7,2025-08-06,1072.89,Won,2025-08-06,Organic
4556,1092,7,2025-07-26,1229.87,Open,,Google
4557,610,2,2025-07-25,707.04,Lost,,Google
4558,42,2,2025-08-04,517.83,Open,,Home Services Marketplace
4559,706,2,2025-08-02,776.78,Won,2025-08-06,Organic
4560,1420,2,2025-08-05,625.51,Won,2025-08-06,Referral
4561,1136,1,2025-07-29,872.81,Won,2025-08-06,Organic
4562,1057,6,2025-07-27,1243.95,Open,,Referral
4563,1404,3,2025-07-30,7075.91,Open,,Organic
4564,336,1,2025-08-07,677.09,Open,,Direct Mail
4565,291,3,2025-07-28,10564.81,Won,2025-08-07,Referral
4566,341,3,2025-08-01,12245.75,Won,2025-08-07,Organic
4567,194,5,2025-07-26,170.88,Open,,Organic
4568,325,1,2025-07-27,394.88,Lost,,Referral
4569,1393,2,2025-08-01,505.35,Won,2025-08-07,Google
4570,1048,1,2025-08-01,782.53,Won,2025-08-07,Referral
4571,988,5,2025-07-31,191.76,Won,2025-08-07,Referral
4572,388,5,2025-08-05,212.17,Lost,,Google
4573,56,5,2025-08-03,255.15,Won,2025-08-07,Referral
4574,291,1,2025-07-28,489.15,Won,2025-08-07,Referral
4575,594,4,2025-08-07,2630.25,Open,,Organic
4576,471,7,2025-07-27,1072.13,Won,2025-08-07,Google
4577,514,2,2025-08-02,558.9,Won,2025-08-07,Google
4578,684,5,2025-08-04,230.0,Won,2025-08-07,Direct Mail
4579,535,4,2025-08-02,2658.29,Lost,,Home Services Marketplace
4580,965,4,2025-08-05,1904.63,Won,2025-08-07,Referral
4581,166,3,2025-07-26,7957.98,Won,2025-08-07,Google
4582,965,1,2025-08-05,613.53,Won,2025-08-07,Referral
4583,845,4,2025-07-28,2557.87,Open,,Home Services Marketplace
4584,796,6,2025-07-30,1784.35,Won,2025-08-07,Google
4585,1197,2,2025-07-27,489.65,Won,2025-08-07,Organic
4586,486,1,2025-08-07,824.24,Won,2025-08-07,Google
4587,633,4,2025-08-02,2804.36,Won,2025-08-07,Referral
4588,922,3,2025-08-02,10107.81,Won,2025-08-07,Home Services Marketplace
4589,567,1,2025-08-04,586.88,Won,2025-08-07,Referral
4590,95,2,2025-07-30,464.56,Won,2025-08-07,Organic
4591,452,5,2025-07-27,202.02,Open,,Organic
4592,112,4,2025-07-31,2907.53,Won,2025-08-08,Organic
4593,1355,5,2025-08-06,182.95,Won,2025-08-08,Organic
4594,650,5,2025-08-03,457.69,Won,2025-08-08,Home Services Marketplace
4595,588,1,2025-08-06,425.9,Open,,Organic
4596,1409,5,2025-08-02,179.21,Lost,,Referral
4597,88,1,2025-08-04,734.84,Won,2025-08-08,Google
4598,30,6,2025-07-27,1857.9,Won,2025-08-08,Referral
4599,279,6,2025-08-02,819.54,Open,,Home Services Marketplace
4600,731,1,2025-07-31,575.22,Lost,,Google
4601,408,6,2025-08-07,1239.67,Won,2025-08-08,Organic
4602,250,1,2025-08-06,431.84,Open,,Organic
4603,1243,3,2025-07-31,9723.37,Won,2025-08-08,Organic
4604,87,5,2025-08-05,225.75,Won,2025-08-08,Direct Mail
4605,235,2,2025-08-04,463.95,Won,2025-08-08,Organic
4606,748,1,2025-07-30,662.14,Won,2025-08-08,Google
4607,1293,1,2025-07-28,506.14,Open,,Google
4608,360,3,2025-08-02,10191.72,Lost,,Home Services Marketplace
4609,14,5,2025-07-30,141.91,Won,2025-08-08,Referral
4610,981,5,2025-07-29,195.69,Lost,,Referral
4611,1212,1,2025-07-28,486.76,Won,2025-08-09,Home Services Marketplace
4612,1024,5,2025-07-31,195.72,Lost,,Referral
4613,845,1,2025-08-03,702.23,Won,2025-08-09,Home Services Marketplace
4614,1255,1,2025-08-03,668.91,Won,2025-08-09,Referral
4615,1188,5,2025-07-28,188.63,Won,2025-08-09,Referral
4616,1262,5,2025-07-30,420.7,Won,2025-08-09,Google
4617,112,7,2025-08-01,2173.12,Won,2025-08-09,Organic
4618,1074,5,2025-08-08,141.45,Lost,,Organic
4619,897,5,2025-07-30,177.81,Won,2025-08-09,Organic
4620,856,7,2025-07-28,968.54,Lost,,Home Services Marketplace
4621,44,5,2025-07-29,173.31,Won,2025-08-09,Google
4622,711,4,2025-08-01,1999.4,Lost,,Google
4623,752,2,2025-07-31,448.48,Lost,,Referral
4624,1362,2,2025-07-29,460.83,Won,2025-08-09,Google
4625,710,2,2025-07-29,494.95,Won,2025-08-09,Google
4626,235,5,2025-08-04,239.96,Won,2025-08-09,Organic
4627,235,5,2025-07-29,206.79,Won,2025-08-09,Organic
4628,719,2,2025-08-04,486.72,Won,2025-08-09,Referral
4629,494,5,2025-08-06,176.78,Won,2025-08-10,Referral
4630,1133,3,2025-08-05,9511.45,Open,,Direct Mail
4631,139,2,2025-07-29,492.99,Won,2025-08-10,Google
4632,832,1,2025-07-29,723.43,Won,2025-08-10,Referral
4633,385,1,2025-07-30,551.09,Won,2025-08-10,Google
4634,725,1,2025-08-03,764.45,Won,2025-08-10,Referral
4635,1149,5,2025-08-05,229.44,Won,2025-08-10,Home Services Marketplace
4636,1072,5,2025-08-04,378.31,Won,2025-08-10,Referral
4637,418,1,2025-07-30,524.5,Won,2025-08-10,Direct Mail
4638,503,1,2025-08-01,411.82,Won,2025-08-10,Direct Mail
4639,725,2,2025-08-02,876.34,Open,,Referral
4640,1110,1,2025-08-06,1004.65,Won,2025-08-10,Organic
4641,174,1,2025-08-08,561.42,Won,2025-08-10,Google
4642,1227,3,2025-08-02,13392.66,Won,2025-08-10,Direct Mail
4643,236,1,2025-08-10,471.79,Open,,Direct Mail
4644,306,5,2025-08-06,182.21,Won,2025-08-10,Organic
4645,533,1,2025-08-06,488.21,Won,2025-08-10,Referral
4646,412,6,2025-07-29,946.29,Won,2025-08-10,Home Services Marketplace
4647,584,3,2025-08-07,8801.39,Won,2025-08-11,Google
4648,1321,1,2025-08-06,398.08,Won,2025-08-11,Direct Mail
4649,692,1,2025-08-03,1089.42,Won,2025-08-11,Organic
4650,745,2,2025-08-01,629.78,Won,2025-08-11,Organic
4651,1233,2,2025-08-03,549.76,Won,2025-08-11,Google
4652,877,5,2025-08-09,185.93,Won,2025-08-11,Home Services Marketplace
4653,119,5,2025-08-03,170.86,Won,2025-08-11,Referral
4654,793,4,2025-08-03,4498.4,Won,2025-08-11,Google
4655,121,4,2025-08-07,4914.85,Won,2025-08-11,Home Services Marketplace
4656,595,5,2025-08-02,168.53,Lost,,Google
4657,1323,3,2025-08-03,14155.5,Lost,,Google
4658,1425,1,2025-08-09,438.84,Won,2025-08-11,Google
4659,1016,2,2025-08-01,694.75,Won,2025-08-11,Google
4660,957,2,2025-08-06,601.46,Won,2025-08-11,Referral
4661,649,2,2025-08-11,434.75,Won,2025-08-11,Google
4662,1059,6,2025-08-04,1276.22,Won,2025-08-11,Home Services Marketplace
4663,1315,1,2025-08-09,410.19,Open,,Google
4664,611,3,2025-08-09,9216.4,Open,,Referral
4665,267,5,2025-08-07,222.78,Won,2025-08-11,Google
4666,1015,1,2025-08-06,509.09,Won,2025-08-11,Google
4667,204,5,2025-08-10,173.53,Won,2025-08-11,Home Services Marketplace
4668,679,1,2025-07-31,493.46,Won,2025-08-11,Google
4669,41,4,2025-08-11,3091.04,Won,2025-08-11,Google
4670,678,5,2025-08-01,192.96,Won,2025-08-11,Organic
4671,250,1,2025-08-10,403.04,Lost,,Organic
4672,978,1,2025-08-03,471.25,Won,2025-08-11,Organic
4673,308,1,2025-08-12,465.06,Open,,Referral
4674,1023,1,2025-08-03,519.58,Won,2025-08-12,Referral
4675,317,1,2025-08-02,396.68,Won,2025-08-12,Organic
4676,403,2,2025-08-01,609.67,Won,2025-08-12,Direct Mail
4677,246,3,2025-08-05,11278.3,Won,2025-08-12,Referral
4678,755,6,2025-08-01,1112.26,Open,,Referral
4679,896,3,2025-08-05,10238.17,Won,2025-08-12,Google
4680,877,6,2025-08-10,1088.46,Open,,Home Services Marketplace
4681,799,5,2025-08-02,194.04,Won,2025-08-12,Referral
4682,929,4,2025-08-09,2917.4,Won,2025-08-12,Referral
4683,5,3,2025-08-10,9647.09,Won,2025-08-12,Referral
4684,1180,3,2025-08-08,7778.59,Won,2025-08-12,Google
4685,63,2,2025-08-08,665.08,Won,2025-08-12,Google
4686,1365,6,2025-08-01,1183.56,Won,2025-08-12,Referral
4687,1080,5,2025-08-05,195.08,Won,2025-08-12,Google
4688,235,6,2025-08-07,1287.77,Won,2025-08-12,Organic
4689,827,3,2025-08-03,15404.52,Open,,Google
4690,389,6,2025-08-04,924.58,Won,2025-08-13,Referral
4691,1311,1,2025-08-02,402.02,Won,2025-08-13,Organic
4692,1086,6,2025-08-07,759.93,Won,2025-08-13,Google
4693,962,2,2025-08-06,545.47,Open,,Direct Mail
4694,657,1,2025-08-12,467.55,Won,2025-08-13,Referral
4695,91,1,2025-08-02,605.41,Won,2025-08-13,Home Services Marketplace
4696,999,4,2025-08-02,2139.76,Lost,,Referral
4697,1128,5,2025-08-08,165.85,Open,,Referral
4698,789,3,2025-08-09,9295.3,Won,2025-08-13,Home Services Marketplace
4699,981,4,2025-08-06,2453.23,Lost,,Referral
4700,1217,5,2025-08-04,161.02,Won,2025-08-13,Google
4701,768,5,2025-08-07,161.77,Won,2025-08-13,Google
4702,1298,5,2025-08-03,218.06,Won,2025-08-13,Direct Mail
4703,1390,3,2025-08-13,9963.19,Lost,,Organic
4704,249,5,2025-08-13,202.06,Won,2025-08-13,Home Services Marketplace
4705,307,2,2025-08-08,499.14,Won,2025-08-13,Google
4706,890,1,2025-08-06,429.26,Lost,,Google
4707,6,7,2025-08-10,1210.9,Won,2025-08-13,Home Services Marketplace
4708,526,3,2025-08-02,9261.89,Open,,Google
4709,430,4,2025-08-05,2412.53,Won,2025-08-13,Referral
4710,51,3,2025-08-11,10425.96,Lost,,Organic
4711,1135,7,2025-08-06,1401.63,Won,2025-08-13,Organic
4712,1073,1,2025-08-03,913.93,Won,2025-08-13,Direct Mail
4713,255,4,2025-08-01,2454.8,Won,2025-08-13,Home Services Marketplace
4714,253,1,2025-08-07,515.46,Won,2025-08-13,Google
4715,159,1,2025-08-01,460.67,Won,2025-08-13,Google
4716,1317,5,2025-08-04,189.48,Won,2025-08-13,Direct Mail
4717,999,5,2025-08-05,195.0,Lost,,Referral
4718,327,1,2025-08-11,432.56,Open,,Home Services Marketplace
4719,1074,1,2025-08-04,491.24,Won,2025-08-14,Organic
4720,1190,7,2025-08-05,1580.48,Won,2025-08-14,Organic
4721,1281,1,2025-08-05,462.38,Open,,Referral
4722,1293,1,2025-08-11,358.23,Lost,,Google
4723,139,5,2025-08-09,205.87,Won,2025-08-14,Google
4724,1141,6,2025-08-14,937.67,Won,2025-08-14,Google
4725,376,6,2025-08-06,1531.5,Won,2025-08-14,Google
4726,103,1,2025-08-02,478.25,Won,2025-08-14,Organic
4727,67,2,2025-08-07,616.28,Won,2025-08-14,Google
4728,268,1,2025-08-04,433.54,Lost,,Referral
4729,1410,4,2025-08-05,2287.44,Open,,Referral
4730,762,3,2025-08-12,8629.37,Won,2025-08-14,Google
4731,1399,3,2025-08-14,13099.62,Won,2025-08-14,Organic
4732,864,5,2025-08-03,191.44,Open,,Google
4733,1117,5,2025-08-08,289.45,Lost,,Google
4734,141,1,2025-08-08,562.02,Won,2025-08-14,Google
4735,1093,1,2025-08-08,857.86,Won,2025-08-14,Organic
4736,1438,1,2025-08-11,869.39,Lost,,Organic
4737,1338,1,2025-08-04,673.38,Lost,,Google
4738,192,4,2025-08-04,4079.14,Open,,Google
4739,1210,4,2025-08-12,1694.35,Open,,Google
4740,139,5,2025-08-12,161.3,Won,2025-08-15,Google
4741,843,1,2025-08-13,717.4,Open,,Referral
4742,1420,5,2025-08-12,169.95,Won,2025-08-15,Referral
4743,1128,1,2025-08-07,501.35,Open,,Referral
4744,606,7,2025-08-06,1151.27,Won,2025-08-15,Organic
4745,357,1,2025-08-13,584.17,Open,,Referral
4746,376,4,2025-08-12,1662.97,Open,,Google
4747,768,5,2025-08-07,203.25,Won,2025-08-15,Google
4748,402,2,2025-08-13,471.57,Won,2025-08-15,Google
4749,278,3,2025-08-11,10582.87,Open,,Google
4750,1333,7,2025-08-09,1231.03,Won,2025-08-15,Direct Mail
4751,1324,2,2025-08-04,487.68,Lost,,Google
4752,921,2,2025-08-08,397.28,Won,2025-08-15,Referral
4753,200,5,2025-08-13,178.27,Open,,Direct Mail
4754,1046,5,2025-08-06,202.82,Won,2025-08-15,Home Services Marketplace
4755,1196,1,2025-08-05,819.07,Won,2025-08-15,Referral
4756,457,5,2025-08-10,215.37,Won,2025-08-15,Referral
4757,590,1,2025-08-06,465.94,Won,2025-08-15,Google
4758,1,1,2025-08-16,411.26,Open,,Google
4759,1279,3,2025-08-16,9266.38,Won,2025-08-16,Google
4760,437,1,2025-08-16,532.94,Open,,Referral
4761,7,5,2025-08-06,175.99,Won,2025-08-16,Google
4762,1145,1,2025-08-08,528.78,Won,2025-08-16,Google
4763,490,5,2025-08-16,170.36,Won,2025-08-16,Referral
4764,1042,2,2025-08-06,567.99,Won,2025-08-16,Google
4765,1331,5,2025-08-10,209.79,Won,2025-08-16,Home Services Marketplace
4766,161,5,2025-08-11,308.08,Lost,,Google
4767,996,5,2025-08-08,157.2,Won,2025-08-16,Organic
4768,791,5,2025-08-13,187.54,Won,2025-08-16,Google
4769,707,1,2025-08-12,339.05,Won,2025-08-16,Organic
4770,806,3,2025-08-11,6019.84,Open,,Google
4771,274,5,2025-08-14,234.53,Won,2025-08-16,Google
4772,13,3,2025-08-14,12697.68,Open,,Referral
4773,1245,6,2025-08-07,2206.02,Lost,,Referral
4774,1216,4,2025-08-13,2940.0,Won,2025-08-16,Referral
4775,83,1,2025-08-17,627.91,Won,2025-08-17,Referral
4776,1101,1,2025-08-08,619.38,Won,2025-08-17,Home Services Marketplace
4777,1346,5,2025-08-07,215.53,Lost,,Organic
4778,814,5,2025-08-14,288.55,Lost,,Organic
4779,1170,2,2025-08-08,512.27,Won,2025-08-17,Google
4780,605,3,2025-08-15,16203.63,Won,2025-08-17,Google
4781,1388,3,2025-08-17,13863.61,Won,2025-08-17,Google
4782,1077,4,2025-08-17,2200.46,Won,2025-08-17,Referral
4783,1407,2,2025-08-06,455.17,Won,2025-08-17,Referral
4784,317,5,2025-08-10,185.72,Won,2025-08-17,Organic
4785,1309,1,2025-08-14,499.74,Won,2025-08-17,Direct Mail
4786,1413,1,2025-08-14,366.03,Won,2025-08-17,Organic
4787,619,6,2025-08-14,1007.98,Won,2025-08-17,Organic
4788,635,5,2025-08-07,211.64,Won,2025-08-17,Organic
4789,819,2,2025-08-16,626.25,Won,2025-08-17,Organic
4790,736,2,2025-08-16,505.99,Open,,Organic
4791,356,5,2025-08-14,180.53,Won,2025-08-17,Direct Mail
4792,300,2,2025-08-09,397.71,Won,2025-08-17,Direct Mail
4793,947,2,2025-08-08,340.41,Open,,Organic
4794,1090,5,2025-08-14,172.12,Won,2025-08-18,Google
4795,1320,1,2025-08-13,960.88,Won,2025-08-18,Direct Mail
4796,280,6,2025-08-06,1215.78,Won,2025-08-18,Direct Mail
4797,1321,1,2025-08-16,509.67,Open,,Direct Mail
4798,44,2,2025-08-07,518.4,Lost,,Google
4799,986,7,2025-08-06,1685.39,Open,,Home Services Marketplace
4800,1328,1,2025-08-16,497.8,Won,2025-08-18,Direct Mail
4801,645,5,2025-08-11,148.65,Won,2025-08-18,Referral
4802,922,1,2025-08-11,466.81,Open,,Home Services Marketplace
4803,409,2,2025-08-17,484.45,Won,2025-08-18,Google
4804,1403,2,2025-08-08,724.24,Won,2025-08-18,Organic
4805,752,2,2025-08-07,364.34,Won,2025-08-18,Referral
4806,893,5,2025-08-18,364.91,Open,,Referral
4807,217,4,2025-08-12,2677.42,Won,2025-08-18,Home Services Marketplace
4808,1400,5,2025-08-18,198.82,Won,2025-08-18,Referral
4809,185,5,2025-08-17,211.05,Open,,Google
4810,1358,5,2025-08-17,194.06,Won,2025-08-18,Referral
4811,518,1,2025-08-08,511.52,Won,2025-08-18,Organic
4812,1051,1,2025-08-12,611.95,Won,2025-08-18,Organic
4813,1224,2,2025-08-10,584.7,Won,2025-08-18,Organic
4814,141,3,2025-08-12,10050.72,Open,,Google
4815,186,7,2025-08-07,870.72,Won,2025-08-18,Google
4816,200,6,2025-08-15,1196.35,Open,,Direct Mail
4817,1178,5,2025-08-07,142.54,Open,,Home Services Marketplace
4818,524,1,2025-08-08,521.86,Open,,Referral
4819,136,1,2025-08-18,763.25,Lost,,Google
4820,1440,5,2025-08-11,248.73,Won,2025-08-19,Home Services Marketplace
4821,483,1,2025-08-13,548.02,Won,2025-08-19,Google
4822,460,2,2025-08-10,500.33,Won,2025-08-19,Referral
4823,808,6,2025-08-14,2267.08,Won,2025-08-19,Google
4824,1299,1,2025-08-16,602.0,Won,2025-08-19,Home Services Marketplace
4825,676,1,2025-08-07,847.4,Won,2025-08-19,Google
4826,108,5,2025-08-12,188.52,Won,2025-08-19,Organic
4827,1060,2,2025-08-17,575.5,Won,2025-08-19,Google
4828,1268,5,2025-08-07,220.68,Won,2025-08-19,Organic
4829,82,2,2025-08-07,513.34,Won,2025-08-19,Referral
4830,217,1,2025-08-16,459.3,Won,2025-08-19,Home Services Marketplace
4831,1244,1,2025-08-10,456.3,Won,2025-08-19,Organic
4832,840,2,2025-08-14,391.11,Lost,,Organic
4833,899,4,2025-08-11,2127.71,Won,2025-08-19,Organic
4834,522,2,2025-08-09,625.69,Open,,Google
4835,344,4,2025-08-08,2811.69,Won,2025-08-19,Referral
4836,604,5,2025-08-14,181.71,Won,2025-08-19,Referral
4837,797,1,2025-08-09,502.99,Won,2025-08-19,Direct Mail
4838,1173,3,2025-08-15,17763.0,Open,,Organic
4839,64,5,2025-08-18,160.86,Won,2025-08-19,Google
4840,1175,1,2025-08-12,461.17,Won,2025-08-19,Referral
4841,783,5,2025-08-10,169.84,Won,2025-08-19,Google
4842,1268,6,2025-08-13,1044.31,Won,2025-08-19,Organic
4843,1346,5,2025-08-10,186.26,Won,2025-08-20,Organic
4844,831,5,2025-08-13,193.24,Won,2025-08-20,Referral
4845,1006,7,2025-08-20,957.8,Won,2025-08-20,Direct Mail
4846,631,2,2025-08-14,717.79,Open,,Organic
4847,1091,5,2025-08-15,229.62,Won,2025-08-20,Home Services Marketplace
4848,110,1,2025-08-13,929.67,Open,,Google
4849,982,3,2025-08-14,17637.6,Won,2025-08-20,Home Services Marketplace
4850,377,3,2025-08-09,7465.18,Open,,Google
4851,988,1,2025-08-17,708.79,Won,2025-08-20,Referral
4852,221,7,2025-08-17,1105.75,Won,2025-08-20,Google
4853,390,1,2025-08-18,471.5,Won,2025-08-20,Referral
4854,1082,4,2025-08-09,3123.8,Won,2025-08-20,Google
4855,494,6,2025-08-20,1193.11,Lost,,Referral
4856,95,1,2025-08-20,443.82,Open,,Organic
4857,1016,2,2025-08-20,729.99,Won,2025-08-20,Google
4858,497,5,2025-08-09,273.99,Lost,,Google
4859,1333,5,2025-08-12,235.53,Won,2025-08-20,Direct Mail
4860,1247,1,2025-08-09,807.57,Won,2025-08-20,Home Services Marketplace
4861,750,7,2025-08-20,958.14,Won,2025-08-20,Google
4862,1042,2,2025-08-12,389.64,Won,2025-08-20,Google
4863,1197,4,2025-08-09,2221.18,Lost,,Organic
4864,214,7,2025-08-19,1071.04,Won,2025-08-21,Google
4865,192,6,2025-08-11,1988.61,Won,2025-08-21,Google
4866,1297,2,2025-08-17,640.24,Open,,Home Services Marketplace
4867,472,1,2025-08-18,905.63,Won,2025-08-21,Referral
4868,287,2,2025-08-10,658.45,Won,2025-08-21,Direct Mail
4869,755,1,2025-08-11,416.2,Lost,,Referral
4870,914,4,2025-08-13,1829.43,Lost,,Home Services Marketplace
4871,931,3,2025-08-20,9401.22,Lost,,Direct Mail
4872,1291,4,2025-08-18,4715.56,Won,2025-08-21,Home Services Marketplace
4873,1435,3,2025-08-20,10548.74,Won,2025-08-21,Referral
4874,1368,5,2025-08-13,204.18,Won,2025-08-21,Google
4875,554,1,2025-08-09,511.5,Won,2025-08-21,Google
4876,1417,1,2025-08-19,599.12,Won,2025-08-21,Organic
4877,129,5,2025-08-14,156.57,Open,,Referral
4878,635,3,2025-08-16,9388.71,Lost,,Organic
4879,750,5,2025-08-20,224.88,Won,2025-08-21,Google
4880,1125,1,2025-08-21,377.71,Won,2025-08-21,Google
4881,956,5,2025-08-18,266.65,Open,,Home Services Marketplace
4882,329,3,2025-08-20,8303.91,Won,2025-08-22,Google
4883,506,5,2025-08-20,197.81,Won,2025-08-22,Organic
4884,641,5,2025-08-15,147.3,Open,,Home Services Marketplace
4885,995,6,2025-08-20,1124.94,Won,2025-08-22,Direct Mail
4886,597,2,2025-08-20,524.38,Won,2025-08-22,Direct Mail
4887,1175,2,2025-08-19,498.59,Open,,Referral
4888,1333,1,2025-08-21,415.1,Won,2025-08-22,Direct Mail
4889,393,1,2025-08-12,521.91,Won,2025-08-22,Google
4890,920,2,2025-08-21,519.57,Won,2025-08-22,Google
4891,873,1,2025-08-15,493.19,Won,2025-08-22,Referral
4892,657,1,2025-08-18,573.73,Open,,Referral
4893,1432,3,2025-08-21,12382.15,Won,2025-08-22,Home Services Marketplace
4894,806,5,2025-08-10,204.9,Won,2025-08-22,Google
4895,1243,1,2025-08-15,554.78,Won,2025-08-22,Organic
4896,585,5,2025-08-17,208.19,Open,,Organic
4897,768,6,2025-08-12,1198.68,Won,2025-08-22,Google
4898,1166,5,2025-08-22,179.54,Lost,,Google
4899,1094,1,2025-08-17,633.72,Won,2025-08-22,Google
4900,810,1,2025-08-17,619.66,Open,,Referral
4901,548,1,2025-08-15,825.45,Won,2025-08-23,Google
4902,625,1,2025-08-21,502.46,Lost,,Home Services Marketplace
4903,123,5,2025-08-19,140.55,Won,2025-08-23,Google
4904,635,4,2025-08-19,1721.18,Lost,,Organic
4905,124,2,2025-08-14,606.53,Won,2025-08-23,Home Services Marketplace
4906,153,2,2025-08-12,508.12,Won,2025-08-23,Organic
4907,391,1,2025-08-13,358.63,Lost,,Home Services Marketplace
4908,376,1,2025-08-11,454.94,Won,2025-08-23,Google
4909,599,1,2025-08-14,723.63,Won,2025-08-23,Referral
4910,119,7,2025-08-16,1003.22,Lost,,Referral
4911,624,6,2025-08-19,1852.56,Won,2025-08-23,Google
4912,35,1,2025-08-11,551.87,Won,2025-08-23,Direct Mail
4913,133,2,2025-08-13,573.26,Won,2025-08-23,Referral
4914,660,1,2025-08-15,501.82,Open,,Google
4915,1092,1,2025-08-12,333.12,Won,2025-08-23,Google
4916,521,6,2025-08-18,938.55,Won,2025-08-23,Referral
4917,187,1,2025-08-16,547.59,Won,2025-08-23,Referral
4918,244,5,2025-08-16,192.09,Lost,,Organic
4919,470,2,2025-08-22,712.93,Open,,Google
4920,849,2,2025-08-17,585.83,Won,2025-08-23,Google
4921,618,1,2025-08-11,418.4,Won,2025-08-23,Google
4922,382,5,2025-08-19,150.78,Lost,,Referral
4923,444,1,2025-08-14,381.69,Won,2025-08-23,Referral
4924,436,1,2025-08-22,441.96,Won,2025-08-23,Google
4925,311,6,2025-08-22,1344.33,Won,2025-08-24,Referral
4926,305,5,2025-08-18,219.11,Lost,,Home Services Marketplace
4927,60,1,2025-08-20,497.88,Won,2025-08-24,Direct Mail
4928,1412,1,2025-08-21,332.92,Won,2025-08-24,Google
4929,1359,6,2025-08-13,1063.82,Open,,Google
4930,875,5,2025-08-19,139.5,Won,2025-08-24,Organic
4931,697,2,2025-08-12,541.42,Won,2025-08-24,Google
4932,1413,1,2025-08-16,464.26,Won,2025-08-24,Organic
4933,660,7,2025-08-16,1205.95,Open,,Google
4934,1251,3,2025-08-18,7831.36,Won,2025-08-24,Organic
4935,918,3,2025-08-20,28176.89,Won,2025-08-24,Direct Mail
4936,1301,6,2025-08-13,1115.3,Won,2025-08-24,Referral
4937,649,1,2025-08-14,585.78,Won,2025-08-25,Google
4938,93,2,2025-08-13,472.02,Won,2025-08-25,Google
4939,698,2,2025-08-14,591.58,Lost,,Google
4940,1033,2,2025-08-25,439.23,Won,2025-08-25,Referral
4941,935,6,2025-08-18,1302.06,Lost,,Home Services Marketplace
4942,1218,2,2025-08-18,467.06,Open,,Referral
4943,702,1,2025-08-25,399.54,Won,2025-08-25,Organic
4944,90,5,2025-08-17,172.35,Open,,Google
4945,1385,6,2025-08-23,2287.27,Won,2025-08-25,Home Services Marketplace
4946,913,1,2025-08-17,589.49,Won,2025-08-25,Organic
4947,140,7,2025-08-25,1455.93,Won,2025-08-25,Google
4948,1245,5,2025-08-18,365.04,Open,,Referral
4949,503,1,2025-08-22,477.37,Lost,,Direct Mail
4950,117,1,2025-08-25,435.14,Won,2025-08-25,Home Services Marketplace
4951,390,1,2025-08-16,459.98,Won,2025-08-25,Referral
4952,5,3,2025-08-16,7838.69,Won,2025-08-25,Referral
4953,1065,1,2025-08-22,476.33,Open,,Home Services Marketplace
4954,558,5,2025-08-21,128.11,Won,2025-08-25,Google
4955,241,1,2025-08-23,684.05,Won,2025-08-25,Referral
4956,207,5,2025-08-15,239.2,Open,,Referral
4957,7,2,2025-08-21,396.25,Won,2025-08-25,Google
4958,1331,2,2025-08-19,558.42,Won,2025-08-26,Home Services Marketplace
4959,1250,1,2025-08-24,467.91,Lost,,Organic
4960,810,1,2025-08-21,466.97,Won,2025-08-26,Referral
4961,884,3,2025-08-23,5379.06,Lost,,Google
4962,1273,5,2025-08-18,225.14,Won,2025-08-26,Home Services Marketplace
4963,82,5,2025-08-26,160.69,Won,2025-08-26,Referral
4964,224,1,2025-08-20,522.19,Lost,,Referral
4965,403,5,2025-08-17,148.83,Won,2025-08-26,Direct Mail
4966,34,1,2025-08-20,627.03,Lost,,Direct Mail
4967,1279,2,2025-08-19,429.48,Won,2025-08-26,Google
4968,400,5,2025-08-25,196.35,Won,2025-08-26,Home Services Marketplace
4969,734,6,2025-08-25,1209.42,Open,,Google
4970,475,5,2025-08-14,212.29,Won,2025-08-26,Google
4971,1086,1,2025-08-26,434.64,Won,2025-08-26,Google
4972,564,1,2025-08-25,298.06,Won,2025-08-26,Direct Mail
4973,1298,1,2025-08-24,414.06,Won,2025-08-26,Direct Mail
4974,286,3,2025-08-18,10988.97,Won,2025-08-26,Referral
4975,501,5,2025-08-20,279.88,Won,2025-08-26,Google
4976,1077,1,2025-08-25,645.26,Won,2025-08-26,Referral
4977,1273,2,2025-08-22,540.75,Won,2025-08-26,Home Services Marketplace
4978,1312,3,2025-08-26,10335.91,Won,2025-08-26,Referral
4979,824,5,2025-08-23,187.41,Won,2025-08-26,Direct Mail
4980,866,5,2025-08-19,210.1,Lost,,Organic
4981,1044,1,2025-08-16,580.13,Won,2025-08-26,Organic
4982,549,1,2025-08-15,465.29,Lost,,Home Services Marketplace
4983,1395,1,2025-08-26,433.05,Won,2025-08-27,Home Services Marketplace
4984,1083,7,2025-08-17,909.06,Lost,,Organic
4985,427,7,2025-08-17,1245.63,Won,2025-08-27,Home Services Marketplace
4986,1332,3,2025-08-23,10281.85,Open,,Organic
4987,1272,5,2025-08-15,345.26,Won,2025-08-27,Referral
4988,672,3,2025-08-20,10979.98,Won,2025-08-27,Google
4989,953,1,2025-08-24,482.18,Won,2025-08-27,Home Services Marketplace
4990,1019,4,2025-08-23,2415.89,Lost,,Organic
4991,474,2,2025-08-27,496.86,Won,2025-08-27,Google
4992,208,3,2025-08-26,11106.79,Open,,Referral
4993,1320,1,2025-08-17,840.51,Open,,Direct Mail
4994,863,7,2025-08-26,1529.79,Won,2025-08-27,Google
4995,613,5,2025-08-16,157.19,Lost,,Google
4996,441,3,2025-08-22,13295.08,Won,2025-08-27,Organic
4997,1116,5,2025-08-22,195.03,Won,2025-08-27,Organic
4998,198,5,2025-08-23,176.67,Won,2025-08-27,Direct Mail
4999,950,1,2025-08-17,876.1,Won,2025-08-27,Home Services Marketplace
5000,510,1,2025-08-26,411.27,Won,2025-08-27,Google
5001,710,1,2025-08-21,600.55,Won,2025-08-27,Google
5002,1037,6,2025-08-18,1369.55,Won,2025-08-27,Direct Mail
5003,1438,1,2025-08-18,1019.82,Won,2025-08-27,Organic
5004,69,1,2025-08-23,679.22,Won,2025-08-28,Google
5005,228,1,2025-08-26,564.07,Open,,Google
5006,1232,1,2025-08-22,382.15,Won,2025-08-28,Home Services Marketplace
5007,1311,4,2025-08-24,1819.17,Won,2025-08-28,Organic
5008,757,1,2025-08-16,581.07,Won,2025-08-28,Google
5009,295,1,2025-08-25,482.13,Open,,Google
5010,283,2,2025-08-27,562.78,Won,2025-08-28,Organic
5011,1288,7,2025-08-17,1127.21,Won,2025-08-28,Organic
5012,751,5,2025-08-17,202.29,Won,2025-08-28,Google
5013,448,3,2025-08-18,10541.86,Won,2025-08-28,Google
5014,751,4,2025-08-23,2656.14,Open,,Google
5015,1406,5,2025-08-28,165.5,Won,2025-08-28,Google
5016,26,1,2025-08-27,569.6,Won,2025-08-28,Google
5017,74,2,2025-08-17,536.2,Won,2025-08-28,Google
5018,1134,5,2025-08-25,198.12,Won,2025-08-28,Google
5019,537,4,2025-08-26,2395.57,Lost,,Organic
5020,518,5,2025-08-26,152.11,Won,2025-08-28,Organic
5021,1050,5,2025-08-23,178.52,Won,2025-08-28,Referral
5022,341,5,2025-08-22,145.53,Won,2025-08-28,Organic
5023,1283,5,2025-08-20,127.9,Won,2025-08-28,Referral
5024,1056,7,2025-08-17,1111.87,Won,2025-08-28,Organic
5025,17,1,2025-08-26,411.58,Lost,,Organic
5026,408,5,2025-08-29,171.4,Won,2025-08-29,Organic
5027,883,1,2025-08-29,521.4,Won,2025-08-29,Organic
5028,342,2,2025-08-21,489.19,Won,2025-08-29,Home Services Marketplace
5029,1450,1,2025-08-17,617.63,Won,2025-08-29,Home Services Marketplace
5030,1341,3,2025-08-19,7546.7,Won,2025-08-29,Referral
5031,901,5,2025-08-29,223.26,Won,2025-08-29,Referral
5032,2,1,2025-08-23,692.09,Won,2025-08-29,Home Services Marketplace
5033,362,5,2025-08-28,175.19,Won,2025-08-29,Referral
5034,1241,7,2025-08-25,1097.31,Won,2025-08-29,Google
5035,929,2,2025-08-28,645.88,Won,2025-08-29,Referral
5036,1362,7,2025-08-17,1435.78,Won,2025-08-29,Google
5037,1018,3,2025-08-18,12506.32,Won,2025-08-29,Google
5038,595,1,2025-08-26,462.99,Won,2025-08-29,Google
5039,197,2,2025-08-26,463.91,Won,2025-08-29,Direct Mail
5040,1033,5,2025-08-23,159.3,Won,2025-08-30,Referral
5041,427,5,2025-08-27,152.67,Won,2025-08-30,Home Services Marketplace
5042,671,3,2025-08-28,10789.91,Won,2025-08-30,Home Services Marketplace
5043,509,2,2025-08-28,584.64,Lost,,Home Services Marketplace
5044,1194,1,2025-08-30,433.43,Won,2025-08-30,Referral
5045,114,5,2025-08-28,217.66,Won,2025-08-30,Google
5046,644,3,2025-08-21,10641.8,Won,2025-08-30,Referral
5047,546,4,2025-08-24,3077.67,Lost,,Referral
5048,1420,5,2025-08-29,219.33,Won,2025-08-30,Referral
5049,976,2,2025-08-24,402.11,Won,2025-08-30,Google
5050,110,3,2025-08-21,16336.5,Won,2025-08-30,Google
5051,284,1,2025-08-26,472.7,Won,2025-08-30,Referral
5052,464,2,2025-08-22,537.17,Won,2025-08-30,Google
5053,601,5,2025-08-23,272.99,Lost,,Google
5054,168,1,2025-08-27,455.06,Open,,Referral
5055,621,5,2025-08-21,193.33,Won,2025-08-31,Referral
5056,84,1,2025-08-19,366.43,Open,,Home Services Marketplace
5057,1291,1,2025-08-23,914.35,Won,2025-08-31,Home Services Marketplace
5058,24,2,2025-08-31,633.4,Won,2025-08-31,Referral
5059,981,3,2025-08-25,10555.49,Lost,,Referral
5060,419,7,2025-08-19,1558.9,Won,2025-08-31,Google
5061,833,7,2025-08-26,1228.26,Won,2025-08-31,Organic
5062,387,1,2025-08-26,620.03,Won,2025-08-31,Referral
5063,206,5,2025-08-20,229.57,Won,2025-08-31,Home Services Marketplace
5064,1316,6,2025-08-26,1214.91,Lost,,Referral
5065,35,1,2025-08-29,630.38,Won,2025-08-31,Direct Mail
5066,1039,5,2025-08-26,220.96,Lost,,Home Services Marketplace
5067,1150,1,2025-08-27,691.77,Won,2025-08-31,Google
5068,1233,5,2025-08-24,193.77,Won,2025-08-31,Google
5069,349,3,2025-08-31,11603.92,Lost,,Google
5070,655,4,2025-08-29,2624.06,Won,2025-08-31,Google
5071,1067,3,2025-08-20,9887.94,Lost,,Organic
5072,1371,5,2025-08-25,238.46,Won,2025-09-01,Google
5073,677,2,2025-08-22,605.12,Won,2025-09-01,Home Services Marketplace
5074,333,1,2025-09-01,426.43,Won,2025-09-01,Organic
5075,545,6,2025-08-22,1565.36,Won,2025-09-01,Google
5076,35,3,2025-08-30,8637.04,Open,,Direct Mail
5077,1308,1,2025-08-29,720.98,Lost,,Home Services Marketplace
5078,1430,5,2025-08-25,191.56,Won,2025-09-01,Referral
5079,1085,5,2025-09-01,188.89,Won,2025-09-01,Organic
5080,619,1,2025-08-27,452.95,Lost,,Organic
5081,876,4,2025-08-24,3240.66,Open,,Google
5082,1388,5,2025-08-26,161.76,Won,2025-09-01,Google
5083,250,1,2025-08-23,376.49,Won,2025-09-01,Organic
5084,1060,7,2025-08-31,1423.49,Won,2025-09-01,Google
5085,1381,6,2025-08-30,1395.54,Won,2025-09-01,Referral
5086,442,2,2025-08-27,541.82,Won,2025-09-01,Google
5087,1164,6,2025-08-27,1235.49,Open,,Organic
5088,811,6,2025-08-22,1006.01,Won,2025-09-01,Organic
5089,1064,3,2025-08-30,7507.23,Won,2025-09-01,Referral
5090,1366,1,2025-08-24,635.92,Won,2025-09-01,Home Services Marketplace
5091,731,6,2025-08-24,1177.54,Lost,,Google
5092,370,1,2025-08-28,576.11,Open,,Home Services Marketplace
5093,1106,1,2025-08-28,508.89,Won,2025-09-01,Google
5094,1349,5,2025-08-29,157.46,Won,2025-09-01,Organic
5095,137,4,2025-08-29,2773.87,Lost,,Google
5096,62,1,2025-08-21,547.93,Won,2025-09-01,Google
5097,957,2,2025-08-31,409.74,Won,2025-09-01,Referral
5098,672,1,2025-08-27,472.72,Lost,,Google
5099,218,5,2025-08-29,194.84,Won,2025-09-01,Google
5100,1078,5,2025-08-26,159.47,Won,2025-09-01,Home Services Marketplace
5101,1144,7,2025-08-20,1174.55,Won,2025-09-01,Google
5102,415,1,2025-08-30,461.34,Won,2025-09-02,Referral
5103,787,5,2025-08-24,403.96,Won,2025-09-02,Google
5104,489,5,2025-08-25,177.21,Won,2025-09-02,Google
5105,516,2,2025-08-21,516.74,Won,2025-09-02,Google
5106,825,1,2025-08-24,433.53,Won,2025-09-02,Google
5107,1109,5,2025-08-24,197.53,Won,2025-09-02,Referral
5108,683,1,2025-08-27,334.17,Won,2025-09-02,Home Services Marketplace
5109,1072,7,2025-08-28,2323.32,Won,2025-09-02,Referral
5110,715,1,2025-08-29,418.36,Won,2025-09-02,Organic
5111,205,6,2025-09-02,1247.51,Won,2025-09-02,Google
5112,843,1,2025-08-25,562.94,Lost,,Referral
5113,1228,1,2025-08-25,490.91,Lost,,Organic
5114,1299,5,2025-09-01,155.0,Won,2025-09-02,Home Services Marketplace
5115,401,5,2025-08-27,165.35,Won,2025-09-02,Referral
5116,15,1,2025-08-25,469.83,Won,2025-09-02,Organic
5117,703,1,2025-08-23,362.75,Won,2025-09-02,Organic
5118,351,2,2025-08-24,508.44,Lost,,Home Services Marketplace
5119,677,5,2025-08-26,204.69,Won,2025-09-02,Home Services Marketplace
5120,821,4,2025-08-29,3132.74,Won,2025-09-02,Referral
5121,1196,1,2025-08-29,756.44,Open,,Referral
5122,1293,2,2025-09-02,433.73,Lost,,Google
5123,1308,4,2025-09-02,2537.55,Won,2025-09-03,Home Services Marketplace
5124,58,4,2025-08-27,2245.35,Won,2025-09-03,Google
5125,1325,1,2025-08-28,643.98,Won,2025-09-03,Google
5126,1368,6,2025-08-26,1129.2,Won,2025-09-03,Google
5127,1154,5,2025-08-25,206.51,Won,2025-09-03,Organic
5128,94,5,2025-09-02,195.94,Won,2025-09-03,Direct Mail
5129,805,6,2025-08-29,963.12,Won,2025-09-03,Referral
5130,300,6,2025-09-01,1237.41,Won,2025-09-03,Direct Mail
5131,766,1,2025-08-31,433.0,Open,,Referral
5132,936,1,2025-08-25,578.53,Won,2025-09-03,Organic
5133,346,3,2025-09-02,9697.95,Lost,,Referral
5134,903,6,2025-08-22,1291.59,Won,2025-09-03,Referral
5135,93,5,2025-08-27,146.57,Open,,Google
5136,1269,5,2025-08-23,189.91,Lost,,Referral
5137,820,3,2025-08-24,10266.96,Won,2025-09-03,Direct Mail
5138,1259,1,2025-08-29,485.26,Won,2025-09-03,Organic
5139,159,5,2025-08-23,164.96,Won,2025-09-03,Google
5140,248,7,2025-08-31,1468.64,Open,,Direct Mail
5141,324,1,2025-08-30,503.92,Open,,Referral
5142,361,5,2025-09-03,394.51,Open,,Organic
5143,626,2,2025-08-23,475.67,Won,2025-09-04,Referral
5144,552,5,2025-08-29,233.35,Won,2025-09-04,Referral
5145,257,5,2025-08-23,149.76,Won,2025-09-04,Direct Mail
5146,528,1,2025-08-29,525.79,Won,2025-09-04,Google
5147,983,5,2025-09-02,259.54,Won,2025-09-04,Organic
5148,141,1,2025-08-31,475.21,Won,2025-09-04,Google
5149,532,1,2025-09-01,403.71,Won,2025-09-04,Direct Mail
5150,836,3,2025-08-30,13424.29,Open,,Google
5151,445,5,2025-08-29,168.86,Open,,Referral
5152,636,7,2025-08-29,1112.68,Won,2025-09-04,Organic
5153,1376,1,2025-08-31,449.29,Lost,,Home Services Marketplace
5154,755,5,2025-08-31,215.62,Won,2025-09-04,Referral
5155,214,3,2025-08-24,8934.03,Won,2025-09-04,Google
5156,838,4,2025-08-30,2649.48,Lost,,Referral
5157,1175,4,2025-08-24,2784.67,Won,2025-09-04,Referral
5158,169,5,2025-08-30,177.23,Won,2025-09-04,Google
5159,73,1,2025-08-31,435.31,Won,2025-09-04,Referral
5160,1162,5,2025-09-04,222.21,Won,2025-09-04,Google
5161,1352,5,2025-08-23,157.47,Open,,Direct Mail
5162,1229,4,2025-09-04,2520.05,Open,,Google
5163,953,1,2025-08-23,538.19,Won,2025-09-04,Home Services Marketplace
5164,1311,1,2025-09-03,496.6,Lost,,Organic
5165,890,4,2025-08-27,2195.24,Won,2025-09-04,Google
5166,686,1,2025-08-28,515.28,Lost,,Home Services Marketplace
5167,307,2,2025-08-27,604.76,Open,,Google
5168,491,5,2025-09-01,233.24,Won,2025-09-04,Organic
5169,1072,5,2025-08-26,304.06,Won,2025-09-04,Referral
5170,740,1,2025-09-05,423.32,Won,2025-09-05,Home Services Marketplace
5171,717,5,2025-08-31,216.7,Won,2025-09-05,Home Services Marketplace
5172,608,2,2025-08-30,643.97,Won,2025-09-05,Organic
5173,412,3,2025-09-03,10350.67,Lost,,Home Services Marketplace
5174,389,6,2025-09-03,1495.97,Won,2025-09-05,Referral
5175,320,5,2025-08-30,170.68,Won,2025-09-05,Referral
5176,429,5,2025-08-28,189.13,Won,2025-09-05,Google
5177,695,5,2025-08-26,158.68,Won,2025-09-05,Google
5178,293,5,2025-09-02,204.64,Won,2025-09-05,Referral
5179,1035,1,2025-08-31,478.55,Won,2025-09-05,Home Services Marketplace
5180,627,4,2025-09-05,2119.37,Lost,,Google
5181,588,5,2025-09-04,164.36,Open,,Organic
5182,247,1,2025-09-02,469.69,Won,2025-09-05,Referral
5183,49,6,2025-08-30,943.95,Lost,,Referral
5184,343,5,2025-09-01,218.1,Won,2025-09-05,Google
5185,1215,5,2025-08-25,441.25,Won,2025-09-05,Referral
5186,1349,1,2025-09-02,410.54,Won,2025-09-05,Organic
5187,77,5,2025-08-26,166.86,Won,2025-09-05,Referral
5188,732,2,2025-08-29,533.03,Won,2025-09-05,Organic
5189,1254,7,2025-08-28,1386.1,Lost,,Home Services Marketplace
5190,186,1,2025-08-27,550.94,Won,2025-09-05,Google
5191,377,5,2025-08-26,187.45,Won,2025-09-05,Google
5192,964,2,2025-08-29,457.48,Won,2025-09-05,Home Services Marketplace
5193,1405,5,2025-08-25,229.86,Won,2025-09-05,Google
5194,930,5,2025-09-05,221.5,Won,2025-09-05,Referral
5195,597,5,2025-08-28,170.88,Lost,,Direct Mail
5196,564,1,2025-08-27,403.61,Won,2025-09-05,Direct Mail
5197,1002,5,2025-08-25,183.01,Won,2025-09-05,Google
5198,1093,4,2025-08-28,4405.58,Won,2025-09-05,Organic
5199,556,2,2025-08-24,490.24,Won,2025-09-05,Google
5200,204,2,2025-09-01,521.63,Won,2025-09-05,Home Services Marketplace
5201,20,2,2025-09-04,1114.48,Won,2025-09-06,Home Services Marketplace
5202,185,5,2025-09-05,194.23,Won,2025-09-06,Google
5203,852,5,2025-09-05,237.96,Lost,,Home Services Marketplace
5204,498,2,2025-09-05,539.11,Lost,,Referral
5205,40,2,2025-09-01,451.8,Won,2025-09-06,Direct Mail
5206,587,2,2025-08-26,658.98,Lost,,Direct Mail
5207,1105,5,2025-09-01,195.78,Won,2025-09-06,Google
5208,605,2,2025-09-04,1069.9,Open,,Google
5209,1376,5,2025-08-29,225.41,Won,2025-09-06,Home Services Marketplace
5210,1194,5,2025-09-06,174.82,Lost,,Referral
5211,580,1,2025-09-01,434.77,Won,2025-09-06,Organic
5212,1157,5,2025-08-28,175.92,Won,2025-09-06,Referral
5213,364,2,2025-08-26,554.83,Won,2025-09-06,Referral
5214,872,5,2025-09-04,164.09,Won,2025-09-06,Organic
5215,428,6,2025-08-26,1171.75,Lost,,Organic
5216,245,7,2025-08-31,1091.58,Won,2025-09-06,Home Services Marketplace
5217,1271,2,2025-08-27,700.07,Won,2025-09-07,Referral
5218,1274,1,2025-08-31,530.51,Won,2025-09-07,Direct Mail
5219,810,4,2025-08-30,2044.82,Won,2025-09-07,Referral
5220,70,6,2025-08-31,1151.22,Open,,Google
5221,85,5,2025-08-29,231.39,Lost,,Referral
5222,940,2,2025-09-07,536.85,Won,2025-09-07,Google
5223,387,5,2025-08-31,219.53,Won,2025-09-07,Referral
5224,1229,1,2025-08-28,472.34,Won,2025-09-07,Google
5225,797,1,2025-08-31,501.14,Won,2025-09-07,Direct Mail
5226,397,4,2025-08-30,2686.21,Won,2025-09-07,Home Services Marketplace
5227,939,6,2025-08-30,1045.42,Open,,Organic
5228,1003,5,2025-09-04,189.15,Lost,,Home Services Marketplace
5229,576,5,2025-09-06,244.78,Open,,Direct Mail
5230,1362,2,2025-09-03,596.36,Won,2025-09-07,Google
5231,1125,6,2025-09-03,1330.98,Won,2025-09-08,Google
5232,156,1,2025-09-03,446.08,Won,2025-09-08,Google
5233,338,7,2025-09-06,1058.53,Won,2025-09-08,Home Services Marketplace
5234,321,5,2025-08-27,178.57,Won,2025-09-08,Organic
5235,247,6,2025-09-07,1066.87,Won,2025-09-08,Referral
5236,436,2,2025-08-27,477.81,Won,2025-09-08,Google
5237,244,4,2025-09-07,3095.73,Won,2025-09-08,Organic
5238,157,1,2025-08-28,491.23,Won,2025-09-08,Referral
5239,911,7,2025-08-27,2214.72,Open,,Google
5240,91,5,2025-08-30,249.65,Won,2025-09-08,Home Services Marketplace
5241,549,1,2025-08-29,431.2,Won,2025-09-08,Home Services Marketplace
5242,137,1,2025-08-27,437.46,Won,2025-09-08,Google
5243,1428,7,2025-09-05,964.91,Won,2025-09-08,Organic
5244,1087,1,2025-09-04,672.0,Lost,,Direct Mail
5245,574,5,2025-09-03,192.65,Won,2025-09-08,Organic
5246,1185,7,2025-09-06,991.21,Won,2025-09-08,Google
5247,247,1,2025-09-03,510.33,Won,2025-09-08,Referral
5248,804,1,2025-09-06,357.81,Won,2025-09-08,Home Services Marketplace
5249,1349,5,2025-08-30,181.77,Won,2025-09-08,Organic
5250,840,1,2025-08-30,366.78,Lost,,Organic
5251,590,2,2025-09-07,488.23,Won,2025-09-09,Google
5252,240,7,2025-08-31,1329.83,Won,2025-09-09,Direct Mail
5253,524,5,2025-09-02,153.6,Won,2025-09-09,Referral
5254,782,3,2025-09-06,10313.54,Won,2025-09-09,Organic
5255,356,2,2025-09-01,524.32,Won,2025-09-09,Direct Mail
5256,854,4,2025-08-29,3504.27,Lost,,Organic
5257,1278,2,2025-09-09,728.85,Won,2025-09-09,Referral
5258,354,5,2025-09-08,284.71,Won,2025-09-09,Referral
5259,1397,4,2025-09-03,2356.89,Open,,Direct Mail
5260,1211,5,2025-09-01,229.55,Open,,Home Services Marketplace
5261,219,5,2025-09-03,276.47,Won,2025-09-09,Google
5262,529,1,2025-09-05,402.4,Won,2025-09-09,Google
5263,3,2,2025-09-01,522.49,Won,2025-09-09,Google
5264,46,6,2025-09-04,768.75,Won,2025-09-09,Google
5265,225,6,2025-09-06,1314.42,Open,,Home Services Marketplace
5266,414,4,2025-09-06,2793.49,Lost,,Referral
5267,31,7,2025-09-09,1454.57,Won,2025-09-09,Direct Mail
5268,1098,1,2025-09-07,724.89,Lost,,Direct Mail
5269,614,5,2025-09-02,156.4,Won,2025-09-09,Direct Mail
5270,763,4,2025-09-02,3111.93,Lost,,Google
5271,1273,7,2025-09-02,1245.77,Won,2025-09-10,Home Services Marketplace
5272,40,5,2025-09-04,197.57,Open,,Direct Mail
5273,365,3,2025-09-06,9884.44,Lost,,Organic
5274,806,5,2025-09-02,182.18,Won,2025-09-10,Google
5275,773,4,2025-09-03,2341.66,Open,,Google
5276,1229,5,2025-08-29,131.97,Won,2025-09-10,Google
5277,176,5,2025-09-07,199.21,Won,2025-09-10,Google
5278,761,4,2025-08-29,3124.24,Lost,,Google
5279,992,3,2025-08-31,9252.41,Lost,,Organic
5280,958,3,2025-09-03,11138.32,Open,,Google
5281,229,3,2025-09-07,9616.05,Open,,Google
5282,218,1,2025-08-31,543.79,Won,2025-09-10,Google
5283,723,7,2025-08-30,1160.97,Won,2025-09-10,Direct Mail
5284,603,1,2025-09-05,521.9,Won,2025-09-10,Google
5285,791,2,2025-08-31,480.63,Lost,,Google
5286,450,6,2025-09-08,1221.35,Won,2025-09-11,Home Services Marketplace
5287,174,3,2025-08-30,11236.93,Lost,,Google
5288,377,1,2025-08-30,467.52,Won,2025-09-11,Google
5289,458,2,2025-09-07,452.44,Open,,Referral
5290,1029,4,2025-08-30,6345.23,Lost,,Organic
5291,1275,5,2025-09-07,162.95,Won,2025-09-11,Google
5292,910,3,2025-09-03,13412.03,Lost,,Organic
5293,22,7,2025-09-04,2008.98,Won,2025-09-11,Google
5294,299,1,2025-09-05,461.14,Open,,Referral
5295,690,2,2025-09-01,548.41,Won,2025-09-11,Referral
5296,1363,5,2025-09-03,168.45,Won,2025-09-11,Home Services Marketplace
5297,880,2,2025-09-06,493.81,Won,2025-09-11,Organic
5298,1074,1,2025-09-09,469.85,Open,,Organic
5299,1439,1,2025-09-08,990.73,Won,2025-09-11,Google
5300,755,3,2025-09-01,9889.59,Won,2025-09-11,Referral
5301,1000,5,2025-09-11,181.24,Open,,Google
5302,1184,5,2025-09-02,267.1,Won,2025-09-11,Google
5303,251,7,2025-09-07,1071.66,Won,2025-09-11,Organic
5304,729,1,2025-09-07,662.28,Won,2025-09-11,Referral
5305,576,5,2025-09-02,243.92,Won,2025-09-11,Direct Mail
5306,1122,4,2025-09-06,2997.27,Won,2025-09-11,Referral
5307,827,5,2025-09-10,333.21,Won,2025-09-11,Google
5308,384,1,2025-09-08,492.8,Won,2025-09-11,Google
5309,696,1,2025-09-04,555.59,Won,2025-09-12,Organic
5310,154,2,2025-09-08,301.04,Lost,,Google
5311,1403,5,2025-09-05,203.47,Lost,,Organic
5312,494,7,2025-09-01,1047.31,Lost,,Referral
5313,792,5,2025-09-06,177.44,Won,2025-09-12,Referral
5314,383,1,2025-09-09,603.23,Open,,Google
5315,843,5,2025-09-05,179.0,Open,,Referral
5316,938,1,2025-09-05,575.61,Won,2025-09-12,Home Services Marketplace
5317,1315,6,2025-09-09,1136.38,Won,2025-09-12,Google
5318,660,4,2025-09-06,2972.94,Won,2025-09-12,Google
5319,545,6,2025-09-11,1080.32,Open,,Google
5320,1342,5,2025-09-08,164.64,Open,,Direct Mail
5321,486,5,2025-09-08,408.31,Won,2025-09-12,Google
5322,1057,1,2025-09-11,592.08,Won,2025-09-12,Referral
5323,807,2,2025-09-12,631.4,Won,2025-09-12,Direct Mail
5324,961,1,2025-09-12,558.08,Won,2025-09-12,Referral
5325,1215,2,2025-09-03,1186.08,Won,2025-09-12,Referral
5326,686,5,2025-09-12,196.33,Won,2025-09-12,Home Services Marketplace
5327,1098,6,2025-09-04,1170.24,Open,,Direct Mail
5328,503,1,2025-09-08,436.88,Won,2025-09-12,Direct Mail
5329,554,1,2025-09-08,595.79,Won,2025-09-13,Google
5330,1116,1,2025-09-01,355.76,Won,2025-09-13,Organic
5331,195,2,2025-09-11,1353.55,Won,2025-09-13,Referral
5332,1258,5,2025-09-01,207.62,Won,2025-09-13,Google
5333,296,1,2025-09-08,469.77,Open,,Direct Mail
5334,1040,5,2025-09-07,228.22,Won,2025-09-13,Google
5335,353,3,2025-09-03,13303.38,Won,2025-09-13,Referral
5336,1188,1,2025-09-11,485.06,Lost,,Referral
5337,207,7,2025-09-11,1263.91,Lost,,Referral
5338,8,5,2025-09-08,163.64,Won,2025-09-13,Google
5339,80,1,2025-09-07,980.2,Won,2025-09-13,Organic
5340,1443,1,2025-09-09,498.63,Won,2025-09-13,Organic
5341,1221,7,2025-09-06,973.72,Lost,,Referral
5342,927,1,2025-09-04,481.98,Won,2025-09-13,Google
5343,287,2,2025-09-08,900.63,Won,2025-09-13,Direct Mail
5344,18,1,2025-09-01,295.33,Won,2025-09-13,Home Services Marketplace
5345,110,6,2025-09-03,2489.16,Won,2025-09-13,Google
5346,648,4,2025-09-04,2636.18,Won,2025-09-13,Direct Mail
5347,1234,5,2025-09-03,267.51,Won,2025-09-13,Referral
5348,396,7,2025-09-09,1018.27,Won,2025-09-14,Direct Mail
5349,1321,1,2025-09-03,511.21,Open,,Direct Mail
5350,717,1,2025-09-06,400.47,Won,2025-09-14,Home Services Marketplace
5351,354,1,2025-09-07,736.81,Open,,Referral
5352,176,1,2025-09-09,582.75,Won,2025-09-14,Google
5353,1343,5,2025-09-04,231.22,Won,2025-09-14,Google
5354,378,1,2025-09-03,493.28,Won,2025-09-14,Home Services Marketplace
5355,1339,2,2025-09-06,483.21,Won,2025-09-14,Referral
5356,482,1,2025-09-07,437.84,Won,2025-09-14,Organic
5357,6,2,2025-09-05,374.14,Won,2025-09-14,Home Services Marketplace
5358,817,5,2025-09-09,203.35,Lost,,Organic
5359,1436,3,2025-09-10,11809.24,Won,2025-09-15,Google
5360,595,5,2025-09-11,160.09,Won,2025-09-15,Google
5361,703,2,2025-09-08,520.45,Won,2025-09-15,Organic
5362,893,5,2025-09-04,270.73,Won,2025-09-15,Referral
5363,324,6,2025-09-10,1087.22,Won,2025-09-15,Referral
5364,992,6,2025-09-10,1221.74,Lost,,Organic
5365,865,5,2025-09-04,233.14,Won,2025-09-15,Referral
5366,439,2,2025-09-09,831.8,Won,2025-09-15,Home Services Marketplace
5367,108,2,2025-09-04,431.62,Won,2025-09-15,Organic
5368,689,2,2025-09-09,933.58,Won,2025-09-15,Referral
5369,1110,1,2025-09-06,917.4,Won,2025-09-15,Organic
5370,1351,3,2025-09-14,8570.1,Won,2025-09-15,Organic
5371,752,6,2025-09-08,1184.93,Won,2025-09-16,Referral
5372,1154,3,2025-09-12,11159.16,Won,2025-09-16,Organic
5373,1365,4,2025-09-11,2324.28,Open,,Referral
5374,1347,6,2025-09-07,1206.39,Open,,Referral
5375,558,5,2025-09-16,166.98,Won,2025-09-16,Google
5376,726,6,2025-09-04,823.24,Won,2025-09-16,Referral
5377,1069,5,2025-09-09,227.33,Won,2025-09-16,Organic
5378,1069,1,2025-09-14,415.4,Lost,,Organic
5379,102,2,2025-09-11,609.78,Won,2025-09-16,Direct Mail
5380,654,1,2025-09-06,498.96,Open,,Referral
5381,84,1,2025-09-07,383.94,Won,2025-09-16,Home Services Marketplace
5382,1134,2,2025-09-14,437.26,Won,2025-09-16,Google
5383,724,2,2025-09-11,540.44,Won,2025-09-16,Google
5384,1241,6,2025-09-16,1005.43,Won,2025-09-16,Google
5385,513,6,2025-09-10,1513.09,Won,2025-09-16,Google
5386,525,5,2025-09-16,152.59,Won,2025-09-17,Google
5387,38,6,2025-09-15,959.59,Lost,,Referral
5388,1053,5,2025-09-10,233.33,Won,2025-09-17,Referral
5389,1026,1,2025-09-12,393.19,Won,2025-09-17,Organic
5390,1024,5,2025-09-17,170.22,Won,2025-09-17,Referral
5391,1092,6,2025-09-12,946.39,Won,2025-09-17,Google
5392,299,4,2025-09-15,2563.76,Won,2025-09-17,Referral
5393,763,5,2025-09-12,198.62,Won,2025-09-17,Google
5394,544,3,2025-09-17,7447.48,Won,2025-09-17,Referral
5395,150,5,2025-09-17,214.04,Won,2025-09-17,Google
5396,35,5,2025-09-06,237.12,Won,2025-09-17,Direct Mail
5397,102,1,2025-09-13,574.72,Won,2025-09-17,Direct Mail
5398,367,1,2025-09-05,450.85,Won,2025-09-17,Direct Mail
5399,781,5,2025-09-09,181.86,Won,2025-09-17,Referral
5400,836,2,2025-09-16,566.03,Won,2025-09-17,Google
5401,855,5,2025-09-14,334.46,Open,,Home Services Marketplace
5402,252,2,2025-09-17,469.71,Lost,,Direct Mail
5403,1176,3,2025-09-05,11338.81,Open,,Referral
5404,389,1,2025-09-17,532.24,Won,2025-09-17,Referral
5405,1182,4,2025-09-10,2536.26,Won,2025-09-17,Google
5406,879,4,2025-09-12,2101.33,Won,2025-09-18,Organic
5407,1151,2,2025-09-12,496.64,Won,2025-09-18,Referral
5408,155,7,2025-09-16,1014.66,Won,2025-09-18,Organic
5409,1281,5,2025-09-15,198.58,Won,2025-09-18,Referral
5410,1017,5,2025-09-15,237.48,Won,2025-09-18,Direct Mail
5411,1199,5,2025-09-07,125.27,Won,2025-09-18,Organic
5412,1111,3,2025-09-14,9421.97,Lost,,Google
5413,371,1,2025-09-15,432.5,Lost,,Referral
5414,694,2,2025-09-15,603.93,Won,2025-09-18,Google
5415,1311,4,2025-09-13,2454.84,Won,2025-09-18,Organic
5416,949,6,2025-09-13,1160.22,Won,2025-09-18,Direct Mail
5417,426,4,2025-09-06,4196.5,Won,2025-09-18,Referral
5418,835,5,2025-09-08,187.54,Won,2025-09-18,Google
5419,1447,5,2025-09-09,319.77,Lost,,Google
5420,730,1,2025-09-17,539.63,Open,,Organic
5421,1090,2,2025-09-17,498.12,Won,2025-09-18,Google
5422,585,2,2025-09-11,502.38,Lost,,Organic
5423,116,5,2025-09-07,183.19,Won,2025-09-18,Organic
5424,1128,5,2025-09-09,196.3,Open,,Referral
5425,395,5,2025-09-07,296.75,Won,2025-09-18,Organic
5426,275,3,2025-09-13,9308.41,Lost,,Google
5427,598,3,2025-09-10,9179.77,Won,2025-09-19,Home Services Marketplace
5428,257,5,2025-09-09,171.51,Won,2025-09-19,Direct Mail
5429,505,1,2025-09-16,880.42,Lost,,Referral
5430,1431,1,2025-09-10,344.94,Lost,,Google
5431,816,6,2025-09-15,1454.75,Won,2025-09-19,Organic
5432,1301,5,2025-09-08,236.26,Won,2025-09-19,Referral
5433,1160,1,2025-09-07,714.69,Lost,,Google
5434,132,3,2025-09-10,9707.65,Lost,,Referral
5435,580,1,2025-09-16,406.45,Won,2025-09-19,Organic
5436,1176,2,2025-09-17,548.62,Won,2025-09-19,Referral
5437,1366,6,2025-09-11,1270.64,Won,2025-09-19,Home Services Marketplace
5438,800,1,2025-09-13,577.55,Won,2025-09-19,Google
5439,705,2,2025-09-13,521.35,Won,2025-09-19,Organic
5440,202,6,2025-09-13,1479.91,Won,2025-09-19,Google
5441,413,5,2025-09-16,137.37,Open,,Google
5442,257,7,2025-09-09,1018.31,Won,2025-09-20,Direct Mail
5443,359,7,2025-09-15,1040.71,Won,2025-09-20,Google
5444,963,5,2025-09-15,163.53,Won,2025-09-20,Referral
5445,387,2,2025-09-08,452.7,Won,2025-09-20,Referral
5446,487,5,2025-09-10,183.15,Won,2025-09-20,Home Services Marketplace
5447,226,1,2025-09-11,410.21,Won,2025-09-20,Google
5448,150,1,2025-09-15,461.83,Lost,,Google
5449,183,5,2025-09-13,270.6,Open,,Home Services Marketplace
5450,74,6,2025-09-19,1065.51,Open,,Google
5451,728,5,2025-09-08,186.17,Won,2025-09-20,Direct Mail
5452,1402,5,2025-09-11,188.67,Won,2025-09-20,Google
5453,246,6,2025-09-16,1668.47,Won,2025-09-20,Referral
5454,1140,2,2025-09-09,532.71,Won,2025-09-20,Google
5455,996,6,2025-09-18,822.34,Won,2025-09-20,Organic
5456,1254,5,2025-09-15,183.39,Won,2025-09-21,Home Services Marketplace
5457,736,6,2025-09-16,1128.31,Won,2025-09-21,Organic
5458,511,2,2025-09-18,721.56,Won,2025-09-21,Google
5459,949,1,2025-09-20,579.32,Won,2025-09-21,Direct Mail
5460,808,5,2025-09-09,338.91,Won,2025-09-21,Google
5461,156,2,2025-09-20,683.39,Lost,,Google
5462,839,5,2025-09-21,151.66,Won,2025-09-21,Google
5463,686,3,2025-09-19,10518.33,Won,2025-09-21,Home Services Marketplace
5464,66,4,2025-09-16,2623.61,Open,,Referral
5465,337,1,2025-09-10,907.56,Won,2025-09-22,Google
5466,752,5,2025-09-12,222.79,Won,2025-09-22,Referral
5467,486,1,2025-09-10,1153.66,Lost,,Google
5468,646,1,2025-09-12,406.08,Won,2025-09-22,Google
5469,681,1,2025-09-15,447.56,Won,2025-09-22,Referral
5470,1181,1,2025-09-10,615.04,Open,,Organic
5471,923,1,2025-09-19,387.68,Open,,Referral
5472,1257,1,2025-09-19,441.04,Won,2025-09-22,Home Services Marketplace
5473,419,5,2025-09-17,245.13,Won,2025-09-22,Google
5474,565,7,2025-09-10,1056.63,Open,,Referral
5475,590,1,2025-09-10,407.03,Won,2025-09-22,Google
5476,669,1,2025-09-17,633.46,Won,2025-09-22,Home Services Marketplace
5477,545,5,2025-09-18,238.94,Open,,Google
5478,257,1,2025-09-11,690.62,Lost,,Direct Mail
5479,1445,2,2025-09-22,591.25,Won,2025-09-22,Google
5480,1291,6,2025-09-23,2124.61,Won,2025-09-23,Home Services Marketplace
5481,509,1,2025-09-11,513.0,Won,2025-09-23,Home Services Marketplace
5482,499,1,2025-09-18,391.76,Won,2025-09-23,Direct Mail
5483,305,5,2025-09-15,186.95,Won,2025-09-23,Home Services Marketplace
5484,1418,1,2025-09-20,1062.34,Won,2025-09-23,Home Services Marketplace
5485,1033,3,2025-09-11,12838.46,Lost,,Referral
5486,786,3,2025-09-22,13621.08,Won,2025-09-23,Google
5487,498,1,2025-09-23,437.95,Won,2025-09-23,Referral
5488,130,1,2025-09-19,821.4,Won,2025-09-23,Home Services Marketplace
5489,1217,5,2025-09-23,140.24,Won,2025-09-23,Google
5490,1216,1,2025-09-22,388.63,Won,2025-09-23,Referral
5491,579,5,2025-09-13,176.81,Won,2025-09-23,Google
5492,614,5,2025-09-23,205.29,Lost,,Direct Mail
5493,1373,2,2025-09-22,780.65,Open,,Referral
5494,533,2,2025-09-15,674.0,Won,2025-09-23,Referral
5495,482,1,2025-09-22,554.62,Won,2025-09-23,Organic
5496,465,4,2025-09-19,2284.19,Lost,,Referral
5497,402,5,2025-09-22,170.53,Won,2025-09-24,Google
5498,1104,3,2025-09-22,9375.16,Lost,,Google
5499,237,5,2025-09-21,229.43,Won,2025-09-24,Referral
5500,955,5,2025-09-12,193.83,Won,2025-09-24,Organic
5501,791,1,2025-09-16,348.1,Won,2025-09-24,Google
5502,17,1,2025-09-19,437.99,Won,2025-09-24,Organic
5503,1354,1,2025-09-17,521.19,Won,2025-09-24,Referral
5504,278,5,2025-09-16,194.88,Won,2025-09-24,Google
5505,866,1,2025-09-23,511.91,Won,2025-09-24,Organic
5506,864,1,2025-09-13,461.18,Open,,Google
5507,1316,1,2025-09-24,381.24,Lost,,Referral
5508,252,2,2025-09-14,607.72,Won,2025-09-24,Direct Mail
5509,1045,1,2025-09-19,301.11,Won,2025-09-24,Home Services Marketplace
5510,261,2,2025-09-21,522.3,Won,2025-09-24,Google
5511,122,1,2025-09-19,590.88,Won,2025-09-25,Referral
5512,1108,1,2025-09-17,480.31,Won,2025-09-25,Organic
5513,808,1,2025-09-20,894.46,Won,2025-09-25,Google
5514,113,5,2025-09-21,195.84,Won,2025-09-25,Google
5515,263,2,2025-09-19,857.75,Open,,Organic
5516,298,1,2025-09-23,451.35,Lost,,Referral
5517,1163,4,2025-09-17,2916.17,Won,2025-09-25,Google
5518,254,1,2025-09-15,469.96,Lost,,Google
5519,28,1,2025-09-20,907.0,Won,2025-09-25,Organic
5520,1099,7,2025-09-15,977.41,Won,2025-09-25,Organic
5521,1239,1,2025-09-25,558.93,Lost,,Referral
5522,1278,2,2025-09-24,636.76,Won,2025-09-25,Referral
5523,903,3,2025-09-19,9290.34,Won,2025-09-25,Referral
5524,1046,4,2025-09-17,2238.03,Lost,,Home Services Marketplace
5525,743,5,2025-09-16,170.7,Won,2025-09-25,Google
5526,327,2,2025-09-21,468.02,Lost,,Home Services Marketplace
5527,861,1,2025-09-16,489.97,Won,2025-09-25,Home Services Marketplace
5528,1230,1,2025-09-22,629.95,Won,2025-09-25,Referral
5529,155,1,2025-09-13,461.21,Won,2025-09-25,Organic
5530,599,2,2025-09-17,759.59,Lost,,Referral
5531,1193,5,2025-09-13,163.81,Won,2025-09-25,Referral
5532,1274,5,2025-09-16,216.84,Won,2025-09-25,Direct Mail
5533,709,1,2025-09-21,574.81,Won,2025-09-25,Organic
5534,1358,1,2025-09-22,551.7,Lost,,Referral
5535,1060,4,2025-09-17,2288.66,Lost,,Google
5536,1437,1,2025-09-18,476.33,Won,2025-09-26,Home Services Marketplace
5537,1004,5,2025-09-19,175.28,Open,,Referral
5538,189,6,2025-09-22,1284.73,Won,2025-09-26,Organic
5539,1022,5,2025-09-14,169.35,Won,2025-09-26,Home Services Marketplace
5540,131,1,2025-09-19,501.04,Won,2025-09-26,Direct Mail
5541,330,4,2025-09-24,1950.11,Won,2025-09-26,Referral
5542,1420,2,2025-09-18,610.85,Won,2025-09-26,Referral
5543,527,5,2025-09-15,214.74,Won,2025-09-26,Referral
5544,1307,5,2025-09-20,364.31,Won,2025-09-26,Google
5545,983,4,2025-09-19,2391.44,Won,2025-09-26,Organic
5546,833,2,2025-09-15,557.07,Open,,Organic
5547,666,3,2025-09-16,19503.06,Won,2025-09-26,Google
5548,426,6,2025-09-14,1694.47,Won,2025-09-26,Referral
5549,142,3,2025-09-14,11076.35,Open,,Home Services Marketplace
5550,663,1,2025-09-20,405.04,Open,,Direct Mail
5551,1159,5,2025-09-23,136.64,Lost,,Referral
5552,1123,7,2025-09-23,1259.56,Won,2025-09-26,Google
5553,1186,2,2025-09-25,535.2,Open,,Google
5554,997,6,2025-09-22,1322.56,Won,2025-09-27,Referral
5555,844,2,2025-09-24,579.83,Won,2025-09-27,Direct Mail
5556,690,1,2025-09-23,393.72,Won,2025-09-27,Referral
5557,660,5,2025-09-24,178.04,Won,2025-09-27,Google
5558,1398,1,2025-09-18,408.54,Won,2025-09-27,Google
5559,964,3,2025-09-25,8723.49,Lost,,Home Services Marketplace
5560,1073,7,2025-09-24,1379.4,Won,2025-09-27,Direct Mail
5561,775,1,2025-09-18,628.18,Open,,Google
5562,1380,1,2025-09-19,534.31,Open,,Referral
5563,972,2,2025-09-22,554.26,Won,2025-09-28,Organic
5564,684,2,2025-09-19,573.78,Won,2025-09-28,Direct Mail
5565,951,5,2025-09-28,206.48,Won,2025-09-28,Google
5566,1272,2,2025-09-28,1048.03,Won,2025-09-28,Referral
5567,683,2,2025-09-26,683.92,Won,2025-09-28,Home Services Marketplace
5568,1016,2,2025-09-16,598.61,Won,2025-09-28,Google
5569,276,2,2025-09-26,465.0,Open,,Google
5570,129,1,2025-09-28,395.43,Won,2025-09-28,Referral
5571,283,3,2025-09-18,9053.53,Lost,,Organic
5572,1359,1,2025-09-21,483.0,Won,2025-09-28,Google
5573,853,1,2025-09-18,495.94,Lost,,Google
5574,777,6,2025-09-26,1753.84,Won,2025-09-29,Direct Mail
5575,154,5,2025-09-20,186.45,Won,2025-09-29,Google
5576,114,5,2025-09-21,155.15,Won,2025-09-29,Google
5577,951,2,2025-09-18,551.12,Won,2025-09-29,Google
5578,562,3,2025-09-18,9962.79,Won,2025-09-29,Direct Mail
5579,758,5,2025-09-21,302.34,Won,2025-09-29,Referral
5580,1039,5,2025-09-24,216.75,Open,,Home Services Marketplace
5581,1397,5,2025-09-26,223.98,Won,2025-09-29,Direct Mail
5582,1163,1,2025-09-25,357.26,Won,2025-09-29,Google
5583,50,1,2025-09-18,564.73,Won,2025-09-29,Organic
5584,114,1,2025-09-21,453.14,Won,2025-09-29,Google
5585,1223,5,2025-09-19,195.08,Won,2025-09-29,Referral
5586,1434,2,2025-09-25,1689.99,Open,,Organic
5587,262,1,2025-09-17,491.32,Won,2025-09-29,Referral
5588,1236,1,2025-09-28,413.2,Won,2025-09-29,Home Services Marketplace
5589,713,4,2025-09-17,2014.44,Lost,,Google
5590,392,5,2025-09-18,241.85,Won,2025-09-29,Google
5591,19,6,2025-09-28,1287.68,Won,2025-09-30,Referral
5592,806,2,2025-09-25,513.16,Open,,Google
5593,488,1,2025-09-26,362.59,Won,2025-09-30,Home Services Marketplace
5594,162,1,2025-09-28,700.76,Won,2025-09-30,Organic
5595,1422,4,2025-09-20,1883.42,Lost,,Organic
5596,853,1,2025-09-21,422.4,Won,2025-09-30,Google
5597,1117,5,2025-09-21,165.13,Won,2025-09-30,Google
5598,1050,4,2025-09-24,2401.66,Lost,,Referral
5599,717,5,2025-09-29,191.21,Won,2025-09-30,Home Services Marketplace
5600,101,4,2025-09-30,2723.75,Lost,,Organic
5601,1339,1,2025-09-30,653.13,Won,2025-09-30,Referral
5602,486,2,2025-09-30,836.5,Won,2025-09-30,Google
5603,706,1,2025-09-21,822.88,Won,2025-09-30,Organic
5604,279,5,2025-09-27,205.57,Open,,Home Services Marketplace
5605,701,2,2025-09-26,505.09,Lost,,Direct Mail
5606,167,5,2025-09-28,153.95,Won,2025-09-30,Referral
5607,505,5,2025-09-25,323.92,Won,2025-09-30,Referral
5608,278,1,2025-09-18,609.31,Won,2025-09-30,Google
5609,1144,1,2025-09-26,672.42,Won,2025-09-30,Google
5610,1230,5,2025-09-27,171.42,Won,2025-09-30,Referral
5611,1367,1,2025-09-29,392.52,Won,2025-09-30,Organic
5612,81,5,2025-09-29,214.67,Won,2025-10-01,Google
5613,274,2,2025-09-29,453.38,Won,2025-10-01,Google
5614,1410,6,2025-09-30,1075.52,Won,2025-10-01,Referral
5615,786,1,2025-09-19,419.21,Won,2025-10-01,Google
5616,381,1,2025-09-27,418.79,Won,2025-10-01,Home Services Marketplace
5617,813,1,2025-09-25,483.02,Won,2025-10-01,Organic
5618,1012,5,2025-10-01,217.5,Won,2025-10-01,Referral
5619,1443,2,2025-09-20,528.93,Won,2025-10-01,Organic
5620,1265,6,2025-09-23,794.4,Won,2025-10-01,Google
5621,151,4,2025-09-20,2336.48,Open,,Home Services Marketplace
5622,810,3,2025-09-20,9364.39,Won,2025-10-01,Referral
5623,532,5,2025-09-20,179.3,Won,2025-10-01,Direct Mail
5624,111,1,2025-09-20,414.76,Won,2025-10-01,Organic
5625,1369,1,2025-09-28,543.36,Won,2025-10-01,Organic
5626,825,4,2025-10-01,2257.45,Won,2025-10-01,Google
5627,1423,6,2025-09-30,1184.28,Won,2025-10-01,Home Services Marketplace
5628,1183,1,2025-09-22,747.1,Won,2025-10-01,Google
5629,894,2,2025-09-27,635.09,Won,2025-10-01,Home Services Marketplace
5630,631,3,2025-09-22,10483.94,Won,2025-10-01,Organic
5631,932,4,2025-09-28,2796.39,Won,2025-10-01,Google
5632,780,1,2025-09-24,467.29,Won,2025-10-01,Google
5633,586,4,2025-09-20,2525.95,Won,2025-10-01,Google
5634,1031,3,2025-09-26,11768.5,Won,2025-10-01,Google
5635,666,7,2025-09-22,2261.14,Won,2025-10-01,Google
5636,1167,5,2025-10-01,198.4,Won,2025-10-01,Google
5637,538,6,2025-09-22,940.45,Won,2025-10-01,Referral
5638,680,7,2025-09-23,1456.85,Lost,,Home Services Marketplace
5639,747,6,2025-09-26,1124.3,Won,2025-10-02,Referral
5640,614,1,2025-09-22,552.31,Won,2025-10-02,Direct Mail
5641,1318,1,2025-10-02,399.51,Won,2025-10-02,Referral
5642,422,6,2025-09-21,1243.6,Open,,Google
5643,1129,2,2025-09-25,523.66,Lost,,Referral
5644,693,5,2025-09-29,205.73,Open,,Referral
5645,364,6,2025-09-20,881.86,Won,2025-10-02,Referral
5646,319,4,2025-10-01,5082.88,Lost,,Google
5647,796,2,2025-10-02,453.93,Won,2025-10-02,Google
5648,1275,1,2025-09-22,807.9,Won,2025-10-02,Google
5649,1054,3,2025-09-26,7790.94,Won,2025-10-02,Google
5650,1111,5,2025-09-27,129.57,Open,,Google
5651,560,6,2025-09-21,939.85,Won,2025-10-02,Organic
5652,222,7,2025-09-22,1455.48,Won,2025-10-02,Home Services Marketplace
5653,11,6,2025-09-21,1154.3,Lost,,Referral
5654,1322,1,2025-09-20,482.37,Open,,Google
5655,335,5,2025-10-02,211.14,Won,2025-10-03,Referral
5656,800,6,2025-09-23,1129.92,Lost,,Google
5657,93,7,2025-09-27,1340.65,Won,2025-10-03,Google
5658,1102,5,2025-09-30,249.67,Won,2025-10-03,Direct Mail
5659,78,5,2025-09-26,216.62,Won,2025-10-03,Google
5660,1187,7,2025-09-24,1618.53,Won,2025-10-03,Organic
5661,1128,2,2025-09-28,496.42,Won,2025-10-03,Referral
5662,1347,5,2025-09-28,187.09,Won,2025-10-03,Referral
5663,790,6,2025-09-22,1194.75,Won,2025-10-03,Referral
5664,780,1,2025-09-27,503.04,Open,,Google
5665,51,1,2025-09-21,556.94,Won,2025-10-03,Organic
5666,748,6,2025-09-29,2030.93,Won,2025-10-03,Google
5667,1131,2,2025-10-04,497.91,Won,2025-10-04,Google
5668,869,1,2025-09-22,682.88,Won,2025-10-04,Google
5669,1117,5,2025-10-04,218.28,Won,2025-10-04,Google
5670,341,1,2025-09-30,628.14,Open,,Organic
5671,586,7,2025-09-23,1021.94,Lost,,Google
5672,716,3,2025-10-01,8860.06,Won,2025-10-04,Organic
5673,782,6,2025-10-04,1139.71,Won,2025-10-04,Organic
5674,585,1,2025-10-04,371.58,Won,2025-10-04,Organic
5675,1074,1,2025-09-27,538.24,Won,2025-10-04,Organic
5676,148,2,2025-09-30,489.84,Won,2025-10-04,Referral
5677,1413,2,2025-09-22,626.67,Won,2025-10-04,Organic
5678,1298,2,2025-09-30,444.56,Won,2025-10-04,Direct Mail
5679,1300,1,2025-09-24,458.49,Won,2025-10-04,Google
5680,1029,5,2025-09-23,306.23,Open,,Organic
5681,478,5,2025-10-01,172.9,Won,2025-10-05,Organic
5682,770,2,2025-09-28,673.94,Won,2025-10-05,Organic
5683,1314,1,2025-10-02,521.84,Won,2025-10-05,Referral
5684,150,6,2025-09-27,1283.93,Lost,,Google
5685,211,5,2025-09-29,190.68,Won,2025-10-05,Organic
5686,1354,1,2025-09-26,405.32,Won,2025-10-05,Referral
5687,936,2,2025-09-23,454.93,Won,2025-10-05,Organic
5688,964,6,2025-09-29,958.78,Won,2025-10-05,Home Services Marketplace
5689,938,2,2025-09-23,416.19,Won,2025-10-05,Home Services Marketplace
5690,483,1,2025-09-27,547.08,Won,2025-10-05,Google
5691,853,5,2025-09-29,246.67,Won,2025-10-05,Google
5692,1316,5,2025-09-30,205.07,Won,2025-10-05,Referral
5693,214,2,2025-09-27,521.96,Won,2025-10-05,Google
5694,212,5,2025-10-02,158.88,Won,2025-10-05,Google
5695,1385,5,2025-10-03,323.28,Won,2025-10-06,Home Services Marketplace
5696,1409,5,2025-10-03,244.75,Open,,Referral
5697,945,5,2025-10-02,289.74,Won,2025-10-06,Google
5698,987,1,2025-09-26,622.45,Open,,Google
5699,332,5,2025-10-05,157.08,Won,2025-10-06,Google
5700,629,4,2025-09-28,2633.26,Won,2025-10-06,Home Services Marketplace
5701,516,3,2025-09-28,7481.41,Open,,Google
5702,712,1,2025-09-26,943.52,Open,,Organic
5703,574,6,2025-09-24,1580.26,Won,2025-10-06,Organic
5704,649,1,2025-09-27,509.49,Open,,Google
5705,451,5,2025-09-28,273.77,Lost,,Home Services Marketplace
5706,848,1,2025-09-25,428.65,Won,2025-10-06,Google
5707,827,1,2025-09-30,1189.46,Won,2025-10-06,Google
5708,1039,5,2025-10-05,174.88,Lost,,Home Services Marketplace
5709,184,1,2025-09-24,460.39,Won,2025-10-06,Google
5710,712,2,2025-09-24,968.75,Won,2025-10-06,Organic
5711,695,1,2025-10-05,582.85,Won,2025-10-06,Google
5712,360,5,2025-10-06,178.91,Won,2025-10-07,Home Services Marketplace
5713,417,5,2025-09-25,180.21,Won,2025-10-07,Google
5714,102,5,2025-09-26,198.66,Lost,,Direct Mail
5715,30,5,2025-10-05,257.68,Won,2025-10-07,Referral
5716,742,5,2025-10-03,251.1,Open,,Organic
5717,6,6,2025-10-03,1197.77,Won,2025-10-07,Home Services Marketplace
5718,1363,4,2025-10-01,1974.58,Lost,,Home Services Marketplace
5719,260,4,2025-10-01,3380.63,Open,,Referral
5720,1395,5,2025-10-07,218.0,Won,2025-10-07,Home Services Marketplace
5721,526,2,2025-10-01,572.09,Won,2025-10-07,Google
5722,589,5,2025-09-26,221.04,Won,2025-10-07,Referral
5723,1233,4,2025-10-01,2348.63,Lost,,Google
5724,694,5,2025-09-27,209.71,Won,2025-10-07,Google
5725,468,1,2025-09-26,607.51,Won,2025-10-07,Referral
5726,404,5,2025-10-07,175.73,Won,2025-10-07,Referral
5727,180,1,2025-09-27,445.64,Won,2025-10-07,Direct Mail
5728,439,1,2025-10-01,955.65,Won,2025-10-08,Home Services Marketplace
5729,445,7,2025-09-28,1082.38,Lost,,Referral
5730,642,2,2025-09-29,506.88,Won,2025-10-08,Direct Mail
5731,209,5,2025-10-03,217.87,Won,2025-10-08,Referral
5732,221,1,2025-10-05,584.75,Won,2025-10-08,Google
5733,1433,5,2025-09-26,214.44,Won,2025-10-08,Google
5734,293,2,2025-10-03,614.21,Won,2025-10-08,Referral
5735,860,5,2025-09-29,206.55,Lost,,Referral
5736,847,3,2025-10-05,15437.98,Lost,,Direct Mail
5737,1276,5,2025-10-05,171.57,Won,2025-10-08,Google
5738,741,3,2025-10-05,12456.98,Won,2025-10-08,Google
5739,921,5,2025-09-26,162.17,Won,2025-10-08,Referral
5740,985,3,2025-09-30,10011.24,Won,2025-10-08,Home Services Marketplace
5741,369,5,2025-10-07,174.2,Won,2025-10-08,Referral
5742,72,4,2025-10-05,2235.88,Won,2025-10-08,Referral
5743,255,5,2025-10-05,255.63,Won,2025-10-08,Home Services Marketplace
5744,846,2,2025-10-05,591.61,Lost,,Direct Mail
5745,1048,1,2025-09-29,1375.8,Lost,,Referral
5746,500,1,2025-10-04,770.33,Won,2025-10-09,Direct Mail
5747,988,6,2025-09-29,1234.0,Won,2025-10-09,Referral
5748,513,4,2025-10-05,3038.21,Won,2025-10-09,Google
5749,603,1,2025-09-29,586.05,Lost,,Google
5750,234,5,2025-10-07,431.8,Won,2025-10-09,Organic
5751,568,1,2025-10-09,802.59,Won,2025-10-09,Google
5752,113,1,2025-10-01,488.39,Won,2025-10-09,Google
5753,936,2,2025-10-04,426.92,Won,2025-10-09,Organic
5754,431,7,2025-09-29,1249.17,Won,2025-10-09,Organic
5755,518,1,2025-10-05,461.09,Won,2025-10-09,Organic
5756,1116,5,2025-10-08,183.53,Won,2025-10-09,Organic
5757,393,4,2025-10-09,2198.15,Open,,Google
5758,852,3,2025-10-07,11169.52,Won,2025-10-09,Home Services Marketplace
5759,346,1,2025-09-30,503.33,Won,2025-10-09,Referral
5760,875,2,2025-10-01,458.47,Won,2025-10-10,Organic
5761,193,5,2025-10-06,231.24,Won,2025-10-10,Home Services Marketplace
5762,493,5,2025-09-30,395.48,Won,2025-10-10,Organic
5763,171,3,2025-09-30,15726.92,Open,,Referral
5764,1251,1,2025-10-04,481.58,Won,2025-10-10,Organic
5765,14,1,2025-09-30,512.07,Lost,,Referral
5766,309,1,2025-10-07,540.26,Won,2025-10-10,Referral
5767,1039,2,2025-10-08,492.99,Won,2025-10-10,Home Services Marketplace
5768,814,5,2025-10-07,373.22,Won,2025-10-10,Organic
5769,737,4,2025-10-09,2393.95,Won,2025-10-10,Home Services Marketplace
5770,339,5,2025-10-02,157.04,Won,2025-10-11,Google
5771,53,1,2025-10-10,555.19,Won,2025-10-11,Referral
5772,566,5,2025-09-30,196.01,Won,2025-10-11,Referral
5773,566,5,2025-10-09,221.21,Won,2025-10-11,Referral
5774,1441,1,2025-10-09,873.24,Lost,,Google
5775,598,2,2025-10-10,491.39,Won,2025-10-11,Home Services Marketplace
5776,499,5,2025-09-29,174.63,Open,,Direct Mail
5777,910,5,2025-10-11,223.16,Won,2025-10-11,Organic
5778,540,4,2025-10-04,2522.34,Lost,,Organic
5779,1331,4,2025-10-09,2631.01,Open,,Home Services Marketplace
5780,993,3,2025-10-05,8666.93,Open,,Home Services Marketplace
5781,600,2,2025-10-05,477.05,Won,2025-10-12,Organic
5782,1195,2,2025-10-01,438.44,Won,2025-10-12,Referral
5783,788,3,2025-09-30,10201.49,Won,2025-10-12,Direct Mail
5784,1373,4,2025-10-08,5588.43,Lost,,Referral
5785,1361,1,2025-10-08,433.17,Won,2025-10-12,Google
5786,563,1,2025-10-04,957.97,Open,,Direct Mail
5787,851,2,2025-10-04,481.6,Won,2025-10-12,Referral
5788,993,6,2025-10-02,1222.1,Open,,Home Services Marketplace
5789,15,6,2025-09-30,1240.89,Open,,Organic
5790,543,3,2025-10-13,11664.92,Open,,Organic
5791,1265,3,2025-10-06,11005.24,Lost,,Google
5792,440,5,2025-10-02,143.45,Won,2025-10-13,Google
5793,448,2,2025-10-01,417.96,Won,2025-10-13,Google
5794,31,6,2025-10-10,1287.37,Won,2025-10-13,Direct Mail
5795,1264,6,2025-10-09,1185.29,Won,2025-10-13,Direct Mail
5796,1133,5,2025-10-06,209.91,Won,2025-10-13,Direct Mail
5797,1260,2,2025-10-11,515.61,Won,2025-10-13,Referral
5798,291,6,2025-10-13,1252.2,Won,2025-10-13,Referral
5799,351,1,2025-10-07,479.19,Won,2025-10-13,Home Services Marketplace
5800,865,2,2025-10-07,552.29,Won,2025-10-13,Referral
5801,1423,2,2025-10-09,696.86,Lost,,Home Services Marketplace
5802,607,1,2025-10-02,443.08,Won,2025-10-14,Google
5803,204,6,2025-10-09,948.66,Won,2025-10-14,Home Services Marketplace
5804,919,1,2025-10-08,451.64,Lost,,Direct Mail
5805,1155,2,2025-10-13,603.36,Won,2025-10-14,Google
5806,550,1,2025-10-02,660.61,Open,,Referral
5807,521,1,2025-10-02,728.37,Won,2025-10-14,Referral
5808,996,3,2025-10-05,7694.93,Won,2025-10-14,Organic
5809,606,1,2025-10-08,417.95,Won,2025-10-14,Organic
5810,1432,5,2025-10-06,191.86,Open,,Home Services Marketplace
5811,997,1,2025-10-06,649.76,Open,,Referral
5812,1074,4,2025-10-10,2264.85,Open,,Organic
5813,538,2,2025-10-11,457.95,Won,2025-10-14,Referral
5814,1396,6,2025-10-04,964.05,Won,2025-10-14,Home Services Marketplace
5815,1194,1,2025-10-06,354.95,Lost,,Referral
5816,755,2,2025-10-14,548.07,Won,2025-10-14,Referral
5817,1052,1,2025-10-03,536.77,Won,2025-10-14,Google
5818,1437,7,2025-10-10,1179.07,Won,2025-10-14,Home Services Marketplace
5819,1076,5,2025-10-08,214.99,Won,2025-10-14,Referral
5820,798,4,2025-10-05,2519.66,Won,2025-10-15,Referral
5821,890,1,2025-10-15,643.97,Won,2025-10-15,Google
5822,984,3,2025-10-10,22108.08,Open,,Referral
5823,1376,5,2025-10-09,226.83,Won,2025-10-15,Home Services Marketplace
5824,550,2,2025-10-08,507.99,Won,2025-10-15,Referral
5825,566,1,2025-10-04,641.41,Won,2025-10-15,Referral
5826,51,2,2025-10-07,514.58,Won,2025-10-15,Organic
5827,1300,1,2025-10-07,532.81,Won,2025-10-15,Google
5828,56,5,2025-10-06,232.5,Won,2025-10-15,Referral
5829,461,5,2025-10-15,206.13,Open,,Organic
5830,1241,4,2025-10-13,3087.92,Lost,,Google
5831,681,3,2025-10-13,10144.13,Won,2025-10-15,Referral
5832,451,2,2025-10-12,896.78,Open,,Home Services Marketplace
5833,683,5,2025-10-06,221.05,Won,2025-10-15,Home Services Marketplace
5834,57,5,2025-10-04,145.67,Won,2025-10-15,Google
5835,109,2,2025-10-08,452.63,Won,2025-10-15,Referral
5836,432,7,2025-10-08,2152.53,Won,2025-10-15,Referral
5837,418,1,2025-10-07,541.15,Won,2025-10-15,Direct Mail
5838,1117,2,2025-10-12,464.57,Won,2025-10-15,Google
5839,1029,2,2025-10-12,918.1,Won,2025-10-16,Organic
5840,829,1,2025-10-06,512.34,Won,2025-10-16,Referral
5841,707,2,2025-10-13,477.21,Won,2025-10-16,Organic
5842,1171,1,2025-10-12,429.89,Won,2025-10-16,Direct Mail
5843,833,6,2025-10-11,1312.66,Won,2025-10-16,Organic
5844,237,2,2025-10-12,430.54,Won,2025-10-16,Referral
5845,1264,6,2025-10-08,958.0,Won,2025-10-16,Direct Mail
5846,582,7,2025-10-07,1178.94,Won,2025-10-16,Google
5847,340,5,2025-10-10,145.0,Won,2025-10-16,Google
5848,788,4,2025-10-12,1949.48,Open,,Direct Mail
5849,1450,5,2025-10-10,171.14,Won,2025-10-16,Home Services Marketplace
5850,353,6,2025-10-06,1039.57,Won,2025-10-16,Referral
5851,641,7,2025-10-16,913.14,Lost,,Home Services Marketplace
5852,854,5,2025-10-04,257.21,Lost,,Organic
5853,861,5,2025-10-12,179.24,Won,2025-10-16,Home Services Marketplace
5854,1060,1,2025-10-05,461.83,Won,2025-10-16,Google
5855,419,4,2025-10-15,3399.48,Lost,,Google
5856,661,2,2025-10-12,509.75,Won,2025-10-16,Google
5857,619,6,2025-10-08,999.62,Won,2025-10-16,Organic
5858,1313,2,2025-10-08,562.58,Won,2025-10-16,Google
5859,161,1,2025-10-06,399.09,Won,2025-10-16,Google
5860,1298,2,2025-10-15,504.7,Open,,Direct Mail
5861,1235,3,2025-10-06,10110.19,Won,2025-10-17,Referral
5862,779,6,2025-10-12,1832.94,Won,2025-10-17,Home Services Marketplace
5863,94,6,2025-10-12,1442.72,Won,2025-10-17,Direct Mail
5864,1390,5,2025-10-10,193.69,Won,2025-10-17,Organic
5865,844,1,2025-10-14,535.99,Won,2025-10-17,Direct Mail
5866,1157,2,2025-10-08,484.57,Won,2025-10-17,Referral
5867,29,1,2025-10-14,366.01,Won,2025-10-17,Organic
5868,631,5,2025-10-14,180.24,Lost,,Organic
5869,666,2,2025-10-11,950.06,Lost,,Google
5870,1161,3,2025-10-17,8405.29,Lost,,Referral
5871,315,5,2025-10-14,159.89,Open,,Google
5872,938,2,2025-10-11,476.9,Won,2025-10-17,Home Services Marketplace
5873,664,5,2025-10-14,198.31,Won,2025-10-18,Referral
5874,62,4,2025-10-08,2586.55,Open,,Google
5875,853,7,2025-10-17,1120.66,Won,2025-10-18,Google
5876,607,3,2025-10-11,10767.81,Open,,Google
5877,617,4,2025-10-15,3133.69,Won,2025-10-18,Google
5878,792,3,2025-10-12,9820.47,Lost,,Referral
5879,925,7,2025-10-06,1026.37,Won,2025-10-18,Referral
5880,276,4,2025-10-06,1814.76,Lost,,Google
5881,520,2,2025-10-16,529.61,Won,2025-10-18,Organic
5882,836,1,2025-10-06,488.51,Won,2025-10-18,Google
5883,489,6,2025-10-13,1610.06,Won,2025-10-18,Google
5884,1340,3,2025-10-13,10817.29,Won,2025-10-18,Organic
5885,440,3,2025-10-08,8488.41,Lost,,Google
5886,1001,5,2025-10-09,312.97,Won,2025-10-18,Referral
5887,916,2,2025-10-11,505.38,Won,2025-10-18,Direct Mail
5888,699,5,2025-10-09,160.43,Won,2025-10-18,Direct Mail
5889,485,1,2025-10-07,525.03,Open,,Referral
5890,79,1,2025-10-10,445.16,Won,2025-10-19,Google
5891,398,2,2025-10-14,620.45,Won,2025-10-19,Direct Mail
5892,338,1,2025-10-10,344.3,Won,2025-10-19,Home Services Marketplace
5893,969,5,2025-10-14,119.33,Open,,Organic
5894,1253,1,2025-10-18,485.27,Won,2025-10-19,Referral
5895,892,3,2025-10-13,11941.38,Won,2025-10-19,Organic
5896,734,6,2025-10-19,1383.16,Won,2025-10-19,Google
5897,910,1,2025-10-09,559.2,Won,2025-10-19,Organic
5898,276,5,2025-10-12,198.93,Won,2025-10-19,Google
5899,1193,4,2025-10-11,2623.45,Open,,Referral
5900,1307,5,2025-10-08,303.08,Won,2025-10-19,Google
5901,416,1,2025-10-16,564.85,Won,2025-10-19,Google
5902,561,1,2025-10-10,333.37,Won,2025-10-19,Google
5903,602,1,2025-10-10,454.18,Open,,Organic
5904,855,1,2025-10-16,952.16,Won,2025-10-20,Home Services Marketplace
5905,149,4,2025-10-08,2184.22,Won,2025-10-20,Google
5906,1407,2,2025-10-14,544.71,Won,2025-10-20,Referral
5907,504,1,2025-10-08,479.0,Lost,,Referral
5908,397,5,2025-10-11,165.96,Won,2025-10-20,Home Services Marketplace
5909,687,4,2025-10-11,2835.15,Won,2025-10-20,Google
5910,790,2,2025-10-09,476.08,Won,2025-10-20,Referral
5911,1007,2,2025-10-09,793.22,Open,,Referral
5912,1440,4,2025-10-17,1808.75,Won,2025-10-20,Home Services Marketplace
5913,97,5,2025-10-17,189.21,Won,2025-10-20,Google
5914,591,5,2025-10-16,212.51,Won,2025-10-20,Organic
5915,664,2,2025-10-18,690.09,Won,2025-10-20,Referral
5916,594,2,2025-10-12,457.94,Won,2025-10-20,Organic
5917,746,5,2025-10-10,144.6,Won,2025-10-20,Direct Mail
5918,1355,1,2025-10-17,584.8,Won,2025-10-20,Organic
5919,440,1,2025-10-08,494.25,Won,2025-10-20,Google
5920,853,4,2025-10-15,2663.05,Won,2025-10-20,Google
5921,425,4,2025-10-18,2808.61,Won,2025-10-20,Google
5922,191,6,2025-10-13,1192.72,Won,2025-10-21,Referral
5923,991,1,2025-10-11,609.8,Won,2025-10-21,Referral
5924,176,5,2025-10-21,196.4,Won,2025-10-21,Google
5925,721,1,2025-10-19,555.25,Won,2025-10-21,Direct Mail
5926,548,1,2025-10-21,794.89,Won,2025-10-21,Google
5927,1161,1,2025-10-15,449.87,Won,2025-10-21,Referral
5928,170,1,2025-10-10,506.7,Won,2025-10-21,Direct Mail
5929,993,3,2025-10-15,11478.02,Won,2025-10-21,Home Services Marketplace
5930,915,6,2025-10-12,1073.86,Lost,,Referral
5931,307,1,2025-10-12,483.42,Won,2025-10-21,Google
5932,408,2,2025-10-16,445.65,Open,,Organic
5933,968,2,2025-10-18,419.63,Won,2025-10-21,Organic
5934,79,2,2025-10-16,449.68,Lost,,Google
5935,499,3,2025-10-20,10189.79,Won,2025-10-21,Direct Mail
5936,570,4,2025-10-14,4751.79,Open,,Organic
5937,1112,5,2025-10-11,170.53,Won,2025-10-21,Referral
5938,316,2,2025-10-13,663.73,Lost,,Google
5939,274,4,2025-10-13,1777.35,Won,2025-10-21,Google
5940,1008,1,2025-10-15,511.65,Won,2025-10-21,Google
5941,1257,1,2025-10-19,534.46,Lost,,Home Services Marketplace
5942,623,1,2025-10-15,542.92,Won,2025-10-22,Google
5943,471,6,2025-10-19,788.09,Open,,Google
5944,791,1,2025-10-21,540.16,Lost,,Google
5945,840,5,2025-10-13,237.28,Won,2025-10-22,Organic
5946,1181,4,2025-10-13,2533.78,Won,2025-10-22,Organic
5947,800,1,2025-10-22,527.95,Lost,,Google
5948,1102,3,2025-10-11,14578.05,Won,2025-10-22,Direct Mail
5949,925,1,2025-10-15,468.23,Won,2025-10-22,Referral
5950,631,5,2025-10-21,153.52,Won,2025-10-22,Organic
5951,796,6,2025-10-14,1057.46,Lost,,Google
5952,469,3,2025-10-21,7989.94,Open,,Referral
5953,897,2,2025-10-11,475.93,Won,2025-10-22,Organic
5954,1421,5,2025-10-21,151.08,Won,2025-10-22,Referral
5955,468,2,2025-10-13,497.13,Won,2025-10-22,Referral
5956,351,3,2025-10-18,9946.6,Won,2025-10-23,Home Services Marketplace
5957,870,1,2025-10-12,392.47,Lost,,Google
5958,1026,5,2025-10-14,179.5,Won,2025-10-23,Organic
5959,1145,5,2025-10-15,193.05,Won,2025-10-23,Google
5960,19,4,2025-10-18,1981.91,Lost,,Referral
5961,648,1,2025-10-16,437.11,Won,2025-10-23,Direct Mail
5962,1081,1,2025-10-20,649.96,Won,2025-10-23,Google
5963,868,1,2025-10-11,532.22,Open,,Google
5964,589,1,2025-10-19,495.02,Won,2025-10-23,Referral
5965,1274,5,2025-10-13,173.37,Won,2025-10-23,Direct Mail
5966,104,4,2025-10-19,2600.44,Open,,Google
5967,430,3,2025-10-20,10757.17,Lost,,Referral
5968,465,2,2025-10-22,474.09,Lost,,Referral
5969,311,3,2025-10-17,10341.43,Open,,Referral
5970,50,1,2025-10-11,536.18,Won,2025-10-23,Organic
5971,1190,2,2025-10-23,631.7,Won,2025-10-24,Organic
5972,942,2,2025-10-15,472.88,Lost,,Google
5973,820,5,2025-10-16,188.43,Won,2025-10-24,Direct Mail
5974,1320,1,2025-10-15,797.83,Lost,,Direct Mail
5975,86,2,2025-10-18,614.23,Won,2025-10-24,Organic
5976,336,1,2025-10-12,388.6,Won,2025-10-24,Direct Mail
5977,114,1,2025-10-19,623.51,Won,2025-10-24,Google
5978,7,1,2025-10-21,391.97,Won,2025-10-24,Google
5979,1208,1,2025-10-17,734.63,Won,2025-10-24,Google
5980,1061,4,2025-10-19,1589.67,Won,2025-10-24,Organic
5981,145,5,2025-10-19,330.07,Open,,Organic
5982,367,1,2025-10-23,684.52,Won,2025-10-24,Direct Mail
5983,906,1,2025-10-18,562.84,Won,2025-10-24,Google
5984,1269,2,2025-10-14,521.06,Lost,,Referral
5985,1301,5,2025-10-13,195.41,Won,2025-10-24,Referral
5986,374,6,2025-10-21,1078.16,Won,2025-10-25,Google
5987,1104,1,2025-10-20,565.76,Won,2025-10-25,Google
5988,218,4,2025-10-20,2627.95,Open,,Google
5989,1120,5,2025-10-21,290.76,Won,2025-10-25,Organic
5990,225,5,2025-10-19,219.89,Won,2025-10-25,Home Services Marketplace
5991,849,6,2025-10-17,1608.93,Won,2025-10-25,Google
5992,247,5,2025-10-22,195.42,Won,2025-10-25,Referral
5993,274,2,2025-10-16,590.18,Lost,,Google
5994,697,5,2025-10-19,198.77,Lost,,Google
5995,189,4,2025-10-15,2618.36,Won,2025-10-26,Organic
5996,1260,6,2025-10-21,965.95,Open,,Referral
5997,336,1,2025-10-22,515.57,Lost,,Direct Mail
5998,737,2,2025-10-20,493.96,Won,2025-10-26,Home Services Marketplace
5999,701,1,2025-10-19,384.06,Won,2025-10-26,Direct Mail
6000,433,1,2025-10-20,529.48,Won,2025-10-26,Google
6001,1175,2,2025-10-17,646.6,Won,2025-10-26,Referral
6002,1437,3,2025-10-15,11065.79,Open,,Home Services Marketplace
6003,245,5,2025-10-20,242.72,Won,2025-10-26,Home Services Marketplace
6004,627,3,2025-10-20,10374.12,Won,2025-10-27,Google
6005,870,2,2025-10-24,554.79,Lost,,Google
6006,667,6,2025-10-16,2283.82,Won,2025-10-27,Organic
6007,409,3,2025-10-25,9815.16,Won,2025-10-27,Google
6008,989,4,2025-10-27,3742.16,Won,2025-10-27,Direct Mail
6009,305,5,2025-10-24,190.11,Won,2025-10-27,Home Services Marketplace
6010,833,5,2025-10-22,162.54,Lost,,Organic
6011,886,1,2025-10-26,615.86,Won,2025-10-27,Google
6012,1320,1,2025-10-21,788.04,Won,2025-10-27,Direct Mail
6013,770,1,2025-10-21,772.06,Won,2025-10-27,Organic
6014,925,1,2025-10-17,416.85,Lost,,Referral
6015,362,5,2025-10-22,208.83,Open,,Referral
6016,308,6,2025-10-18,1672.29,Open,,Referral
6017,205,2,2025-10-17,417.91,Won,2025-10-27,Google
6018,246,5,2025-10-17,247.46,Won,2025-10-27,Referral
6019,200,7,2025-10-27,1218.58,Won,2025-10-27,Direct Mail
6020,282,1,2025-10-21,848.68,Won,2025-10-28,Referral
6021,371,2,2025-10-23,481.74,Won,2025-10-28,Referral
6022,74,5,2025-10-27,179.82,Won,2025-10-28,Google
6023,1178,7,2025-10-24,980.78,Won,2025-10-28,Home Services Marketplace
6024,681,5,2025-10-20,130.51,Won,2025-10-28,Referral
6025,149,2,2025-10-26,842.68,Won,2025-10-28,Google
6026,516,1,2025-10-21,432.64,Won,2025-10-28,Google
6027,1284,5,2025-10-24,244.6,Open,,Google
6028,1034,5,2025-10-17,165.2,Won,2025-10-28,Organic
6029,1348,6,2025-10-20,1452.35,Won,2025-10-28,Organic
6030,299,2,2025-10-21,564.02,Won,2025-10-28,Referral
6031,1413,1,2025-10-24,512.77,Won,2025-10-28,Organic
6032,1090,6,2025-10-24,920.14,Won,2025-10-28,Google
6033,273,6,2025-10-22,1232.62,Lost,,Direct Mail
6034,700,1,2025-10-18,509.6,Won,2025-10-28,Google
6035,1279,5,2025-10-19,142.47,Won,2025-10-29,Google
6036,276,7,2025-10-20,1275.82,Lost,,Google
6037,1295,6,2025-10-18,1223.48,Won,2025-10-29,Organic
6038,1196,6,2025-10-27,2434.1,Won,2025-10-29,Referral
6039,177,1,2025-10-29,609.16,Won,2025-10-29,Referral
6040,291,1,2025-10-24,541.92,Lost,,Referral
6041,994,3,2025-10-21,12938.7,Won,2025-10-29,Google
6042,63,6,2025-10-23,1096.85,Won,2025-10-29,Google
6043,1300,5,2025-10-29,184.71,Won,2025-10-29,Google
6044,1273,1,2025-10-24,390.49,Won,2025-10-29,Home Services Marketplace
6045,462,1,2025-10-20,624.94,Won,2025-10-29,Referral
6046,677,4,2025-10-17,2673.37,Lost,,Home Services Marketplace
6047,318,5,2025-10-17,165.67,Lost,,Google
6048,1065,1,2025-10-24,417.21,Won,2025-10-29,Home Services Marketplace
6049,629,2,2025-10-23,466.74,Won,2025-10-29,Home Services Marketplace
6050,111,2,2025-10-25,759.22,Lost,,Organic
6051,812,3,2025-10-17,18034.69,Won,2025-10-29,Home Services Marketplace
6052,19,5,2025-10-20,249.52,Won,2025-10-29,Referral
6053,148,2,2025-10-18,551.29,Won,2025-10-29,Referral
6054,249,7,2025-10-20,1326.28,Won,2025-10-29,Home Services Marketplace
6055,610,4,2025-10-19,2509.06,Won,2025-10-29,Google
6056,87,1,2025-10-26,359.83,Won,2025-10-29,Direct Mail
6057,205,1,2025-10-23,449.4,Won,2025-10-29,Google
6058,1083,5,2025-10-28,174.36,Won,2025-10-29,Organic
6059,1072,1,2025-10-25,823.19,Won,2025-10-30,Referral
6060,1411,1,2025-10-21,510.89,Won,2025-10-30,Google
6061,659,3,2025-10-18,10950.77,Open,,Direct Mail
6062,99,1,2025-10-29,422.06,Won,2025-10-30,Google
6063,803,1,2025-10-23,437.74,Won,2025-10-30,Google
6064,712,6,2025-10-29,1792.13,Won,2025-10-30,Organic
6065,702,1,2025-10-19,599.52,Won,2025-10-30,Organic
6066,866,2,2025-10-25,545.21,Won,2025-10-30,Organic
6067,1045,1,2025-10-28,466.46,Won,2025-10-30,Home Services Marketplace
6068,1376,5,2025-10-28,317.93,Open,,Home Services Marketplace
6069,596,4,2025-10-20,2614.1,Won,2025-10-30,Referral
6070,141,5,2025-10-25,175.75,Won,2025-10-30,Google
6071,1014,5,2025-10-24,199.95,Won,2025-10-30,Google
6072,478,5,2025-10-19,237.34,Lost,,Organic
6073,181,1,2025-10-29,480.57,Won,2025-10-31,Organic
6074,1268,1,2025-10-20,443.45,Open,,Organic
6075,1172,3,2025-10-20,10631.07,Open,,Referral
6076,1099,4,2025-10-30,1986.21,Won,2025-10-31,Organic
6077,1055,2,2025-10-21,586.91,Open,,Organic
6078,224,5,2025-10-30,144.52,Won,2025-10-31,Referral
6079,1278,4,2025-10-20,3231.43,Won,2025-10-31,Referral
6080,969,2,2025-10-31,445.63,Won,2025-10-31,Organic
6081,1080,5,2025-10-23,197.12,Won,2025-10-31,Google
6082,210,2,2025-10-21,451.64,Won,2025-10-31,Referral
6083,865,4,2025-10-23,1864.9,Won,2025-10-31,Referral
6084,1222,2,2025-10-20,526.0,Open,,Referral
6085,1044,5,2025-10-19,169.03,Won,2025-10-31,Organic
6086,91,1,2025-10-31,559.6,Won,2025-10-31,Home Services Marketplace
6087,1243,5,2025-10-29,146.76,Won,2025-10-31,Organic
6088,890,6,2025-10-23,1113.86,Won,2025-10-31,Google
6089,741,5,2025-10-24,220.76,Open,,Google
6090,113,2,2025-10-27,828.01,Won,2025-10-31,Google
6091,569,2,2025-10-21,619.97,Won,2025-10-31,Google
6092,1141,4,2025-10-27,1796.87,Won,2025-11-01,Google
6093,1001,6,2025-10-20,2000.72,Won,2025-11-01,Referral
6094,696,2,2025-11-01,713.14,Open,,Organic
6095,604,5,2025-10-20,212.88,Won,2025-11-01,Referral
6096,882,3,2025-10-28,11567.13,Won,2025-11-01,Home Services Marketplace
6097,980,3,2025-11-01,16630.21,Won,2025-11-01,Organic
6098,1145,5,2025-10-20,249.88,Won,2025-11-01,Google
6099,1159,6,2025-10-26,1189.14,Won,2025-11-01,Referral
6100,479,2,2025-10-20,654.66,Won,2025-11-01,Referral
6101,1043,6,2025-10-31,1189.39,Lost,,Referral
6102,105,4,2025-10-27,1891.52,Won,2025-11-01,Referral
6103,1083,4,2025-10-25,2283.11,Won,2025-11-01,Organic
6104,742,5,2025-10-26,265.64,Won,2025-11-01,Organic
6105,1344,1,2025-10-24,391.85,Lost,,Home Services Marketplace
6106,1436,7,2025-10-31,940.98,Lost,,Google
6107,609,5,2025-10-21,244.08,Won,2025-11-02,Direct Mail
6108,1254,2,2025-10-23,641.02,Won,2025-11-02,Home Services Marketplace
6109,897,5,2025-10-22,158.25,Won,2025-11-02,Organic
6110,237,6,2025-10-24,1048.45,Won,2025-11-02,Referral
6111,152,7,2025-10-30,1260.89,Won,2025-11-02,Referral
6112,1059,4,2025-10-25,2611.77,Won,2025-11-02,Home Services Marketplace
6113,900,3,2025-11-01,10759.58,Lost,,Referral
6114,15,1,2025-10-27,463.15,Won,2025-11-02,Organic
6115,464,4,2025-10-31,2891.25,Lost,,Google
6116,312,5,2025-10-31,186.45,Won,2025-11-02,Direct Mail
6117,293,5,2025-10-30,246.01,Won,2025-11-02,Referral
6118,569,5,2025-10-24,218.1,Won,2025-11-02,Google
6119,363,3,2025-10-28,9028.59,Open,,Organic
6120,664,5,2025-10-26,219.79,Won,2025-11-02,Referral
6121,1252,5,2025-10-24,363.2,Won,2025-11-02,Organic
6122,1290,4,2025-10-28,2309.33,Won,2025-11-02,Google
6123,943,2,2025-11-02,476.61,Won,2025-11-03,Referral
6124,1265,5,2025-11-02,120.46,Won,2025-11-03,Google
6125,980,2,2025-10-22,792.99,Won,2025-11-03,Organic
6126,648,4,2025-10-23,2113.31,Open,,Direct Mail
6127,1287,5,2025-10-30,166.87,Won,2025-11-03,Google
6128,1051,7,2025-10-31,1491.25,Won,2025-11-03,Organic
6129,687,1,2025-10-26,365.71,Won,2025-11-03,Google
6130,4,5,2025-11-01,146.7,Won,2025-11-03,Google
6131,1173,1,2025-11-01,1024.48,Won,2025-11-03,Organic
6132,767,5,2025-10-27,210.1,Lost,,Google
6133,553,5,2025-11-03,329.47,Won,2025-11-03,Referral
6134,840,6,2025-10-30,969.19,Won,2025-11-03,Organic
6135,126,7,2025-11-02,1157.14,Won,2025-11-03,Home Services Marketplace
6136,1387,5,2025-11-01,209.86,Won,2025-11-03,Google
6137,790,3,2025-11-02,11349.84,Lost,,Referral
6138,427,5,2025-11-02,196.64,Open,,Home Services Marketplace
6139,927,1,2025-10-31,503.03,Won,2025-11-03,Google
6140,718,2,2025-10-24,519.46,Won,2025-11-03,Organic
6141,575,5,2025-10-27,200.75,Won,2025-11-04,Referral
6142,576,4,2025-10-27,2330.2,Lost,,Direct Mail
6143,56,7,2025-10-31,1654.64,Won,2025-11-04,Referral
6144,1087,1,2025-10-26,687.33,Won,2025-11-04,Direct Mail
6145,988,1,2025-11-03,557.79,Open,,Referral
6146,103,1,2025-10-31,588.6,Won,2025-11-04,Organic
6147,425,1,2025-11-03,421.32,Won,2025-11-04,Google
6148,920,5,2025-11-01,237.77,Won,2025-11-04,Google
6149,986,1,2025-10-23,511.13,Won,2025-11-04,Home Services Marketplace
6150,355,1,2025-10-31,371.15,Lost,,Organic
6151,738,2,2025-10-24,724.67,Won,2025-11-04,Referral
6152,192,2,2025-10-28,864.4,Won,2025-11-04,Google
6153,155,2,2025-10-23,368.11,Won,2025-11-04,Organic
6154,193,5,2025-11-01,227.41,Won,2025-11-04,Home Services Marketplace
6155,976,2,2025-10-31,387.72,Won,2025-11-04,Google
6156,527,2,2025-10-28,568.15,Won,2025-11-04,Referral
6157,700,1,2025-10-31,546.81,Won,2025-11-04,Google
6158,903,2,2025-11-04,635.51,Open,,Referral
6159,1425,5,2025-10-29,172.11,Won,2025-11-04,Google
6160,801,4,2025-10-24,2958.34,Won,2025-11-04,Google
6161,1310,5,2025-10-31,169.48,Lost,,Organic
6162,944,3,2025-10-23,7181.72,Won,2025-11-04,Home Services Marketplace
6163,427,2,2025-10-30,563.52,Won,2025-11-04,Home Services Marketplace
6164,928,1,2025-10-27,658.53,Open,,Organic
6165,488,5,2025-10-24,191.27,Open,,Home Services Marketplace
6166,689,5,2025-11-03,379.46,Won,2025-11-04,Referral
6167,711,5,2025-11-02,255.92,Won,2025-11-05,Google
6168,102,2,2025-10-24,522.09,Won,2025-11-05,Direct Mail
6169,437,4,2025-10-29,2199.39,Won,2025-11-05,Referral
6170,406,6,2025-11-01,992.01,Won,2025-11-05,Google
6171,379,6,2025-10-27,1055.58,Open,,Organic
6172,1246,7,2025-11-05,1012.29,Won,2025-11-05,Google
6173,1232,2,2025-10-27,510.81,Won,2025-11-05,Home Services Marketplace
6174,473,7,2025-10-30,957.15,Won,2025-11-05,Google
6175,1387,5,2025-10-31,190.14,Won,2025-11-05,Google
6176,108,1,2025-11-01,546.96,Won,2025-11-05,Organic
6177,1302,1,2025-10-29,902.72,Won,2025-11-05,Home Services Marketplace
6178,16,1,2025-10-27,456.85,Won,2025-11-05,Google
6179,284,1,2025-11-03,445.91,Won,2025-11-05,Referral
6180,401,5,2025-11-01,238.44,Lost,,Referral
6181,499,3,2025-10-31,14671.29,Open,,Direct Mail
6182,906,1,2025-10-31,476.71,Won,2025-11-05,Google
6183,871,7,2025-10-31,1807.25,Won,2025-11-05,Google
6184,719,1,2025-10-24,513.44,Open,,Referral
6185,1390,4,2025-11-01,2774.37,Open,,Organic
6186,168,1,2025-10-24,678.52,Won,2025-11-05,Referral
6187,719,2,2025-11-02,553.98,Won,2025-11-05,Referral
6188,540,1,2025-10-29,357.59,Won,2025-11-06,Organic
6189,584,1,2025-11-05,551.36,Lost,,Google
6190,1083,6,2025-10-25,1363.57,Won,2025-11-06,Organic
6191,660,2,2025-10-29,532.93,Lost,,Google
6192,547,3,2025-11-02,8920.97,Open,,Google
6193,1133,5,2025-10-30,229.04,Lost,,Direct Mail
6194,711,1,2025-11-06,469.83,Won,2025-11-06,Google
6195,208,1,2025-10-30,631.9,Open,,Referral
6196,1137,1,2025-10-31,554.86,Won,2025-11-06,Google
6197,250,3,2025-11-04,9046.39,Lost,,Organic
6198,312,1,2025-10-26,366.57,Open,,Direct Mail
6199,1390,2,2025-10-28,545.77,Won,2025-11-06,Organic
6200,1033,5,2025-10-30,236.96,Won,2025-11-06,Referral
6201,1303,7,2025-10-30,1029.94,Won,2025-11-06,Direct Mail
6202,1187,1,2025-10-30,539.34,Won,2025-11-06,Organic
6203,691,3,2025-11-03,10633.45,Lost,,Home Services Marketplace
6204,1175,1,2025-11-05,444.34,Won,2025-11-06,Referral
6205,1324,5,2025-11-01,212.66,Lost,,Google
6206,244,5,2025-11-02,186.27,Won,2025-11-06,Organic
6207,473,1,2025-10-26,417.15,Won,2025-11-06,Google
6208,501,1,2025-10-26,811.83,Won,2025-11-07,Google
6209,675,2,2025-11-03,591.91,Won,2025-11-07,Organic
6210,1203,5,2025-10-27,219.07,Won,2025-11-07,Google
6211,1441,5,2025-11-05,341.97,Lost,,Google
6212,10,5,2025-11-02,261.65,Won,2025-11-07,Google
6213,603,5,2025-11-02,233.59,Won,2025-11-07,Google
6214,776,6,2025-10-31,1282.48,Lost,,Google
6215,1298,1,2025-10-26,382.76,Won,2025-11-07,Direct Mail
6216,723,1,2025-10-28,522.75,Won,2025-11-07,Direct Mail
6217,704,5,2025-10-28,214.95,Won,2025-11-07,Organic
6218,1102,6,2025-11-01,1247.04,Won,2025-11-07,Direct Mail
6219,796,4,2025-11-01,1899.07,Won,2025-11-07,Google
6220,1175,2,2025-10-26,644.2,Won,2025-11-07,Referral
6221,1448,2,2025-10-31,572.19,Won,2025-11-07,Organic
6222,375,5,2025-10-31,195.55,Won,2025-11-07,Direct Mail
6223,1136,1,2025-10-26,674.85,Won,2025-11-07,Organic
6224,948,3,2025-11-06,11006.29,Open,,Organic
6225,761,5,2025-11-03,136.02,Lost,,Google
6226,334,2,2025-11-07,653.47,Won,2025-11-07,Organic
6227,224,1,2025-11-02,568.88,Won,2025-11-07,Referral
6228,979,2,2025-10-31,492.54,Won,2025-11-07,Referral
6229,94,5,2025-11-02,209.72,Won,2025-11-07,Direct Mail
6230,1061,1,2025-10-30,399.03,Won,2025-11-07,Organic
6231,1290,1,2025-10-29,485.4,Won,2025-11-08,Google
6232,187,6,2025-11-01,964.23,Won,2025-11-08,Referral
6233,753,5,2025-11-05,273.82,Won,2025-11-08,Home Services Marketplace
6234,909,3,2025-11-01,11495.34,Lost,,Home Services Marketplace
6235,724,6,2025-10-27,1122.16,Won,2025-11-08,Google
6236,633,6,2025-11-04,1068.74,Won,2025-11-08,Referral
6237,1354,1,2025-11-06,401.95,Won,2025-11-08,Referral
6238,1189,1,2025-11-07,743.03,Lost,,Referral
6239,300,5,2025-11-01,221.43,Open,,Direct Mail
6240,694,5,2025-10-28,221.18,Won,2025-11-08,Google
6241,477,4,2025-11-03,2452.07,Open,,Direct Mail
6242,1306,3,2025-10-30,9748.59,Lost,,Organic
6243,433,4,2025-11-06,2293.28,Lost,,Google
6244,419,4,2025-10-30,5446.59,Lost,,Google
6245,1060,1,2025-10-31,503.66,Open,,Google
6246,819,1,2025-11-01,459.84,Open,,Organic
6247,1407,1,2025-11-09,465.18,Lost,,Referral
6248,364,3,2025-11-04,11146.69,Won,2025-11-09,Referral
6249,501,1,2025-10-31,478.47,Won,2025-11-09,Google
6250,324,3,2025-11-09,9799.9,Won,2025-11-09,Referral
6251,1051,1,2025-11-05,528.99,Lost,,Organic
6252,510,2,2025-11-08,524.14,Won,2025-11-09,Google
6253,962,5,2025-11-01,201.37,Won,2025-11-09,Direct Mail
6254,705,2,2025-10-29,414.36,Won,2025-11-09,Organic
6255,1050,1,2025-11-08,470.88,Won,2025-11-09,Referral
6256,1357,3,2025-11-08,6413.51,Lost,,Google
6257,1318,1,2025-11-04,557.93,Won,2025-11-10,Referral
6258,406,3,2025-11-05,9354.53,Open,,Google
6259,51,1,2025-11-06,465.29,Won,2025-11-10,Organic
6260,818,1,2025-11-09,675.83,Won,2025-11-10,Google
6261,900,4,2025-10-29,2894.56,Lost,,Referral
6262,708,1,2025-11-01,422.0,Won,2025-11-10,Google
6263,524,1,2025-10-29,501.86,Won,2025-11-10,Referral
6264,1394,3,2025-11-04,12440.62,Lost,,Google
6265,1162,3,2025-11-02,13892.48,Lost,,Google
6266,951,4,2025-11-01,2062.44,Won,2025-11-10,Google
6267,1165,1,2025-11-10,538.32,Open,,Home Services Marketplace
6268,791,5,2025-11-07,133.88,Won,2025-11-10,Google
6269,1334,2,2025-11-07,467.91,Won,2025-11-10,Home Services Marketplace
6270,401,1,2025-11-07,503.7,Won,2025-11-10,Referral
6271,989,1,2025-11-10,960.16,Won,2025-11-10,Direct Mail
6272,879,1,2025-11-08,508.28,Won,2025-11-10,Organic
6273,993,2,2025-11-03,490.73,Won,2025-11-10,Home Services Marketplace
6274,729,6,2025-11-10,1019.41,Won,2025-11-10,Referral
6275,1081,5,2025-11-09,241.14,Won,2025-11-10,Google
6276,111,1,2025-11-02,398.92,Won,2025-11-11,Organic
6277,1228,5,2025-11-02,154.28,Open,,Organic
6278,1367,2,2025-11-01,561.02,Won,2025-11-11,Organic
6279,1135,4,2025-11-02,3668.55,Lost,,Organic
6280,432,5,2025-11-02,296.02,Won,2025-11-11,Referral
6281,1197,1,2025-11-08,438.8,Won,2025-11-11,Organic
6282,745,4,2025-11-08,2299.79,Open,,Organic
6283,91,5,2025-11-07,175.15,Won,2025-11-11,Home Services Marketplace
6284,1060,5,2025-10-31,197.83,Won,2025-11-11,Google
6285,1189,1,2025-11-07,784.17,Won,2025-11-11,Referral
6286,883,4,2025-11-02,2996.75,Open,,Organic
6287,554,3,2025-11-01,11722.76,Lost,,Google
6288,471,2,2025-11-08,517.11,Won,2025-11-11,Google
6289,836,1,2025-11-09,407.64,Won,2025-11-11,Google
6290,556,1,2025-11-06,405.93,Won,2025-11-11,Google
6291,1154,1,2025-11-05,737.32,Won,2025-11-11,Organic
6292,1220,6,2025-11-07,1432.77,Lost,,Google
6293,678,5,2025-11-07,207.69,Lost,,Organic
6294,813,2,2025-11-01,374.34,Won,2025-11-11,Organic
6295,1379,2,2025-11-10,665.76,Open,,Google
6296,604,5,2025-11-10,245.69,Won,2025-11-11,Referral
6297,456,7,2025-11-06,1031.32,Won,2025-11-12,Organic
6298,193,2,2025-11-03,510.26,Won,2025-11-12,Home Services Marketplace
6299,703,5,2025-11-09,137.64,Won,2025-11-12,Organic
6300,1041,4,2025-11-09,4487.98,Open,,Organic
6301,1021,5,2025-10-31,163.84,Open,,Referral
6302,318,3,2025-11-12,11940.37,Won,2025-11-12,Google
6303,74,2,2025-11-12,661.73,Won,2025-11-12,Google
6304,66,6,2025-11-04,1547.45,Won,2025-11-12,Referral
6305,802,5,2025-11-03,168.54,Won,2025-11-12,Organic
6306,644,5,2025-11-10,214.33,Won,2025-11-12,Referral
6307,1253,6,2025-11-05,964.33,Won,2025-11-12,Referral
6308,1189,4,2025-11-02,5292.33,Lost,,Referral
6309,1439,3,2025-11-02,19256.18,Won,2025-11-12,Google
6310,467,1,2025-11-12,436.04,Open,,Organic
6311,754,7,2025-11-11,1078.14,Won,2025-11-13,Google
6312,180,3,2025-11-11,9202.84,Won,2025-11-13,Direct Mail
6313,136,4,2025-11-04,4195.99,Lost,,Google
6314,44,1,2025-11-12,443.52,Won,2025-11-13,Google
6315,497,1,2025-11-07,694.16,Won,2025-11-13,Google
6316,617,1,2025-11-07,713.08,Open,,Google
6317,707,4,2025-11-06,3352.09,Lost,,Organic
6318,570,2,2025-11-07,1108.64,Open,,Organic
6319,1109,6,2025-11-01,1398.55,Won,2025-11-13,Referral
6320,189,4,2025-11-09,1941.4,Open,,Organic
6321,412,7,2025-11-03,1870.98,Won,2025-11-13,Home Services Marketplace
6322,186,1,2025-11-11,482.09,Won,2025-11-13,Google
6323,352,2,2025-11-02,654.51,Won,2025-11-13,Direct Mail
6324,872,5,2025-11-05,164.38,Won,2025-11-13,Organic
6325,6,1,2025-11-04,487.09,Won,2025-11-13,Home Services Marketplace
6326,1395,4,2025-11-13,2321.7,Lost,,Home Services Marketplace
6327,1277,5,2025-11-13,176.49,Won,2025-11-13,Organic
6328,992,6,2025-11-13,1305.55,Won,2025-11-13,Organic
6329,1402,1,2025-11-08,370.53,Won,2025-11-13,Google
6330,678,5,2025-11-09,144.08,Won,2025-11-13,Organic
6331,300,2,2025-11-07,591.7,Won,2025-11-13,Direct Mail
6332,567,5,2025-11-14,170.93,Won,2025-11-14,Referral
6333,923,2,2025-11-09,637.52,Won,2025-11-14,Referral
6334,552,4,2025-11-08,2355.8,Open,,Referral
6335,34,1,2025-11-12,369.03,Won,2025-11-14,Direct Mail
6336,1407,3,2025-11-11,9521.1,Won,2025-11-14,Referral
6337,1441,3,2025-11-08,17141.81,Won,2025-11-14,Google
6338,1121,1,2025-11-14,427.67,Open,,Google
6339,858,5,2025-11-10,169.92,Won,2025-11-14,Organic
6340,683,1,2025-11-03,469.58,Won,2025-11-14,Home Services Marketplace
6341,225,5,2025-11-12,195.05,Won,2025-11-14,Home Services Marketplace
6342,872,5,2025-11-09,154.24,Won,2025-11-14,Organic
6343,861,1,2025-11-09,548.52,Won,2025-11-15,Home Services Marketplace
6344,1321,5,2025-11-08,204.18,Open,,Direct Mail
6345,174,2,2025-11-03,537.99,Won,2025-11-15,Google
6346,1184,2,2025-11-07,633.29,Open,,Google
6347,779,6,2025-11-12,1572.76,Open,,Home Services Marketplace
6348,911,3,2025-11-04,23369.94,Won,2025-11-15,Google
6349,664,1,2025-11-14,405.76,Won,2025-11-15,Referral
6350,192,4,2025-11-09,4876.97,Open,,Google
6351,111,1,2025-11-14,370.3,Won,2025-11-15,Organic
6352,789,2,2025-11-11,528.8,Won,2025-11-15,Home Services Marketplace
6353,991,4,2025-11-12,2473.89,Open,,Referral
6354,828,1,2025-11-13,627.82,Lost,,Google
6355,550,5,2025-11-07,219.48,Won,2025-11-15,Referral
6356,807,1,2025-11-05,776.47,Won,2025-11-15,Direct Mail
6357,1439,3,2025-11-14,26608.04,Won,2025-11-16,Google
6358,659,6,2025-11-07,1110.7,Won,2025-11-16,Direct Mail
6359,451,4,2025-11-08,3346.6,Won,2025-11-16,Home Services Marketplace
6360,1113,5,2025-11-12,167.99,Won,2025-11-16,Home Services Marketplace
6361,244,3,2025-11-15,9175.71,Open,,Organic
6362,343,1,2025-11-04,425.87,Won,2025-11-16,Google
6363,870,1,2025-11-11,553.85,Open,,Google
6364,167,5,2025-11-04,208.92,Open,,Referral
6365,402,4,2025-11-10,2180.21,Open,,Google
6366,164,2,2025-11-08,519.97,Won,2025-11-16,Google
6367,1435,2,2025-11-04,479.39,Won,2025-11-16,Referral
6368,961,1,2025-11-09,435.01,Won,2025-11-16,Referral
6369,204,1,2025-11-06,626.37,Won,2025-11-16,Home Services Marketplace
6370,110,5,2025-11-07,380.59,Won,2025-11-16,Google
6371,824,7,2025-11-05,1321.29,Lost,,Direct Mail
6372,1421,5,2025-11-09,150.94,Won,2025-11-17,Referral
6373,1267,1,2025-11-06,472.02,Won,2025-11-17,Home Services Marketplace
6374,274,4,2025-11-09,2406.37,Open,,Google
6375,660,1,2025-11-08,431.28,Won,2025-11-17,Google
6376,1333,1,2025-11-05,467.55,Open,,Direct Mail
6377,275,1,2025-11-14,448.01,Won,2025-11-17,Google
6378,953,6,2025-11-06,1638.46,Won,2025-11-17,Home Services Marketplace
6379,353,4,2025-11-14,2950.39,Lost,,Referral
6380,1398,1,2025-11-10,577.84,Open,,Google
6381,1373,1,2025-11-10,1081.53,Lost,,Referral
6382,121,1,2025-11-06,956.85,Won,2025-11-17,Home Services Marketplace
6383,540,4,2025-11-10,2897.77,Won,2025-11-17,Organic
6384,1272,4,2025-11-09,3888.4,Open,,Referral
6385,153,6,2025-11-17,1093.34,Won,2025-11-18,Organic
6386,255,2,2025-11-12,624.34,Won,2025-11-18,Home Services Marketplace
6387,650,1,2025-11-12,475.7,Won,2025-11-18,Home Services Marketplace
6388,858,1,2025-11-13,532.17,Won,2025-11-18,Organic
6389,371,4,2025-11-06,2111.22,Won,2025-11-18,Referral
6390,144,5,2025-11-18,118.0,Lost,,Referral
6391,394,5,2025-11-12,169.78,Open,,Home Services Marketplace
6392,1011,1,2025-11-18,372.21,Won,2025-11-18,Organic
6393,1095,4,2025-11-06,4800.54,Lost,,Referral
6394,782,1,2025-11-07,437.12,Won,2025-11-18,Organic
6395,1357,5,2025-11-13,143.53,Won,2025-11-18,Google
6396,219,7,2025-11-06,1131.96,Won,2025-11-18,Google
6397,535,1,2025-11-14,459.59,Won,2025-11-18,Home Services Marketplace
6398,629,3,2025-11-14,14335.68,Won,2025-11-18,Home Services Marketplace
6399,39,1,2025-11-17,422.65,Won,2025-11-18,Google
6400,1403,5,2025-11-07,229.88,Won,2025-11-18,Organic
6401,106,1,2025-11-12,592.14,Won,2025-11-18,Organic
6402,1013,3,2025-11-07,11602.84,Lost,,Google
6403,1163,6,2025-11-11,1140.56,Lost,,Google
6404,733,1,2025-11-13,657.68,Won,2025-11-18,Organic
6405,41,1,2025-11-13,481.94,Open,,Google
6406,1058,2,2025-11-15,506.43,Won,2025-11-18,Organic
6407,1405,5,2025-11-11,174.59,Won,2025-11-18,Google
6408,1428,5,2025-11-16,167.89,Open,,Organic
6409,153,1,2025-11-11,523.74,Won,2025-11-19,Organic
6410,822,1,2025-11-18,493.42,Won,2025-11-19,Organic
6411,1222,1,2025-11-08,457.72,Won,2025-11-19,Referral
6412,1022,5,2025-11-11,282.78,Open,,Home Services Marketplace
6413,510,1,2025-11-14,545.15,Won,2025-11-19,Google
6414,362,6,2025-11-16,1064.78,Won,2025-11-19,Referral
6415,201,5,2025-11-09,208.92,Won,2025-11-19,Home Services Marketplace
6416,469,5,2025-11-11,250.68,Won,2025-11-19,Referral
6417,917,1,2025-11-10,456.37,Won,2025-11-19,Google
6418,348,5,2025-11-07,151.2,Won,2025-11-19,Google
6419,86,1,2025-11-16,438.07,Won,2025-11-19,Organic
6420,547,5,2025-11-09,176.78,Won,2025-11-19,Google
6421,149,2,2025-11-08,608.18,Won,2025-11-19,Google
6422,863,6,2025-11-12,1392.36,Won,2025-11-20,Google
6423,718,2,2025-11-20,553.86,Won,2025-11-20,Organic
6424,30,1,2025-11-10,482.9,Won,2025-11-20,Referral
6425,327,3,2025-11-11,10057.39,Won,2025-11-20,Home Services Marketplace
6426,1026,2,2025-11-19,615.37,Won,2025-11-20,Organic
6427,34,2,2025-11-18,452.39,Won,2025-11-20,Direct Mail
6428,1333,1,2025-11-11,520.53,Won,2025-11-20,Direct Mail
6429,1168,1,2025-11-11,427.24,Won,2025-11-20,Referral
6430,675,1,2025-11-16,327.78,Won,2025-11-20,Organic
6431,887,5,2025-11-14,341.4,Open,,Google
6432,1214,1,2025-11-09,555.43,Open,,Direct Mail
6433,1161,1,2025-11-14,560.29,Open,,Referral
6434,371,2,2025-11-10,680.68,Won,2025-11-20,Referral
6435,53,1,2025-11-14,585.22,Open,,Referral
6436,948,6,2025-11-18,1032.78,Won,2025-11-20,Organic
6437,1370,2,2025-11-18,787.45,Won,2025-11-20,Organic
6438,893,6,2025-11-08,2562.5,Won,2025-11-20,Referral
6439,145,7,2025-11-17,2179.45,Won,2025-11-20,Organic
6440,522,5,2025-11-18,137.22,Won,2025-11-20,Google
6441,335,4,2025-11-18,2325.57,Won,2025-11-20,Referral
6442,200,5,2025-11-15,216.06,Won,2025-11-21,Direct Mail
6443,16,1,2025-11-15,429.51,Won,2025-11-21,Google
6444,787,5,2025-11-19,417.06,Won,2025-11-21,Google
6445,1159,1,2025-11-10,377.73,Won,2025-11-21,Referral
6446,355,4,2025-11-11,1989.06,Won,2025-11-21,Organic
6447,766,2,2025-11-17,466.48,Won,2025-11-21,Referral
6448,1421,1,2025-11-16,548.75,Won,2025-11-21,Referral
6449,834,2,2025-11-18,440.5,Open,,Google
6450,212,6,2025-11-12,1142.31,Won,2025-11-21,Google
6451,294,1,2025-11-14,520.7,Won,2025-11-21,Referral
6452,752,1,2025-11-15,483.1,Lost,,Referral
6453,565,1,2025-11-11,542.21,Won,2025-11-21,Referral
6454,1431,6,2025-11-20,1192.93,Won,2025-11-21,Google
6455,566,1,2025-11-14,576.83,Won,2025-11-21,Referral
6456,464,1,2025-11-14,593.67,Won,2025-11-21,Google
6457,370,1,2025-11-19,480.62,Lost,,Home Services Marketplace
6458,575,5,2025-11-10,245.02,Won,2025-11-21,Referral
6459,549,7,2025-11-13,1251.31,Open,,Home Services Marketplace
6460,518,1,2025-11-10,396.65,Won,2025-11-21,Organic
6461,1270,1,2025-11-21,513.99,Won,2025-11-22,Organic
6462,922,5,2025-11-10,180.2,Won,2025-11-22,Home Services Marketplace
6463,543,1,2025-11-17,522.45,Won,2025-11-22,Organic
6464,1448,4,2025-11-19,2241.31,Lost,,Organic
6465,72,1,2025-11-12,460.68,Won,2025-11-22,Referral
6466,219,3,2025-11-15,11286.5,Open,,Google
6467,393,3,2025-11-19,6813.32,Open,,Google
6468,384,1,2025-11-22,520.0,Open,,Google
6469,1198,1,2025-11-15,531.12,Won,2025-11-22,Referral
6470,335,6,2025-11-17,1283.09,Won,2025-11-22,Referral
6471,322,1,2025-11-10,416.71,Won,2025-11-22,Google
6472,418,2,2025-11-14,462.65,Lost,,Direct Mail
6473,939,1,2025-11-22,534.5,Lost,,Organic
6474,96,5,2025-11-17,177.36,Won,2025-11-22,Google
6475,357,4,2025-11-13,2120.09,Lost,,Referral
6476,285,1,2025-11-16,379.23,Open,,Referral
6477,966,6,2025-11-15,991.83,Lost,,Referral
6478,351,1,2025-11-22,655.3,Won,2025-11-23,Home Services Marketplace
6479,1367,5,2025-11-11,194.64,Won,2025-11-23,Organic
6480,651,1,2025-11-19,468.39,Won,2025-11-23,Referral
6481,788,5,2025-11-14,215.49,Lost,,Direct Mail
6482,111,5,2025-11-12,208.92,Open,,Organic
6483,1384,5,2025-11-23,166.3,Won,2025-11-23,Referral
6484,491,1,2025-11-20,416.39,Won,2025-11-23,Organic
6485,1411,1,2025-11-18,547.74,Open,,Google
6486,20,4,2025-11-19,3976.92,Open,,Home Services Marketplace
6487,845,5,2025-11-21,141.35,Won,2025-11-23,Home Services Marketplace
6488,175,1,2025-11-24,409.22,Won,2025-11-24,Organic
6489,376,6,2025-11-19,1131.64,Won,2025-11-24,Google
6490,472,1,2025-11-23,777.68,Won,2025-11-24,Referral
6491,565,1,2025-11-12,365.74,Lost,,Referral
6492,727,5,2025-11-23,221.36,Won,2025-11-24,Organic
6493,595,3,2025-11-16,11194.96,Won,2025-11-24,Google
6494,1331,1,2025-11-21,454.46,Won,2025-11-24,Home Services Marketplace
6495,837,3,2025-11-24,8345.15,Won,2025-11-24,Home Services Marketplace
6496,1214,1,2025-11-19,544.9,Won,2025-11-24,Direct Mail
6497,203,1,2025-11-21,380.03,Won,2025-11-24,Referral
6498,820,1,2025-11-12,416.17,Lost,,Direct Mail
6499,737,5,2025-11-13,228.18,Won,2025-11-24,Home Services Marketplace
6500,200,1,2025-11-17,446.14,Won,2025-11-24,Direct Mail
6501,393,4,2025-11-22,2548.2,Open,,Google
6502,1238,4,2025-11-18,2205.15,Open,,Referral
6503,1311,3,2025-11-20,8075.08,Won,2025-11-24,Organic
6504,207,3,2025-11-22,9588.15,Won,2025-11-25,Referral
6505,384,5,2025-11-20,191.79,Won,2025-11-25,Google
6506,773,5,2025-11-25,210.44,Lost,,Google
6507,872,5,2025-11-20,190.31,Won,2025-11-25,Organic
6508,1317,5,2025-11-25,163.61,Won,2025-11-25,Direct Mail
6509,608,1,2025-11-24,669.81,Won,2025-11-25,Organic
6510,11,2,2025-11-15,439.73,Won,2025-11-25,Referral
6511,1117,1,2025-11-17,566.56,Won,2025-11-25,Google
6512,792,3,2025-11-16,10920.39,Open,,Referral
6513,704,5,2025-11-13,168.06,Open,,Organic
6514,1097,4,2025-11-21,2169.28,Won,2025-11-25,Referral
6515,137,5,2025-11-22,133.71,Won,2025-11-25,Google
6516,423,6,2025-11-25,1930.82,Open,,Organic
6517,731,7,2025-11-14,1033.03,Won,2025-11-25,Google
6518,1284,6,2025-11-14,1307.52,Open,,Google
6519,1388,5,2025-11-17,182.2,Won,2025-11-25,Google
6520,1077,4,2025-11-13,2661.76,Open,,Referral
6521,753,5,2025-11-21,158.19,Won,2025-11-25,Home Services Marketplace
6522,769,3,2025-11-23,10013.12,Won,2025-11-25,Google
6523,61,2,2025-11-20,610.2,Won,2025-11-25,Google
6524,1124,3,2025-11-18,9160.5,Won,2025-11-25,Organic
6525,436,3,2025-11-19,10959.87,Lost,,Google
6526,76,1,2025-11-16,513.59,Won,2025-11-25,Organic
6527,694,4,2025-11-17,2999.05,Open,,Google
6528,233,5,2025-11-23,257.09,Won,2025-11-26,Google
6529,341,1,2025-11-22,385.11,Open,,Organic
6530,774,2,2025-11-26,758.53,Won,2025-11-26,Referral
6531,769,2,2025-11-16,572.48,Won,2025-11-26,Google
6532,1031,1,2025-11-24,390.79,Won,2025-11-26,Google
6533,574,3,2025-11-20,8791.13,Won,2025-11-26,Organic
6534,438,5,2025-11-18,267.01,Lost,,Google
6535,1101,2,2025-11-15,815.41,Won,2025-11-26,Home Services Marketplace
6536,1129,5,2025-11-18,187.29,Won,2025-11-26,Referral
6537,79,1,2025-11-17,448.17,Won,2025-11-26,Google
6538,1311,5,2025-11-21,194.02,Won,2025-11-26,Organic
6539,1293,5,2025-11-18,203.13,Lost,,Google
6540,493,5,2025-11-24,401.08,Won,2025-11-26,Organic
6541,582,2,2025-11-24,523.74,Lost,,Google
6542,1307,1,2025-11-22,1019.34,Won,2025-11-26,Google
6543,820,6,2025-11-15,1090.21,Won,2025-11-26,Direct Mail
6544,51,6,2025-11-20,1190.54,Won,2025-11-26,Organic
6545,738,1,2025-11-15,464.89,Won,2025-11-26,Referral
6546,154,2,2025-11-17,612.11,Won,2025-11-26,Google
6547,264,5,2025-11-16,155.03,Won,2025-11-26,Google
6548,1023,2,2025-11-19,429.19,Lost,,Referral
6549,264,3,2025-11-20,9496.92,Open,,Google
6550,328,7,2025-11-24,920.11,Won,2025-11-27,Google
6551,1368,1,2025-11-23,480.77,Won,2025-11-27,Google
6552,1249,1,2025-11-22,505.14,Lost,,Google
6553,939,2,2025-11-20,609.94,Lost,,Organic
6554,1175,2,2025-11-20,661.33,Won,2025-11-27,Referral
6555,1182,6,2025-11-15,1030.98,Won,2025-11-27,Google
6556,1120,6,2025-11-21,1751.35,Won,2025-11-27,Organic
6557,405,6,2025-11-24,2015.63,Lost,,Referral
6558,217,4,2025-11-16,1887.02,Open,,Home Services Marketplace
6559,804,5,2025-11-27,200.07,Won,2025-11-27,Home Services Marketplace
6560,241,4,2025-11-27,3236.95,Won,2025-11-27,Referral
6561,1151,1,2025-11-17,436.3,Open,,Referral
6562,969,1,2025-11-21,743.96,Won,2025-11-27,Organic
6563,1320,2,2025-11-26,943.38,Won,2025-11-27,Direct Mail
6564,190,2,2025-11-21,544.89,Won,2025-11-27,Referral
6565,352,3,2025-11-22,10912.47,Won,2025-11-27,Direct Mail
6566,1204,1,2025-11-24,430.34,Won,2025-11-27,Organic
6567,1217,1,2025-11-23,594.33,Open,,Google
6568,937,1,2025-11-24,891.81,Lost,,Referral
6569,1007,5,2025-11-26,437.47,Won,2025-11-27,Referral
6570,62,2,2025-11-19,545.21,Won,2025-11-27,Google
6571,399,2,2025-11-23,546.87,Won,2025-11-28,Organic
6572,770,2,2025-11-19,591.82,Won,2025-11-28,Organic
6573,664,4,2025-11-24,2796.58,Open,,Referral
6574,965,5,2025-11-24,237.47,Won,2025-11-28,Referral
6575,668,1,2025-11-25,425.49,Won,2025-11-28,Home Services Marketplace
6576,861,1,2025-11-21,431.93,Won,2025-11-28,Home Services Marketplace
6577,1414,3,2025-11-24,9101.78,Won,2025-11-28,Organic
6578,751,1,2025-11-16,790.65,Open,,Google
6579,14,5,2025-11-20,151.91,Open,,Referral
6580,931,5,2025-11-27,237.78,Won,2025-11-28,Direct Mail
6581,128,1,2025-11-17,550.48,Won,2025-11-28,Google
6582,1230,5,2025-11-23,158.39,Won,2025-11-28,Referral
6583,660,5,2025-11-21,155.97,Won,2025-11-28,Google
6584,1265,4,2025-11-25,2849.06,Won,2025-11-28,Google
6585,1391,1,2025-11-21,678.56,Lost,,Google
6586,280,6,2025-11-23,1057.02,Won,2025-11-28,Direct Mail
6587,1013,2,2025-11-27,532.52,Open,,Google
6588,759,5,2025-11-20,398.67,Won,2025-11-28,Google
6589,1070,5,2025-11-20,223.62,Won,2025-11-28,Organic
6590,641,1,2025-11-21,387.19,Won,2025-11-28,Home Services Marketplace
6591,296,5,2025-11-27,174.94,Won,2025-11-28,Direct Mail
6592,1023,1,2025-11-24,479.03,Open,,Referral
6593,1104,1,2025-11-20,384.58,Won,2025-11-28,Google
6594,648,1,2025-11-25,646.11,Won,2025-11-28,Direct Mail
6595,1208,1,2025-11-17,477.73,Won,2025-11-28,Google
6596,558,1,2025-11-25,492.87,Lost,,Google
6597,734,1,2025-11-21,526.97,Won,2025-11-29,Google
6598,140,4,2025-11-21,1982.68,Won,2025-11-29,Google
6599,452,2,2025-11-25,442.01,Won,2025-11-29,Organic
6600,178,5,2025-11-17,188.81,Lost,,Google
6601,323,2,2025-11-20,544.57,Won,2025-11-29,Referral
6602,981,4,2025-11-20,1659.08,Lost,,Referral
6603,1128,1,2025-11-19,494.89,Won,2025-11-29,Referral
6604,357,1,2025-11-27,536.89,Lost,,Referral
6605,567,1,2025-11-27,442.74,Won,2025-11-29,Referral
6606,1272,3,2025-11-20,16271.41,Lost,,Referral
6607,1415,1,2025-11-19,429.49,Lost,,Organic
6608,676,6,2025-11-19,1647.01,Open,,Google
6609,259,1,2025-11-27,338.91,Won,2025-11-29,Home Services Marketplace
6610,1033,5,2025-11-26,170.97,Won,2025-11-29,Referral
6611,923,5,2025-11-22,159.95,Won,2025-11-29,Referral
6612,554,2,2025-11-27,513.87,Won,2025-11-29,Google
6613,1248,5,2025-11-19,228.47,Won,2025-11-30,Google
6614,418,2,2025-11-18,577.44,Won,2025-11-30,Direct Mail
6615,630,3,2025-11-25,11225.4,Open,,Organic
6616,1161,4,2025-11-25,2016.62,Won,2025-11-30,Referral
6617,481,4,2025-11-21,2831.26,Won,2025-11-30,Home Services Marketplace
6618,174,6,2025-11-19,1020.25,Won,2025-11-30,Google
6619,331,5,2025-11-19,142.51,Won,2025-11-30,Organic
6620,538,5,2025-11-24,202.09,Won,2025-11-30,Referral
6621,270,2,2025-11-22,517.25,Won,2025-11-30,Organic
6622,953,1,2025-11-30,524.13,Won,2025-11-30,Home Services Marketplace
6623,536,5,2025-11-20,247.04,Won,2025-11-30,Referral
6624,1178,5,2025-11-21,172.12,Won,2025-11-30,Home Services Marketplace
6625,1087,3,2025-11-19,18485.74,Won,2025-11-30,Direct Mail
6626,1183,1,2025-11-30,388.9,Won,2025-11-30,Google
6627,1042,4,2025-11-24,2096.44,Won,2025-12-01,Google
6628,1295,6,2025-11-20,1043.84,Won,2025-12-01,Organic
6629,1224,1,2025-11-25,508.43,Lost,,Organic
6630,1138,2,2025-11-27,356.41,Won,2025-12-01,Organic
6631,1070,1,2025-11-24,499.01,Won,2025-12-01,Organic
6632,1385,6,2025-11-20,1769.15,Open,,Home Services Marketplace
6633,1261,3,2025-11-22,12268.0,Open,,Organic
6634,1446,1,2025-11-27,689.07,Won,2025-12-01,Home Services Marketplace
6635,151,4,2025-11-19,2230.26,Won,2025-12-01,Home Services Marketplace
6636,1120,5,2025-11-28,428.54,Won,2025-12-01,Organic
6637,657,1,2025-11-30,374.63,Lost,,Referral
6638,628,4,2025-11-22,2438.51,Won,2025-12-01,Referral
6639,612,5,2025-11-25,185.85,Won,2025-12-01,Google
6640,1092,1,2025-11-28,584.85,Won,2025-12-01,Google
6641,1416,7,2025-11-20,1134.6,Won,2025-12-01,Referral
6642,1057,3,2025-12-01,13247.49,Won,2025-12-01,Referral
6643,340,1,2025-11-29,465.58,Won,2025-12-01,Google
6644,852,1,2025-11-23,498.42,Won,2025-12-01,Home Services Marketplace
6645,770,4,2025-11-29,1551.01,Won,2025-12-01,Organic
6646,994,2,2025-11-27,475.42,Open,,Google
6647,526,2,2025-11-25,525.58,Won,2025-12-01,Google
6648,376,2,2025-11-21,510.99,Won,2025-12-02,Google
6649,1011,1,2025-11-20,465.94,Lost,,Organic
6650,142,5,2025-11-28,186.1,Lost,,Home Services Marketplace
6651,1430,5,2025-11-24,202.86,Won,2025-12-02,Referral
6652,1250,6,2025-11-26,1241.69,Won,2025-12-02,Organic
6653,40,1,2025-11-27,676.95,Won,2025-12-02,Direct Mail
6654,603,2,2025-11-23,584.72,Won,2025-12-02,Google
6655,604,2,2025-11-20,493.01,Open,,Referral
6656,817,3,2025-11-22,9380.66,Won,2025-12-02,Organic
6657,477,1,2025-12-02,491.06,Won,2025-12-02,Direct Mail
6658,757,6,2025-11-24,899.27,Won,2025-12-02,Google
6659,1146,1,2025-11-20,519.61,Won,2025-12-02,Home Services Marketplace
6660,1220,1,2025-11-20,515.19,Open,,Google
6661,365,6,2025-12-02,1260.67,Won,2025-12-02,Organic
6662,860,2,2025-11-23,468.29,Won,2025-12-02,Referral
6663,1269,1,2025-12-02,516.02,Open,,Referral
6664,1019,5,2025-11-21,171.91,Open,,Organic
6665,384,1,2025-11-28,430.07,Lost,,Google
6666,1371,2,2025-11-21,510.8,Won,2025-12-02,Google
6667,1317,4,2025-11-30,2366.96,Open,,Direct Mail
6668,467,5,2025-11-25,164.44,Lost,,Organic
6669,42,1,2025-11-22,515.34,Won,2025-12-02,Home Services Marketplace
6670,800,5,2025-11-20,167.33,Lost,,Google
6671,497,1,2025-11-26,790.83,Won,2025-12-02,Google
6672,968,2,2025-11-23,588.92,Won,2025-12-02,Organic
6673,1331,6,2025-11-28,1519.7,Won,2025-12-03,Home Services Marketplace
6674,288,6,2025-11-29,1214.8,Won,2025-12-03,Referral
6675,242,5,2025-11-29,300.44,Won,2025-12-03,Direct Mail
6676,835,5,2025-11-22,154.38,Won,2025-12-03,Google
6677,24,1,2025-11-23,444.91,Won,2025-12-03,Referral
6678,940,1,2025-11-26,597.56,Won,2025-12-03,Google
6679,1175,3,2025-12-03,9298.8,Lost,,Referral
6680,214,1,2025-11-22,515.04,Open,,Google
6681,688,5,2025-11-29,216.56,Won,2025-12-03,Referral
6682,542,6,2025-12-02,1053.73,Won,2025-12-03,Google
6683,439,5,2025-11-26,306.97,Lost,,Home Services Marketplace
6684,380,1,2025-11-21,407.24,Won,2025-12-03,Organic
6685,198,6,2025-11-21,1453.25,Won,2025-12-03,Direct Mail
6686,821,2,2025-11-25,354.46,Won,2025-12-03,Referral
6687,753,1,2025-12-01,456.94,Won,2025-12-03,Home Services Marketplace
6688,898,4,2025-11-21,5931.39,Lost,,Home Services Marketplace
6689,2,4,2025-12-02,2616.44,Won,2025-12-03,Home Services Marketplace
6690,1425,5,2025-12-03,225.13,Lost,,Google
6691,995,5,2025-12-03,164.88,Won,2025-12-03,Direct Mail
6692,190,6,2025-12-01,1172.2,Open,,Referral
6693,774,1,2025-11-29,388.58,Open,,Referral
6694,863,4,2025-11-25,5751.27,Won,2025-12-03,Google
6695,805,3,2025-11-25,8568.61,Open,,Referral
6696,878,1,2025-11-28,453.55,Won,2025-12-04,Organic
6697,872,3,2025-12-01,6792.29,Won,2025-12-04,Organic
6698,610,5,2025-11-22,216.97,Won,2025-12-04,Google
6699,667,1,2025-12-02,1056.75,Won,2025-12-04,Organic
6700,969,5,2025-11-28,141.47,Lost,,Organic
6701,553,3,2025-11-29,10476.83,Won,2025-12-04,Referral
6702,668,1,2025-11-25,590.71,Won,2025-12-04,Home Services Marketplace
6703,1404,1,2025-12-04,385.5,Open,,Organic
6704,304,5,2025-12-04,169.84,Lost,,Referral
6705,1038,5,2025-12-01,187.31,Open,,Referral
6706,252,2,2025-12-02,423.05,Open,,Direct Mail
6707,1079,2,2025-11-27,486.38,Open,,Google
6708,817,2,2025-12-04,531.13,Won,2025-12-04,Organic
6709,916,6,2025-12-03,1365.22,Open,,Direct Mail
6710,491,5,2025-12-01,182.08,Won,2025-12-04,Organic
6711,933,1,2025-12-04,361.52,Won,2025-12-04,Google
6712,284,3,2025-12-02,9186.26,Lost,,Referral
6713,498,1,2025-11-25,431.39,Won,2025-12-04,Referral
6714,62,1,2025-11-22,404.49,Won,2025-12-04,Google
6715,223,6,2025-12-02,988.85,Lost,,Google
6716,846,1,2025-11-26,459.5,Won,2025-12-04,Direct Mail
6717,1168,2,2025-11-28,455.12,Won,2025-12-04,Referral
6718,1372,1,2025-11-23,520.92,Won,2025-12-04,Referral
6719,556,1,2025-11-30,414.1,Open,,Google
6720,1038,5,2025-12-01,261.18,Lost,,Referral
6721,1259,5,2025-11-27,149.9,Open,,Organic
6722,1079,2,2025-11-25,495.5,Won,2025-12-05,Google
6723,920,6,2025-12-02,1180.16,Won,2025-12-05,Google
6724,246,5,2025-12-02,175.01,Open,,Referral
6725,131,6,2025-11-25,1174.25,Won,2025-12-05,Direct Mail
6726,1122,1,2025-11-26,497.01,Won,2025-12-05,Referral
6727,1428,3,2025-11-23,14048.45,Lost,,Organic
6728,986,2,2025-11-30,512.92,Won,2025-12-05,Home Services Marketplace
6729,291,2,2025-11-29,526.51,Won,2025-12-05,Referral
6730,411,2,2025-12-01,409.98,Won,2025-12-05,Organic
6731,1002,1,2025-11-28,480.42,Won,2025-12-05,Google
6732,1361,5,2025-11-24,179.51,Open,,Google
6733,1124,2,2025-11-28,613.49,Won,2025-12-05,Organic
6734,202,5,2025-12-04,186.43,Open,,Google
6735,1254,5,2025-12-02,183.46,Won,2025-12-05,Home Services Marketplace
6736,1397,2,2025-12-03,599.32,Won,2025-12-05,Direct Mail
6737,47,5,2025-11-24,140.01,Won,2025-12-05,Direct Mail
6738,938,2,2025-11-27,283.26,Lost,,Home Services Marketplace
6739,517,5,2025-11-27,206.06,Won,2025-12-06,Google
6740,1089,5,2025-11-25,185.91,Won,2025-12-06,Google
6741,363,5,2025-11-28,154.24,Won,2025-12-06,Organic
6742,727,5,2025-11-30,233.17,Won,2025-12-06,Organic
6743,809,7,2025-12-04,1287.7,Won,2025-12-06,Home Services Marketplace
6744,640,5,2025-12-06,165.1,Won,2025-12-06,Organic
6745,987,5,2025-11-27,362.09,Won,2025-12-06,Google
6746,699,1,2025-12-05,584.21,Won,2025-12-06,Direct Mail
6747,294,5,2025-11-24,207.8,Won,2025-12-06,Referral
6748,741,1,2025-12-05,515.46,Won,2025-12-06,Google
6749,228,1,2025-12-06,495.38,Won,2025-12-06,Google
6750,716,1,2025-12-01,430.16,Won,2025-12-06,Organic
6751,501,6,2025-12-04,1234.38,Won,2025-12-06,Google
6752,939,2,2025-12-06,508.13,Lost,,Organic
6753,29,6,2025-11-24,993.97,Lost,,Organic
6754,276,3,2025-11-25,8095.39,Open,,Google
6755,886,7,2025-11-26,1011.2,Won,2025-12-06,Google
6756,439,6,2025-11-28,1683.58,Won,2025-12-06,Home Services Marketplace
6757,607,5,2025-12-04,175.62,Won,2025-12-06,Google
6758,369,2,2025-11-25,606.28,Won,2025-12-06,Referral
6759,554,5,2025-11-28,238.96,Won,2025-12-06,Google
6760,1244,5,2025-11-27,224.23,Won,2025-12-06,Organic
6761,311,5,2025-12-01,170.79,Won,2025-12-06,Referral
6762,1279,5,2025-11-25,187.29,Open,,Google
6763,464,2,2025-11-30,516.58,Won,2025-12-06,Google
6764,613,1,2025-11-27,584.76,Won,2025-12-06,Google
6765,208,5,2025-12-02,175.88,Won,2025-12-06,Referral
6766,1047,7,2025-11-28,812.72,Won,2025-12-06,Home Services Marketplace
6767,975,1,2025-12-01,467.53,Won,2025-12-07,Referral
6768,653,1,2025-11-28,470.73,Won,2025-12-07,Google
6769,321,5,2025-12-06,256.36,Open,,Organic
6770,842,3,2025-12-01,9569.41,Won,2025-12-07,Referral
6771,819,6,2025-11-26,822.48,Lost,,Organic
6772,1101,2,2025-12-05,615.37,Won,2025-12-07,Home Services Marketplace
6773,687,6,2025-11-27,1128.62,Won,2025-12-07,Google
6774,278,5,2025-12-06,202.73,Won,2025-12-07,Google
6775,637,3,2025-11-25,9094.73,Won,2025-12-07,Referral
6776,333,5,2025-12-03,188.42,Won,2025-12-07,Organic
6777,171,4,2025-12-04,1696.4,Open,,Referral
6778,979,1,2025-12-04,453.8,Won,2025-12-07,Referral
6779,1113,2,2025-11-26,513.24,Won,2025-12-07,Home Services Marketplace
6780,1400,2,2025-11-29,707.31,Won,2025-12-07,Referral
6781,695,5,2025-11-26,201.17,Won,2025-12-07,Google
6782,467,5,2025-12-02,166.53,Won,2025-12-07,Organic
6783,1372,3,2025-12-01,9249.0,Won,2025-12-07,Referral
6784,415,6,2025-12-03,1035.15,Open,,Referral
6785,1310,6,2025-12-07,1216.83,Lost,,Organic
6786,586,6,2025-11-27,1383.82,Won,2025-12-07,Google
6787,676,5,2025-11-29,309.85,Won,2025-12-08,Google
6788,1311,1,2025-11-26,448.41,Open,,Organic
6789,242,2,2025-12-06,1207.17,Won,2025-12-08,Direct Mail
6790,406,5,2025-11-26,239.58,Won,2025-12-08,Google
6791,1009,1,2025-12-01,530.64,Won,2025-12-08,Google
6792,1155,1,2025-12-08,373.75,Won,2025-12-08,Google
6793,1200,6,2025-12-05,1137.04,Won,2025-12-08,Google
6794,546,1,2025-12-01,468.55,Won,2025-12-08,Referral
6795,693,1,2025-12-07,481.75,Won,2025-12-08,Referral
6796,858,3,2025-11-29,9126.13,Lost,,Organic
6797,1129,1,2025-12-04,439.51,Open,,Referral
6798,888,1,2025-11-28,515.84,Won,2025-12-08,Google
6799,958,1,2025-12-05,669.16,Lost,,Google
6800,1165,7,2025-12-08,1156.05,Open,,Home Services Marketplace
6801,1102,3,2025-11-30,9970.87,Open,,Direct Mail
6802,40,1,2025-11-28,565.87,Won,2025-12-08,Direct Mail
6803,910,5,2025-11-26,158.32,Won,2025-12-08,Organic
6804,18,5,2025-12-04,183.24,Open,,Home Services Marketplace
6805,690,5,2025-11-28,195.87,Won,2025-12-08,Referral
6806,142,5,2025-11-27,120.61,Won,2025-12-08,Home Services Marketplace
6807,1238,3,2025-12-01,7041.51,Won,2025-12-09,Referral
6808,554,4,2025-12-06,2206.5,Won,2025-12-09,Google
6809,290,3,2025-12-05,7136.65,Won,2025-12-09,Organic
6810,871,4,2025-11-29,4187.09,Lost,,Google
6811,935,5,2025-12-02,165.78,Won,2025-12-09,Home Services Marketplace
6812,1377,6,2025-12-01,785.76,Won,2025-12-09,Direct Mail
6813,1322,2,2025-12-05,452.1,Won,2025-12-09,Google
6814,1202,5,2025-12-04,252.78,Won,2025-12-09,Google
6815,537,1,2025-12-04,482.47,Won,2025-12-09,Organic
6816,608,5,2025-12-04,217.81,Lost,,Organic
6817,1090,5,2025-11-29,178.58,Lost,,Google
6818,1129,2,2025-12-07,633.65,Won,2025-12-09,Referral
6819,335,1,2025-12-03,626.29,Won,2025-12-09,Referral
6820,1215,3,2025-12-09,18858.46,Lost,,Referral
6821,214,1,2025-11-27,392.72,Won,2025-12-09,Google
6822,849,5,2025-11-30,225.17,Won,2025-12-09,Google
6823,1143,1,2025-11-30,527.99,Won,2025-12-09,Organic
6824,881,5,2025-12-03,220.26,Won,2025-12-09,Organic
6825,1031,5,2025-12-02,165.54,Won,2025-12-09,Google
6826,739,2,2025-12-08,1133.68,Won,2025-12-09,Google
6827,1244,6,2025-11-27,1171.23,Won,2025-12-09,Organic
6828,1213,1,2025-11-30,586.44,Lost,,Google
6829,1333,2,2025-12-04,853.24,Won,2025-12-09,Direct Mail
6830,360,5,2025-11-30,273.96,Open,,Home Services Marketplace
6831,943,2,2025-11-28,537.14,Won,2025-12-09,Referral
6832,1449,4,2025-12-03,2667.69,Lost,,Google
6833,136,1,2025-12-09,744.98,Won,2025-12-09,Google
6834,460,1,2025-11-27,436.16,Won,2025-12-09,Referral
6835,506,1,2025-12-07,475.74,Lost,,Organic
6836,618,7,2025-12-09,1389.2,Lost,,Google
6837,901,5,2025-12-03,221.59,Open,,Referral
6838,248,7,2025-11-28,1139.74,Lost,,Direct Mail
6839,1056,5,2025-12-08,187.67,Won,2025-12-10,Organic
6840,1355,2,2025-12-04,605.29,Open,,Organic
6841,360,3,2025-11-28,9161.69,Open,,Home Services Marketplace
6842,260,5,2025-12-02,253.6,Won,2025-12-10,Referral
6843,315,1,2025-12-04,499.32,Won,2025-12-10,Google
6844,852,1,2025-11-30,524.96,Won,2025-12-10,Home Services Marketplace
6845,598,5,2025-12-10,192.02,Won,2025-12-10,Home Services Marketplace
6846,393,2,2025-11-29,602.94,Open,,Google
6847,367,5,2025-11-29,201.39,Open,,Direct Mail
6848,5,5,2025-12-04,148.17,Won,2025-12-10,Referral
6849,632,6,2025-12-09,1471.43,Won,2025-12-10,Referral
6850,321,5,2025-12-10,141.58,Lost,,Organic
6851,606,7,2025-12-10,1558.06,Won,2025-12-10,Organic
6852,330,1,2025-12-07,578.06,Won,2025-12-10,Referral
6853,814,2,2025-12-02,822.32,Won,2025-12-10,Organic
6854,1170,3,2025-11-29,16261.32,Won,2025-12-10,Google
6855,273,5,2025-12-01,199.41,Won,2025-12-10,Direct Mail
6856,740,1,2025-11-28,738.33,Won,2025-12-10,Home Services Marketplace
6857,1109,7,2025-12-05,1149.02,Won,2025-12-10,Referral
6858,946,5,2025-12-06,202.67,Won,2025-12-10,Google
6859,1383,2,2025-11-30,448.64,Won,2025-12-10,Referral
6860,939,2,2025-12-10,391.2,Won,2025-12-10,Organic
6861,454,2,2025-12-09,554.03,Open,,Referral
6862,888,1,2025-12-04,502.3,Won,2025-12-11,Google
6863,1162,3,2025-12-09,8045.73,Open,,Google
6864,123,1,2025-12-03,479.35,Won,2025-12-11,Google
6865,1406,1,2025-12-07,432.56,Open,,Google
6866,1199,5,2025-12-10,191.47,Won,2025-12-11,Organic
6867,736,5,2025-12-10,194.94,Lost,,Organic
6868,660,7,2025-12-01,1045.11,Won,2025-12-11,Google
6869,1075,5,2025-12-07,175.86,Won,2025-12-11,Referral
6870,1162,5,2025-12-01,188.91,Won,2025-12-11,Google
6871,711,6,2025-12-01,1078.15,Open,,Google
6872,1447,4,2025-12-10,2679.5,Won,2025-12-11,Google
6873,246,3,2025-12-11,9334.93,Open,,Referral
6874,1289,5,2025-12-02,309.5,Lost,,Google
6875,307,6,2025-12-08,1295.88,Lost,,Google
6876,396,3,2025-11-29,11398.91,Lost,,Direct Mail
6877,416,4,2025-12-08,2486.15,Won,2025-12-11,Google
6878,83,1,2025-12-02,489.42,Won,2025-12-11,Referral
6879,947,5,2025-12-04,182.02,Won,2025-12-11,Organic
6880,402,2,2025-12-09,485.93,Won,2025-12-11,Google
6881,1375,2,2025-12-11,489.61,Lost,,Direct Mail
6882,243,7,2025-11-29,1226.15,Won,2025-12-11,Direct Mail
6883,95,5,2025-12-01,185.84,Won,2025-12-11,Organic
6884,763,1,2025-12-01,400.91,Won,2025-12-11,Google
6885,228,5,2025-12-09,165.93,Won,2025-12-11,Google
6886,1134,4,2025-12-03,2259.43,Won,2025-12-11,Google
6887,1009,4,2025-12-06,3362.65,Won,2025-12-11,Google
6888,441,1,2025-12-05,521.67,Won,2025-12-11,Organic
6889,1334,1,2025-12-06,462.2,Won,2025-12-11,Home Services Marketplace
6890,939,3,2025-12-05,9812.32,Open,,Organic
6891,173,1,2025-12-10,614.34,Won,2025-12-12,Google
6892,198,5,2025-11-30,148.97,Open,,Direct Mail
6893,802,1,2025-12-12,485.62,Won,2025-12-12,Organic
6894,605,3,2025-12-07,15413.1,Won,2025-12-12,Google
6895,872,2,2025-12-08,609.16,Won,2025-12-12,Organic
6896,321,1,2025-12-09,546.16,Won,2025-12-12,Organic
6897,1147,1,2025-12-07,527.34,Won,2025-12-12,Referral
6898,108,6,2025-12-10,1371.59,Won,2025-12-12,Organic
6899,1394,5,2025-12-11,238.28,Lost,,Google
6900,515,5,2025-12-03,167.47,Won,2025-12-12,Direct Mail
6901,468,5,2025-12-02,207.79,Won,2025-12-12,Referral
6902,1049,7,2025-12-02,1281.28,Won,2025-12-12,Google
6903,678,1,2025-12-05,391.61,Won,2025-12-12,Organic
6904,328,5,2025-12-02,153.92,Won,2025-12-12,Google
6905,523,7,2025-12-03,1793.81,Won,2025-12-12,Referral
6906,515,7,2025-12-01,1094.47,Won,2025-12-12,Direct Mail
6907,1200,2,2025-12-04,579.41,Won,2025-12-12,Google
6908,365,3,2025-12-06,8554.31,Won,2025-12-12,Organic
6909,1119,5,2025-12-12,159.33,Won,2025-12-12,Organic
6910,127,2,2025-12-03,660.9,Won,2025-12-12,Organic
6911,547,1,2025-12-04,533.63,Won,2025-12-12,Google
6912,458,1,2025-12-03,663.2,Won,2025-12-12,Referral
6913,346,1,2025-12-02,523.27,Won,2025-12-12,Referral
6914,386,1,2025-12-10,354.74,Won,2025-12-12,Google
6915,469,1,2025-12-02,436.68,Lost,,Referral
6916,179,2,2025-12-07,423.13,Won,2025-12-12,Organic
6917,74,1,2025-12-05,536.91,Open,,Google
6918,951,5,2025-12-10,161.23,Won,2025-12-12,Google
6919,1014,2,2025-11-30,525.25,Lost,,Google
6920,122,1,2025-12-06,507.3,Won,2025-12-13,Referral
6921,487,1,2025-12-07,585.21,Won,2025-12-13,Home Services Marketplace
6922,939,5,2025-12-01,155.83,Won,2025-12-13,Organic
6923,780,1,2025-12-12,620.0,Won,2025-12-13,Google
6924,144,1,2025-12-07,593.62,Lost,,Referral
6925,395,5,2025-12-04,327.48,Won,2025-12-13,Organic
6926,360,4,2025-12-04,1970.37,Won,2025-12-13,Home Services Marketplace
6927,933,4,2025-12-10,2655.38,Open,,Google
6928,463,6,2025-12-04,913.98,Won,2025-12-13,Organic
6929,583,5,2025-12-05,246.0,Won,2025-12-13,Google
6930,871,1,2025-12-13,747.82,Won,2025-12-13,Google
6931,845,2,2025-12-10,533.89,Won,2025-12-13,Home Services Marketplace
6932,338,6,2025-12-03,1451.76,Open,,Home Services Marketplace
6933,1120,6,2025-12-11,1711.17,Won,2025-12-13,Organic
6934,1127,2,2025-12-13,636.03,Won,2025-12-13,Google
6935,526,5,2025-12-07,197.16,Won,2025-12-13,Google
6936,1258,1,2025-12-13,436.65,Won,2025-12-13,Google
6937,234,1,2025-12-10,744.58,Won,2025-12-13,Organic
6938,916,1,2025-12-03,426.27,Lost,,Direct Mail
6939,248,1,2025-12-04,595.63,Won,2025-12-13,Direct Mail
6940,102,3,2025-12-08,11689.35,Open,,Direct Mail
6941,1404,5,2025-12-01,156.05,Open,,Organic
6942,480,4,2025-12-10,4887.8,Won,2025-12-14,Direct Mail
6943,25,1,2025-12-08,332.27,Won,2025-12-14,Google
6944,835,4,2025-12-08,2450.77,Lost,,Google
6945,474,1,2025-12-07,497.89,Won,2025-12-14,Google
6946,214,1,2025-12-04,344.34,Won,2025-12-14,Google
6947,1047,5,2025-12-06,169.24,Won,2025-12-14,Home Services Marketplace
6948,179,4,2025-12-06,2267.19,Lost,,Organic
6949,1307,5,2025-12-06,326.2,Won,2025-12-14,Google
6950,432,1,2025-12-03,732.28,Won,2025-12-14,Referral
6951,601,1,2025-12-14,814.74,Won,2025-12-14,Google
6952,320,5,2025-12-09,230.23,Won,2025-12-14,Referral
6953,154,1,2025-12-06,474.68,Won,2025-12-14,Google
6954,318,7,2025-12-10,1267.37,Won,2025-12-14,Google
6955,123,5,2025-12-12,224.77,Won,2025-12-14,Google
6956,79,3,2025-12-03,7309.67,Open,,Google
6957,1078,1,2025-12-12,473.17,Won,2025-12-14,Home Services Marketplace
6958,412,3,2025-12-12,7292.48,Open,,Home Services Marketplace
6959,705,4,2025-12-03,1832.57,Won,2025-12-15,Organic
6960,37,5,2025-12-05,176.87,Won,2025-12-15,Google
6961,413,5,2025-12-12,183.55,Won,2025-12-15,Google
6962,602,3,2025-12-14,8799.67,Lost,,Organic
6963,974,1,2025-12-12,594.41,Lost,,Home Services Marketplace
6964,30,4,2025-12-15,2250.87,Won,2025-12-15,Referral
6965,190,2,2025-12-15,454.14,Open,,Referral
6966,44,2,2025-12-04,470.93,Won,2025-12-15,Google
6967,872,2,2025-12-07,597.76,Open,,Organic
6968,338,6,2025-12-10,1087.38,Won,2025-12-15,Home Services Marketplace
6969,617,1,2025-12-09,498.13,Lost,,Google
6970,1162,4,2025-12-06,2219.05,Won,2025-12-15,Google
6971,833,6,2025-12-13,789.57,Won,2025-12-15,Organic
6972,846,5,2025-12-06,203.63,Won,2025-12-15,Direct Mail
6973,525,1,2025-12-11,472.55,Won,2025-12-15,Google
6974,901,4,2025-12-13,2046.93,Won,2025-12-15,Referral
6975,20,1,2025-12-12,740.82,Lost,,Home Services Marketplace
6976,111,2,2025-12-06,700.14,Lost,,Organic
6977,572,5,2025-12-11,125.17,Won,2025-12-16,Direct Mail
6978,879,5,2025-12-08,231.35,Won,2025-12-16,Organic
6979,396,4,2025-12-07,2300.89,Lost,,Direct Mail
6980,76,7,2025-12-04,1210.18,Lost,,Organic
6981,26,1,2025-12-04,508.14,Won,2025-12-16,Google
6982,1033,1,2025-12-14,433.89,Won,2025-12-16,Referral
6983,1351,7,2025-12-08,1059.97,Won,2025-12-16,Organic
6984,957,5,2025-12-12,165.22,Won,2025-12-16,Referral
6985,985,5,2025-12-05,168.46,Open,,Home Services Marketplace
6986,1214,1,2025-12-13,436.66,Won,2025-12-16,Direct Mail
6987,38,1,2025-12-09,526.88,Lost,,Referral
6988,433,4,2025-12-14,3042.03,Lost,,Google
6989,250,5,2025-12-05,159.34,Won,2025-12-16,Organic
6990,1399,5,2025-12-10,191.4,Won,2025-12-16,Organic
6991,874,1,2025-12-04,892.79,Lost,,Referral
6992,819,2,2025-12-09,570.5,Won,2025-12-16,Organic
6993,1393,2,2025-12-14,393.68,Won,2025-12-16,Google
6994,1082,1,2025-12-15,600.34,Lost,,Google
6995,802,5,2025-12-08,168.18,Won,2025-12-16,Organic
6996,147,2,2025-12-13,481.06,Won,2025-12-17,Direct Mail
6997,1031,2,2025-12-13,629.32,Won,2025-12-17,Google
6998,128,5,2025-12-14,233.87,Won,2025-12-17,Google
6999,1245,5,2025-12-12,386.15,Won,2025-12-17,Referral
7000,1327,2,2025-12-17,370.25,Won,2025-12-17,Google
7001,725,1,2025-12-15,971.01,Won,2025-12-17,Referral
7002,1338,5,2025-12-08,263.28,Won,2025-12-17,Google
7003,41,1,2025-12-06,591.23,Won,2025-12-17,Google
7004,362,2,2025-12-08,589.29,Won,2025-12-17,Referral
7005,1021,5,2025-12-06,193.21,Lost,,Referral
7006,1319,3,2025-12-14,13309.01,Won,2025-12-17,Organic
7007,656,6,2025-12-08,1086.4,Won,2025-12-17,Referral
7008,1352,2,2025-12-10,457.51,Won,2025-12-17,Direct Mail
7009,1005,1,2025-12-07,451.16,Won,2025-12-17,Home Services Marketplace
7010,756,2,2025-12-12,572.8,Won,2025-12-17,Google
7011,1112,1,2025-12-05,541.51,Won,2025-12-17,Referral
7012,1167,5,2025-12-14,224.97,Won,2025-12-17,Google
7013,550,5,2025-12-11,221.16,Won,2025-12-17,Referral
7014,806,5,2025-12-06,217.27,Open,,Google
7015,105,1,2025-12-16,451.03,Won,2025-12-17,Referral
7016,1117,1,2025-12-06,386.18,Won,2025-12-17,Google
7017,1189,1,2025-12-14,831.48,Won,2025-12-17,Referral
7018,513,1,2025-12-05,542.92,Won,2025-12-17,Google
7019,1400,1,2025-12-07,407.61,Won,2025-12-18,Referral
7020,89,5,2025-12-06,166.55,Won,2025-12-18,Home Services Marketplace
7021,750,3,2025-12-08,10839.88,Lost,,Google
7022,1096,4,2025-12-14,2772.05,Won,2025-12-18,Direct Mail
7023,556,2,2025-12-10,454.77,Lost,,Google
7024,446,2,2025-12-16,516.03,Open,,Google
7025,447,5,2025-12-06,175.29,Open,,Direct Mail
7026,1227,1,2025-12-18,566.8,Won,2025-12-18,Direct Mail
7027,384,3,2025-12-17,8281.82,Won,2025-12-18,Google
7028,1097,2,2025-12-17,554.77,Won,2025-12-18,Referral
7029,1383,1,2025-12-16,505.35,Won,2025-12-18,Referral
7030,695,5,2025-12-09,194.15,Won,2025-12-18,Google
7031,191,5,2025-12-13,120.4,Open,,Referral
7032,1257,1,2025-12-17,490.16,Won,2025-12-18,Home Services Marketplace
7033,359,6,2025-12-06,1225.19,Won,2025-12-18,Google
7034,1385,3,2025-12-15,19615.99,Lost,,Home Services Marketplace
7035,79,1,2025-12-07,448.04,Open,,Google
7036,1400,3,2025-12-14,8502.92,Lost,,Referral
7037,573,1,2025-12-12,482.84,Won,2025-12-18,Direct Mail
7038,388,5,2025-12-11,150.64,Open,,Google
7039,1127,5,2025-12-07,191.34,Won,2025-12-18,Google
7040,417,1,2025-12-07,421.82,Won,2025-12-18,Google
7041,1050,4,2025-12-08,2233.37,Won,2025-12-18,Referral
7042,704,6,2025-12-10,1016.45,Won,2025-12-18,Organic
7043,1072,1,2025-12-07,793.8,Open,,Referral
7044,901,1,2025-12-15,375.41,Won,2025-12-18,Referral
7045,631,1,2025-12-13,709.66,Won,2025-12-18,Organic
7046,1202,7,2025-12-17,1030.69,Won,2025-12-18,Google
7047,92,6,2025-12-11,1177.09,Won,2025-12-18,Referral
7048,781,5,2025-12-11,177.12,Lost,,Referral
7049,637,5,2025-12-09,137.79,Lost,,Referral
7050,268,1,2025-12-16,385.38,Won,2025-12-18,Referral
7051,163,1,2025-12-16,834.75,Won,2025-12-18,Google
7052,786,5,2025-12-09,171.94,Won,2025-12-18,Google
7053,770,5,2025-12-10,218.1,Won,2025-12-18,Organic
7054,524,2,2025-12-10,548.6,Open,,Referral
7055,472,1,2025-12-14,698.92,Won,2025-12-18,Referral
7056,635,1,2025-12-16,582.36,Won,2025-12-18,Organic
7057,1079,1,2025-12-10,495.95,Open,,Google
7058,1193,5,2025-12-06,174.15,Won,2025-12-18,Referral
7059,770,2,2025-12-16,603.96,Won,2025-12-18,Organic
7060,890,5,2025-12-17,166.15,Won,2025-12-18,Google
7061,295,1,2025-12-08,536.07,Won,2025-12-19,Google
7062,893,1,2025-12-13,929.85,Won,2025-12-19,Referral
7063,689,2,2025-12-15,986.27,Open,,Referral
7064,1002,1,2025-12-07,623.09,Won,2025-12-19,Google
7065,627,3,2025-12-13,9849.19,Won,2025-12-19,Google
7066,192,1,2025-12-16,884.26,Won,2025-12-19,Google
7067,177,1,2025-12-10,484.15,Won,2025-12-19,Referral
7068,175,1,2025-12-16,494.77,Open,,Organic
7069,760,2,2025-12-18,618.6,Won,2025-12-19,Referral
7070,1005,5,2025-12-12,162.71,Won,2025-12-19,Home Services Marketplace
7071,920,3,2025-12-17,9328.44,Open,,Google
7072,359,1,2025-12-08,515.19,Won,2025-12-19,Google
7073,78,7,2025-12-11,2305.98,Won,2025-12-19,Google
7074,1176,1,2025-12-11,483.38,Won,2025-12-19,Referral
7075,1169,1,2025-12-10,477.39,Won,2025-12-19,Referral
7076,1166,4,2025-12-17,2675.61,Lost,,Google
7077,932,1,2025-12-12,589.76,Won,2025-12-19,Google
7078,1133,5,2025-12-13,204.18,Lost,,Direct Mail
7079,1190,3,2025-12-17,7861.53,Won,2025-12-19,Organic
7080,1055,3,2025-12-10,9829.57,Won,2025-12-19,Organic
7081,301,5,2025-12-19,367.65,Won,2025-12-19,Direct Mail
7082,849,1,2025-12-14,390.11,Open,,Google
7083,131,5,2025-12-10,217.26,Won,2025-12-19,Direct Mail
7084,710,1,2025-12-18,449.89,Won,2025-12-19,Google
7085,930,1,2025-12-12,472.32,Won,2025-12-19,Referral
7086,660,2,2025-12-08,754.91,Won,2025-12-19,Google
7087,959,1,2025-12-19,462.64,Won,2025-12-19,Google
7088,339,1,2025-12-09,560.77,Won,2025-12-19,Google
7089,510,4,2025-12-18,2126.97,Won,2025-12-19,Google
7090,1420,1,2025-12-09,539.08,Won,2025-12-19,Referral
7091,13,1,2025-12-08,510.33,Open,,Referral
7092,1333,6,2025-12-08,1287.02,Won,2025-12-19,Direct Mail
7093,935,1,2025-12-10,493.3,Won,2025-12-19,Home Services Marketplace
7094,1305,6,2025-12-07,983.96,Lost,,Organic
7095,280,1,2025-12-11,562.29,Open,,Direct Mail
7096,1089,5,2025-12-12,169.86,Won,2025-12-20,Google
7097,347,3,2025-12-20,9942.82,Won,2025-12-20,Referral
7098,1188,5,2025-12-20,178.45,Lost,,Referral
7099,437,1,2025-12-14,362.61,Won,2025-12-20,Referral
7100,1184,5,2025-12-15,197.0,Won,2025-12-20,Google
7101,698,4,2025-12-15,2186.7,Lost,,Google
7102,970,6,2025-12-17,1077.58,Won,2025-12-20,Direct Mail
7103,925,3,2025-12-09,10467.97,Won,2025-12-20,Referral
7104,767,7,2025-12-14,1417.76,Open,,Google
7105,923,6,2025-12-18,1202.54,Won,2025-12-20,Referral
7106,931,1,2025-12-20,523.88,Lost,,Direct Mail
7107,906,6,2025-12-20,1095.21,Won,2025-12-20,Google
7108,857,1,2025-12-11,423.37,Won,2025-12-20,Organic
7109,208,2,2025-12-14,480.73,Won,2025-12-20,Referral
7110,1294,2,2025-12-14,547.87,Won,2025-12-20,Organic
7111,1282,2,2025-12-15,506.26,Won,2025-12-20,Referral
7112,1095,3,2025-12-16,18353.15,Won,2025-12-20,Referral
7113,128,5,2025-12-13,176.23,Won,2025-12-20,Google
7114,78,1,2025-12-15,1023.81,Won,2025-12-20,Google
7115,402,1,2025-12-09,571.24,Won,2025-12-20,Google
7116,879,5,2025-12-10,139.84,Won,2025-12-20,Organic
7117,195,1,2025-12-16,738.34,Open,,Referral
7118,726,1,2025-12-17,489.87,Won,2025-12-20,Referral
7119,977,5,2025-12-17,235.43,Lost,,Direct Mail
7120,372,5,2025-12-15,318.15,Won,2025-12-20,Home Services Marketplace
7121,1000,5,2025-12-10,211.13,Won,2025-12-21,Google
7122,443,1,2025-12-15,484.26,Won,2025-12-21,Direct Mail
7123,1004,1,2025-12-14,490.19,Won,2025-12-21,Referral
7124,73,1,2025-12-13,467.06,Won,2025-12-21,Referral
7125,1298,3,2025-12-16,11220.06,Open,,Direct Mail
7126,1296,1,2025-12-10,638.33,Won,2025-12-21,Referral
7127,467,1,2025-12-20,378.97,Won,2025-12-21,Organic
7128,1418,1,2025-12-10,547.91,Lost,,Home Services Marketplace
7129,969,2,2025-12-16,591.35,Won,2025-12-21,Organic
7130,1441,5,2025-12-14,267.16,Won,2025-12-21,Google
7131,1215,5,2025-12-10,348.13,Open,,Referral
7132,1438,1,2025-12-19,716.64,Won,2025-12-21,Organic
7133,297,1,2025-12-16,510.21,Won,2025-12-21,Home Services Marketplace
7134,249,6,2025-12-17,1347.31,Won,2025-12-21,Home Services Marketplace
7135,617,3,2025-12-20,14374.17,Lost,,Google
7136,1373,1,2025-12-16,607.92,Won,2025-12-22,Referral
7137,180,1,2025-12-17,611.51,Won,2025-12-22,Direct Mail
7138,715,1,2025-12-21,440.42,Won,2025-12-22,Organic
7139,368,5,2025-12-10,165.82,Open,,Direct Mail
7140,1194,1,2025-12-17,410.87,Lost,,Referral
7141,245,1,2025-12-10,445.28,Won,2025-12-22,Home Services Marketplace
7142,411,1,2025-12-19,469.38,Won,2025-12-22,Organic
7143,454,1,2025-12-17,412.8,Lost,,Referral
7144,525,5,2025-12-20,158.62,Lost,,Google
7145,1303,1,2025-12-11,456.24,Won,2025-12-22,Direct Mail
7146,854,3,2025-12-22,8727.61,Won,2025-12-22,Organic
7147,568,4,2025-12-22,4097.19,Open,,Google
7148,930,6,2025-12-12,1168.92,Won,2025-12-22,Referral
7149,1420,1,2025-12-21,505.71,Lost,,Referral
7150,1032,7,2025-12-13,2486.85,Won,2025-12-22,Referral
7151,449,2,2025-12-10,525.92,Won,2025-12-22,Google
7152,546,4,2025-12-10,1832.22,Open,,Referral
7153,582,1,2025-12-14,442.86,Won,2025-12-22,Google
7154,703,1,2025-12-14,576.16,Won,2025-12-22,Organic
7155,382,1,2025-12-13,644.11,Won,2025-12-22,Referral
7156,1177,5,2025-12-22,148.66,Lost,,Google
7157,348,1,2025-12-20,442.97,Won,2025-12-22,Google
7158,1113,2,2025-12-16,674.85,Open,,Home Services Marketplace
7159,975,6,2025-12-11,1084.14,Won,2025-12-22,Referral
7160,75,6,2025-12-21,1083.67,Won,2025-12-22,Organic
7161,1434,1,2025-12-18,871.19,Won,2025-12-22,Organic
7162,993,5,2025-12-23,208.8,Won,2025-12-23,Home Services Marketplace
7163,1107,6,2025-12-12,1226.34,Won,2025-12-23,Home Services Marketplace
7164,407,1,2025-12-23,534.39,Won,2025-12-23,Organic
7165,1024,5,2025-12-15,200.67,Won,2025-12-23,Referral
7166,945,6,2025-12-20,1122.6,Won,2025-12-23,Google
7167,1090,1,2025-12-19,338.7,Open,,Google
7168,385,2,2025-12-14,635.41,Won,2025-12-23,Google
7169,1043,5,2025-12-21,174.81,Won,2025-12-23,Referral
7170,208,5,2025-12-18,138.33,Won,2025-12-23,Referral
7171,973,5,2025-12-18,158.19,Won,2025-12-23,Google
7172,715,1,2025-12-15,320.96,Won,2025-12-23,Organic
7173,676,1,2025-12-16,791.47,Won,2025-12-23,Google
7174,167,6,2025-12-15,1039.38,Won,2025-12-23,Referral
7175,11,5,2025-12-16,209.61,Won,2025-12-23,Referral
7176,323,1,2025-12-12,635.85,Won,2025-12-23,Referral
7177,1275,1,2025-12-19,731.27,Won,2025-12-23,Google
7178,1192,5,2025-12-12,184.06,Won,2025-12-23,Referral
7179,1018,4,2025-12-13,4489.22,Lost,,Google
7180,785,1,2025-12-18,459.41,Lost,,Home Services Marketplace
7181,943,2,2025-12-14,451.15,Won,2025-12-23,Referral
7182,509,3,2025-12-12,9780.08,Open,,Home Services Marketplace
7183,1326,1,2025-12-19,478.58,Won,2025-12-23,Referral
7184,1294,4,2025-12-13,2719.72,Won,2025-12-23,Organic
7185,936,5,2025-12-11,177.39,Won,2025-12-23,Organic
7186,400,1,2025-12-19,473.65,Won,2025-12-23,Home Services Marketplace
7187,1110,3,2025-12-22,10924.89,Lost,,Organic
7188,96,1,2025-12-21,639.43,Won,2025-12-24,Google
7189,1437,5,2025-12-23,212.04,Lost,,Home Services Marketplace
7190,244,3,2025-12-22,8233.13,Won,2025-12-24,Organic
7191,180,5,2025-12-14,183.27,Lost,,Direct Mail
7192,978,2,2025-12-20,528.52,Won,2025-12-24,Organic
7193,996,5,2025-12-24,304.55,Won,2025-12-24,Organic
7194,82,1,2025-12-19,611.02,Open,,Referral
7195,738,3,2025-12-17,14684.39,Won,2025-12-24,Referral
7196,73,5,2025-12-22,192.47,Won,2025-12-24,Referral
7197,637,7,2025-12-23,1058.96,Won,2025-12-24,Referral
7198,1164,2,2025-12-16,477.51,Won,2025-12-24,Organic
7199,475,1,2025-12-13,387.43,Won,2025-12-24,Google
7200,1345,1,2025-12-17,390.46,Won,2025-12-24,Organic
7201,620,1,2025-12-13,539.11,Won,2025-12-24,Direct Mail
7202,517,5,2025-12-12,178.38,Lost,,Google
7203,936,5,2025-12-13,141.44,Won,2025-12-24,Organic
7204,674,5,2025-12-24,247.65,Won,2025-12-24,Referral
7205,651,1,2025-12-23,372.15,Won,2025-12-24,Referral
7206,1108,1,2025-12-22,380.27,Won,2025-12-24,Organic
7207,802,5,2025-12-19,181.68,Won,2025-12-24,Organic
7208,758,5,2025-12-12,402.15,Lost,,Referral
7209,1387,1,2025-12-12,308.22,Lost,,Google
7210,172,3,2025-12-20,18368.86,Won,2025-12-24,Organic
7211,553,5,2025-12-14,221.13,Won,2025-12-24,Referral
7212,1098,2,2025-12-16,544.08,Open,,Direct Mail
7213,788,1,2025-12-19,509.29,Won,2025-12-24,Direct Mail
7214,1365,5,2025-12-17,140.46,Won,2025-12-24,Referral
7215,1150,7,2025-12-23,2363.03,Won,2025-12-25,Google
7216,490,1,2025-12-20,456.13,Won,2025-12-25,Referral
7217,1416,1,2025-12-23,462.69,Won,2025-12-25,Referral
7218,564,2,2025-12-18,488.29,Won,2025-12-25,Direct Mail
7219,992,2,2025-12-13,508.2,Won,2025-12-25,Organic
7220,266,1,2025-12-14,578.88,Won,2025-12-25,Google
7221,664,6,2025-12-23,1130.35,Open,,Referral
7222,1383,5,2025-12-16,196.17,Won,2025-12-25,Referral
7223,789,1,2025-12-24,571.4,Won,2025-12-25,Home Services Marketplace
7224,26,1,2025-12-25,334.96,Lost,,Google
7225,44,4,2025-12-23,2696.08,Won,2025-12-25,Google
7226,640,4,2025-12-14,2367.38,Won,2025-12-25,Organic
7227,1377,3,2025-12-23,10049.81,Open,,Direct Mail
7228,708,3,2025-12-18,12085.85,Won,2025-12-25,Google
7229,1111,5,2025-12-20,143.99,Won,2025-12-25,Google
7230,47,1,2025-12-14,619.85,Won,2025-12-25,Direct Mail
7231,995,5,2025-12-19,254.02,Open,,Direct Mail
7232,1108,3,2025-12-22,5301.7,Lost,,Organic
7233,589,2,2025-12-24,524.99,Won,2025-12-25,Referral
7234,432,3,2025-12-25,13999.77,Open,,Referral
7235,820,3,2025-12-19,9213.03,Won,2025-12-26,Direct Mail
7236,925,1,2025-12-16,519.83,Won,2025-12-26,Referral
7237,20,1,2025-12-14,901.09,Open,,Home Services Marketplace
7238,218,6,2025-12-17,940.88,Won,2025-12-26,Google
7239,243,2,2025-12-18,645.94,Won,2025-12-26,Direct Mail
7240,1446,5,2025-12-23,161.05,Won,2025-12-26,Home Services Marketplace
7241,1215,1,2025-12-20,897.16,Open,,Referral
7242,1340,3,2025-12-21,13735.28,Open,,Organic
7243,1126,2,2025-12-23,430.32,Lost,,Home Services Marketplace
7244,369,1,2025-12-22,501.33,Lost,,Referral
7245,1182,5,2025-12-22,136.81,Won,2025-12-26,Google
7246,513,3,2025-12-22,9849.63,Won,2025-12-26,Google
7247,1384,7,2025-12-25,1000.62,Won,2025-12-26,Referral
7248,369,2,2025-12-16,599.47,Won,2025-12-26,Referral
7249,990,1,2025-12-23,450.14,Won,2025-12-26,Google
7250,335,2,2025-12-17,382.6,Won,2025-12-26,Referral
7251,414,1,2025-12-24,368.81,Won,2025-12-26,Referral
7252,831,4,2025-12-20,2565.79,Won,2025-12-26,Referral
7253,1120,5,2025-12-16,279.33,Won,2025-12-26,Organic
7254,578,4,2025-12-19,2354.31,Won,2025-12-26,Google
7255,1276,1,2025-12-17,353.58,Won,2025-12-26,Google
7256,302,3,2025-12-16,11261.1,Open,,Referral
7257,565,1,2025-12-19,477.44,Won,2025-12-27,Referral
7258,1393,2,2025-12-16,483.79,Won,2025-12-27,Google
7259,1312,5,2025-12-19,166.61,Won,2025-12-27,Referral
7260,1144,4,2025-12-19,1545.18,Won,2025-12-27,Google
7261,1217,4,2025-12-22,3403.4,Lost,,Google
7262,394,5,2025-12-24,277.72,Won,2025-12-27,Home Services Marketplace
7263,360,5,2025-12-27,198.17,Won,2025-12-27,Home Services Marketplace
7264,875,7,2025-12-17,1464.12,Won,2025-12-27,Organic
7265,902,5,2025-12-16,194.12,Won,2025-12-27,Google
7266,665,3,2025-12-17,10438.42,Won,2025-12-27,Organic
7267,254,1,2025-12-26,464.56,Won,2025-12-27,Google
7268,1334,1,2025-12-19,453.14,Won,2025-12-27,Home Services Marketplace
7269,743,5,2025-12-25,157.82,Won,2025-12-27,Google
7270,462,6,2025-12-23,2058.11,Won,2025-12-27,Referral
7271,321,5,2025-12-24,151.06,Open,,Organic
7272,1121,5,2025-12-22,127.69,Won,2025-12-27,Google
7273,668,1,2025-12-25,409.31,Lost,,Home Services Marketplace
7274,809,1,2025-12-18,361.06,Won,2025-12-27,Home Services Marketplace
7275,754,5,2025-12-21,231.82,Lost,,Google
7276,433,4,2025-12-25,2253.17,Won,2025-12-28,Google
7277,737,3,2025-12-27,10674.72,Won,2025-12-28,Home Services Marketplace
7278,771,6,2025-12-20,916.22,Lost,,Google
7279,1399,3,2025-12-21,10302.16,Open,,Organic
7280,1448,5,2025-12-22,186.76,Lost,,Organic
7281,458,3,2025-12-26,11994.97,Won,2025-12-28,Referral
7282,236,1,2025-12-26,359.33,Won,2025-12-28,Direct Mail
7283,704,1,2025-12-23,405.41,Won,2025-12-28,Organic
7284,726,1,2025-12-25,518.21,Won,2025-12-28,Referral
7285,402,1,2025-12-19,402.78,Won,2025-12-28,Google
7286,1009,5,2025-12-24,124.31,Won,2025-12-28,Google
7287,1328,4,2025-12-20,1801.13,Open,,Direct Mail
7288,1292,5,2025-12-28,297.75,Won,2025-12-28,Home Services Marketplace
7289,961,3,2025-12-24,7878.72,Won,2025-12-28,Referral
7290,1398,5,2025-12-25,204.29,Open,,Google
7291,422,2,2025-12-28,473.88,Won,2025-12-28,Google
7292,244,1,2025-12-18,414.72,Won,2025-12-28,Organic
7293,1130,1,2025-12-27,602.52,Won,2025-12-28,Direct Mail
7294,655,2,2025-12-17,537.74,Won,2025-12-28,Google
7295,1175,5,2025-12-21,237.35,Won,2025-12-28,Referral
7296,1193,2,2025-12-21,627.6,Open,,Referral
7297,1034,1,2025-12-25,530.89,Won,2025-12-28,Organic
7298,1298,2,2025-12-29,434.14,Won,2025-12-29,Direct Mail
7299,454,5,2025-12-20,212.19,Lost,,Referral
7300,442,3,2025-12-20,11040.25,Lost,,Google
7301,795,5,2025-12-22,143.71,Open,,Referral
7302,1410,6,2025-12-20,1009.27,Won,2025-12-29,Referral
7303,1171,5,2025-12-22,285.45,Won,2025-12-29,Direct Mail
7304,587,1,2025-12-26,553.49,Won,2025-12-29,Direct Mail
7305,1264,6,2025-12-18,1387.61,Open,,Direct Mail
7306,835,5,2025-12-19,191.61,Won,2025-12-29,Google
7307,238,5,2025-12-20,218.0,Won,2025-12-29,Referral
7308,323,1,2025-12-27,483.7,Won,2025-12-29,Referral
7309,974,2,2025-12-19,672.66,Lost,,Home Services Marketplace
7310,1380,5,2025-12-26,191.04,Won,2025-12-29,Referral
7311,1271,2,2025-12-18,351.27,Won,2025-12-29,Referral
7312,1327,4,2025-12-22,2335.76,Lost,,Google
7313,111,2,2025-12-17,747.69,Won,2025-12-29,Organic
7314,1040,7,2025-12-18,890.97,Lost,,Google
7315,434,5,2025-12-28,195.79,Open,,Google
7316,883,2,2025-12-18,513.39,Open,,Organic
7317,138,5,2025-12-18,217.71,Open,,Google
7318,681,3,2025-12-29,8386.55,Won,2025-12-30,Referral
7319,1261,7,2025-12-18,1205.52,Won,2025-12-30,Organic
7320,758,3,2025-12-18,17341.93,Lost,,Referral
7321,662,5,2025-12-24,192.09,Won,2025-12-30,Referral
7322,624,5,2025-12-25,295.02,Won,2025-12-30,Google
7323,726,2,2025-12-25,604.3,Won,2025-12-30,Referral
7324,484,4,2025-12-20,3278.75,Won,2025-12-30,Google
7325,1084,3,2025-12-27,9723.91,Won,2025-12-30,Home Services Marketplace
7326,1077,1,2025-12-27,752.41,Open,,Referral
7327,1223,2,2025-12-19,506.58,Lost,,Referral
7328,1319,3,2025-12-23,8622.56,Lost,,Organic
7329,418,5,2025-12-22,166.67,Won,2025-12-30,Direct Mail
7330,1189,2,2025-12-30,822.47,Won,2025-12-30,Referral
7331,1419,1,2025-12-18,713.99,Won,2025-12-30,Google
7332,1069,5,2025-12-23,198.05,Won,2025-12-30,Organic
7333,1199,7,2025-12-29,1162.97,Won,2025-12-30,Organic
7334,730,2,2025-12-30,418.83,Won,2025-12-30,Organic
7335,1015,1,2025-12-25,447.72,Lost,,Google
7336,411,1,2025-12-25,399.82,Open,,Organic
7337,480,1,2025-12-24,981.08,Won,2025-12-30,Direct Mail
7338,1425,3,2025-12-27,11724.18,Won,2025-12-30,Google
7339,26,4,2025-12-21,2398.79,Won,2025-12-30,Google
7340,685,6,2025-12-18,914.76,Won,2025-12-30,Organic
7341,811,1,2025-12-19,379.05,Won,2025-12-30,Organic
7342,1396,5,2025-12-20,156.37,Won,2025-12-30,Home Services Marketplace
7343,759,5,2025-12-20,363.19,Won,2025-12-30,Google
7344,1245,5,2025-12-21,310.29,Won,2025-12-30,Referral
7345,671,1,2025-12-23,458.64,Won,2025-12-30,Home Services Marketplace
7346,1119,5,2025-12-21,211.27,Won,2025-12-30,Organic
7347,1085,3,2025-12-24,8010.66,Won,2025-12-30,Organic
7348,154,3,2025-12-22,10033.68,Lost,,Google
7349,1179,4,2025-12-30,2457.25,Lost,,Direct Mail
7350,1396,1,2025-12-28,739.31,Won,2025-12-31,Home Services Marketplace
7351,1380,1,2025-12-27,457.74,Won,2025-12-31,Referral
7352,1417,5,2025-12-27,160.1,Won,2025-12-31,Organic
7353,49,3,2025-12-29,6824.63,Lost,,Referral
7354,1213,2,2025-12-24,546.27,Open,,Google
7355,1242,7,2025-12-30,1188.98,Won,2025-12-31,Organic
7356,344,1,2025-12-19,286.72,Open,,Referral
7357,1011,5,2025-12-24,177.02,Won,2025-12-31,Organic
7358,1066,5,2025-12-31,135.65,Won,2025-12-31,Referral
7359,905,7,2025-12-27,1374.75,Won,2025-12-31,Home Services Marketplace
7360,22,6,2025-12-19,1025.14,Won,2025-12-31,Google
7361,819,4,2025-12-28,3812.9,Won,2025-12-31,Organic
7362,1347,3,2025-12-24,11757.94,Won,2025-12-31,Referral
7363,986,5,2025-12-28,174.13,Won,2025-12-31,Home Services Marketplace
7364,216,2,2025-12-23,632.73,Won,2025-12-31,Google
7365,1430,2,2025-12-19,690.67,Won,2025-12-31,Referral
7366,1020,3,2025-12-19,17435.64,Won,2025-12-31,Home Services Marketplace
7367,340,3,2025-12-24,10125.46,Won,2025-12-31,Google
7368,372,2,2025-12-29,572.63,Won,2025-12-31,Home Services Marketplace
7369,529,4,2025-12-29,1936.32,Lost,,Google
7370,815,1,2025-12-28,560.9,Lost,,Organic
7371,179,1,2025-12-26,630.74,Won,2025-12-31,Organic
7372,1428,1,2025-12-25,508.11,Won,2025-12-31,Organic
7373,593,5,2025-12-29,258.02,Won,2025-12-31,Home Services Marketplace
7374,111,4,2025-12-20,2151.32,Won,2025-12-31,Organic
7375,1240,2,2025-12-27,582.86,Open,,Google
7376,950,1,2025-12-21,866.0,Won,2025-12-31,Home Services Marketplace
7377,632,1,2025-12-26,408.75,Won,2025-12-31,Referral
7378,791,4,2025-12-19,2478.9,Won,2025-12-31,Google
7379,726,6,2025-12-24,1411.03,Won,2025-12-31,Referral
7380,644,1,2025-12-30,623.61,Won,2026-01-01,Referral
7381,98,2,2025-12-26,625.01,Open,,Referral
7382,858,5,2025-12-22,222.22,Won,2026-01-01,Organic
7383,552,3,2025-12-30,10083.92,Open,,Referral
7384,635,5,2025-12-25,162.32,Won,2026-01-01,Organic
7385,1193,4,2025-12-28,2600.4,Open,,Referral
7386,1114,6,2025-12-28,1425.56,Won,2026-01-01,Home Services Marketplace
7387,764,6,2025-12-30,1471.03,Won,2026-01-01,Organic
7388,353,5,2025-12-22,188.46,Won,2026-01-01,Referral
7389,566,2,2025-12-27,408.54,Won,2026-01-01,Referral
7390,1226,4,2025-12-25,2082.88,Won,2026-01-01,Referral
7391,437,2,2025-12-22,514.68,Won,2026-01-01,Referral
7392,290,6,2025-12-25,1046.88,Lost,,Organic
7393,225,2,2025-12-20,433.65,Lost,,Home Services Marketplace
7394,117,5,2025-12-20,194.18,Won,2026-01-01,Home Services Marketplace
7395,716,6,2026-01-01,1101.15,Won,2026-01-01,Organic
7396,1335,5,2025-12-28,155.95,Open,,Referral
7397,566,1,2025-12-30,474.53,Won,2026-01-01,Referral
7398,1282,2,2025-12-31,567.78,Lost,,Referral
7399,1081,2,2025-12-22,618.89,Won,2026-01-01,Google
7400,1151,3,2025-12-27,11701.69,Won,2026-01-01,Referral
7401,341,5,2025-12-26,240.92,Won,2026-01-01,Organic
7402,480,4,2025-12-22,6688.59,Open,,Direct Mail
7403,1401,1,2025-12-28,639.2,Won,2026-01-01,Direct Mail
7404,199,5,2025-12-28,212.11,Won,2026-01-01,Organic
7405,1137,1,2025-12-24,493.92,Won,2026-01-01,Google
7406,834,1,2025-12-23,526.72,Won,2026-01-01,Google
7407,42,4,2025-12-28,2827.99,Lost,,Home Services Marketplace
7408,1244,1,2025-12-28,428.47,Open,,Organic
7409,1297,1,2025-12-22,632.32,Won,2026-01-01,Home Services Marketplace
7410,667,2,2026-01-01,718.17,Won,2026-01-02,Organic
7411,403,1,2025-12-23,467.21,Won,2026-01-02,Direct Mail
7412,1404,1,2025-12-27,267.45,Won,2026-01-02,Organic
7413,1183,1,2025-12-27,401.93,Won,2026-01-02,Google
7414,797,5,2025-12-31,189.34,Won,2026-01-02,Direct Mail
7415,1296,5,2025-12-29,169.37,Lost,,Referral
7416,1001,3,2025-12-25,16796.37,Won,2026-01-02,Referral
7417,1330,2,2025-12-22,616.35,Won,2026-01-02,Home Services Marketplace
7418,1370,5,2025-12-25,330.43,Won,2026-01-02,Organic
7419,149,5,2025-12-31,205.73,Won,2026-01-02,Google
7420,1166,5,2025-12-29,217.45,Won,2026-01-02,Google
7421,1241,5,2025-12-30,171.03,Won,2026-01-02,Google
7422,915,2,2025-12-21,672.21,Won,2026-01-02,Referral
7423,356,3,2025-12-24,10194.01,Won,2026-01-02,Direct Mail
7424,544,2,2025-12-28,696.91,Won,2026-01-02,Referral
7425,513,2,2025-12-31,625.0,Won,2026-01-02,Google
7426,1226,5,2025-12-31,188.4,Won,2026-01-02,Referral
7427,844,1,2025-12-25,449.91,Won,2026-01-02,Direct Mail
7428,1253,5,2025-12-26,206.07,Won,2026-01-02,Referral
7429,817,1,2025-12-27,417.23,Won,2026-01-02,Organic
7430,627,1,2025-12-26,392.27,Won,2026-01-02,Google
7431,502,5,2026-01-02,227.17,Won,2026-01-02,Home Services Marketplace
7432,1314,1,2025-12-29,448.62,Won,2026-01-02,Referral
7433,948,1,2025-12-26,414.64,Won,2026-01-02,Organic
7434,379,1,2025-12-29,515.22,Won,2026-01-02,Organic
7435,317,7,2025-12-26,1118.27,Lost,,Organic
7436,1271,2,2026-01-02,356.0,Won,2026-01-02,Referral
7437,834,2,2025-12-28,573.57,Won,2026-01-03,Google
7438,354,4,2025-12-31,7182.38,Lost,,Referral
7439,249,2,2026-01-01,458.5,Open,,Home Services Marketplace
7440,248,1,2025-12-22,503.75,Won,2026-01-03,Direct Mail
7441,662,6,2025-12-26,1146.26,Lost,,Referral
7442,917,1,2025-12-30,517.76,Won,2026-01-03,Google
7443,148,1,2025-12-26,408.08,Won,2026-01-03,Referral
7444,203,1,2025-12-29,526.73,Open,,Referral
7445,1445,2,2026-01-01,474.38,Won,2026-01-03,Google
7446,1434,5,2025-12-30,327.95,Won,2026-01-03,Organic
7447,1126,3,2025-12-29,11837.2,Lost,,Home Services Marketplace
7448,924,2,2025-12-22,1004.86,Won,2026-01-03,Google
7449,680,1,2025-12-23,640.2,Won,2026-01-03,Home Services Marketplace
7450,504,5,2025-12-26,142.22,Open,,Referral
7451,86,2,2025-12-26,479.6,Won,2026-01-03,Organic
7452,262,4,2025-12-30,3801.62,Won,2026-01-03,Referral
7453,543,6,2025-12-23,1137.25,Won,2026-01-03,Organic
7454,436,5,2025-12-27,148.47,Won,2026-01-04,Google
7455,1322,7,2026-01-02,1187.2,Won,2026-01-04,Google
7456,813,5,2025-12-24,193.41,Won,2026-01-04,Organic
7457,794,2,2025-12-28,537.24,Won,2026-01-04,Google
7458,1161,7,2025-12-23,1402.74,Won,2026-01-04,Referral
7459,605,1,2025-12-27,748.7,Open,,Google
7460,1329,6,2025-12-23,1147.87,Won,2026-01-04,Direct Mail
7461,1074,1,2026-01-03,568.68,Won,2026-01-04,Organic
7462,733,3,2026-01-01,8006.87,Open,,Organic
7463,176,5,2025-12-29,172.8,Won,2026-01-04,Google
7464,183,2,2025-12-31,743.33,Won,2026-01-04,Home Services Marketplace
7465,1365,1,2025-12-30,495.63,Lost,,Referral
7466,1341,2,2026-01-04,462.28,Won,2026-01-04,Referral
7467,739,1,2026-01-01,921.01,Open,,Google
7468,170,4,2026-01-01,2277.21,Lost,,Direct Mail
7469,674,1,2025-12-23,494.22,Won,2026-01-04,Referral
7470,1377,5,2025-12-23,174.56,Won,2026-01-04,Direct Mail
7471,515,3,2026-01-04,13511.54,Lost,,Direct Mail
7472,118,4,2025-12-25,2042.2,Lost,,Referral
7473,123,3,2025-12-30,9596.9,Won,2026-01-04,Google
7474,1089,7,2025-12-30,932.8,Won,2026-01-04,Google
7475,866,4,2025-12-28,2580.1,Won,2026-01-04,Organic
7476,1121,1,2025-12-27,520.76,Won,2026-01-04,Google
7477,111,1,2025-12-31,472.41,Lost,,Organic
7478,253,6,2025-12-25,990.64,Won,2026-01-04,Google
7479,483,5,2026-01-01,259.73,Open,,Google
7480,1387,7,2026-01-03,1271.26,Lost,,Google
7481,481,2,2025-12-30,414.8,Won,2026-01-05,Home Services Marketplace
7482,699,4,2026-01-02,2687.18,Won,2026-01-05,Direct Mail
7483,1243,4,2026-01-04,1942.04,Open,,Organic
7484,1361,5,2025-12-24,172.43,Won,2026-01-05,Google
7485,488,4,2026-01-03,2796.33,Won,2026-01-05,Home Services Marketplace
7486,220,2,2026-01-04,439.79,Won,2026-01-05,Referral
7487,365,5,2026-01-01,195.44,Open,,Organic
7488,367,5,2026-01-05,236.54,Won,2026-01-05,Direct Mail
7489,220,5,2026-01-02,187.53,Won,2026-01-05,Referral
7490,537,5,2025-12-24,177.01,Won,2026-01-05,Organic
7491,1300,5,2025-12-26,202.72,Won,2026-01-05,Google
7492,1410,5,2025-12-25,226.87,Won,2026-01-05,Referral
7493,187,5,2025-12-28,192.89,Won,2026-01-05,Referral
7494,329,5,2025-12-30,225.88,Won,2026-01-05,Google
7495,399,1,2025-12-26,461.1,Won,2026-01-05,Organic
7496,1126,3,2026-01-03,11469.51,Won,2026-01-05,Home Services Marketplace
7497,436,1,2025-12-26,475.92,Won,2026-01-05,Google
7498,407,5,2025-12-27,174.63,Won,2026-01-05,Organic
7499,1044,4,2025-12-30,2850.91,Lost,,Organic
7500,831,1,2026-01-03,472.82,Won,2026-01-05,Referral
7501,1288,4,2026-01-04,2603.35,Won,2026-01-05,Organic
7502,355,2,2025-12-28,512.15,Open,,Organic
7503,464,4,2026-01-01,2049.72,Won,2026-01-06,Google
7504,1374,5,2025-12-31,190.2,Won,2026-01-06,Home Services Marketplace
7505,1104,5,2026-01-04,209.49,Lost,,Google
7506,559,6,2025-12-31,1114.63,Won,2026-01-06,Home Services Marketplace
7507,98,1,2025-12-29,443.18,Won,2026-01-06,Referral
7508,1400,5,2025-12-25,256.82,Won,2026-01-06,Referral
7509,898,5,2025-12-31,401.76,Won,2026-01-06,Home Services Marketplace
7510,592,1,2026-01-02,901.69,Won,2026-01-06,Home Services Marketplace
7511,975,5,2026-01-05,192.58,Won,2026-01-06,Referral
7512,161,5,2026-01-05,196.31,Won,2026-01-06,Google
7513,207,2,2026-01-03,413.57,Won,2026-01-06,Referral
7514,1156,4,2026-01-04,2392.34,Lost,,Referral
7515,192,2,2025-12-25,820.23,Won,2026-01-06,Google
7516,470,5,2026-01-02,275.26,Won,2026-01-06,Google
7517,1431,7,2025-12-26,1028.99,Won,2026-01-06,Google
7518,892,3,2026-01-03,8503.2,Won,2026-01-06,Organic
7519,1364,2,2025-12-25,520.17,Won,2026-01-06,Referral
7520,1154,1,2025-12-25,477.77,Won,2026-01-06,Organic
7521,1055,5,2026-01-01,208.5,Won,2026-01-06,Organic
7522,515,7,2026-01-04,962.94,Won,2026-01-06,Direct Mail
7523,1025,1,2026-01-02,426.27,Won,2026-01-06,Referral
7524,939,2,2025-12-28,520.68,Won,2026-01-06,Organic
7525,738,5,2025-12-25,180.49,Open,,Referral
7526,1223,4,2026-01-05,1608.8,Lost,,Referral
7527,421,3,2025-12-28,10528.22,Lost,,Direct Mail
7528,1015,2,2025-12-29,549.9,Won,2026-01-07,Google
7529,388,5,2025-12-31,276.35,Won,2026-01-07,Google
7530,1416,6,2026-01-03,1339.36,Won,2026-01-07,Referral
7531,310,5,2026-01-03,172.93,Lost,,Google
7532,67,5,2026-01-04,203.57,Won,2026-01-07,Google
7533,1416,4,2026-01-06,2170.22,Won,2026-01-07,Referral
7534,926,1,2025-12-31,417.86,Open,,Organic
7535,1183,5,2025-12-26,197.77,Won,2026-01-07,Google
7536,880,6,2025-12-28,1262.47,Won,2026-01-07,Organic
7537,641,7,2025-12-26,1045.61,Won,2026-01-07,Home Services Marketplace
7538,975,6,2025-12-30,1399.95,Won,2026-01-07,Referral
7539,1054,1,2026-01-03,287.52,Won,2026-01-07,Google
7540,9,1,2026-01-06,425.52,Won,2026-01-07,Organic
7541,1297,5,2025-12-28,170.09,Won,2026-01-07,Home Services Marketplace
7542,141,4,2025-12-29,2618.43,Won,2026-01-07,Google
7543,137,2,2026-01-04,538.53,Won,2026-01-07,Google
7544,181,4,2026-01-07,3372.89,Lost,,Organic
7545,260,2,2025-12-31,981.66,Open,,Referral
7546,1026,4,2026-01-03,2344.88,Won,2026-01-07,Organic
7547,1009,1,2026-01-06,356.72,Open,,Google
7548,943,1,2025-12-31,462.69,Won,2026-01-07,Referral
7549,419,4,2025-12-29,4091.4,Won,2026-01-07,Google
7550,205,4,2026-01-07,2655.3,Won,2026-01-07,Google
7551,948,2,2026-01-07,593.57,Lost,,Organic
7552,1326,6,2025-12-27,1052.46,Won,2026-01-07,Referral
7553,459,1,2025-12-29,406.96,Won,2026-01-07,Google
7554,885,4,2025-12-26,3617.88,Won,2026-01-07,Referral
7555,1051,5,2025-12-28,163.68,Won,2026-01-08,Organic
7556,556,1,2025-12-30,502.09,Won,2026-01-08,Google
7557,1255,5,2025-12-29,186.28,Lost,,Referral
7558,669,5,2026-01-01,166.78,Won,2026-01-08,Home Services Marketplace
7559,986,5,2025-12-29,171.95,Won,2026-01-08,Home Services Marketplace
7560,126,2,2025-12-30,668.98,Won,2026-01-08,Home Services Marketplace
7561,444,2,2026-01-08,457.87,Won,2026-01-08,Referral
7562,52,6,2025-12-31,1299.8,Won,2026-01-08,Google
7563,1139,1,2026-01-07,421.81,Lost,,Referral
7564,53,5,2026-01-02,164.77,Won,2026-01-08,Referral
7565,359,2,2026-01-08,446.6,Won,2026-01-08,Google
7566,429,1,2026-01-05,488.45,Won,2026-01-08,Google
7567,727,4,2026-01-04,2185.44,Open,,Organic
7568,1370,5,2025-12-27,322.05,Open,,Organic
7569,1432,5,2025-12-28,206.41,Won,2026-01-08,Home Services Marketplace
7570,364,1,2026-01-07,422.31,Won,2026-01-08,Referral
7571,729,1,2026-01-05,475.08,Won,2026-01-08,Referral
7572,236,7,2026-01-02,1506.12,Open,,Direct Mail
7573,101,5,2026-01-07,190.25,Won,2026-01-08,Organic
7574,1268,1,2025-12-28,706.49,Open,,Organic
7575,1225,4,2026-01-03,3859.53,Open,,Organic
7576,1316,1,2026-01-02,527.64,Won,2026-01-08,Referral
7577,1098,1,2026-01-02,478.48,Won,2026-01-08,Direct Mail
7578,666,5,2025-12-28,264.23,Won,2026-01-08,Google
7579,295,5,2026-01-04,154.03,Lost,,Google
7580,525,1,2026-01-05,478.42,Lost,,Google
7581,965,5,2026-01-05,209.0,Won,2026-01-09,Referral
7582,1067,2,2025-12-28,529.3,Lost,,Organic
7583,99,1,2026-01-03,392.87,Lost,,Google
7584,442,2,2026-01-01,375.59,Won,2026-01-09,Google
7585,385,1,2026-01-09,735.06,Won,2026-01-09,Google
7586,447,5,2026-01-06,237.22,Lost,,Direct Mail
7587,375,2,2026-01-09,333.55,Lost,,Direct Mail
7588,1027,5,2025-12-31,166.11,Won,2026-01-09,Google
7589,1245,2,2026-01-02,778.71,Won,2026-01-09,Referral
7590,1106,3,2026-01-01,9840.26,Lost,,Google
7591,119,5,2026-01-03,178.63,Won,2026-01-09,Referral
7592,190,3,2026-01-01,11546.8,Won,2026-01-09,Referral
7593,821,6,2025-12-31,1273.62,Won,2026-01-09,Referral
7594,3,6,2025-12-28,1190.04,Won,2026-01-09,Google
7595,788,5,2025-12-30,216.57,Won,2026-01-09,Direct Mail
7596,962,5,2026-01-03,228.38,Lost,,Direct Mail
7597,1090,5,2025-12-28,221.47,Won,2026-01-09,Google
7598,1357,1,2026-01-04,439.4,Won,2026-01-09,Google
7599,506,1,2026-01-03,466.49,Won,2026-01-09,Organic
7600,228,1,2026-01-05,414.28,Open,,Google
7601,860,2,2026-01-06,481.76,Open,,Referral
7602,514,2,2026-01-07,523.17,Won,2026-01-09,Google
7603,608,1,2026-01-04,473.74,Won,2026-01-09,Organic
7604,62,6,2026-01-06,1125.36,Lost,,Google
7605,1375,5,2026-01-05,138.44,Won,2026-01-09,Direct Mail
7606,342,5,2026-01-01,211.02,Won,2026-01-09,Home Services Marketplace
7607,1062,2,2026-01-02,548.86,Won,2026-01-09,Organic
7608,1130,1,2026-01-06,394.95,Won,2026-01-09,Direct Mail
7609,293,1,2026-01-04,476.39,Won,2026-01-09,Referral
7610,496,1,2026-01-10,448.42,Won,2026-01-10,Referral
7611,52,5,2026-01-07,186.53,Open,,Google
7612,1219,5,2026-01-02,201.64,Won,2026-01-10,Referral
7613,1163,5,2026-01-05,171.85,Won,2026-01-10,Google
7614,648,6,2026-01-06,1164.17,Won,2026-01-10,Direct Mail
7615,628,6,2026-01-08,1118.59,Lost,,Referral
7616,77,4,2026-01-06,1756.98,Won,2026-01-10,Referral
7617,402,6,2025-12-29,1139.59,Won,2026-01-10,Google
7618,406,1,2026-01-08,628.73,Open,,Google
7619,902,1,2026-01-02,503.54,Won,2026-01-10,Google
7620,906,6,2025-12-31,1443.6,Won,2026-01-10,Google
7621,1055,5,2026-01-02,162.07,Won,2026-01-10,Organic
7622,1045,1,2026-01-01,399.81,Won,2026-01-10,Home Services Marketplace
7623,1400,7,2026-01-01,1388.62,Lost,,Referral
7624,755,1,2026-01-08,432.15,Won,2026-01-10,Referral
7625,337,1,2026-01-07,1027.09,Won,2026-01-10,Google
7626,983,6,2026-01-09,1059.66,Won,2026-01-10,Organic
7627,1351,7,2025-12-30,1352.78,Won,2026-01-11,Organic
7628,705,2,2026-01-03,526.24,Won,2026-01-11,Organic
7629,1426,5,2026-01-06,187.61,Won,2026-01-11,Referral
7630,839,1,2026-01-10,416.75,Open,,Google
7631,599,6,2026-01-01,2541.37,Open,,Referral
7632,355,1,2025-12-30,684.04,Lost,,Organic
7633,72,3,2026-01-08,8948.91,Won,2026-01-11,Referral
7634,758,1,2026-01-10,815.75,Won,2026-01-11,Referral
7635,421,7,2026-01-06,1065.12,Won,2026-01-11,Direct Mail
7636,241,6,2026-01-07,1146.32,Lost,,Referral
7637,260,1,2026-01-08,874.55,Lost,,Referral
7638,1067,1,2026-01-10,504.34,Won,2026-01-11,Organic
7639,17,1,2026-01-05,429.13,Open,,Organic
7640,1238,1,2026-01-03,670.45,Won,2026-01-11,Referral
7641,547,3,2026-01-08,8555.01,Won,2026-01-11,Google
7642,1076,5,2026-01-06,182.01,Lost,,Referral
7643,464,3,2026-01-06,10672.08,Won,2026-01-11,Google
7644,882,4,2026-01-02,1763.62,Open,,Home Services Marketplace
7645,825,2,2026-01-03,828.14,Won,2026-01-11,Google
7646,505,1,2026-01-10,900.9,Open,,Referral
7647,748,1,2026-01-06,715.54,Won,2026-01-11,Google
7648,1042,5,2025-12-31,213.11,Won,2026-01-11,Google
7649,489,2,2026-01-04,544.87,Open,,Google
7650,678,4,2026-01-01,2948.29,Won,2026-01-12,Organic
7651,851,5,2026-01-11,246.0,Lost,,Referral
7652,942,5,2026-01-05,265.78,Won,2026-01-12,Google
7653,677,2,2025-12-31,461.71,Won,2026-01-12,Home Services Marketplace
7654,1317,1,2025-12-31,462.38,Open,,Direct Mail
7655,1241,2,2026-01-11,463.49,Lost,,Google
7656,499,7,2026-01-11,1479.71,Lost,,Direct Mail
7657,1364,2,2026-01-06,720.56,Won,2026-01-12,Referral
7658,262,1,2026-01-12,493.77,Lost,,Referral
7659,252,1,2026-01-03,579.08,Won,2026-01-12,Direct Mail
7660,1268,1,2026-01-01,365.32,Won,2026-01-12,Organic
7661,420,1,2026-01-01,581.73,Won,2026-01-12,Home Services Marketplace
7662,497,1,2026-01-10,802.52,Won,2026-01-12,Google
7663,327,3,2026-01-05,8677.35,Won,2026-01-12,Home Services Marketplace
7664,1388,1,2026-01-08,457.23,Lost,,Google
7665,752,6,2026-01-06,1379.45,Open,,Referral
7666,1279,5,2026-01-06,176.22,Won,2026-01-12,Google
7667,244,1,2026-01-01,527.07,Won,2026-01-12,Organic
7668,144,1,2026-01-10,486.53,Won,2026-01-12,Referral
7669,260,1,2026-01-12,770.76,Won,2026-01-12,Referral
7670,1233,1,2026-01-10,635.61,Won,2026-01-12,Google
7671,48,1,2026-01-02,482.78,Open,,Home Services Marketplace
7672,1071,6,2025-12-31,1483.61,Lost,,Google
7673,428,1,2026-01-09,456.13,Won,2026-01-12,Organic
7674,1018,1,2025-12-31,892.31,Won,2026-01-12,Google
7675,323,3,2026-01-10,14111.31,Open,,Referral
7676,1074,1,2026-01-11,511.21,Open,,Organic
7677,48,5,2026-01-03,213.31,Won,2026-01-12,Home Services Marketplace
7678,589,3,2026-01-07,9494.74,Won,2026-01-12,Referral
7679,219,5,2025-12-31,280.09,Open,,Google
7680,1178,1,2026-01-01,429.81,Won,2026-01-12,Home Services Marketplace
7681,1059,2,2026-01-03,518.51,Won,2026-01-13,Home Services Marketplace
7682,442,5,2026-01-06,186.2,Won,2026-01-13,Google
7683,427,6,2026-01-08,1375.77,Won,2026-01-13,Home Services Marketplace
7684,43,3,2026-01-05,9501.33,Won,2026-01-13,Google
7685,691,6,2026-01-02,751.46,Won,2026-01-13,Home Services Marketplace
7686,746,5,2026-01-04,269.82,Won,2026-01-13,Direct Mail
7687,128,1,2026-01-05,549.62,Open,,Google
7688,988,2,2026-01-08,706.11,Open,,Referral
7689,273,1,2026-01-02,493.8,Open,,Direct Mail
7690,989,7,2026-01-09,1683.24,Won,2026-01-13,Direct Mail
7691,1247,1,2026-01-07,839.98,Won,2026-01-13,Home Services Marketplace
7692,1162,5,2026-01-13,196.27,Open,,Google
7693,298,2,2026-01-11,419.15,Won,2026-01-13,Referral
7694,834,6,2026-01-01,1222.85,Lost,,Google
7695,1214,3,2026-01-08,8886.1,Won,2026-01-13,Direct Mail
7696,578,5,2026-01-04,203.92,Won,2026-01-13,Google
7697,1363,2,2026-01-06,618.16,Won,2026-01-13,Home Services Marketplace
7698,195,6,2026-01-01,1834.54,Won,2026-01-13,Referral
7699,198,1,2026-01-12,493.67,Won,2026-01-13,Direct Mail
7700,165,2,2026-01-05,671.74,Won,2026-01-13,Home Services Marketplace
7701,502,5,2026-01-03,212.3,Lost,,Home Services Marketplace
7702,639,5,2026-01-10,232.08,Won,2026-01-13,Google
7703,447,1,2026-01-03,410.51,Won,2026-01-13,Direct Mail
7704,378,5,2026-01-05,169.17,Won,2026-01-14,Home Services Marketplace
7705,1021,2,2026-01-06,520.14,Lost,,Referral
7706,1102,1,2026-01-10,463.24,Lost,,Direct Mail
7707,1108,1,2026-01-03,790.37,Open,,Organic
7708,398,2,2026-01-08,604.25,Won,2026-01-14,Direct Mail
7709,1130,1,2026-01-02,799.71,Won,2026-01-14,Direct Mail
7710,158,7,2026-01-09,952.22,Won,2026-01-14,Home Services Marketplace
7711,559,5,2026-01-12,206.09,Won,2026-01-14,Home Services Marketplace
7712,369,5,2026-01-11,196.08,Won,2026-01-14,Referral
7713,1397,1,2026-01-12,566.47,Open,,Direct Mail
7714,1108,3,2026-01-04,12074.37,Open,,Organic
7715,151,6,2026-01-05,1102.01,Won,2026-01-14,Home Services Marketplace
7716,1331,5,2026-01-05,157.38,Open,,Home Services Marketplace
7717,1412,4,2026-01-14,2758.89,Won,2026-01-14,Google
7718,1303,5,2026-01-08,211.39,Lost,,Direct Mail
7719,619,1,2026-01-10,443.24,Won,2026-01-14,Organic
7720,128,4,2026-01-06,2245.33,Won,2026-01-14,Google
7721,298,2,2026-01-02,345.34,Open,,Referral
7722,152,7,2026-01-02,1151.26,Won,2026-01-14,Referral
7723,1035,5,2026-01-02,140.15,Lost,,Home Services Marketplace
7724,578,4,2026-01-02,3497.74,Open,,Google
7725,25,1,2026-01-08,498.35,Open,,Google
7726,482,5,2026-01-06,176.0,Won,2026-01-14,Organic
7727,1146,5,2026-01-07,224.19,Won,2026-01-14,Home Services Marketplace
7728,1007,7,2026-01-14,2199.17,Won,2026-01-14,Referral
7729,698,1,2026-01-12,548.43,Won,2026-01-14,Google
7730,529,6,2026-01-07,1103.04,Open,,Google
7731,422,5,2026-01-09,215.88,Won,2026-01-15,Google
7732,771,7,2026-01-03,1049.24,Won,2026-01-15,Google
7733,410,5,2026-01-10,216.61,Won,2026-01-15,Organic
7734,1412,1,2026-01-05,389.39,Won,2026-01-15,Google
7735,197,5,2026-01-12,190.98,Won,2026-01-15,Direct Mail
7736,502,2,2026-01-09,438.08,Won,2026-01-15,Home Services Marketplace
7737,707,5,2026-01-11,254.46,Won,2026-01-15,Organic
7738,387,5,2026-01-07,135.22,Won,2026-01-15,Referral
7739,603,1,2026-01-14,475.53,Won,2026-01-15,Google
7740,813,7,2026-01-07,1189.68,Lost,,Organic
7741,97,2,2026-01-15,427.16,Open,,Google
7742,1189,5,2026-01-03,425.3,Won,2026-01-15,Referral
7743,895,4,2026-01-08,2468.73,Won,2026-01-15,Google
7744,145,4,2026-01-07,4884.82,Lost,,Organic
7745,131,5,2026-01-05,196.74,Open,,Direct Mail
7746,272,2,2026-01-03,664.99,Won,2026-01-15,Home Services Marketplace
7747,966,5,2026-01-13,146.18,Won,2026-01-15,Referral
7748,1268,3,2026-01-07,6697.01,Won,2026-01-15,Organic
7749,318,7,2026-01-14,1422.55,Won,2026-01-15,Google
7750,375,5,2026-01-07,178.62,Lost,,Direct Mail
7751,359,5,2026-01-06,180.16,Won,2026-01-15,Google
7752,1416,2,2026-01-14,558.4,Won,2026-01-15,Referral
7753,104,2,2026-01-04,395.52,Won,2026-01-15,Google
7754,1007,1,2026-01-07,843.3,Open,,Referral
7755,317,2,2026-01-10,592.46,Open,,Organic
7756,208,1,2026-01-04,563.84,Won,2026-01-16,Referral
7757,364,5,2026-01-06,203.63,Won,2026-01-16,Referral
7758,951,5,2026-01-04,216.3,Won,2026-01-16,Google
7759,987,1,2026-01-12,1043.05,Open,,Google
7760,765,1,2026-01-11,591.44,Won,2026-01-16,Google
7761,621,5,2026-01-13,179.1,Won,2026-01-16,Referral
7762,627,7,2026-01-08,1163.19,Won,2026-01-16,Google
7763,1152,1,2026-01-04,945.24,Won,2026-01-16,Referral
7764,516,5,2026-01-14,189.43,Won,2026-01-16,Google
7765,1312,7,2026-01-14,918.1,Won,2026-01-16,Referral
7766,577,3,2026-01-09,9506.15,Won,2026-01-16,Direct Mail
7767,1110,3,2026-01-14,15811.42,Won,2026-01-16,Organic
7768,980,2,2026-01-08,1070.6,Won,2026-01-16,Organic
7769,1095,1,2026-01-07,813.15,Won,2026-01-16,Referral
7770,199,5,2026-01-13,167.37,Open,,Organic
7771,387,3,2026-01-13,9983.41,Won,2026-01-16,Referral
7772,170,5,2026-01-16,194.54,Lost,,Direct Mail
7773,31,5,2026-01-14,197.83,Won,2026-01-16,Direct Mail
7774,598,1,2026-01-13,444.82,Lost,,Home Services Marketplace
7775,1129,3,2026-01-04,7757.44,Lost,,Referral
7776,777,5,2026-01-12,191.34,Won,2026-01-16,Direct Mail
7777,655,3,2026-01-13,7994.63,Lost,,Google
7778,1064,2,2026-01-07,602.28,Won,2026-01-16,Referral
7779,1377,1,2026-01-05,595.29,Lost,,Direct Mail
7780,605,2,2026-01-09,752.16,Won,2026-01-16,Google
7781,1255,5,2026-01-16,143.21,Won,2026-01-16,Referral
7782,1138,6,2026-01-11,1060.44,Won,2026-01-16,Organic
7783,975,5,2026-01-13,269.54,Won,2026-01-16,Referral
7784,388,5,2026-01-07,217.09,Won,2026-01-17,Google
7785,696,5,2026-01-07,143.33,Won,2026-01-17,Organic
7786,542,2,2026-01-08,499.97,Won,2026-01-17,Google
7787,323,5,2026-01-13,162.75,Won,2026-01-17,Referral
7788,848,2,2026-01-13,457.0,Won,2026-01-17,Google
7789,780,3,2026-01-10,13050.12,Lost,,Google
7790,1233,1,2026-01-16,461.07,Won,2026-01-17,Google
7791,483,1,2026-01-12,363.16,Won,2026-01-17,Google
7792,1395,1,2026-01-14,413.09,Won,2026-01-17,Home Services Marketplace
7793,1184,4,2026-01-08,2158.73,Open,,Google
7794,217,5,2026-01-07,204.34,Won,2026-01-18,Home Services Marketplace
7795,81,1,2026-01-13,449.29,Won,2026-01-18,Google
7796,765,1,2026-01-18,602.63,Open,,Google
7797,159,3,2026-01-11,8602.69,Open,,Google
7798,1293,1,2026-01-12,652.78,Won,2026-01-18,Google
7799,163,2,2026-01-09,569.65,Won,2026-01-18,Google
7800,69,5,2026-01-10,184.63,Won,2026-01-18,Google
7801,568,2,2026-01-08,1042.45,Won,2026-01-18,Google
7802,1044,5,2026-01-12,186.95,Lost,,Organic
7803,882,5,2026-01-13,133.47,Won,2026-01-18,Home Services Marketplace
7804,1409,5,2026-01-13,163.27,Won,2026-01-18,Referral
7805,892,5,2026-01-16,171.86,Open,,Organic
7806,1242,5,2026-01-09,174.42,Won,2026-01-18,Organic
7807,638,1,2026-01-06,523.12,Won,2026-01-18,Google
7808,143,6,2026-01-17,1389.13,Lost,,Google
7809,778,2,2026-01-08,488.19,Won,2026-01-19,Google
7810,1191,1,2026-01-14,341.61,Won,2026-01-19,Referral
7811,935,1,2026-01-14,573.57,Open,,Home Services Marketplace
7812,990,1,2026-01-10,454.61,Open,,Google
7813,1001,5,2026-01-11,414.3,Open,,Referral
7814,399,1,2026-01-07,432.4,Open,,Organic
7815,1226,2,2026-01-16,763.95,Lost,,Referral
7816,275,2,2026-01-11,391.7,Won,2026-01-19,Google
7817,1247,4,2026-01-07,4237.19,Lost,,Home Services Marketplace
7818,626,2,2026-01-10,431.56,Won,2026-01-19,Referral
7819,732,4,2026-01-19,2025.68,Won,2026-01-19,Organic
7820,1082,5,2026-01-13,179.55,Lost,,Google
7821,31,1,2026-01-15,438.32,Won,2026-01-19,Direct Mail
7822,1374,7,2026-01-09,852.01,Won,2026-01-19,Home Services Marketplace
7823,84,3,2026-01-18,9495.34,Won,2026-01-19,Home Services Marketplace
7824,749,4,2026-01-15,2234.99,Open,,Google
7825,1426,2,2026-01-14,537.66,Won,2026-01-19,Referral
7826,324,1,2026-01-16,442.98,Won,2026-01-19,Referral
7827,49,5,2026-01-17,223.73,Won,2026-01-20,Referral
7828,744,3,2026-01-18,7763.27,Won,2026-01-20,Google
7829,265,7,2026-01-18,806.98,Won,2026-01-20,Home Services Marketplace
7830,409,6,2026-01-08,807.91,Won,2026-01-20,Google
7831,790,4,2026-01-08,2578.8,Lost,,Referral
7832,88,4,2026-01-16,4923.42,Won,2026-01-20,Google
7833,1364,5,2026-01-18,184.29,Won,2026-01-20,Referral
7834,911,5,2026-01-09,443.92,Won,2026-01-20,Google
7835,443,1,2026-01-15,548.14,Won,2026-01-20,Direct Mail
7836,5,1,2026-01-10,433.16,Won,2026-01-20,Referral
7837,1096,1,2026-01-15,430.74,Won,2026-01-20,Direct Mail
7838,924,2,2026-01-10,976.38,Won,2026-01-20,Google
7839,1006,5,2026-01-15,187.45,Lost,,Direct Mail
7840,90,6,2026-01-16,1392.34,Lost,,Google
7841,1331,6,2026-01-15,1540.56,Open,,Home Services Marketplace
7842,1199,1,2026-01-11,583.28,Won,2026-01-20,Organic
7843,1061,1,2026-01-16,549.97,Won,2026-01-20,Organic
7844,719,5,2026-01-15,193.46,Won,2026-01-20,Referral
7845,1075,2,2026-01-15,734.92,Won,2026-01-20,Referral
7846,254,1,2026-01-15,383.41,Lost,,Google
7847,1396,1,2026-01-08,406.62,Won,2026-01-20,Home Services Marketplace
7848,1110,2,2026-01-11,771.19,Open,,Organic
7849,1438,2,2026-01-18,997.78,Won,2026-01-20,Organic
7850,937,2,2026-01-10,849.89,Won,2026-01-20,Referral
7851,175,3,2026-01-19,7231.01,Open,,Organic
7852,647,5,2026-01-18,126.11,Won,2026-01-20,Home Services Marketplace
7853,1270,1,2026-01-15,434.96,Won,2026-01-20,Organic
7854,206,1,2026-01-17,523.23,Won,2026-01-20,Home Services Marketplace
7855,715,1,2026-01-19,407.35,Won,2026-01-20,Organic
7856,456,4,2026-01-11,2067.02,Lost,,Organic
7857,1183,5,2026-01-14,165.62,Won,2026-01-20,Google
7858,500,3,2026-01-10,21820.26,Won,2026-01-20,Direct Mail
7859,1103,5,2026-01-15,248.67,Won,2026-01-20,Google
7860,688,3,2026-01-19,9695.24,Lost,,Referral
7861,1418,5,2026-01-19,311.58,Open,,Home Services Marketplace
7862,197,5,2026-01-18,252.92,Won,2026-01-21,Direct Mail
7863,508,1,2026-01-15,441.55,Won,2026-01-21,Google
7864,949,7,2026-01-11,952.62,Won,2026-01-21,Direct Mail
7865,322,1,2026-01-10,533.85,Lost,,Google
7866,1362,5,2026-01-15,224.81,Won,2026-01-21,Google
7867,383,5,2026-01-19,200.72,Won,2026-01-21,Google
7868,765,1,2026-01-17,522.08,Won,2026-01-21,Google
7869,219,7,2026-01-19,1186.43,Won,2026-01-21,Google
7870,925,5,2026-01-19,230.33,Won,2026-01-21,Referral
7871,569,1,2026-01-15,467.04,Won,2026-01-21,Google
7872,810,2,2026-01-20,411.32,Won,2026-01-21,Referral
7873,588,3,2026-01-13,10639.66,Lost,,Organic
7874,312,5,2026-01-18,194.65,Won,2026-01-21,Direct Mail
7875,652,3,2026-01-14,14541.21,Lost,,Referral
7876,988,4,2026-01-21,1988.46,Won,2026-01-21,Referral
7877,1387,5,2026-01-10,237.71,Won,2026-01-21,Google
7878,1383,5,2026-01-09,184.8,Won,2026-01-21,Referral
7879,976,1,2026-01-09,448.85,Won,2026-01-21,Google
7880,125,2,2026-01-17,556.69,Won,2026-01-21,Google
7881,517,1,2026-01-15,446.51,Won,2026-01-21,Google
7882,1036,3,2026-01-11,13250.92,Open,,Home Services Marketplace
7883,1432,2,2026-01-16,575.71,Lost,,Home Services Marketplace
7884,509,6,2026-01-19,1383.78,Open,,Home Services Marketplace
7885,514,2,2026-01-15,339.54,Open,,Google
7886,221,5,2026-01-21,201.41,Won,2026-01-21,Google
7887,847,4,2026-01-12,5067.12,Open,,Direct Mail
7888,1157,5,2026-01-13,180.18,Won,2026-01-22,Referral
7889,734,2,2026-01-12,744.37,Won,2026-01-22,Google
7890,1141,2,2026-01-18,455.83,Open,,Google
7891,451,5,2026-01-18,235.1,Won,2026-01-22,Home Services Marketplace
7892,170,1,2026-01-17,520.49,Won,2026-01-22,Direct Mail
7893,1169,5,2026-01-12,213.53,Open,,Referral
7894,86,7,2026-01-18,1080.81,Won,2026-01-22,Organic
7895,1249,6,2026-01-11,1239.24,Open,,Google
7896,1265,4,2026-01-15,2331.99,Open,,Google
7897,274,5,2026-01-14,143.59,Open,,Google
7898,387,7,2026-01-18,1031.7,Won,2026-01-22,Referral
7899,526,5,2026-01-17,258.33,Won,2026-01-22,Google
7900,836,2,2026-01-17,606.77,Open,,Google
7901,794,1,2026-01-17,513.51,Won,2026-01-22,Google
7902,1021,1,2026-01-13,555.72,Won,2026-01-22,Referral
7903,185,7,2026-01-14,1332.53,Won,2026-01-22,Google
7904,218,6,2026-01-22,1114.67,Won,2026-01-22,Google
7905,97,7,2026-01-14,1068.79,Won,2026-01-23,Google
7906,258,5,2026-01-22,208.75,Won,2026-01-23,Referral
7907,25,2,2026-01-22,591.1,Open,,Google
7908,1017,1,2026-01-12,571.8,Won,2026-01-23,Direct Mail
7909,1265,6,2026-01-14,1185.56,Won,2026-01-23,Google
7910,36,1,2026-01-12,563.0,Lost,,Google
7911,1084,1,2026-01-21,484.35,Won,2026-01-23,Home Services Marketplace
7912,1205,5,2026-01-12,218.47,Open,,Referral
7913,1104,5,2026-01-14,145.47,Won,2026-01-23,Google
7914,1195,4,2026-01-21,1783.17,Won,2026-01-23,Referral
7915,664,6,2026-01-18,1171.44,Won,2026-01-23,Referral
7916,1149,1,2026-01-14,400.77,Won,2026-01-23,Home Services Marketplace
7917,25,1,2026-01-18,533.8,Won,2026-01-23,Google
7918,869,5,2026-01-12,209.02,Won,2026-01-23,Google
7919,453,5,2026-01-16,236.35,Won,2026-01-23,Home Services Marketplace
7920,98,7,2026-01-14,1467.37,Won,2026-01-23,Referral
7921,1049,1,2026-01-23,518.94,Won,2026-01-23,Google
7922,255,2,2026-01-12,530.23,Won,2026-01-23,Home Services Marketplace
7923,1181,2,2026-01-20,668.94,Won,2026-01-23,Organic
7924,1008,1,2026-01-11,506.05,Won,2026-01-23,Google
7925,156,2,2026-01-18,339.18,Open,,Google
7926,357,1,2026-01-17,453.21,Won,2026-01-24,Referral
7927,224,1,2026-01-22,474.84,Won,2026-01-24,Referral
7928,490,5,2026-01-18,150.4,Won,2026-01-24,Referral
7929,720,4,2026-01-20,2416.16,Lost,,Google
7930,168,5,2026-01-15,180.5,Open,,Referral
7931,527,2,2026-01-23,689.43,Won,2026-01-24,Referral
7932,11,5,2026-01-19,185.33,Open,,Referral
7933,1047,2,2026-01-21,471.18,Won,2026-01-24,Home Services Marketplace
7934,1080,4,2026-01-15,2397.47,Open,,Google
7935,199,1,2026-01-24,482.87,Won,2026-01-24,Organic
7936,1324,7,2026-01-12,1306.29,Lost,,Google
7937,921,2,2026-01-12,476.82,Won,2026-01-24,Referral
7938,524,6,2026-01-23,1329.26,Open,,Referral
7939,886,5,2026-01-15,201.14,Won,2026-01-24,Google
7940,308,2,2026-01-15,497.39,Won,2026-01-24,Referral
7941,178,2,2026-01-18,465.62,Won,2026-01-24,Google
7942,851,5,2026-01-20,189.85,Won,2026-01-24,Referral
7943,770,1,2026-01-22,623.88,Lost,,Organic
7944,238,6,2026-01-22,956.72,Won,2026-01-25,Referral
7945,675,1,2026-01-21,472.85,Won,2026-01-25,Organic
7946,765,6,2026-01-21,900.1,Won,2026-01-25,Google
7947,1089,1,2026-01-23,277.59,Won,2026-01-25,Google
7948,301,1,2026-01-25,781.82,Lost,,Direct Mail
7949,1237,5,2026-01-20,164.32,Won,2026-01-25,Direct Mail
7950,330,5,2026-01-19,149.49,Won,2026-01-25,Referral
7951,729,1,2026-01-19,512.74,Lost,,Referral
7952,48,1,2026-01-22,351.78,Won,2026-01-25,Home Services Marketplace
7953,1333,1,2026-01-21,458.35,Lost,,Direct Mail
7954,1389,4,2026-01-23,2385.51,Won,2026-01-25,Direct Mail
7955,280,6,2026-01-24,1456.71,Won,2026-01-25,Direct Mail
7956,1444,5,2026-01-19,184.83,Won,2026-01-25,Referral
7957,433,5,2026-01-16,239.01,Won,2026-01-25,Google
7958,54,5,2026-01-25,218.15,Won,2026-01-25,Google
7959,1379,1,2026-01-18,290.9,Lost,,Google
7960,405,6,2026-01-17,2315.2,Won,2026-01-25,Referral
7961,1109,3,2026-01-16,8176.99,Won,2026-01-25,Referral
7962,1240,2,2026-01-22,469.52,Won,2026-01-25,Google
7963,993,3,2026-01-20,8606.14,Won,2026-01-26,Home Services Marketplace
7964,546,1,2026-01-18,503.92,Open,,Referral
7965,151,2,2026-01-21,644.23,Lost,,Home Services Marketplace
7966,531,5,2026-01-20,455.36,Open,,Google
7967,955,3,2026-01-20,10532.12,Lost,,Organic
7968,719,5,2026-01-17,158.34,Won,2026-01-26,Referral
7969,713,1,2026-01-23,420.33,Won,2026-01-26,Google
7970,291,1,2026-01-22,600.11,Won,2026-01-26,Referral
7971,750,2,2026-01-22,463.58,Won,2026-01-26,Google
7972,1065,3,2026-01-21,14337.67,Won,2026-01-26,Home Services Marketplace
7973,301,1,2026-01-17,717.81,Won,2026-01-26,Direct Mail
7974,362,7,2026-01-18,972.65,Won,2026-01-26,Referral
7975,258,4,2026-01-21,2783.21,Open,,Referral
7976,1221,3,2026-01-14,11137.46,Open,,Referral
7977,433,1,2026-01-22,570.3,Won,2026-01-26,Google
7978,488,4,2026-01-23,2935.66,Won,2026-01-26,Home Services Marketplace
7979,975,1,2026-01-24,422.59,Won,2026-01-26,Referral
7980,375,1,2026-01-22,578.42,Won,2026-01-26,Direct Mail
7981,646,1,2026-01-18,467.89,Won,2026-01-26,Google
7982,1214,5,2026-01-14,155.55,Won,2026-01-26,Direct Mail
7983,897,5,2026-01-24,180.4,Won,2026-01-26,Organic
7984,469,5,2026-01-17,202.59,Won,2026-01-26,Referral
7985,947,2,2026-01-20,674.59,Won,2026-01-26,Organic
7986,72,5,2026-01-25,130.38,Won,2026-01-27,Referral
7987,1017,1,2026-01-17,493.95,Lost,,Direct Mail
7988,798,2,2026-01-17,485.55,Lost,,Referral
7989,1001,5,2026-01-23,342.88,Won,2026-01-27,Referral
7990,710,7,2026-01-23,1634.13,Won,2026-01-27,Google
7991,615,5,2026-01-24,312.85,Lost,,Referral
7992,1085,1,2026-01-24,475.7,Won,2026-01-27,Organic
7993,42,5,2026-01-15,145.37,Won,2026-01-27,Home Services Marketplace
7994,990,1,2026-01-26,577.37,Won,2026-01-27,Google
7995,31,5,2026-01-22,158.64,Won,2026-01-27,Direct Mail
7996,657,5,2026-01-15,151.75,Won,2026-01-27,Referral
7997,338,6,2026-01-16,858.17,Lost,,Home Services Marketplace
7998,133,7,2026-01-27,1040.02,Won,2026-01-27,Referral
7999,1174,6,2026-01-15,2086.84,Won,2026-01-27,Organic
8000,742,2,2026-01-25,514.46,Lost,,Organic
8001,664,1,2026-01-27,351.1,Lost,,Referral
8002,418,5,2026-01-15,209.9,Won,2026-01-27,Direct Mail
8003,463,6,2026-01-19,1043.89,Won,2026-01-27,Organic
8004,1137,7,2026-01-21,1143.35,Won,2026-01-27,Google
8005,1396,5,2026-01-27,180.88,Won,2026-01-28,Home Services Marketplace
8006,192,5,2026-01-17,354.54,Won,2026-01-28,Google
8007,21,5,2026-01-25,166.53,Won,2026-01-28,Home Services Marketplace
8008,934,4,2026-01-21,2856.15,Won,2026-01-28,Home Services Marketplace
8009,851,5,2026-01-18,166.52,Lost,,Referral
8010,1224,4,2026-01-24,3467.08,Won,2026-01-28,Organic
8011,774,1,2026-01-21,560.14,Won,2026-01-28,Referral
8012,1305,6,2026-01-18,1224.67,Won,2026-01-28,Organic
8013,1014,2,2026-01-26,519.06,Won,2026-01-28,Google
8014,404,2,2026-01-27,371.34,Won,2026-01-28,Referral
8015,126,7,2026-01-16,1173.47,Won,2026-01-28,Home Services Marketplace
8016,520,5,2026-01-28,208.79,Won,2026-01-28,Organic
8017,1354,5,2026-01-28,222.88,Won,2026-01-28,Referral
8018,924,4,2026-01-17,5827.53,Won,2026-01-28,Google
8019,1426,2,2026-01-21,510.19,Won,2026-01-29,Referral
8020,467,6,2026-01-19,1393.88,Won,2026-01-29,Organic
8021,138,1,2026-01-27,443.46,Lost,,Google
8022,686,3,2026-01-24,10709.05,Won,2026-01-29,Home Services Marketplace
8023,477,5,2026-01-18,163.33,Won,2026-01-29,Direct Mail
8024,1007,5,2026-01-17,306.57,Won,2026-01-29,Referral
8025,941,6,2026-01-25,1327.92,Lost,,Referral
8026,615,1,2026-01-22,1123.4,Open,,Referral
8027,1021,1,2026-01-17,603.43,Won,2026-01-29,Referral
8028,1096,6,2026-01-26,1074.0,Won,2026-01-29,Direct Mail
8029,1226,4,2026-01-26,2886.67,Won,2026-01-29,Referral
8030,1279,1,2026-01-18,620.94,Won,2026-01-29,Google
8031,463,1,2026-01-17,480.6,Won,2026-01-29,Organic
8032,532,5,2026-01-27,287.88,Won,2026-01-29,Direct Mail
8033,249,5,2026-01-27,110.84,Lost,,Home Services Marketplace
8034,1006,1,2026-01-24,424.71,Open,,Direct Mail
8035,795,4,2026-01-27,2112.21,Open,,Referral
8036,684,1,2026-01-29,263.46,Won,2026-01-29,Direct Mail
8037,238,4,2026-01-22,2692.44,Open,,Referral
8038,647,1,2026-01-24,437.21,Won,2026-01-29,Home Services Marketplace
8039,387,1,2026-01-17,640.73,Won,2026-01-29,Referral
8040,1184,1,2026-01-23,382.44,Open,,Google
8041,735,5,2026-01-24,268.7,Won,2026-01-29,Home Services Marketplace
8042,234,6,2026-01-24,2929.28,Won,2026-01-29,Organic
8043,32,5,2026-01-18,129.6,Won,2026-01-29,Home Services Marketplace
8044,1350,1,2026-01-24,485.46,Open,,Home Services Marketplace
8045,1066,1,2026-01-22,437.68,Lost,,Referral
8046,949,1,2026-01-23,463.94,Lost,,Direct Mail
8047,672,5,2026-01-20,183.43,Lost,,Google
8048,1406,1,2026-01-29,500.26,Open,,Google
8049,893,2,2026-01-21,892.51,Won,2026-01-30,Referral
8050,835,5,2026-01-28,157.1,Lost,,Google
8051,875,4,2026-01-26,2081.54,Lost,,Organic
8052,1085,1,2026-01-26,469.72,Lost,,Organic
8053,1352,1,2026-01-18,557.47,Open,,Direct Mail
8054,763,4,2026-01-29,3809.15,Open,,Google
8055,1429,3,2026-01-27,17805.49,Won,2026-01-30,Home Services Marketplace
8056,933,3,2026-01-29,9066.69,Won,2026-01-30,Google
8057,109,4,2026-01-19,4019.51,Open,,Referral
8058,666,5,2026-01-20,444.28,Won,2026-01-30,Google
8059,500,5,2026-01-26,327.42,Open,,Direct Mail
8060,340,5,2026-01-21,150.03,Won,2026-01-30,Google
8061,658,2,2026-01-18,366.59,Won,2026-01-30,Organic
8062,533,1,2026-01-29,449.73,Won,2026-01-30,Referral
8063,1266,3,2026-01-24,7867.86,Lost,,Google
8064,675,5,2026-01-26,158.72,Won,2026-01-30,Organic
8065,4,6,2026-01-24,781.08,Won,2026-01-30,Google
8066,617,5,2026-01-18,210.79,Lost,,Google
8067,688,1,2026-01-29,534.3,Won,2026-01-30,Referral
8068,80,1,2026-01-20,859.44,Open,,Organic
8069,1235,1,2026-01-29,408.44,Open,,Referral
8070,1085,5,2026-01-26,182.93,Won,2026-01-30,Organic
8071,1305,5,2026-01-30,366.16,Open,,Organic
8072,624,1,2026-01-26,1093.29,Won,2026-01-30,Google
8073,692,1,2026-01-24,694.5,Lost,,Organic
8074,1337,7,2026-01-18,1465.62,Won,2026-01-30,Referral
8075,1185,6,2026-01-28,1132.56,Won,2026-01-30,Google
8076,10,4,2026-01-29,5897.75,Won,2026-01-30,Google
8077,1133,6,2026-01-27,1260.07,Won,2026-01-30,Direct Mail
8078,611,1,2026-01-28,472.97,Won,2026-01-30,Referral
8079,1448,5,2026-01-30,187.7,Won,2026-01-30,Organic
8080,311,5,2026-01-27,182.16,Won,2026-01-30,Referral
8081,1031,1,2026-01-25,582.71,Won,2026-01-30,Google
8082,962,6,2026-01-30,956.02,Won,2026-01-31,Direct Mail
8083,727,6,2026-01-31,894.32,Won,2026-01-31,Organic
8084,1044,5,2026-01-26,204.31,Won,2026-01-31,Organic
8085,1253,5,2026-01-29,248.81,Won,2026-01-31,Referral
8086,271,1,2026-01-26,635.74,Won,2026-01-31,Google
8087,1125,1,2026-01-27,519.55,Won,2026-01-31,Google
8088,1374,1,2026-01-30,463.23,Won,2026-01-31,Home Services Marketplace
8089,1217,5,2026-01-19,225.0,Lost,,Google
8090,60,1,2026-01-19,461.72,Won,2026-01-31,Direct Mail
8091,844,5,2026-01-21,202.86,Won,2026-01-31,Direct Mail
8092,341,6,2026-01-29,916.79,Won,2026-01-31,Organic
8093,18,4,2026-01-29,2660.13,Won,2026-01-31,Home Services Marketplace
8094,1284,7,2026-01-21,939.2,Won,2026-01-31,Google
8095,761,1,2026-01-26,566.26,Won,2026-01-31,Google
8096,647,5,2026-02-01,196.92,Open,,Home Services Marketplace
8097,19,1,2026-01-31,449.7,Won,2026-02-01,Referral
8098,323,7,2026-01-22,1237.46,Lost,,Referral
8099,157,2,2026-01-25,518.55,Won,2026-02-01,Referral
8100,611,5,2026-01-24,178.01,Won,2026-02-01,Referral
8101,45,5,2026-01-29,191.95,Lost,,Direct Mail
8102,11,1,2026-01-27,421.25,Won,2026-02-01,Referral
8103,1272,1,2026-01-24,604.2,Won,2026-02-01,Referral
8104,704,5,2026-01-25,182.28,Won,2026-02-01,Organic
8105,1275,5,2026-01-26,163.96,Won,2026-02-01,Google
8106,576,3,2026-01-29,7839.28,Open,,Direct Mail
8107,666,5,2026-01-23,378.54,Lost,,Google
8108,1435,1,2026-02-01,550.63,Lost,,Referral
8109,236,1,2026-02-01,410.78,Won,2026-02-01,Direct Mail
8110,405,2,2026-01-21,811.79,Won,2026-02-01,Referral
8111,403,1,2026-02-01,478.81,Won,2026-02-01,Direct Mail
8112,446,6,2026-01-25,934.25,Won,2026-02-01,Google
8113,815,1,2026-01-20,430.28,Won,2026-02-01,Organic
8114,181,4,2026-01-31,2316.27,Lost,,Organic
8115,765,2,2026-02-01,431.99,Won,2026-02-01,Google
8116,1365,5,2026-01-27,199.47,Won,2026-02-02,Referral
8117,474,5,2026-02-02,244.75,Won,2026-02-02,Google
8118,1155,6,2026-01-23,1497.65,Open,,Google
8119,872,6,2026-01-22,1390.24,Won,2026-02-02,Organic
8120,514,1,2026-01-30,402.73,Won,2026-02-02,Google
8121,267,5,2026-01-21,155.76,Won,2026-02-02,Google
8122,802,5,2026-01-31,185.75,Lost,,Organic
8123,1101,2,2026-01-26,790.76,Won,2026-02-02,Home Services Marketplace
8124,385,1,2026-01-29,472.39,Won,2026-02-02,Google
8125,276,2,2026-01-24,510.6,Won,2026-02-02,Google
8126,1441,1,2026-01-21,1154.54,Won,2026-02-02,Google
8127,726,1,2026-01-24,688.45,Won,2026-02-02,Referral
8128,607,1,2026-01-31,326.24,Won,2026-02-02,Google
8129,95,5,2026-01-23,231.69,Won,2026-02-02,Organic
8130,1115,5,2026-01-21,190.99,Won,2026-02-02,Referral
8131,297,2,2026-01-31,498.18,Lost,,Home Services Marketplace
8132,874,1,2026-01-23,1079.13,Open,,Referral
8133,190,1,2026-01-24,672.93,Won,2026-02-02,Referral
8134,940,1,2026-01-29,291.52,Won,2026-02-02,Google
8135,1407,1,2026-01-28,497.77,Won,2026-02-02,Referral
8136,388,4,2026-01-30,2492.09,Won,2026-02-02,Google
8137,811,2,2026-01-26,421.01,Won,2026-02-02,Organic
8138,729,3,2026-01-24,9068.72,Won,2026-02-02,Referral
8139,180,6,2026-01-24,1092.69,Won,2026-02-02,Direct Mail
8140,836,5,2026-02-02,159.31,Won,2026-02-03,Google
8141,1411,4,2026-02-03,3431.79,Won,2026-02-03,Google
8142,35,2,2026-01-23,560.61,Won,2026-02-03,Direct Mail
8143,1388,1,2026-01-28,550.53,Won,2026-02-03,Google
8144,1352,4,2026-01-25,3242.6,Open,,Direct Mail
8145,1262,1,2026-01-27,795.87,Won,2026-02-03,Google
8146,1128,5,2026-01-24,236.55,Won,2026-02-03,Referral
8147,1194,4,2026-02-02,2433.14,Open,,Referral
8148,495,7,2026-01-23,788.22,Won,2026-02-03,Direct Mail
8149,401,2,2026-01-28,428.04,Won,2026-02-03,Referral
8150,109,2,2026-01-25,462.32,Won,2026-02-03,Referral
8151,949,5,2026-01-24,177.94,Lost,,Direct Mail
8152,448,5,2026-01-31,182.43,Lost,,Google
8153,1287,5,2026-01-30,180.67,Won,2026-02-03,Google
8154,843,4,2026-01-25,1878.72,Open,,Referral
8155,929,1,2026-01-30,530.74,Won,2026-02-03,Referral
8156,583,5,2026-02-03,174.36,Won,2026-02-03,Google
8157,1424,3,2026-01-31,10651.69,Won,2026-02-03,Referral
8158,100,1,2026-01-25,512.39,Won,2026-02-03,Direct Mail
8159,1027,1,2026-01-22,556.81,Won,2026-02-03,Google
8160,186,7,2026-02-01,862.43,Won,2026-02-03,Google
8161,576,1,2026-01-29,541.66,Won,2026-02-03,Direct Mail
8162,1378,1,2026-01-22,439.59,Won,2026-02-03,Home Services Marketplace
8163,977,2,2026-02-01,582.27,Won,2026-02-03,Direct Mail
8164,1176,2,2026-01-30,818.08,Open,,Referral
8165,837,3,2026-01-23,12466.82,Won,2026-02-03,Home Services Marketplace
8166,354,2,2026-01-29,740.14,Lost,,Referral
8167,1392,1,2026-02-02,531.08,Won,2026-02-03,Organic
8168,468,1,2026-01-28,565.32,Won,2026-02-04,Referral
8169,846,6,2026-01-23,1138.81,Won,2026-02-04,Direct Mail
8170,454,6,2026-02-04,958.86,Lost,,Referral
8171,1417,1,2026-01-28,432.55,Open,,Organic
8172,1375,6,2026-02-01,1047.17,Won,2026-02-04,Direct Mail
8173,325,2,2026-01-25,589.54,Won,2026-02-04,Referral
8174,523,2,2026-02-03,1020.61,Won,2026-02-04,Referral
8175,954,1,2026-02-01,494.46,Won,2026-02-04,Google
8176,31,1,2026-01-26,530.29,Won,2026-02-04,Direct Mail
8177,343,3,2026-02-04,10813.91,Lost,,Google
8178,1175,1,2026-01-31,523.49,Won,2026-02-04,Referral
8179,1447,4,2026-01-26,4441.01,Won,2026-02-04,Google
8180,682,2,2026-01-28,529.88,Won,2026-02-04,Referral
8181,189,5,2026-01-31,205.76,Lost,,Organic
8182,1272,2,2026-01-27,844.22,Lost,,Referral
8183,341,2,2026-02-03,713.79,Won,2026-02-04,Organic
8184,1271,1,2026-02-02,621.6,Won,2026-02-04,Referral
8185,1208,5,2026-01-28,203.46,Won,2026-02-04,Google
8186,217,3,2026-01-30,8876.28,Lost,,Home Services Marketplace
8187,372,2,2026-01-25,951.8,Won,2026-02-04,Home Services Marketplace
8188,1232,1,2026-01-26,468.7,Won,2026-02-04,Home Services Marketplace
8189,1039,5,2026-02-02,221.25,Lost,,Home Services Marketplace
8190,786,1,2026-01-26,365.79,Won,2026-02-04,Google
8191,1332,5,2026-02-02,156.17,Won,2026-02-04,Organic
8192,1391,1,2026-02-03,440.29,Lost,,Google
8193,661,1,2026-01-24,531.56,Won,2026-02-05,Google
8194,1222,1,2026-02-04,431.7,Open,,Referral
8195,1314,6,2026-02-02,1311.82,Won,2026-02-05,Referral
8196,1160,2,2026-01-28,763.41,Won,2026-02-05,Google
8197,519,3,2026-01-24,9410.98,Won,2026-02-05,Direct Mail
8198,561,6,2026-01-28,1252.35,Won,2026-02-05,Google
8199,998,5,2026-02-04,178.49,Won,2026-02-05,Organic
8200,916,2,2026-01-28,422.46,Won,2026-02-05,Direct Mail
8201,533,6,2026-01-29,1307.04,Won,2026-02-05,Referral
8202,694,2,2026-01-28,608.5,Lost,,Google
8203,1252,2,2026-01-26,878.05,Won,2026-02-05,Organic
8204,1102,4,2026-01-28,2512.3,Open,,Direct Mail
8205,1254,2,2026-02-01,397.44,Won,2026-02-05,Home Services Marketplace
8206,917,2,2026-02-03,592.37,Lost,,Google
8207,933,6,2026-01-25,711.11,Won,2026-02-05,Google
8208,1209,1,2026-02-05,557.11,Won,2026-02-05,Direct Mail
8209,869,5,2026-02-02,189.99,Lost,,Google
8210,557,5,2026-01-27,211.13,Won,2026-02-05,Home Services Marketplace
8211,1327,1,2026-01-29,408.15,Won,2026-02-05,Google
8212,503,2,2026-02-04,586.1,Won,2026-02-05,Direct Mail
8213,790,1,2026-01-31,464.62,Won,2026-02-05,Referral
8214,1002,4,2026-02-02,1406.61,Won,2026-02-05,Google
8215,315,5,2026-01-26,184.75,Won,2026-02-05,Google
8216,1056,5,2026-01-25,136.57,Won,2026-02-05,Organic
8217,962,3,2026-01-28,9403.24,Lost,,Direct Mail
8218,1378,1,2026-01-26,508.85,Won,2026-02-05,Home Services Marketplace
8219,723,5,2026-01-29,186.85,Won,2026-02-06,Direct Mail
8220,779,5,2026-02-05,366.65,Won,2026-02-06,Home Services Marketplace
8221,78,2,2026-01-28,977.7,Won,2026-02-06,Google
8222,11,1,2026-01-30,535.71,Won,2026-02-06,Referral
8223,797,2,2026-01-26,485.48,Won,2026-02-06,Direct Mail
8224,324,1,2026-02-01,623.39,Lost,,Referral
8225,306,3,2026-01-27,9584.6,Open,,Organic
8226,265,3,2026-01-29,8709.77,Lost,,Home Services Marketplace
8227,977,3,2026-01-30,8379.31,Won,2026-02-06,Direct Mail
8228,37,5,2026-01-28,180.18,Won,2026-02-06,Google
8229,503,5,2026-02-01,206.11,Won,2026-02-06,Direct Mail
8230,1159,2,2026-01-27,629.6,Won,2026-02-06,Referral
8231,934,1,2026-02-05,510.72,Won,2026-02-06,Home Services Marketplace
8232,398,1,2026-02-06,491.63,Won,2026-02-06,Direct Mail
8233,602,5,2026-01-31,186.65,Won,2026-02-06,Organic
8234,693,7,2026-02-05,1063.1,Won,2026-02-06,Referral
8235,964,5,2026-02-06,154.44,Open,,Home Services Marketplace
8236,1176,1,2026-01-30,564.6,Won,2026-02-06,Referral
8237,628,3,2026-01-30,8180.75,Open,,Referral
8238,1417,3,2026-02-03,12202.14,Lost,,Organic
8239,1122,1,2026-01-31,449.74,Lost,,Referral
8240,302,2,2026-02-06,470.93,Lost,,Referral
8241,1048,5,2026-01-30,282.7,Won,2026-02-06,Referral
8242,834,1,2026-01-25,457.17,Won,2026-02-06,Google
8243,1391,7,2026-02-01,934.86,Open,,Google
8244,694,3,2026-02-06,9887.66,Won,2026-02-06,Google
8245,695,1,2026-01-27,439.78,Open,,Google
8246,43,1,2026-02-06,454.34,Won,2026-02-06,Google
8247,320,5,2026-02-01,261.28,Won,2026-02-06,Referral
8248,310,1,2026-02-02,387.27,Won,2026-02-07,Google
8249,186,4,2026-02-06,2598.53,Lost,,Google
8250,551,2,2026-01-28,631.13,Won,2026-02-07,Organic
8251,1405,5,2026-02-02,174.69,Won,2026-02-07,Google
8252,318,5,2026-01-29,215.03,Won,2026-02-07,Google
8253,863,2,2026-02-01,713.03,Won,2026-02-07,Google
8254,857,5,2026-02-06,220.56,Won,2026-02-07,Organic
8255,1410,4,2026-02-05,2618.04,Won,2026-02-07,Referral
8256,419,3,2026-02-01,19214.41,Lost,,Google
8257,1401,1,2026-01-27,373.42,Won,2026-02-07,Direct Mail
8258,915,1,2026-02-01,512.52,Won,2026-02-07,Referral
8259,831,1,2026-02-01,615.69,Lost,,Referral
8260,159,4,2026-01-28,2969.43,Won,2026-02-07,Google
8261,629,1,2026-02-04,374.64,Open,,Home Services Marketplace
8262,879,6,2026-01-30,1220.4,Won,2026-02-07,Organic
8263,837,5,2026-01-29,146.86,Won,2026-02-08,Home Services Marketplace
8264,1444,6,2026-02-08,1262.48,Open,,Referral
8265,600,5,2026-02-01,209.22,Lost,,Organic
8266,1415,2,2026-01-29,645.68,Won,2026-02-08,Organic
8267,791,1,2026-01-27,431.07,Won,2026-02-08,Google
8268,1132,1,2026-02-08,433.31,Won,2026-02-08,Referral
8269,119,1,2026-01-27,607.7,Open,,Referral
8270,448,1,2026-02-07,340.72,Won,2026-02-08,Google
8271,1229,1,2026-01-31,493.09,Open,,Google
8272,788,2,2026-02-04,456.14,Won,2026-02-08,Direct Mail
8273,1300,2,2026-02-08,582.78,Won,2026-02-08,Google
8274,1105,2,2026-02-07,555.7,Won,2026-02-08,Google
8275,38,2,2026-02-07,450.83,Won,2026-02-09,Referral
8276,1058,4,2026-01-31,2730.32,Won,2026-02-09,Organic
8277,1172,5,2026-02-05,196.58,Won,2026-02-09,Referral
8278,980,5,2026-02-09,368.75,Won,2026-02-09,Organic
8279,511,1,2026-02-02,443.33,Won,2026-02-09,Google
8280,1273,4,2026-02-05,3419.36,Open,,Home Services Marketplace
8281,801,1,2026-02-04,506.93,Won,2026-02-09,Google
8282,1406,1,2026-01-31,613.69,Won,2026-02-09,Google
8283,717,1,2026-02-09,397.66,Won,2026-02-09,Home Services Marketplace
8284,1254,5,2026-02-02,201.4,Won,2026-02-09,Home Services Marketplace
8285,420,4,2026-02-02,2582.54,Won,2026-02-09,Home Services Marketplace
8286,1051,4,2026-02-03,2326.01,Won,2026-02-09,Organic
8287,858,6,2026-02-09,1289.69,Won,2026-02-09,Organic
8288,1210,1,2026-02-07,380.83,Won,2026-02-09,Google
8289,165,5,2026-02-09,183.21,Open,,Home Services Marketplace
8290,946,4,2026-02-01,2721.17,Won,2026-02-09,Google
8291,495,2,2026-02-09,490.6,Lost,,Direct Mail
8292,236,2,2026-02-09,524.58,Won,2026-02-09,Direct Mail
8293,710,1,2026-02-01,504.33,Open,,Google
8294,1205,4,2026-02-01,2414.02,Lost,,Referral
8295,1219,5,2026-02-04,190.89,Won,2026-02-09,Referral
8296,1121,2,2026-02-06,527.61,Won,2026-02-09,Google
8297,342,5,2026-01-30,192.95,Open,,Home Services Marketplace
8298,45,6,2026-02-05,880.24,Open,,Direct Mail
8299,1189,5,2026-01-31,356.24,Won,2026-02-10,Referral
8300,522,3,2026-02-09,9072.82,Open,,Google
8301,965,5,2026-02-08,201.52,Lost,,Referral
8302,1216,1,2026-02-09,454.92,Open,,Referral
8303,514,5,2026-01-29,159.42,Won,2026-02-10,Google
8304,281,5,2026-02-05,135.19,Won,2026-02-10,Organic
8305,1197,2,2026-02-10,418.25,Won,2026-02-10,Organic
8306,1258,4,2026-02-04,2858.52,Open,,Google
8307,1354,1,2026-02-04,485.77,Won,2026-02-10,Referral
8308,609,6,2026-02-01,852.21,Won,2026-02-10,Direct Mail
8309,935,7,2026-02-02,1678.08,Won,2026-02-10,Home Services Marketplace
8310,1216,1,2026-02-09,399.62,Won,2026-02-10,Referral
8311,1356,3,2026-01-29,12511.31,Won,2026-02-10,Referral
8312,1078,7,2026-02-06,1122.28,Won,2026-02-10,Home Services Marketplace
8313,1244,3,2026-02-04,7685.71,Won,2026-02-10,Organic
8314,1122,4,2026-02-02,1513.05,Lost,,Referral
8315,311,1,2026-01-29,407.08,Won,2026-02-10,Referral
8316,213,1,2026-02-10,820.79,Open,,Direct Mail
8317,1360,2,2026-02-03,541.61,Won,2026-02-10,Organic
8318,157,1,2026-02-01,564.14,Won,2026-02-10,Referral
8319,943,5,2026-01-30,181.45,Won,2026-02-10,Referral
8320,533,3,2026-01-29,9119.04,Won,2026-02-10,Referral
8321,1364,4,2026-02-01,2290.48,Open,,Referral
8322,957,4,2026-02-06,2186.5,Won,2026-02-11,Referral
8323,1147,6,2026-02-07,1401.36,Open,,Referral
8324,673,5,2026-02-04,124.27,Lost,,Referral
8325,24,5,2026-02-06,255.28,Won,2026-02-11,Referral
8326,130,6,2026-02-02,2415.17,Won,2026-02-11,Home Services Marketplace
8327,1260,1,2026-02-08,500.26,Won,2026-02-11,Referral
8328,359,2,2026-02-11,599.62,Won,2026-02-11,Google
8329,1121,7,2026-02-01,1122.53,Won,2026-02-11,Google
8330,466,5,2026-02-03,231.15,Won,2026-02-11,Google
8331,678,1,2026-02-04,476.73,Won,2026-02-11,Organic
8332,439,3,2026-02-04,16185.53,Open,,Home Services Marketplace
8333,346,5,2026-02-06,172.63,Won,2026-02-11,Referral
8334,79,4,2026-02-02,2301.3,Lost,,Google
8335,249,1,2026-02-06,528.65,Won,2026-02-11,Home Services Marketplace
8336,773,2,2026-02-09,651.98,Won,2026-02-11,Google
8337,1028,5,2026-02-10,170.48,Lost,,Home Services Marketplace
8338,535,5,2026-02-09,216.95,Won,2026-02-11,Home Services Marketplace
8339,208,5,2026-02-05,162.63,Won,2026-02-11,Referral
8340,2,1,2026-02-06,501.6,Won,2026-02-11,Home Services Marketplace
8341,1258,5,2026-01-30,149.09,Won,2026-02-11,Google
8342,616,6,2026-02-06,1255.51,Won,2026-02-11,Google
8343,851,4,2026-02-09,2672.35,Lost,,Referral
8344,1265,1,2026-01-30,568.61,Won,2026-02-11,Google
8345,431,5,2026-02-10,214.05,Won,2026-02-12,Organic
8346,975,5,2026-02-03,204.06,Won,2026-02-12,Referral
8347,591,4,2026-02-09,2271.03,Open,,Organic
8348,906,6,2026-02-07,1087.46,Won,2026-02-12,Google
8349,1091,6,2026-02-04,1154.16,Lost,,Home Services Marketplace
8350,714,7,2026-02-08,1160.28,Won,2026-02-12,Direct Mail
8351,1107,7,2026-02-09,922.78,Won,2026-02-12,Home Services Marketplace
8352,640,5,2026-02-08,199.09,Won,2026-02-12,Organic
8353,1109,3,2026-02-09,8442.6,Won,2026-02-12,Referral
8354,1310,5,2026-02-02,224.54,Won,2026-02-12,Organic
8355,703,7,2026-02-01,1057.58,Won,2026-02-12,Organic
8356,590,6,2026-02-03,1101.7,Won,2026-02-12,Google
8357,24,3,2026-02-03,10566.66,Won,2026-02-12,Referral
8358,1386,5,2026-02-01,180.79,Won,2026-02-12,Google
8359,1314,5,2026-02-10,231.51,Won,2026-02-12,Referral
8360,1087,7,2026-02-01,1579.91,Won,2026-02-12,Direct Mail
8361,24,6,2026-02-04,706.53,Won,2026-02-12,Referral
8362,588,6,2026-01-31,1184.21,Won,2026-02-12,Organic
8363,421,2,2026-02-06,545.63,Lost,,Direct Mail
8364,692,1,2026-02-09,714.36,Won,2026-02-12,Organic
8365,225,1,2026-02-03,388.46,Open,,Home Services Marketplace
8366,1329,3,2026-02-10,9782.53,Won,2026-02-12,Direct Mail
8367,312,5,2026-02-06,161.6,Won,2026-02-12,Direct Mail
8368,398,1,2026-02-02,398.59,Open,,Direct Mail
8369,1347,7,2026-02-01,1014.09,Won,2026-02-12,Referral
8370,1363,2,2026-02-12,400.33,Won,2026-02-12,Home Services Marketplace
8371,860,6,2026-02-09,756.28,Won,2026-02-12,Referral
8372,1147,3,2026-02-10,11315.45,Won,2026-02-12,Referral
8373,1433,1,2026-02-11,397.46,Lost,,Google
8374,1333,1,2026-02-09,440.41,Lost,,Direct Mail
8375,1142,2,2026-02-05,645.08,Won,2026-02-12,Google
8376,826,2,2026-02-08,828.22,Won,2026-02-12,Google
8377,1245,5,2026-02-05,291.96,Won,2026-02-13,Referral
8378,736,5,2026-02-02,153.69,Won,2026-02-13,Organic
8379,1377,1,2026-02-04,539.84,Won,2026-02-13,Direct Mail
8380,188,1,2026-02-05,510.48,Won,2026-02-13,Google
8381,176,4,2026-02-09,1754.05,Open,,Google
8382,437,4,2026-02-11,2787.55,Won,2026-02-13,Referral
8383,83,1,2026-02-02,444.66,Lost,,Referral
8384,1355,6,2026-02-03,1207.73,Won,2026-02-13,Organic
8385,432,3,2026-02-10,15131.69,Won,2026-02-13,Referral
8386,513,3,2026-02-05,9204.0,Won,2026-02-13,Google
8387,835,5,2026-02-03,215.4,Won,2026-02-13,Google
8388,1217,1,2026-02-04,440.57,Won,2026-02-13,Google
8389,681,1,2026-02-10,503.76,Won,2026-02-13,Referral
8390,360,5,2026-02-02,166.59,Won,2026-02-13,Home Services Marketplace
8391,382,4,2026-02-12,2291.79,Won,2026-02-13,Referral
8392,428,3,2026-02-01,10422.94,Open,,Organic
8393,421,5,2026-02-10,264.47,Open,,Direct Mail
8394,54,4,2026-02-13,2186.79,Won,2026-02-13,Google
8395,133,7,2026-02-06,938.46,Open,,Referral
8396,950,5,2026-02-09,332.4,Won,2026-02-13,Home Services Marketplace
8397,1137,1,2026-02-06,467.48,Won,2026-02-13,Google
8398,1422,1,2026-02-04,584.9,Open,,Organic
8399,877,1,2026-02-12,540.86,Won,2026-02-13,Home Services Marketplace
8400,853,1,2026-02-13,617.43,Won,2026-02-13,Google
8401,1325,6,2026-02-04,1284.99,Won,2026-02-13,Google
8402,300,1,2026-02-05,516.27,Won,2026-02-13,Direct Mail
8403,1051,4,2026-02-09,2235.95,Won,2026-02-13,Organic
8404,1349,1,2026-02-08,381.25,Open,,Organic
8405,632,1,2026-02-12,436.41,Lost,,Referral
8406,916,1,2026-02-06,452.36,Won,2026-02-13,Direct Mail
8407,1031,1,2026-02-05,688.02,Won,2026-02-13,Google
8408,565,6,2026-02-11,1527.25,Won,2026-02-13,Referral
8409,1259,5,2026-02-12,210.07,Won,2026-02-14,Organic
8410,1103,4,2026-02-06,2796.35,Open,,Google
8411,1093,5,2026-02-11,432.26,Open,,Organic
8412,851,1,2026-02-07,547.14,Open,,Referral
8413,1446,4,2026-02-11,2368.64,Open,,Home Services Marketplace
8414,133,1,2026-02-03,453.86,Won,2026-02-14,Referral
8415,575,5,2026-02-07,159.55,Open,,Referral
8416,1369,5,2026-02-10,173.92,Won,2026-02-14,Organic
8417,41,1,2026-02-06,434.5,Won,2026-02-14,Google
8418,946,4,2026-02-05,2409.81,Won,2026-02-14,Google
8419,301,2,2026-02-12,956.59,Won,2026-02-14,Direct Mail
8420,1080,1,2026-02-04,466.4,Won,2026-02-14,Google
8421,714,1,2026-02-08,600.92,Won,2026-02-14,Direct Mail
8422,50,4,2026-02-10,2583.7,Lost,,Organic
8423,675,1,2026-02-05,415.2,Won,2026-02-14,Organic
8424,605,3,2026-02-06,18442.17,Won,2026-02-14,Google
8425,447,1,2026-02-07,493.57,Won,2026-02-14,Direct Mail
8426,10,2,2026-02-06,834.55,Won,2026-02-14,Google
8427,38,1,2026-02-12,399.89,Won,2026-02-15,Referral
8428,63,2,2026-02-05,349.99,Won,2026-02-15,Google
8429,1147,2,2026-02-05,537.65,Lost,,Referral
8430,1344,7,2026-02-15,1102.24,Won,2026-02-15,Home Services Marketplace
8431,887,2,2026-02-09,863.3,Won,2026-02-15,Google
8432,619,5,2026-02-14,177.79,Won,2026-02-15,Organic
8433,582,5,2026-02-03,198.53,Won,2026-02-15,Google
8434,553,2,2026-02-08,621.13,Won,2026-02-15,Referral
8435,669,4,2026-02-03,3164.7,Won,2026-02-15,Home Services Marketplace
8436,1407,1,2026-02-06,558.53,Won,2026-02-15,Referral
8437,298,3,2026-02-04,13341.92,Won,2026-02-15,Referral
8438,923,4,2026-02-15,1427.27,Won,2026-02-15,Referral
8439,1219,5,2026-02-06,156.25,Lost,,Referral
8440,1328,1,2026-02-07,371.41,Won,2026-02-15,Direct Mail
8441,871,2,2026-02-09,820.36,Won,2026-02-15,Google
8442,570,5,2026-02-11,237.91,Won,2026-02-16,Organic
8443,918,1,2026-02-13,885.13,Won,2026-02-16,Direct Mail
8444,1342,1,2026-02-15,463.75,Won,2026-02-16,Direct Mail
8445,1409,2,2026-02-07,441.92,Won,2026-02-16,Referral
8446,845,7,2026-02-07,1623.71,Won,2026-02-16,Home Services Marketplace
8447,206,2,2026-02-04,602.12,Won,2026-02-16,Home Services Marketplace
8448,167,1,2026-02-14,684.6,Won,2026-02-16,Referral
8449,883,7,2026-02-14,1237.74,Open,,Organic
8450,1259,4,2026-02-15,2390.02,Won,2026-02-16,Organic
8451,1253,1,2026-02-15,421.55,Won,2026-02-16,Referral
8452,722,1,2026-02-11,524.01,Won,2026-02-16,Referral
8453,391,5,2026-02-15,209.51,Lost,,Home Services Marketplace
8454,1080,2,2026-02-13,582.5,Lost,,Google
8455,672,7,2026-02-14,778.75,Won,2026-02-16,Google
8456,762,1,2026-02-05,512.0,Won,2026-02-16,Google
8457,805,6,2026-02-14,1527.29,Won,2026-02-17,Referral
8458,1375,7,2026-02-16,1047.73,Won,2026-02-17,Direct Mail
8459,322,1,2026-02-12,559.11,Won,2026-02-17,Google
8460,670,5,2026-02-06,178.96,Won,2026-02-17,Referral
8461,908,7,2026-02-06,965.14,Won,2026-02-17,Organic
8462,1420,5,2026-02-06,165.75,Won,2026-02-17,Referral
8463,769,1,2026-02-15,534.69,Won,2026-02-17,Google
8464,1207,5,2026-02-17,213.44,Won,2026-02-17,Organic
8465,722,1,2026-02-08,508.14,Open,,Referral
8466,1152,1,2026-02-11,848.76,Won,2026-02-17,Referral
8467,30,1,2026-02-11,446.41,Won,2026-02-17,Referral
8468,586,5,2026-02-11,183.64,Won,2026-02-17,Google
8469,1222,6,2026-02-09,1316.14,Won,2026-02-17,Referral
8470,316,2,2026-02-07,400.17,Won,2026-02-17,Google
8471,221,7,2026-02-16,1091.98,Won,2026-02-17,Google
8472,1135,1,2026-02-09,451.12,Won,2026-02-17,Organic
8473,208,1,2026-02-05,429.96,Won,2026-02-17,Referral
8474,820,4,2026-02-15,2135.92,Won,2026-02-17,Direct Mail
8475,593,1,2026-02-11,456.92,Won,2026-02-17,Home Services Marketplace
8476,1204,2,2026-02-16,528.62,Lost,,Organic
8477,1237,6,2026-02-13,1333.46,Won,2026-02-17,Direct Mail
8478,942,2,2026-02-07,675.27,Won,2026-02-17,Google
8479,52,7,2026-02-09,860.74,Won,2026-02-17,Google
8480,553,5,2026-02-11,259.42,Won,2026-02-17,Referral
8481,1069,3,2026-02-16,9473.75,Open,,Organic
8482,1274,1,2026-02-05,669.04,Lost,,Direct Mail
8483,214,2,2026-02-17,660.49,Won,2026-02-18,Google
8484,81,5,2026-02-06,158.99,Won,2026-02-18,Google
8485,586,6,2026-02-17,917.35,Won,2026-02-18,Google
8486,183,5,2026-02-06,239.65,Won,2026-02-18,Home Services Marketplace
8487,1070,1,2026-02-14,365.47,Won,2026-02-18,Organic
8488,243,5,2026-02-13,162.98,Won,2026-02-18,Direct Mail
8489,952,2,2026-02-09,627.51,Lost,,Organic
8490,49,3,2026-02-08,6585.83,Won,2026-02-18,Referral
8491,1418,5,2026-02-16,281.63,Lost,,Home Services Marketplace
8492,747,5,2026-02-07,200.8,Won,2026-02-18,Referral
8493,1384,1,2026-02-12,293.29,Won,2026-02-18,Referral
8494,370,1,2026-02-15,440.89,Won,2026-02-18,Home Services Marketplace
8495,1015,3,2026-02-08,11032.19,Won,2026-02-18,Google
8496,538,5,2026-02-14,185.34,Won,2026-02-18,Referral
8497,438,5,2026-02-13,296.79,Lost,,Google
8498,77,5,2026-02-09,186.79,Won,2026-02-18,Referral
8499,1399,3,2026-02-06,8817.76,Won,2026-02-18,Organic
8500,319,4,2026-02-08,3824.62,Lost,,Google
8501,840,1,2026-02-14,522.02,Won,2026-02-18,Organic
8502,1211,2,2026-02-14,421.18,Won,2026-02-18,Home Services Marketplace
8503,1156,2,2026-02-09,464.39,Lost,,Referral
8504,939,5,2026-02-09,176.44,Won,2026-02-18,Organic
8505,16,5,2026-02-13,234.82,Lost,,Google
8506,1174,6,2026-02-19,2314.68,Won,2026-02-19,Organic
8507,675,5,2026-02-09,260.31,Open,,Organic
8508,1305,4,2026-02-17,2180.09,Lost,,Organic
8509,1004,5,2026-02-11,173.64,Won,2026-02-19,Referral
8510,1420,4,2026-02-07,2894.61,Won,2026-02-19,Referral
8511,1072,5,2026-02-09,279.25,Won,2026-02-19,Referral
8512,1247,4,2026-02-16,4297.25,Won,2026-02-19,Home Services Marketplace
8513,631,2,2026-02-17,406.05,Won,2026-02-19,Organic
8514,633,3,2026-02-10,12199.46,Won,2026-02-19,Referral
8515,657,4,2026-02-17,2610.1,Won,2026-02-19,Referral
8516,81,5,2026-02-16,169.63,Won,2026-02-19,Google
8517,1281,5,2026-02-10,214.2,Won,2026-02-19,Referral
8518,507,2,2026-02-10,489.74,Won,2026-02-19,Organic
8519,1337,4,2026-02-09,2686.09,Won,2026-02-19,Referral
8520,628,7,2026-02-10,1288.94,Won,2026-02-19,Referral
8521,320,5,2026-02-10,155.08,Won,2026-02-19,Referral
8522,1201,1,2026-02-19,483.66,Won,2026-02-19,Home Services Marketplace
8523,499,1,2026-02-07,547.24,Won,2026-02-19,Direct Mail
8524,1065,1,2026-02-11,407.07,Won,2026-02-20,Home Services Marketplace
8525,921,4,2026-02-16,3161.92,Lost,,Referral
8526,1135,1,2026-02-16,465.16,Won,2026-02-20,Organic
8527,104,5,2026-02-20,148.79,Open,,Google
8528,1374,7,2026-02-10,1018.76,Lost,,Home Services Marketplace
8529,220,5,2026-02-17,214.62,Won,2026-02-20,Referral
8530,877,2,2026-02-11,487.19,Won,2026-02-20,Home Services Marketplace
8531,201,5,2026-02-09,168.13,Won,2026-02-20,Home Services Marketplace
8532,563,2,2026-02-13,791.16,Won,2026-02-20,Direct Mail
8533,308,1,2026-02-15,407.86,Won,2026-02-20,Referral
8534,787,1,2026-02-16,812.52,Won,2026-02-20,Google
8535,89,5,2026-02-16,167.95,Won,2026-02-20,Home Services Marketplace
8536,237,1,2026-02-14,402.49,Won,2026-02-20,Referral
8537,72,5,2026-02-10,205.75,Open,,Referral
8538,1288,1,2026-02-18,507.17,Won,2026-02-20,Organic
8539,130,2,2026-02-09,932.92,Won,2026-02-20,Home Services Marketplace
8540,76,2,2026-02-14,491.68,Won,2026-02-20,Organic
8541,586,5,2026-02-20,205.6,Won,2026-02-20,Google
8542,725,1,2026-02-13,846.01,Won,2026-02-20,Referral
8543,479,3,2026-02-10,9011.46,Open,,Referral
8544,1135,2,2026-02-19,580.26,Won,2026-02-20,Organic
8545,294,4,2026-02-12,2477.21,Won,2026-02-20,Referral
8546,206,2,2026-02-13,565.38,Won,2026-02-20,Home Services Marketplace
8547,198,1,2026-02-14,418.67,Lost,,Direct Mail
8548,318,4,2026-02-16,3201.61,Won,2026-02-20,Google
8549,1181,5,2026-02-13,216.25,Won,2026-02-20,Organic
8550,734,2,2026-02-09,527.82,Won,2026-02-20,Google
8551,500,1,2026-02-16,892.38,Won,2026-02-21,Direct Mail
8552,76,3,2026-02-14,8992.0,Open,,Organic
8553,117,1,2026-02-13,463.3,Won,2026-02-21,Home Services Marketplace
8554,706,2,2026-02-14,757.8,Open,,Organic
8555,53,7,2026-02-10,994.26,Won,2026-02-21,Referral
8556,461,5,2026-02-14,217.01,Won,2026-02-21,Organic
8557,1447,1,2026-02-17,935.48,Won,2026-02-21,Google
8558,220,6,2026-02-18,1138.67,Won,2026-02-21,Referral
8559,644,5,2026-02-17,214.62,Won,2026-02-21,Referral
8560,154,4,2026-02-10,2542.96,Won,2026-02-21,Google
8561,13,2,2026-02-15,569.59,Won,2026-02-21,Referral
8562,772,2,2026-02-12,1217.24,Won,2026-02-21,Referral
8563,1417,2,2026-02-20,487.84,Open,,Organic
8564,1442,1,2026-02-10,852.12,Won,2026-02-21,Home Services Marketplace
8565,210,1,2026-02-19,507.43,Won,2026-02-21,Referral
8566,955,5,2026-02-12,188.23,Won,2026-02-21,Organic
8567,880,2,2026-02-18,562.17,Open,,Organic
8568,172,5,2026-02-11,336.38,Won,2026-02-21,Organic
8569,642,3,2026-02-16,7560.08,Won,2026-02-22,Direct Mail
8570,1425,2,2026-02-20,560.32,Lost,,Google
8571,1042,4,2026-02-15,3042.8,Won,2026-02-22,Google
8572,784,5,2026-02-20,175.6,Won,2026-02-22,Organic
8573,287,2,2026-02-10,824.23,Won,2026-02-22,Direct Mail
8574,317,2,2026-02-22,542.61,Won,2026-02-22,Organic
8575,415,1,2026-02-15,489.01,Won,2026-02-22,Referral
8576,408,5,2026-02-11,243.08,Won,2026-02-22,Organic
8577,616,5,2026-02-17,180.9,Won,2026-02-22,Google
8578,486,1,2026-02-10,1000.39,Won,2026-02-22,Google
8579,728,1,2026-02-20,412.88,Won,2026-02-22,Direct Mail
8580,359,5,2026-02-17,177.51,Open,,Google
8581,1112,1,2026-02-15,412.53,Won,2026-02-22,Referral
8582,486,2,2026-02-22,927.98,Open,,Google
8583,798,5,2026-02-17,235.97,Lost,,Referral
8584,367,5,2026-02-22,177.35,Won,2026-02-23,Direct Mail
8585,360,2,2026-02-19,461.55,Open,,Home Services Marketplace
8586,1235,1,2026-02-13,366.34,Won,2026-02-23,Referral
8587,912,2,2026-02-14,636.76,Open,,Home Services Marketplace
8588,1108,4,2026-02-18,2516.5,Open,,Organic
8589,1290,1,2026-02-18,364.74,Won,2026-02-23,Google
8590,1128,1,2026-02-17,459.81,Won,2026-02-23,Referral
8591,108,5,2026-02-19,251.19,Won,2026-02-23,Organic
8592,475,5,2026-02-22,181.89,Won,2026-02-23,Google
8593,856,1,2026-02-14,568.29,Won,2026-02-23,Home Services Marketplace
8594,448,1,2026-02-15,597.49,Won,2026-02-23,Google
8595,222,1,2026-02-12,420.99,Won,2026-02-23,Home Services Marketplace
8596,1386,2,2026-02-13,523.04,Won,2026-02-23,Google
8597,832,7,2026-02-21,1012.69,Won,2026-02-23,Referral
8598,697,5,2026-02-23,249.11,Open,,Google
8599,79,7,2026-02-22,1527.45,Won,2026-02-23,Google
8600,614,3,2026-02-16,9687.38,Open,,Direct Mail
8601,487,2,2026-02-13,552.5,Lost,,Home Services Marketplace
8602,516,5,2026-02-15,196.31,Won,2026-02-23,Google
8603,462,4,2026-02-23,5200.85,Won,2026-02-23,Referral
8604,1267,2,2026-02-15,447.71,Won,2026-02-23,Home Services Marketplace
8605,1280,1,2026-02-12,361.95,Won,2026-02-24,Google
8606,750,1,2026-02-13,551.91,Lost,,Google
8607,881,1,2026-02-22,439.29,Open,,Organic
8608,108,3,2026-02-21,10523.54,Open,,Organic
8609,670,7,2026-02-20,1060.88,Lost,,Referral
8610,897,5,2026-02-18,171.86,Won,2026-02-24,Organic
8611,1134,7,2026-02-24,1182.83,Won,2026-02-24,Google
8612,977,1,2026-02-23,459.79,Open,,Direct Mail
8613,1370,4,2026-02-19,4267.3,Won,2026-02-24,Organic
8614,1104,7,2026-02-18,1057.77,Won,2026-02-24,Google
8615,478,3,2026-02-15,8352.86,Won,2026-02-24,Organic
8616,604,3,2026-02-15,9280.36,Won,2026-02-24,Referral
8617,1269,4,2026-02-20,2298.92,Lost,,Referral
8618,1414,6,2026-02-18,1002.5,Lost,,Organic
8619,791,4,2026-02-13,2389.9,Open,,Google
8620,157,2,2026-02-12,593.21,Won,2026-02-24,Referral
8621,367,5,2026-02-22,129.14,Lost,,Direct Mail
8622,1122,6,2026-02-15,1424.09,Won,2026-02-24,Referral
8623,280,1,2026-02-19,491.06,Lost,,Direct Mail
8624,539,7,2026-02-17,1037.62,Won,2026-02-24,Referral
8625,212,2,2026-02-24,420.85,Won,2026-02-24,Google
8626,496,1,2026-02-24,516.08,Won,2026-02-24,Referral
8627,1159,1,2026-02-14,417.35,Open,,Referral
8628,636,1,2026-02-14,468.52,Won,2026-02-25,Organic
8629,530,5,2026-02-23,133.77,Won,2026-02-25,Direct Mail
8630,676,6,2026-02-24,1964.44,Lost,,Google
8631,45,1,2026-02-24,613.14,Open,,Direct Mail
8632,612,1,2026-02-15,403.18,Won,2026-02-25,Google
8633,1222,5,2026-02-18,182.2,Won,2026-02-25,Referral
8634,111,3,2026-02-17,9287.0,Lost,,Organic
8635,275,2,2026-02-19,436.1,Won,2026-02-25,Google
8636,195,5,2026-02-22,266.37,Open,,Referral
8637,411,5,2026-02-16,234.22,Won,2026-02-25,Organic
8638,1268,3,2026-02-22,8684.14,Won,2026-02-25,Organic
8639,938,3,2026-02-23,9793.56,Won,2026-02-25,Home Services Marketplace
8640,386,2,2026-02-20,526.68,Won,2026-02-25,Google
8641,1128,5,2026-02-19,196.59,Lost,,Referral
8642,1444,2,2026-02-14,658.98,Won,2026-02-25,Referral
8643,689,1,2026-02-16,752.86,Won,2026-02-25,Referral
8644,867,3,2026-02-18,11138.17,Won,2026-02-25,Home Services Marketplace
8645,785,2,2026-02-21,654.06,Won,2026-02-25,Home Services Marketplace
8646,854,1,2026-02-14,381.07,Won,2026-02-25,Organic
8647,434,4,2026-02-20,2755.6,Lost,,Google
8648,800,3,2026-02-25,7678.71,Won,2026-02-25,Google
8649,429,6,2026-02-16,931.69,Won,2026-02-25,Google
8650,513,2,2026-02-24,825.38,Won,2026-02-25,Google
8651,239,5,2026-02-13,165.03,Won,2026-02-25,Organic
8652,47,7,2026-02-15,846.6,Won,2026-02-25,Direct Mail
8653,419,1,2026-02-25,935.17,Open,,Google
8654,411,1,2026-02-24,329.43,Won,2026-02-25,Organic
8655,827,5,2026-02-20,342.97,Won,2026-02-26,Google
8656,1294,1,2026-02-22,343.31,Open,,Organic
8657,1298,2,2026-02-21,481.43,Lost,,Direct Mail
8658,804,5,2026-02-20,199.66,Won,2026-02-26,Home Services Marketplace
8659,615,5,2026-02-21,285.57,Won,2026-02-26,Referral
8660,10,1,2026-02-22,748.41,Won,2026-02-26,Google
8661,59,1,2026-02-19,502.61,Won,2026-02-26,Organic
8662,257,1,2026-02-16,417.02,Won,2026-02-26,Direct Mail
8663,570,6,2026-02-19,2093.85,Won,2026-02-26,Organic
8664,343,7,2026-02-16,958.25,Won,2026-02-26,Google
8665,105,1,2026-02-14,570.84,Won,2026-02-26,Referral
8666,420,3,2026-02-17,7668.16,Open,,Home Services Marketplace
8667,103,5,2026-02-17,174.64,Won,2026-02-26,Organic
8668,1253,5,2026-02-17,171.72,Won,2026-02-26,Referral
8669,807,5,2026-02-14,383.7,Won,2026-02-26,Direct Mail
8670,630,1,2026-02-22,528.85,Won,2026-02-26,Organic
8671,1254,2,2026-02-20,559.42,Won,2026-02-26,Home Services Marketplace
8672,164,5,2026-02-21,264.96,Won,2026-02-26,Google
8673,937,5,2026-02-21,329.01,Won,2026-02-26,Referral
8674,1437,1,2026-02-26,468.36,Won,2026-02-26,Home Services Marketplace
8675,726,2,2026-02-15,598.81,Won,2026-02-26,Referral
8676,1282,5,2026-02-22,203.6,Won,2026-02-26,Referral
8677,1280,5,2026-02-22,156.73,Won,2026-02-26,Google
8678,596,3,2026-02-23,10005.0,Lost,,Referral
8679,1,1,2026-02-20,427.62,Won,2026-02-27,Google
8680,756,5,2026-02-25,201.2,Won,2026-02-27,Google
8681,406,3,2026-02-23,10122.58,Lost,,Google
8682,1352,5,2026-02-23,224.3,Open,,Direct Mail
8683,1197,2,2026-02-20,633.39,Won,2026-02-27,Organic
8684,548,1,2026-02-16,693.36,Won,2026-02-27,Google
8685,491,4,2026-02-15,2739.17,Lost,,Organic
8686,380,4,2026-02-16,2786.5,Won,2026-02-27,Organic
8687,1392,2,2026-02-24,488.14,Won,2026-02-27,Organic
8688,91,1,2026-02-22,579.87,Won,2026-02-27,Home Services Marketplace
8689,430,1,2026-02-27,336.98,Won,2026-02-27,Referral
8690,680,2,2026-02-17,753.94,Won,2026-02-27,Home Services Marketplace
8691,1028,5,2026-02-18,167.2,Won,2026-02-27,Home Services Marketplace
8692,877,1,2026-02-23,417.01,Won,2026-02-27,Home Services Marketplace
8693,1102,4,2026-02-18,2414.19,Lost,,Direct Mail
8694,3,2,2026-02-20,627.71,Lost,,Google
8695,457,1,2026-02-25,596.16,Lost,,Referral
8696,431,2,2026-02-20,601.68,Won,2026-02-27,Organic
8697,526,1,2026-02-26,352.2,Won,2026-02-27,Google
8698,1237,2,2026-02-17,572.77,Won,2026-02-27,Direct Mail
8699,404,1,2026-02-18,465.63,Won,2026-02-27,Referral
8700,677,6,2026-02-16,1409.99,Won,2026-02-27,Home Services Marketplace
8701,748,5,2026-02-19,401.82,Won,2026-02-27,Google
8702,1216,5,2026-02-15,173.11,Won,2026-02-27,Referral
8703,756,1,2026-02-16,485.27,Won,2026-02-27,Google
8704,1303,1,2026-02-18,483.33,Open,,Direct Mail
8705,802,2,2026-02-27,554.11,Open,,Organic
8706,1440,3,2026-02-27,7454.86,Won,2026-02-27,Home Services Marketplace
8707,288,1,2026-02-17,572.39,Won,2026-02-27,Referral
8708,358,2,2026-02-20,619.13,Won,2026-02-28,Referral
8709,310,7,2026-02-27,1180.34,Open,,Google
8710,707,1,2026-02-19,505.79,Won,2026-02-28,Organic
8711,265,6,2026-02-23,1193.07,Won,2026-02-28,Home Services Marketplace
8712,697,7,2026-02-25,1416.74,Open,,Google
8713,301,1,2026-02-26,1180.56,Lost,,Direct Mail
8714,1345,5,2026-02-26,203.1,Won,2026-02-28,Organic
8715,527,1,2026-02-26,412.99,Won,2026-02-28,Referral
8716,678,3,2026-02-23,9926.74,Open,,Organic
8717,937,5,2026-02-27,250.46,Won,2026-02-28,Referral
8718,861,3,2026-02-22,10620.62,Won,2026-02-28,Home Services Marketplace
8719,71,4,2026-02-21,1771.75,Won,2026-02-28,Home Services Marketplace
8720,1212,3,2026-02-24,13995.99,Lost,,Home Services Marketplace
8721,787,1,2026-02-28,1113.42,Won,2026-02-28,Google
8722,1380,5,2026-02-28,148.73,Won,2026-02-28,Referral
8723,34,5,2026-02-24,170.83,Won,2026-02-28,Direct Mail
8724,267,5,2026-02-23,191.77,Won,2026-02-28,Google
8725,420,5,2026-02-19,213.07,Won,2026-03-01,Home Services Marketplace
8726,1394,1,2026-03-01,556.99,Won,2026-03-01,Google
8727,1203,4,2026-02-26,2249.24,Lost,,Google
8728,59,3,2026-02-17,10869.32,Open,,Organic
8729,828,6,2026-02-23,1492.59,Won,2026-03-01,Google
8730,351,5,2026-03-01,225.39,Won,2026-03-01,Home Services Marketplace
8731,732,5,2026-02-23,230.21,Won,2026-03-01,Organic
8732,1130,4,2026-02-28,1978.47,Open,,Direct Mail
8733,869,7,2026-02-23,1239.56,Won,2026-03-01,Google
8734,756,3,2026-02-23,11073.49,Won,2026-03-01,Google
8735,660,5,2026-02-19,204.02,Won,2026-03-01,Google
8736,59,6,2026-02-28,1458.33,Lost,,Organic
8737,223,2,2026-02-27,399.0,Won,2026-03-01,Google
8738,621,7,2026-02-21,1007.71,Won,2026-03-02,Referral
8739,781,3,2026-02-26,7451.47,Won,2026-03-02,Referral
8740,578,5,2026-02-26,203.48,Won,2026-03-02,Google
8741,1238,5,2026-02-28,215.88,Won,2026-03-02,Referral
8742,72,1,2026-02-26,377.24,Won,2026-03-02,Referral
8743,998,5,2026-02-28,158.15,Won,2026-03-02,Organic
8744,535,5,2026-03-01,156.47,Won,2026-03-02,Home Services Marketplace
8745,1144,1,2026-02-26,525.56,Won,2026-03-02,Google
8746,483,1,2026-02-20,392.18,Won,2026-03-02,Google
8747,88,5,2026-03-01,266.27,Open,,Google
8748,1426,5,2026-02-19,177.4,Won,2026-03-02,Referral
8749,577,1,2026-02-21,424.66,Won,2026-03-02,Direct Mail
8750,1105,1,2026-03-01,496.86,Won,2026-03-02,Google
8751,430,1,2026-02-24,586.87,Lost,,Referral
8752,1373,4,2026-02-28,4702.99,Won,2026-03-02,Referral
8753,206,1,2026-03-02,548.55,Won,2026-03-02,Home Services Marketplace
8754,668,1,2026-02-18,329.49,Won,2026-03-02,Home Services Marketplace
8755,103,4,2026-03-02,1931.18,Lost,,Organic
8756,211,1,2026-02-27,361.51,Lost,,Organic
8757,589,7,2026-02-24,1037.15,Won,2026-03-02,Referral
8758,698,5,2026-02-27,171.02,Won,2026-03-02,Google
8759,87,3,2026-02-24,11260.89,Won,2026-03-02,Direct Mail
8760,740,2,2026-02-26,557.02,Won,2026-03-02,Home Services Marketplace
8761,437,5,2026-02-26,257.28,Won,2026-03-02,Referral
8762,576,6,2026-02-23,1253.42,Lost,,Direct Mail
8763,88,7,2026-02-27,1487.37,Won,2026-03-02,Google
8764,1103,3,2026-02-28,9383.67,Won,2026-03-02,Google
8765,980,3,2026-03-02,29493.64,Lost,,Organic
8766,118,5,2026-02-27,170.12,Won,2026-03-03,Referral
8767,158,4,2026-02-27,3136.7,Lost,,Home Services Marketplace
8768,1225,1,2026-02-28,911.49,Won,2026-03-03,Organic
8769,1241,1,2026-02-19,564.63,Won,2026-03-03,Google
8770,923,5,2026-02-24,190.63,Lost,,Referral
8771,1374,1,2026-03-01,677.92,Won,2026-03-03,Home Services Marketplace
8772,533,1,2026-02-23,372.42,Won,2026-03-03,Referral
8773,1361,1,2026-02-26,486.16,Lost,,Google
8774,996,5,2026-02-20,225.52,Won,2026-03-03,Organic
8775,1448,2,2026-02-19,591.86,Won,2026-03-03,Organic
8776,342,2,2026-02-20,497.27,Won,2026-03-03,Home Services Marketplace
8777,531,1,2026-02-19,844.28,Won,2026-03-03,Google
8778,1432,6,2026-02-26,992.45,Open,,Home Services Marketplace
8779,376,5,2026-02-25,184.97,Won,2026-03-03,Google
8780,850,1,2026-02-27,486.87,Won,2026-03-03,Direct Mail
8781,371,4,2026-02-25,1955.98,Won,2026-03-03,Referral
8782,748,5,2026-03-03,281.95,Lost,,Google
8783,887,2,2026-03-02,864.02,Lost,,Google
8784,654,1,2026-02-27,582.22,Won,2026-03-03,Referral
8785,277,6,2026-03-01,1973.16,Won,2026-03-03,Google
8786,998,1,2026-02-21,351.96,Won,2026-03-03,Organic
8787,1140,4,2026-02-24,2357.44,Open,,Google
8788,767,5,2026-03-04,153.33,Won,2026-03-04,Google
8789,606,5,2026-02-23,169.98,Lost,,Organic
8790,798,4,2026-03-03,3132.42,Lost,,Referral
8791,710,5,2026-03-03,224.64,Won,2026-03-04,Google
8792,996,1,2026-02-26,512.69,Won,2026-03-04,Organic
8793,270,5,2026-02-23,163.1,Lost,,Organic
8794,1251,1,2026-02-27,502.5,Won,2026-03-04,Organic
8795,190,2,2026-02-26,342.35,Won,2026-03-04,Referral
8796,839,5,2026-03-04,203.74,Won,2026-03-04,Google
8797,138,4,2026-02-23,2122.4,Lost,,Google
8798,1102,1,2026-02-28,487.43,Lost,,Direct Mail
8799,696,5,2026-03-04,177.48,Lost,,Organic
8800,179,3,2026-03-04,8198.95,Won,2026-03-04,Organic
8801,1431,5,2026-02-21,170.34,Lost,,Google
8802,575,1,2026-03-04,488.61,Won,2026-03-04,Referral
8803,1335,5,2026-03-01,289.73,Open,,Referral
8804,144,6,2026-02-25,1006.91,Won,2026-03-04,Referral
8805,1044,7,2026-02-20,949.92,Won,2026-03-04,Organic
8806,236,4,2026-02-27,2415.08,Open,,Direct Mail
8807,569,5,2026-03-05,162.52,Open,,Google
8808,227,1,2026-02-25,547.02,Lost,,Home Services Marketplace
8809,258,2,2026-02-25,669.19,Won,2026-03-05,Referral
8810,119,7,2026-03-05,1332.0,Open,,Referral
8811,612,2,2026-02-27,424.86,Won,2026-03-05,Google
8812,608,1,2026-03-04,633.18,Won,2026-03-05,Organic
8813,1162,1,2026-02-26,395.12,Won,2026-03-05,Google
8814,169,5,2026-02-22,230.4,Won,2026-03-05,Google
8815,430,6,2026-02-28,1367.54,Won,2026-03-05,Referral
8816,748,2,2026-03-02,680.33,Lost,,Google
8817,486,5,2026-03-04,485.49,Won,2026-03-05,Google
8818,1408,5,2026-03-04,189.04,Won,2026-03-05,Google
8819,55,6,2026-03-04,1175.73,Lost,,Direct Mail
8820,827,7,2026-03-01,1809.62,Lost,,Google
8821,830,5,2026-02-26,412.25,Open,,Google
8822,1024,1,2026-03-04,551.58,Won,2026-03-05,Referral
8823,939,4,2026-02-25,3565.02,Won,2026-03-05,Organic
8824,1363,6,2026-02-24,1197.01,Won,2026-03-05,Home Services Marketplace
8825,650,4,2026-03-01,3758.66,Open,,Home Services Marketplace
8826,873,1,2026-03-04,448.71,Lost,,Referral
8827,1206,2,2026-02-27,653.29,Won,2026-03-05,Google
8828,1309,4,2026-03-04,2180.79,Won,2026-03-05,Direct Mail
8829,314,1,2026-02-24,516.21,Won,2026-03-06,Referral
8830,239,2,2026-02-24,382.57,Won,2026-03-06,Organic
8831,698,1,2026-02-26,753.15,Won,2026-03-06,Google
8832,1336,4,2026-03-04,2384.92,Open,,Referral
8833,174,3,2026-02-27,8627.26,Won,2026-03-06,Google
8834,330,4,2026-02-25,2039.75,Open,,Referral
8835,1410,1,2026-03-01,458.91,Won,2026-03-06,Referral
8836,887,4,2026-02-22,3983.73,Won,2026-03-06,Google
8837,529,5,2026-03-02,255.51,Lost,,Google
8838,873,3,2026-02-23,9756.18,Won,2026-03-06,Referral
8839,746,4,2026-02-22,2056.67,Won,2026-03-06,Direct Mail
8840,215,3,2026-02-28,13284.12,Won,2026-03-06,Direct Mail
8841,1055,5,2026-03-05,219.61,Won,2026-03-06,Organic
8842,322,1,2026-03-03,467.02,Won,2026-03-06,Google
8843,1135,3,2026-03-02,9970.38,Open,,Organic
8844,395,5,2026-03-07,262.33,Won,2026-03-07,Organic
8845,323,1,2026-03-07,523.63,Won,2026-03-07,Referral
8846,34,1,2026-02-27,392.77,Won,2026-03-07,Direct Mail
8847,208,5,2026-02-24,242.46,Won,2026-03-07,Referral
8848,190,2,2026-03-04,575.47,Won,2026-03-07,Referral
8849,886,2,2026-02-27,671.71,Lost,,Google
8850,522,4,2026-02-28,2570.3,Open,,Google
8851,406,1,2026-03-07,444.56,Won,2026-03-07,Google
8852,493,4,2026-03-05,5491.7,Lost,,Organic
8853,1015,1,2026-03-03,530.37,Won,2026-03-07,Google
8854,165,1,2026-03-04,484.75,Won,2026-03-07,Home Services Marketplace
8855,1023,2,2026-02-27,763.16,Won,2026-03-07,Referral
8856,635,5,2026-02-24,164.41,Won,2026-03-07,Organic
8857,397,7,2026-03-03,1264.15,Won,2026-03-07,Home Services Marketplace
8858,703,3,2026-02-23,10108.34,Lost,,Organic
8859,418,2,2026-02-27,461.88,Won,2026-03-07,Direct Mail
8860,1316,2,2026-02-27,426.49,Won,2026-03-08,Referral
8861,1270,1,2026-03-03,569.03,Won,2026-03-08,Organic
8862,703,5,2026-02-27,188.16,Won,2026-03-08,Organic
8863,1097,5,2026-02-25,225.97,Won,2026-03-08,Referral
8864,1067,7,2026-03-04,755.01,Open,,Organic
8865,410,6,2026-02-27,1086.0,Won,2026-03-08,Organic
8866,1396,6,2026-02-26,1164.3,Won,2026-03-08,Home Services Marketplace
8867,1208,5,2026-03-08,192.73,Won,2026-03-08,Google
8868,298,2,2026-03-04,472.33,Won,2026-03-08,Referral
8869,294,3,2026-02-24,9199.31,Won,2026-03-08,Referral
8870,919,7,2026-03-03,1221.35,Won,2026-03-08,Direct Mail
8871,369,1,2026-03-07,375.77,Won,2026-03-08,Referral
8872,275,3,2026-03-04,11265.64,Won,2026-03-08,Google
8873,132,2,2026-03-05,574.09,Won,2026-03-08,Referral
8874,36,1,2026-03-06,327.61,Won,2026-03-09,Google
8875,1279,5,2026-03-01,228.5,Won,2026-03-09,Google
8876,1368,3,2026-03-04,10068.53,Won,2026-03-09,Google
8877,1210,2,2026-03-05,444.11,Won,2026-03-09,Google
8878,1030,1,2026-03-07,376.01,Won,2026-03-09,Google
8879,948,1,2026-03-03,476.31,Won,2026-03-09,Organic
8880,921,4,2026-02-28,2017.98,Lost,,Referral
8881,1029,1,2026-03-03,1024.49,Won,2026-03-09,Organic
8882,811,4,2026-03-06,1852.81,Open,,Organic
8883,1128,6,2026-02-28,1223.1,Open,,Referral
8884,810,1,2026-03-02,404.9,Won,2026-03-09,Referral
8885,321,1,2026-03-06,685.41,Won,2026-03-09,Organic
8886,982,4,2026-03-02,3751.12,Open,,Home Services Marketplace
8887,718,2,2026-03-07,514.53,Won,2026-03-09,Organic
8888,916,4,2026-02-26,2666.42,Won,2026-03-09,Direct Mail
8889,221,2,2026-03-05,422.55,Won,2026-03-09,Google
8890,1447,5,2026-02-27,325.95,Won,2026-03-09,Google
8891,126,6,2026-03-01,1043.69,Won,2026-03-09,Home Services Marketplace
8892,215,6,2026-02-26,928.83,Won,2026-03-10,Direct Mail
8893,1000,1,2026-03-08,536.2,Won,2026-03-10,Google
8894,768,5,2026-02-26,210.81,Won,2026-03-10,Google
8895,459,1,2026-03-09,444.31,Won,2026-03-10,Google
8896,125,1,2026-03-09,634.3,Won,2026-03-10,Google
8897,1355,5,2026-02-26,256.55,Won,2026-03-10,Organic
8898,302,2,2026-03-03,486.67,Won,2026-03-10,Referral
8899,480,2,2026-02-26,1174.49,Won,2026-03-10,Direct Mail
8900,1170,3,2026-03-01,9137.47,Won,2026-03-10,Google
8901,923,5,2026-03-08,172.9,Won,2026-03-10,Referral
8902,76,2,2026-03-02,529.21,Won,2026-03-10,Organic
8903,1234,5,2026-03-01,185.76,Won,2026-03-10,Referral
8904,1287,1,2026-02-26,434.75,Won,2026-03-10,Google
8905,1221,5,2026-02-28,213.69,Lost,,Referral
8906,204,1,2026-03-03,420.58,Won,2026-03-10,Home Services Marketplace
8907,277,5,2026-03-03,403.57,Won,2026-03-10,Google
8908,447,3,2026-03-03,7290.58,Won,2026-03-10,Direct Mail
8909,1348,1,2026-03-07,573.14,Won,2026-03-10,Organic
8910,1044,4,2026-03-10,2872.85,Lost,,Organic
8911,909,1,2026-03-07,499.97,Open,,Home Services Marketplace
8912,304,1,2026-03-08,579.89,Won,2026-03-10,Referral
8913,78,5,2026-03-10,352.26,Won,2026-03-10,Google
8914,441,2,2026-02-28,501.52,Won,2026-03-11,Organic
8915,340,1,2026-03-03,500.14,Lost,,Google
8916,126,3,2026-03-06,8732.84,Lost,,Home Services Marketplace
8917,337,5,2026-03-11,426.74,Won,2026-03-11,Google
8918,517,1,2026-03-04,649.94,Open,,Google
8919,69,7,2026-02-27,761.11,Won,2026-03-11,Google
8920,216,3,2026-03-09,12052.97,Open,,Google
8921,936,6,2026-03-07,1426.07,Won,2026-03-11,Organic
8922,924,6,2026-03-05,1985.1,Open,,Google
8923,109,1,2026-03-08,495.29,Won,2026-03-11,Referral
8924,296,1,2026-03-05,429.78,Lost,,Direct Mail
8925,1439,1,2026-03-07,743.35,Won,2026-03-11,Google
8926,625,1,2026-03-01,562.76,Open,,Home Services Marketplace
8927,704,1,2026-03-03,466.16,Won,2026-03-11,Organic
8928,701,1,2026-02-27,409.69,Won,2026-03-11,Direct Mail
8929,713,2,2026-03-02,516.67,Won,2026-03-11,Google
8930,122,2,2026-02-27,595.19,Open,,Referral
8931,1414,1,2026-03-07,506.23,Lost,,Organic
8932,1280,1,2026-03-04,512.34,Open,,Google
8933,713,6,2026-02-28,934.05,Lost,,Google
8934,202,1,2026-03-07,479.64,Won,2026-03-11,Google
8935,562,4,2026-03-06,2522.26,Lost,,Direct Mail
8936,1297,4,2026-02-28,2237.02,Won,2026-03-11,Home Services Marketplace
8937,816,5,2026-03-06,285.21,Won,2026-03-11,Organic
8938,1294,6,2026-03-05,1108.48,Lost,,Organic
8939,1376,7,2026-03-06,1247.51,Lost,,Home Services Marketplace
8940,1144,2,2026-02-28,522.29,Open,,Google
8941,463,1,2026-03-03,552.97,Won,2026-03-12,Organic
8942,251,6,2026-03-02,1245.81,Won,2026-03-12,Organic
8943,733,5,2026-03-10,194.5,Won,2026-03-12,Organic
8944,1181,1,2026-03-02,563.83,Won,2026-03-12,Organic
8945,892,5,2026-03-04,195.57,Won,2026-03-12,Organic
8946,1319,5,2026-03-01,153.28,Won,2026-03-12,Organic
8947,79,1,2026-03-05,399.03,Won,2026-03-12,Google
8948,214,4,2026-03-03,1691.65,Lost,,Google
8949,514,1,2026-03-03,582.9,Won,2026-03-12,Google
8950,1155,3,2026-03-11,9618.5,Open,,Google
8951,1416,4,2026-03-05,2330.75,Lost,,Referral
8952,322,1,2026-03-08,452.28,Won,2026-03-12,Google
8953,538,3,2026-02-28,11088.44,Lost,,Referral
8954,406,6,2026-03-03,1123.35,Open,,Google
8955,208,4,2026-03-03,2815.01,Open,,Referral
8956,599,5,2026-02-28,334.74,Won,2026-03-12,Referral
8957,491,1,2026-03-11,576.32,Won,2026-03-12,Organic
8958,1061,5,2026-02-28,179.71,Won,2026-03-12,Organic
8959,619,5,2026-03-05,223.83,Won,2026-03-12,Organic
8960,583,3,2026-03-04,8277.78,Open,,Google
8961,822,4,2026-03-05,1935.24,Lost,,Organic
8962,260,5,2026-03-09,249.34,Won,2026-03-12,Referral
8963,1049,2,2026-03-07,583.35,Won,2026-03-12,Google
8964,685,1,2026-03-08,477.74,Won,2026-03-12,Organic
8965,1381,1,2026-03-10,478.56,Won,2026-03-13,Referral
8966,1232,7,2026-03-12,931.11,Lost,,Home Services Marketplace
8967,481,2,2026-03-02,435.6,Won,2026-03-13,Home Services Marketplace
8968,1325,5,2026-03-09,183.36,Won,2026-03-13,Google
8969,435,7,2026-03-06,1139.87,Won,2026-03-13,Home Services Marketplace
8970,429,5,2026-03-09,212.22,Won,2026-03-13,Google
8971,314,3,2026-03-03,10548.15,Won,2026-03-13,Referral
8972,1347,1,2026-03-06,624.3,Won,2026-03-13,Referral
8973,1130,3,2026-03-01,6509.97,Open,,Direct Mail
8974,1232,5,2026-03-12,195.6,Lost,,Home Services Marketplace
8975,1277,1,2026-03-02,507.6,Won,2026-03-13,Organic
8976,813,5,2026-03-02,209.9,Won,2026-03-13,Organic
8977,815,5,2026-03-09,176.79,Lost,,Organic
8978,1011,1,2026-03-12,397.05,Lost,,Organic
8979,907,1,2026-03-01,472.2,Won,2026-03-13,Google
8980,1355,5,2026-03-12,198.26,Won,2026-03-13,Organic
8981,698,5,2026-03-06,205.92,Won,2026-03-13,Google
8982,193,2,2026-03-06,477.31,Lost,,Home Services Marketplace
8983,982,1,2026-03-11,1099.85,Won,2026-03-13,Home Services Marketplace
8984,286,6,2026-03-12,1088.4,Won,2026-03-14,Referral
8985,135,1,2026-03-05,611.78,Open,,Home Services Marketplace
8986,834,2,2026-03-06,677.01,Won,2026-03-14,Google
8987,1439,3,2026-03-09,19060.9,Won,2026-03-14,Google
8988,847,6,2026-03-07,1720.22,Lost,,Direct Mail
8989,1164,2,2026-03-02,625.26,Won,2026-03-14,Organic
8990,985,6,2026-03-11,1469.9,Won,2026-03-14,Home Services Marketplace
8991,1321,2,2026-03-05,518.74,Lost,,Direct Mail
8992,426,2,2026-03-02,552.97,Won,2026-03-14,Referral
8993,611,1,2026-03-07,448.82,Won,2026-03-14,Referral
8994,23,4,2026-03-09,2194.65,Lost,,Referral
8995,639,5,2026-03-04,133.71,Won,2026-03-14,Google
8996,854,2,2026-03-02,612.47,Lost,,Organic
8997,973,7,2026-03-07,1112.37,Open,,Google
8998,117,6,2026-03-12,1252.17,Won,2026-03-14,Home Services Marketplace
8999,1100,6,2026-03-14,925.08,Lost,,Organic
9000,572,4,2026-03-04,2249.98,Won,2026-03-15,Direct Mail
9001,151,7,2026-03-03,1208.59,Open,,Home Services Marketplace
9002,465,5,2026-03-11,189.44,Won,2026-03-15,Referral
9003,749,2,2026-03-04,345.72,Won,2026-03-15,Google
9004,931,7,2026-03-15,996.4,Won,2026-03-15,Direct Mail
9005,269,6,2026-03-11,1120.73,Won,2026-03-15,Referral
9006,1345,7,2026-03-05,1273.36,Won,2026-03-15,Organic
9007,1238,2,2026-03-04,509.74,Won,2026-03-15,Referral
9008,1270,6,2026-03-03,1685.12,Won,2026-03-15,Organic
9009,806,4,2026-03-13,3064.61,Open,,Google
9010,593,2,2026-03-10,465.01,Open,,Home Services Marketplace
9011,685,5,2026-03-12,244.63,Won,2026-03-15,Organic
9012,688,6,2026-03-09,1187.51,Lost,,Referral
9013,280,2,2026-03-15,570.41,Won,2026-03-15,Direct Mail
9014,756,2,2026-03-07,568.78,Open,,Google
9015,455,2,2026-03-14,687.34,Won,2026-03-15,Google
9016,1108,2,2026-03-03,518.87,Open,,Organic
9017,1002,1,2026-03-05,364.8,Lost,,Google
9018,75,5,2026-03-04,142.64,Won,2026-03-15,Organic
9019,491,1,2026-03-03,439.95,Won,2026-03-15,Organic
9020,1278,1,2026-03-13,452.87,Won,2026-03-15,Referral
9021,1333,6,2026-03-12,1034.55,Won,2026-03-15,Direct Mail
9022,28,6,2026-03-10,2681.54,Won,2026-03-16,Organic
9023,599,2,2026-03-07,1035.09,Lost,,Referral
9024,322,3,2026-03-14,6781.13,Open,,Google
9025,714,5,2026-03-13,122.78,Won,2026-03-16,Direct Mail
9026,434,5,2026-03-09,226.06,Won,2026-03-16,Google
9027,922,4,2026-03-09,1943.38,Won,2026-03-16,Home Services Marketplace
9028,1267,6,2026-03-08,1331.16,Won,2026-03-16,Home Services Marketplace
9029,374,1,2026-03-10,590.3,Won,2026-03-16,Google
9030,947,1,2026-03-11,487.05,Lost,,Organic
9031,1173,3,2026-03-11,16935.67,Open,,Organic
9032,337,1,2026-03-09,699.56,Won,2026-03-16,Google
9033,850,7,2026-03-09,857.4,Won,2026-03-16,Direct Mail
9034,757,1,2026-03-09,397.83,Won,2026-03-16,Google
9035,1246,2,2026-03-11,455.69,Won,2026-03-16,Google
9036,84,2,2026-03-05,391.17,Open,,Home Services Marketplace
9037,372,5,2026-03-11,292.19,Won,2026-03-16,Home Services Marketplace
9038,1014,1,2026-03-07,460.49,Won,2026-03-16,Google
9039,599,5,2026-03-10,260.13,Won,2026-03-16,Referral
9040,366,1,2026-03-11,520.12,Won,2026-03-16,Referral
9041,596,1,2026-03-13,630.76,Won,2026-03-16,Referral
9042,330,5,2026-03-08,162.89,Won,2026-03-16,Referral
9043,418,2,2026-03-14,501.55,Won,2026-03-16,Direct Mail
9044,1019,1,2026-03-07,537.75,Won,2026-03-16,Organic
9045,807,5,2026-03-08,307.01,Won,2026-03-16,Direct Mail
9046,585,6,2026-03-12,1153.51,Lost,,Organic
9047,886,5,2026-03-08,229.0,Lost,,Google
9048,461,6,2026-03-13,1458.42,Won,2026-03-16,Organic
9049,176,5,2026-03-05,218.02,Won,2026-03-16,Google
9050,873,1,2026-03-06,360.42,Open,,Referral
9051,716,5,2026-03-09,192.6,Won,2026-03-16,Organic
9052,977,6,2026-03-10,1340.81,Open,,Direct Mail
9053,1222,6,2026-03-08,1313.16,Won,2026-03-17,Referral
9054,995,1,2026-03-08,495.84,Lost,,Direct Mail
9055,1189,5,2026-03-13,297.75,Lost,,Referral
9056,1047,1,2026-03-07,388.42,Won,2026-03-17,Home Services Marketplace
9057,310,1,2026-03-17,667.58,Won,2026-03-17,Google
9058,1318,1,2026-03-17,434.19,Won,2026-03-17,Referral
9059,597,5,2026-03-12,204.81,Won,2026-03-17,Direct Mail
9060,1397,1,2026-03-11,443.62,Open,,Direct Mail
9061,688,7,2026-03-07,1143.86,Won,2026-03-17,Referral
9062,669,5,2026-03-08,173.66,Won,2026-03-17,Home Services Marketplace
9063,1348,5,2026-03-07,190.51,Won,2026-03-17,Organic
9064,134,1,2026-03-08,547.23,Won,2026-03-17,Google
9065,229,5,2026-03-13,146.09,Open,,Google
9066,1031,1,2026-03-07,420.61,Won,2026-03-18,Google
9067,961,1,2026-03-11,602.57,Open,,Referral
9068,1261,1,2026-03-06,461.88,Open,,Organic
9069,659,5,2026-03-08,231.31,Lost,,Direct Mail
9070,11,3,2026-03-12,10592.51,Won,2026-03-18,Referral
9071,1230,4,2026-03-14,1973.71,Open,,Referral
9072,1212,5,2026-03-10,172.43,Open,,Home Services Marketplace
9073,790,5,2026-03-13,182.89,Won,2026-03-18,Referral
9074,1191,6,2026-03-10,1347.83,Won,2026-03-18,Referral
9075,1002,5,2026-03-10,181.76,Won,2026-03-18,Google
9076,322,5,2026-03-07,145.23,Won,2026-03-18,Google
9077,1002,1,2026-03-13,509.32,Won,2026-03-18,Google
9078,864,7,2026-03-06,1240.11,Won,2026-03-18,Google
9079,295,1,2026-03-07,406.36,Won,2026-03-18,Google
9080,1372,5,2026-03-10,149.29,Won,2026-03-19,Referral
9081,519,1,2026-03-18,471.44,Open,,Direct Mail
9082,1369,5,2026-03-09,193.7,Won,2026-03-19,Organic
9083,849,1,2026-03-14,408.05,Won,2026-03-19,Google
9084,793,5,2026-03-07,323.38,Lost,,Google
9085,675,1,2026-03-17,503.99,Won,2026-03-19,Organic
9086,360,2,2026-03-10,467.77,Won,2026-03-19,Home Services Marketplace
9087,722,6,2026-03-17,858.79,Won,2026-03-19,Referral
9088,29,6,2026-03-09,1384.41,Won,2026-03-19,Organic
9089,651,2,2026-03-14,554.91,Open,,Referral
9090,606,1,2026-03-18,601.24,Open,,Organic
9091,100,5,2026-03-14,149.89,Won,2026-03-19,Direct Mail
9092,209,6,2026-03-16,1230.48,Won,2026-03-19,Referral
9093,478,7,2026-03-17,871.84,Open,,Organic
9094,510,6,2026-03-15,1065.51,Won,2026-03-19,Google
9095,541,4,2026-03-10,2271.9,Lost,,Organic
9096,287,7,2026-03-08,2338.38,Open,,Direct Mail
9097,80,2,2026-03-14,986.72,Won,2026-03-20,Organic
9098,976,5,2026-03-14,185.51,Open,,Google
9099,986,5,2026-03-15,183.36,Won,2026-03-20,Home Services Marketplace
9100,35,2,2026-03-19,453.03,Won,2026-03-20,Direct Mail
9101,695,1,2026-03-18,497.27,Won,2026-03-20,Google
9102,47,2,2026-03-18,605.57,Won,2026-03-20,Direct Mail
9103,186,1,2026-03-09,547.73,Won,2026-03-20,Google
9104,361,2,2026-03-09,1089.61,Open,,Organic
9105,1052,4,2026-03-20,2454.02,Won,2026-03-20,Google
9106,947,4,2026-03-08,1714.55,Lost,,Organic
9107,594,2,2026-03-18,570.59,Won,2026-03-20,Organic
9108,844,2,2026-03-14,539.93,Won,2026-03-20,Direct Mail
9109,1170,6,2026-03-20,1116.09,Won,2026-03-20,Google
9110,1135,5,2026-03-14,170.03,Won,2026-03-21,Organic
9111,230,1,2026-03-13,405.18,Won,2026-03-21,Organic
9112,817,4,2026-03-09,2410.09,Open,,Organic
9113,1254,3,2026-03-13,11252.53,Lost,,Home Services Marketplace
9114,994,5,2026-03-19,248.99,Lost,,Google
9115,1309,7,2026-03-19,1520.96,Won,2026-03-21,Direct Mail
9116,366,3,2026-03-11,9183.86,Won,2026-03-21,Referral
9117,334,5,2026-03-17,249.92,Won,2026-03-21,Organic
9118,133,1,2026-03-21,517.11,Won,2026-03-21,Referral
9119,1111,6,2026-03-16,883.27,Won,2026-03-21,Google
9120,1240,1,2026-03-14,430.53,Lost,,Google
9121,533,4,2026-03-21,2771.14,Open,,Referral
9122,673,2,2026-03-16,625.1,Open,,Referral
9123,360,5,2026-03-16,168.14,Won,2026-03-21,Home Services Marketplace
9124,245,1,2026-03-12,461.34,Open,,Home Services Marketplace
9125,1077,3,2026-03-14,11223.03,Won,2026-03-22,Referral
9126,1172,2,2026-03-19,557.94,Won,2026-03-22,Referral
9127,401,5,2026-03-12,180.36,Won,2026-03-22,Referral
9128,691,1,2026-03-21,531.84,Won,2026-03-22,Home Services Marketplace
9129,963,2,2026-03-13,459.99,Won,2026-03-22,Referral
9130,1104,1,2026-03-21,498.08,Won,2026-03-22,Google
9131,1114,5,2026-03-13,151.73,Won,2026-03-22,Home Services Marketplace
9132,924,5,2026-03-21,308.77,Won,2026-03-22,Google
9133,373,1,2026-03-16,503.56,Won,2026-03-22,Google
9134,1165,1,2026-03-16,411.55,Open,,Home Services Marketplace
9135,227,2,2026-03-11,750.6,Won,2026-03-22,Home Services Marketplace
9136,1175,1,2026-03-15,383.4,Won,2026-03-22,Referral
9137,219,2,2026-03-15,404.68,Won,2026-03-23,Google
9138,821,1,2026-03-12,729.21,Won,2026-03-23,Referral
9139,1429,3,2026-03-22,20357.53,Open,,Home Services Marketplace
9140,1128,1,2026-03-12,376.43,Won,2026-03-23,Referral
9141,338,1,2026-03-17,589.32,Lost,,Home Services Marketplace
9142,338,5,2026-03-12,183.98,Won,2026-03-23,Home Services Marketplace
9143,119,4,2026-03-17,2198.91,Lost,,Referral
9144,704,1,2026-03-11,474.9,Won,2026-03-23,Organic
9145,850,1,2026-03-11,390.15,Won,2026-03-23,Direct Mail
9146,1268,2,2026-03-13,540.52,Lost,,Organic
9147,961,1,2026-03-15,541.81,Lost,,Referral
9148,498,4,2026-03-21,2788.71,Won,2026-03-23,Referral
9149,1305,5,2026-03-22,134.88,Won,2026-03-23,Organic
9150,172,6,2026-03-17,1791.44,Won,2026-03-23,Organic
9151,182,5,2026-03-12,261.8,Won,2026-03-23,Home Services Marketplace
9152,966,1,2026-03-16,417.25,Won,2026-03-24,Referral
9153,1124,1,2026-03-15,439.24,Won,2026-03-24,Organic
9154,1449,5,2026-03-19,202.72,Won,2026-03-24,Google
9155,1019,7,2026-03-21,1296.29,Won,2026-03-24,Organic
9156,462,4,2026-03-18,4087.54,Open,,Referral
9157,181,3,2026-03-24,10286.94,Lost,,Organic
9158,1399,1,2026-03-13,477.83,Lost,,Organic
9159,505,1,2026-03-19,777.65,Open,,Referral
9160,1251,2,2026-03-21,335.82,Lost,,Organic
9161,1066,4,2026-03-17,2232.75,Lost,,Referral
9162,288,1,2026-03-24,635.66,Won,2026-03-24,Referral
9163,262,5,2026-03-22,185.6,Won,2026-03-24,Referral
9164,1030,7,2026-03-19,1010.35,Won,2026-03-24,Google
9165,449,6,2026-03-24,1549.38,Won,2026-03-24,Google
9166,1357,3,2026-03-18,8434.2,Open,,Google
9167,1436,2,2026-03-12,477.61,Won,2026-03-24,Google
9168,696,4,2026-03-19,2453.83,Lost,,Organic
9169,618,1,2026-03-20,431.31,Won,2026-03-24,Google
9170,944,4,2026-03-23,2330.98,Won,2026-03-24,Home Services Marketplace
9171,1373,4,2026-03-17,4587.88,Open,,Referral
9172,936,2,2026-03-13,594.45,Won,2026-03-24,Organic
9173,1046,2,2026-03-22,502.91,Won,2026-03-24,Home Services Marketplace
9174,442,1,2026-03-14,519.29,Won,2026-03-24,Google
9175,600,5,2026-03-21,189.42,Won,2026-03-24,Organic
9176,1275,2,2026-03-23,457.13,Won,2026-03-24,Google
9177,1086,5,2026-03-23,148.3,Won,2026-03-24,Google
9178,783,1,2026-03-13,576.33,Won,2026-03-25,Google
9179,781,1,2026-03-21,655.54,Won,2026-03-25,Referral
9180,1440,5,2026-03-14,160.6,Won,2026-03-25,Home Services Marketplace
9181,1113,3,2026-03-25,12143.09,Won,2026-03-25,Home Services Marketplace
9182,1158,2,2026-03-17,395.43,Lost,,Organic
9183,638,1,2026-03-22,647.03,Won,2026-03-25,Google
9184,938,3,2026-03-20,10034.74,Won,2026-03-25,Home Services Marketplace
9185,343,3,2026-03-21,8565.71,Won,2026-03-25,Google
9186,790,1,2026-03-24,713.96,Won,2026-03-25,Referral
9187,462,4,2026-03-13,4602.68,Won,2026-03-25,Referral
9188,783,1,2026-03-20,498.91,Won,2026-03-25,Google
9189,752,2,2026-03-20,470.31,Lost,,Referral
9190,1074,5,2026-03-22,171.33,Lost,,Organic
9191,527,1,2026-03-23,639.62,Lost,,Referral
9192,198,1,2026-03-14,421.2,Won,2026-03-25,Direct Mail
9193,377,2,2026-03-18,679.23,Won,2026-03-25,Google
9194,531,7,2026-03-25,1939.52,Won,2026-03-25,Google
9195,1041,1,2026-03-25,912.12,Won,2026-03-25,Organic
9196,1324,5,2026-03-23,140.08,Won,2026-03-25,Google
9197,674,5,2026-03-13,186.89,Won,2026-03-25,Referral
9198,1266,1,2026-03-23,491.91,Won,2026-03-26,Google
9199,1131,2,2026-03-14,588.8,Won,2026-03-26,Google
9200,444,6,2026-03-22,1061.27,Won,2026-03-26,Referral
9201,1119,5,2026-03-16,150.44,Won,2026-03-26,Organic
9202,614,3,2026-03-24,9762.42,Won,2026-03-26,Direct Mail
9203,1163,6,2026-03-16,1156.63,Won,2026-03-26,Google
9204,549,5,2026-03-23,165.98,Won,2026-03-26,Home Services Marketplace
9205,455,5,2026-03-24,178.82,Won,2026-03-26,Google
9206,626,4,2026-03-14,2518.21,Open,,Referral
9207,1312,1,2026-03-20,439.91,Won,2026-03-26,Referral
9208,549,1,2026-03-19,450.18,Won,2026-03-26,Home Services Marketplace
9209,1382,2,2026-03-16,746.5,Won,2026-03-26,Home Services Marketplace
9210,532,3,2026-03-24,11617.48,Open,,Direct Mail
9211,474,4,2026-03-25,2346.99,Won,2026-03-27,Google
9212,1296,1,2026-03-24,503.37,Open,,Referral
9213,1282,4,2026-03-15,2503.56,Open,,Referral
9214,1007,5,2026-03-15,291.51,Won,2026-03-27,Referral
9215,870,3,2026-03-18,14111.46,Won,2026-03-27,Google
9216,1338,5,2026-03-16,370.3,Won,2026-03-27,Google
9217,1105,1,2026-03-15,493.24,Lost,,Google
9218,1061,5,2026-03-20,258.4,Open,,Organic
9219,716,6,2026-03-20,1305.3,Won,2026-03-27,Organic
9220,232,3,2026-03-25,9038.73,Won,2026-03-27,Home Services Marketplace
9221,512,5,2026-03-22,161.25,Won,2026-03-27,Direct Mail
9222,953,5,2026-03-25,168.84,Won,2026-03-27,Home Services Marketplace
9223,1113,5,2026-03-22,168.25,Won,2026-03-27,Home Services Marketplace
9224,223,1,2026-03-16,354.37,Won,2026-03-27,Google
9225,1242,7,2026-03-16,1029.28,Lost,,Organic
9226,243,3,2026-03-17,13642.93,Won,2026-03-27,Direct Mail
9227,858,4,2026-03-24,2683.61,Lost,,Organic
9228,474,5,2026-03-16,176.43,Won,2026-03-27,Google
9229,105,1,2026-03-20,492.4,Won,2026-03-27,Referral
9230,127,7,2026-03-23,1073.36,Won,2026-03-27,Organic
9231,551,2,2026-03-21,491.91,Won,2026-03-27,Organic
9232,524,1,2026-03-21,442.35,Won,2026-03-27,Referral
9233,78,1,2026-03-24,769.67,Won,2026-03-27,Google
9234,389,3,2026-03-19,9002.14,Lost,,Referral
9235,259,5,2026-03-15,159.19,Won,2026-03-27,Home Services Marketplace
9236,145,3,2026-03-16,13831.31,Lost,,Organic
9237,304,1,2026-03-16,530.8,Won,2026-03-28,Referral
9238,641,4,2026-03-16,2326.42,Won,2026-03-28,Home Services Marketplace
9239,61,4,2026-03-26,2340.3,Lost,,Google
9240,13,5,2026-03-25,254.37,Won,2026-03-28,Referral
9241,1063,5,2026-03-25,212.07,Won,2026-03-28,Home Services Marketplace
9242,1343,1,2026-03-17,465.66,Lost,,Google
9243,70,1,2026-03-21,377.38,Won,2026-03-28,Google
9244,214,1,2026-03-17,720.17,Open,,Google
9245,1291,3,2026-03-21,17400.5,Won,2026-03-28,Home Services Marketplace
9246,1263,1,2026-03-25,402.61,Won,2026-03-28,Google
9247,401,1,2026-03-22,306.08,Won,2026-03-28,Referral
9248,624,1,2026-03-17,1076.43,Won,2026-03-28,Google
9249,1113,5,2026-03-18,195.69,Won,2026-03-28,Home Services Marketplace
9250,609,3,2026-03-26,9541.01,Lost,,Direct Mail
9251,125,1,2026-03-19,569.8,Won,2026-03-29,Google
9252,607,7,2026-03-17,1588.61,Won,2026-03-29,Google
9253,338,7,2026-03-19,856.97,Lost,,Home Services Marketplace
9254,847,5,2026-03-18,304.51,Won,2026-03-29,Direct Mail
9255,184,5,2026-03-18,183.42,Won,2026-03-29,Google
9256,1139,5,2026-03-21,212.27,Won,2026-03-29,Referral
9257,190,5,2026-03-21,237.87,Won,2026-03-29,Referral
9258,242,1,2026-03-28,1121.66,Won,2026-03-29,Direct Mail
9259,564,5,2026-03-24,284.74,Won,2026-03-29,Direct Mail
9260,1148,7,2026-03-28,949.31,Won,2026-03-29,Home Services Marketplace
9261,293,1,2026-03-23,329.84,Won,2026-03-29,Referral
9262,1354,5,2026-03-22,136.82,Won,2026-03-29,Referral
9263,975,1,2026-03-27,451.64,Won,2026-03-29,Referral
9264,348,5,2026-03-17,182.41,Won,2026-03-29,Google
9265,381,1,2026-03-28,470.45,Won,2026-03-29,Home Services Marketplace
9266,695,2,2026-03-19,505.12,Won,2026-03-30,Google
9267,504,2,2026-03-18,609.2,Won,2026-03-30,Referral
9268,302,6,2026-03-30,1190.12,Won,2026-03-30,Referral
9269,779,5,2026-03-26,271.95,Won,2026-03-30,Home Services Marketplace
9270,953,1,2026-03-29,599.32,Won,2026-03-30,Home Services Marketplace
9271,908,2,2026-03-18,385.71,Won,2026-03-30,Organic
9272,342,1,2026-03-30,522.44,Won,2026-03-30,Home Services Marketplace
9273,1374,6,2026-03-30,1245.82,Lost,,Home Services Marketplace
9274,904,3,2026-03-24,10953.0,Open,,Google
9275,468,2,2026-03-30,467.12,Lost,,Referral
9276,994,2,2026-03-26,623.04,Won,2026-03-30,Google
9277,988,2,2026-03-18,545.33,Won,2026-03-30,Referral
9278,931,1,2026-03-21,737.79,Won,2026-03-30,Direct Mail
9279,607,7,2026-03-23,1103.75,Won,2026-03-30,Google
9280,164,1,2026-03-23,439.18,Won,2026-03-30,Google
9281,38,5,2026-03-25,214.72,Lost,,Referral
9282,382,6,2026-03-26,1498.51,Open,,Referral
9283,1121,3,2026-03-20,9274.61,Won,2026-03-30,Google
9284,559,2,2026-03-28,409.05,Won,2026-03-30,Home Services Marketplace
9285,476,6,2026-03-19,1296.91,Won,2026-03-30,Referral
9286,318,1,2026-03-27,493.38,Won,2026-03-31,Google
9287,508,3,2026-03-27,9519.11,Lost,,Google
9288,720,5,2026-03-21,193.33,Won,2026-03-31,Google
9289,28,5,2026-03-22,341.96,Won,2026-03-31,Organic
9290,1051,5,2026-03-21,190.79,Won,2026-03-31,Organic
9291,43,7,2026-03-24,1078.53,Lost,,Google
9292,702,2,2026-03-20,490.47,Lost,,Organic
9293,1369,3,2026-03-29,10361.39,Open,,Organic
9294,1019,5,2026-03-31,212.08,Won,2026-03-31,Organic
9295,1001,1,2026-03-24,892.95,Won,2026-03-31,Referral
9296,170,6,2026-03-20,1127.24,Won,2026-03-31,Direct Mail
9297,1242,4,2026-03-23,2517.92,Lost,,Organic
9298,530,1,2026-03-30,425.83,Won,2026-04-01,Direct Mail
9299,339,5,2026-03-26,223.77,Open,,Google
9300,1008,1,2026-03-24,406.03,Open,,Google
9301,1311,1,2026-03-24,442.85,Won,2026-04-01,Organic
9302,1151,2,2026-03-21,444.47,Won,2026-04-01,Referral
9303,55,1,2026-03-20,475.18,Won,2026-04-01,Direct Mail
9304,1027,4,2026-03-29,4134.68,Lost,,Google
9305,150,6,2026-03-23,933.62,Won,2026-04-01,Google
9306,1133,2,2026-03-27,521.81,Won,2026-04-01,Direct Mail
9307,191,1,2026-03-22,536.68,Won,2026-04-01,Referral
9308,1147,1,2026-03-27,375.78,Won,2026-04-01,Referral
9309,657,2,2026-03-31,664.96,Won,2026-04-01,Referral
9310,1181,6,2026-03-22,1712.7,Open,,Organic
9311,1197,5,2026-03-27,200.8,Won,2026-04-01,Organic
9312,255,6,2026-03-22,990.28,Won,2026-04-01,Home Services Marketplace
9313,852,3,2026-03-22,6740.41,Lost,,Home Services Marketplace
9314,1004,2,2026-04-02,435.95,Won,2026-04-02,Referral
9315,1308,5,2026-04-02,236.97,Won,2026-04-02,Home Services Marketplace
9316,550,6,2026-03-30,1053.88,Won,2026-04-02,Referral
9317,966,1,2026-04-02,459.79,Won,2026-04-02,Referral
9318,1228,3,2026-04-01,9334.17,Won,2026-04-02,Organic
9319,422,2,2026-04-01,613.67,Won,2026-04-02,Google
9320,1374,2,2026-03-22,676.72,Won,2026-04-02,Home Services Marketplace
9321,1062,2,2026-03-26,337.78,Won,2026-04-02,Organic
9322,1124,1,2026-03-29,715.94,Won,2026-04-03,Organic
9323,1229,5,2026-04-03,138.01,Open,,Google
9324,337,2,2026-03-25,1272.41,Won,2026-04-03,Google
9325,1016,1,2026-03-24,354.44,Won,2026-04-03,Google
9326,1020,7,2026-03-25,1611.4,Won,2026-04-03,Home Services Marketplace
9327,1297,2,2026-04-03,557.34,Won,2026-04-03,Home Services Marketplace
9328,1001,1,2026-03-26,813.06,Won,2026-04-03,Referral
9329,476,2,2026-03-25,393.44,Won,2026-04-03,Referral
9330,1103,5,2026-03-27,210.21,Won,2026-04-03,Google
9331,562,5,2026-03-26,167.44,Won,2026-04-03,Direct Mail
9332,625,4,2026-03-25,2087.29,Won,2026-04-03,Home Services Marketplace
9333,944,2,2026-03-26,768.99,Won,2026-04-03,Home Services Marketplace
9334,618,2,2026-03-29,568.34,Open,,Google
9335,1139,1,2026-03-31,621.45,Won,2026-04-03,Referral
9336,683,1,2026-03-28,515.01,Lost,,Home Services Marketplace
9337,624,2,2026-03-29,742.99,Open,,Google
9338,484,6,2026-03-28,2167.24,Won,2026-04-03,Google
9339,1241,1,2026-03-28,488.49,Won,2026-04-03,Google
9340,354,2,2026-03-30,628.08,Won,2026-04-03,Referral
9341,1153,1,2026-04-02,404.33,Won,2026-04-04,Referral
9342,1053,1,2026-04-01,549.06,Won,2026-04-04,Referral
9343,623,2,2026-03-24,588.69,Lost,,Google
9344,711,6,2026-04-03,1235.89,Won,2026-04-04,Google
9345,14,5,2026-03-29,157.12,Won,2026-04-04,Referral
9346,13,6,2026-04-02,1449.25,Open,,Referral
9347,766,1,2026-03-31,480.15,Lost,,Referral
9348,1274,1,2026-03-26,608.52,Lost,,Direct Mail
9349,409,3,2026-03-26,12999.93,Open,,Google
9350,707,6,2026-03-29,1316.14,Lost,,Organic
9351,489,5,2026-03-29,191.86,Won,2026-04-04,Google
9352,837,6,2026-03-29,1719.94,Won,2026-04-04,Home Services Marketplace
9353,960,1,2026-03-31,381.09,Won,2026-04-04,Home Services Marketplace
9354,1097,1,2026-03-28,451.1,Won,2026-04-05,Referral
9355,61,2,2026-04-03,529.0,Won,2026-04-05,Google
9356,1221,5,2026-04-05,200.59,Won,2026-04-05,Referral
9357,625,1,2026-04-05,517.46,Won,2026-04-05,Home Services Marketplace
9358,829,4,2026-04-03,3020.97,Open,,Referral
9359,745,1,2026-03-26,575.81,Won,2026-04-06,Organic
9360,153,1,2026-04-01,466.32,Open,,Organic
9361,714,5,2026-04-05,164.32,Lost,,Direct Mail
9362,1010,5,2026-04-02,168.47,Won,2026-04-06,Direct Mail
9363,1205,7,2026-04-02,1153.51,Won,2026-04-06,Referral
9364,8,1,2026-04-04,366.84,Won,2026-04-06,Google
9365,145,3,2026-03-28,22118.65,Won,2026-04-06,Organic
9366,575,7,2026-04-05,1005.21,Open,,Referral
9367,1069,5,2026-03-28,135.08,Won,2026-04-06,Organic
9368,556,2,2026-04-03,447.96,Won,2026-04-06,Google
9369,1297,1,2026-04-01,400.59,Won,2026-04-07,Home Services Marketplace
9370,1091,1,2026-03-26,489.96,Won,2026-04-07,Home Services Marketplace
9371,789,6,2026-03-28,1330.21,Won,2026-04-07,Home Services Marketplace
9372,699,6,2026-04-03,1504.03,Won,2026-04-07,Direct Mail
9373,1295,1,2026-03-27,379.74,Won,2026-04-07,Organic
9374,1129,5,2026-04-02,227.81,Won,2026-04-07,Referral
9375,95,1,2026-04-01,548.19,Won,2026-04-07,Organic
9376,322,5,2026-03-30,151.04,Won,2026-04-07,Google
9377,1084,2,2026-03-27,544.43,Won,2026-04-07,Home Services Marketplace
9378,722,5,2026-03-27,233.75,Open,,Referral
9379,1386,2,2026-03-30,498.55,Open,,Google
9380,218,7,2026-04-05,1702.51,Won,2026-04-07,Google
9381,77,1,2026-04-07,476.45,Open,,Referral
9382,19,5,2026-03-30,199.11,Won,2026-04-08,Referral
9383,354,2,2026-03-28,882.7,Open,,Referral
9384,1322,3,2026-04-06,10079.84,Open,,Google
9385,776,2,2026-03-30,483.01,Won,2026-04-08,Google
9386,419,5,2026-04-07,313.26,Won,2026-04-08,Google
9387,120,5,2026-04-08,189.24,Open,,Organic
9388,645,5,2026-03-28,215.37,Won,2026-04-08,Referral
9389,642,6,2026-04-04,1002.11,Won,2026-04-08,Direct Mail
9390,1173,6,2026-04-04,2184.54,Won,2026-04-08,Organic
9391,372,2,2026-03-31,989.56,Won,2026-04-08,Home Services Marketplace
9392,1054,1,2026-03-28,415.9,Won,2026-04-08,Google
9393,457,7,2026-04-03,1405.02,Won,2026-04-08,Referral
9394,363,2,2026-04-08,399.65,Won,2026-04-08,Organic
9395,57,4,2026-03-27,2380.38,Open,,Google
9396,687,2,2026-04-02,585.59,Open,,Google
9397,302,7,2026-03-31,1038.43,Lost,,Referral
9398,961,2,2026-03-30,675.81,Won,2026-04-09,Referral
9399,753,6,2026-03-28,1234.24,Won,2026-04-09,Home Services Marketplace
9400,779,1,2026-04-07,800.1,Won,2026-04-09,Home Services Marketplace
9401,503,1,2026-04-03,507.85,Won,2026-04-09,Direct Mail
9402,787,1,2026-04-02,861.12,Won,2026-04-09,Google
9403,148,1,2026-04-01,320.04,Won,2026-04-09,Referral
9404,1393,5,2026-04-02,171.31,Won,2026-04-09,Google
9405,283,1,2026-03-30,474.06,Won,2026-04-09,Organic
9406,200,2,2026-03-28,473.57,Won,2026-04-09,Direct Mail
9407,1153,5,2026-04-01,147.89,Open,,Referral
9408,76,3,2026-04-05,14916.44,Won,2026-04-10,Organic
9409,832,5,2026-04-07,196.89,Won,2026-04-10,Referral
9410,1411,1,2026-04-08,768.93,Won,2026-04-10,Google
9411,362,2,2026-03-29,477.76,Lost,,Referral
9412,1363,2,2026-04-06,554.15,Won,2026-04-10,Home Services Marketplace
9413,532,6,2026-03-31,1280.63,Won,2026-04-10,Direct Mail
9414,1063,4,2026-04-03,2379.28,Won,2026-04-10,Home Services Marketplace
9415,789,2,2026-04-06,539.83,Won,2026-04-10,Home Services Marketplace
9416,856,5,2026-04-04,188.11,Won,2026-04-10,Home Services Marketplace
9417,1124,1,2026-04-02,461.27,Lost,,Organic
9418,512,1,2026-04-03,387.67,Won,2026-04-10,Direct Mail
9419,153,6,2026-04-01,1242.74,Won,2026-04-10,Organic
9420,1366,1,2026-03-29,364.72,Lost,,Home Services Marketplace
9421,110,2,2026-04-09,886.25,Won,2026-04-10,Google
9422,1275,5,2026-04-03,198.9,Won,2026-04-10,Google
9423,1146,7,2026-04-04,1212.78,Won,2026-04-10,Home Services Marketplace
9424,1348,1,2026-04-02,633.28,Won,2026-04-10,Organic
9425,147,2,2026-04-03,610.99,Open,,Direct Mail
9426,893,1,2026-04-05,758.15,Won,2026-04-10,Referral
9427,869,5,2026-04-06,158.51,Open,,Google
9428,993,5,2026-04-03,173.38,Won,2026-04-11,Home Services Marketplace
9429,1263,4,2026-03-31,2440.95,Won,2026-04-11,Google
9430,1031,1,2026-04-04,715.85,Won,2026-04-11,Google
9431,913,6,2026-04-10,1319.94,Won,2026-04-11,Organic
9432,1244,6,2026-04-03,1265.26,Won,2026-04-11,Organic
9433,1290,5,2026-04-04,188.79,Won,2026-04-11,Google
9434,1352,2,2026-04-04,464.27,Won,2026-04-12,Direct Mail
9435,363,2,2026-04-11,615.01,Won,2026-04-12,Organic
9436,1242,2,2026-04-04,562.26,Lost,,Organic
9437,641,3,2026-04-05,9676.06,Won,2026-04-12,Home Services Marketplace
9438,228,2,2026-04-04,456.8,Won,2026-04-12,Google
9439,806,5,2026-04-09,189.88,Won,2026-04-12,Google
9440,594,3,2026-03-31,10436.07,Lost,,Organic
9441,1281,7,2026-04-04,982.48,Won,2026-04-12,Referral
9442,5,5,2026-04-11,165.69,Lost,,Referral
9443,1419,1,2026-03-31,652.27,Lost,,Google
9444,798,3,2026-04-11,12071.12,Open,,Referral
9445,1018,6,2026-04-03,1910.8,Won,2026-04-12,Google
9446,803,1,2026-04-12,517.89,Won,2026-04-12,Google
9447,1162,1,2026-04-03,526.6,Won,2026-04-13,Google
9448,99,2,2026-04-05,515.12,Won,2026-04-13,Google
9449,1056,4,2026-04-11,2875.08,Won,2026-04-13,Organic
9450,932,1,2026-04-05,586.29,Open,,Google
9451,1139,2,2026-04-04,589.9,Won,2026-04-13,Referral
9452,782,1,2026-04-09,462.45,Won,2026-04-13,Organic
9453,652,5,2026-04-12,222.22,Won,2026-04-13,Referral
9454,422,5,2026-04-05,173.48,Won,2026-04-13,Google
9455,1212,5,2026-04-08,165.46,Won,2026-04-13,Home Services Marketplace
9456,270,1,2026-04-06,528.6,Won,2026-04-13,Organic
9457,1004,6,2026-04-06,1273.05,Won,2026-04-13,Referral
9458,357,3,2026-04-02,9145.04,Open,,Referral
9459,1063,1,2026-04-05,540.53,Won,2026-04-13,Home Services Marketplace
9460,956,5,2026-04-02,214.72,Won,2026-04-13,Home Services Marketplace
9461,1423,5,2026-04-07,155.05,Won,2026-04-13,Home Services Marketplace
9462,1180,5,2026-04-13,282.82,Won,2026-04-13,Google
9463,696,1,2026-04-12,492.62,Won,2026-04-13,Organic
9464,1009,3,2026-04-01,13268.84,Won,2026-04-13,Google
9465,935,5,2026-04-04,205.03,Lost,,Home Services Marketplace
9466,113,5,2026-04-11,169.14,Won,2026-04-13,Google
9467,728,6,2026-04-08,1138.66,Won,2026-04-13,Direct Mail
9468,518,5,2026-04-02,220.72,Open,,Organic
9469,437,5,2026-04-02,196.91,Won,2026-04-13,Referral
9470,1366,6,2026-04-13,1078.59,Lost,,Home Services Marketplace
9471,697,1,2026-04-04,394.34,Open,,Google
9472,1088,3,2026-04-10,8180.21,Lost,,Home Services Marketplace
9473,1302,4,2026-04-06,3972.23,Won,2026-04-14,Home Services Marketplace
9474,1365,2,2026-04-11,460.94,Won,2026-04-14,Referral
9475,968,2,2026-04-04,561.78,Lost,,Organic
9476,1350,1,2026-04-03,431.56,Won,2026-04-14,Home Services Marketplace
9477,1210,1,2026-04-12,668.36,Open,,Google
9478,544,6,2026-04-13,921.09,Lost,,Referral
9479,590,6,2026-04-04,1125.56,Won,2026-04-14,Google
9480,1199,5,2026-04-07,203.99,Won,2026-04-14,Organic
9481,17,2,2026-04-09,700.19,Won,2026-04-14,Organic
9482,288,1,2026-04-07,431.85,Won,2026-04-14,Referral
9483,767,2,2026-04-14,522.78,Won,2026-04-14,Google
9484,1105,3,2026-04-07,9591.79,Lost,,Google
9485,1402,6,2026-04-12,1303.05,Open,,Google
9486,30,2,2026-04-13,542.75,Won,2026-04-14,Referral
9487,411,3,2026-04-06,11859.33,Won,2026-04-15,Organic
9488,239,7,2026-04-10,1239.46,Won,2026-04-15,Organic
9489,206,1,2026-04-13,475.42,Won,2026-04-15,Home Services Marketplace
9490,130,6,2026-04-09,1519.29,Open,,Home Services Marketplace
9491,667,5,2026-04-03,394.42,Won,2026-04-15,Organic
9492,671,1,2026-04-14,596.69,Won,2026-04-15,Home Services Marketplace
9493,1010,1,2026-04-14,582.26,Open,,Direct Mail
9494,227,1,2026-04-12,420.37,Won,2026-04-15,Home Services Marketplace
9495,180,3,2026-04-06,9951.69,Won,2026-04-15,Direct Mail
9496,523,5,2026-04-12,281.96,Won,2026-04-15,Referral
9497,930,1,2026-04-05,488.48,Open,,Referral
9498,188,1,2026-04-08,625.49,Won,2026-04-15,Google
9499,662,2,2026-04-15,575.42,Won,2026-04-15,Referral
9500,853,7,2026-04-07,1219.27,Lost,,Google
9501,449,5,2026-04-08,210.33,Won,2026-04-16,Google
9502,482,1,2026-04-11,501.94,Won,2026-04-16,Organic
9503,861,2,2026-04-07,972.91,Won,2026-04-16,Home Services Marketplace
9504,458,5,2026-04-16,219.47,Lost,,Referral
9505,1103,3,2026-04-16,8737.33,Lost,,Google
9506,670,6,2026-04-04,850.1,Lost,,Referral
9507,249,1,2026-04-05,617.06,Open,,Home Services Marketplace
9508,69,5,2026-04-06,205.19,Won,2026-04-16,Google
9509,741,2,2026-04-15,470.2,Won,2026-04-16,Google
9510,924,1,2026-04-11,670.35,Won,2026-04-16,Google
9511,1347,5,2026-04-04,246.34,Won,2026-04-16,Referral
9512,1151,1,2026-04-09,495.19,Won,2026-04-16,Referral
9513,147,5,2026-04-12,241.71,Won,2026-04-16,Direct Mail
9514,1120,4,2026-04-12,4117.71,Won,2026-04-16,Organic
9515,879,1,2026-04-11,481.06,Open,,Organic
9516,496,5,2026-04-13,173.77,Won,2026-04-16,Referral
9517,1259,2,2026-04-05,494.35,Open,,Organic
9518,196,7,2026-04-06,1110.52,Won,2026-04-16,Organic
9519,872,2,2026-04-06,435.42,Won,2026-04-17,Organic
9520,941,6,2026-04-17,781.45,Lost,,Referral
9521,444,6,2026-04-06,1207.98,Won,2026-04-17,Referral
9522,104,1,2026-04-09,475.7,Won,2026-04-17,Google
9523,1366,1,2026-04-05,444.67,Won,2026-04-17,Home Services Marketplace
9524,1181,5,2026-04-13,204.51,Won,2026-04-17,Organic
9525,939,5,2026-04-11,243.03,Won,2026-04-17,Organic
9526,1422,1,2026-04-13,512.71,Won,2026-04-17,Organic
9527,599,4,2026-04-16,4395.61,Lost,,Referral
9528,621,1,2026-04-06,550.44,Won,2026-04-17,Referral
9529,1359,2,2026-04-17,425.9,Won,2026-04-17,Google
9530,1155,3,2026-04-08,7078.73,Won,2026-04-17,Google
9531,769,5,2026-04-08,266.99,Won,2026-04-17,Google
9532,1052,6,2026-04-08,1326.08,Won,2026-04-17,Google
9533,722,5,2026-04-11,256.45,Won,2026-04-17,Referral
9534,1313,5,2026-04-14,203.22,Lost,,Google
9535,1326,1,2026-04-06,553.3,Won,2026-04-17,Referral
9536,753,2,2026-04-09,584.99,Won,2026-04-17,Home Services Marketplace
9537,1212,1,2026-04-12,554.89,Won,2026-04-17,Home Services Marketplace
9538,1065,2,2026-04-06,578.63,Won,2026-04-17,Home Services Marketplace
9539,1383,1,2026-04-13,495.69,Won,2026-04-17,Referral
9540,1,2,2026-04-14,512.67,Won,2026-04-17,Google
9541,8,6,2026-04-15,1716.81,Open,,Google
9542,512,1,2026-04-08,450.04,Won,2026-04-18,Direct Mail
9543,1123,1,2026-04-06,384.3,Won,2026-04-18,Google
9544,381,4,2026-04-12,1943.72,Lost,,Home Services Marketplace
9545,270,5,2026-04-06,213.36,Won,2026-04-18,Organic
9546,370,5,2026-04-16,218.15,Won,2026-04-18,Home Services Marketplace
9547,168,5,2026-04-15,179.04,Lost,,Referral
9548,225,2,2026-04-10,557.93,Won,2026-04-19,Home Services Marketplace
9549,456,1,2026-04-12,642.27,Won,2026-04-19,Organic
9550,726,3,2026-04-10,9375.91,Lost,,Referral
9551,158,2,2026-04-07,536.81,Won,2026-04-19,Home Services Marketplace
9552,644,2,2026-04-19,410.28,Won,2026-04-19,Referral
9553,676,5,2026-04-15,296.53,Won,2026-04-19,Google
9554,405,5,2026-04-09,277.72,Won,2026-04-19,Referral
9555,896,4,2026-04-18,2557.63,Won,2026-04-19,Google
9556,1009,6,2026-04-13,1213.68,Won,2026-04-19,Google
9557,319,4,2026-04-15,5071.07,Lost,,Google
9558,31,5,2026-04-10,269.67,Open,,Direct Mail
9559,63,5,2026-04-17,203.84,Open,,Google
9560,548,6,2026-04-11,2188.18,Won,2026-04-19,Google
9561,1299,5,2026-04-20,284.23,Won,2026-04-20,Home Services Marketplace
9562,1330,3,2026-04-16,10933.56,Open,,Home Services Marketplace
9563,807,5,2026-04-12,361.72,Open,,Direct Mail
9564,436,1,2026-04-16,481.46,Won,2026-04-20,Google
9565,1082,2,2026-04-16,444.16,Won,2026-04-20,Google
9566,457,1,2026-04-13,439.38,Lost,,Referral
9567,1182,1,2026-04-10,486.29,Lost,,Google
9568,200,7,2026-04-13,1274.52,Lost,,Direct Mail
9569,1350,1,2026-04-15,498.33,Won,2026-04-20,Home Services Marketplace
9570,1069,1,2026-04-09,579.14,Won,2026-04-20,Organic
9571,807,5,2026-04-15,277.9,Won,2026-04-20,Direct Mail
9572,1150,1,2026-04-10,985.32,Won,2026-04-21,Google
9573,808,1,2026-04-18,961.13,Open,,Google
9574,326,1,2026-04-12,486.22,Won,2026-04-21,Referral
9575,676,1,2026-04-10,982.17,Won,2026-04-21,Google
9576,530,4,2026-04-10,2310.32,Won,2026-04-21,Direct Mail
9577,744,5,2026-04-15,256.39,Lost,,Google
9578,489,5,2026-04-17,163.61,Won,2026-04-21,Google
9579,763,5,2026-04-21,268.98,Won,2026-04-21,Google
9580,244,5,2026-04-09,146.22,Lost,,Organic
9581,260,1,2026-04-21,909.72,Won,2026-04-21,Referral
9582,800,7,2026-04-16,1228.09,Open,,Google
9583,476,1,2026-04-18,452.04,Lost,,Referral
9584,1248,5,2026-04-11,179.07,Won,2026-04-21,Google
9585,1411,4,2026-04-11,2684.34,Won,2026-04-21,Google
9586,105,7,2026-04-19,1080.55,Won,2026-04-21,Referral
9587,1243,1,2026-04-16,461.0,Won,2026-04-21,Organic
9588,170,5,2026-04-11,173.89,Won,2026-04-21,Direct Mail
9589,1398,6,2026-04-09,1415.67,Won,2026-04-21,Google
9590,1055,1,2026-04-13,588.36,Won,2026-04-22,Organic
9591,1117,6,2026-04-12,1085.11,Won,2026-04-22,Google
9592,1292,5,2026-04-17,145.67,Won,2026-04-22,Home Services Marketplace
9593,761,3,2026-04-18,13851.13,Lost,,Google
9594,878,1,2026-04-13,310.1,Won,2026-04-22,Organic
9595,529,5,2026-04-10,226.11,Lost,,Google
9596,628,1,2026-04-17,385.25,Open,,Referral
9597,1172,1,2026-04-10,436.36,Won,2026-04-22,Referral
9598,1060,5,2026-04-13,136.69,Won,2026-04-22,Google
9599,1223,1,2026-04-22,552.14,Won,2026-04-22,Referral
9600,445,5,2026-04-22,158.08,Won,2026-04-22,Referral
9601,421,1,2026-04-16,570.31,Open,,Direct Mail
9602,748,5,2026-04-22,380.01,Won,2026-04-22,Google
9603,944,5,2026-04-19,170.24,Open,,Home Services Marketplace
9604,1298,1,2026-04-14,477.42,Won,2026-04-22,Direct Mail
9605,997,6,2026-04-16,1737.81,Lost,,Referral
9606,440,1,2026-04-19,506.33,Won,2026-04-23,Google
9607,1244,2,2026-04-11,448.33,Won,2026-04-23,Organic
9608,764,2,2026-04-22,470.81,Won,2026-04-23,Organic
9609,1210,1,2026-04-11,408.23,Won,2026-04-23,Google
9610,318,5,2026-04-17,299.55,Won,2026-04-23,Google
9611,141,5,2026-04-20,262.79,Won,2026-04-23,Google
9612,343,1,2026-04-21,529.41,Won,2026-04-23,Google
9613,351,5,2026-04-11,207.43,Won,2026-04-23,Home Services Marketplace
9614,259,3,2026-04-16,13572.84,Won,2026-04-23,Home Services Marketplace
9615,588,2,2026-04-14,431.58,Won,2026-04-23,Organic
9616,1101,1,2026-04-11,769.22,Open,,Home Services Marketplace
9617,341,5,2026-04-20,185.42,Won,2026-04-23,Organic
9618,907,1,2026-04-15,463.01,Won,2026-04-23,Google
9619,1424,2,2026-04-13,463.43,Won,2026-04-23,Referral
9620,1190,4,2026-04-14,3153.67,Won,2026-04-23,Organic
9621,131,5,2026-04-14,243.71,Lost,,Direct Mail
9622,601,2,2026-04-16,837.7,Won,2026-04-23,Google
9623,893,2,2026-04-18,639.97,Won,2026-04-23,Referral
9624,1050,5,2026-04-13,163.49,Won,2026-04-23,Referral
9625,909,1,2026-04-22,630.55,Open,,Home Services Marketplace
9626,777,2,2026-04-19,543.07,Won,2026-04-24,Direct Mail
9627,810,1,2026-04-15,438.98,Lost,,Referral
9628,561,4,2026-04-18,2764.08,Open,,Google
9629,1043,4,2026-04-13,1992.65,Won,2026-04-24,Referral
9630,207,1,2026-04-24,486.35,Won,2026-04-24,Referral
9631,967,2,2026-04-14,442.91,Won,2026-04-24,Google
9632,138,4,2026-04-14,3047.29,Won,2026-04-24,Google
9633,728,2,2026-04-12,455.71,Lost,,Direct Mail
9634,102,1,2026-04-17,446.17,Won,2026-04-24,Direct Mail
9635,753,5,2026-04-13,161.75,Lost,,Home Services Marketplace
9636,453,1,2026-04-24,600.16,Won,2026-04-24,Home Services Marketplace
9637,522,1,2026-04-19,455.96,Lost,,Google
9638,924,5,2026-04-15,324.83,Lost,,Google
9639,424,5,2026-04-24,265.87,Open,,Referral
9640,1373,1,2026-04-13,941.34,Won,2026-04-24,Referral
9641,1376,5,2026-04-14,177.75,Won,2026-04-24,Home Services Marketplace
9642,395,1,2026-04-18,718.75,Won,2026-04-24,Organic
9643,1434,2,2026-04-13,1087.68,Won,2026-04-24,Organic
9644,463,6,2026-04-18,1315.08,Won,2026-04-24,Organic
9645,1109,4,2026-04-12,3116.06,Won,2026-04-24,Referral
9646,884,5,2026-04-24,212.26,Open,,Google
9647,43,6,2026-04-20,1038.45,Won,2026-04-24,Google
9648,1201,5,2026-04-13,165.51,Won,2026-04-25,Home Services Marketplace
9649,1383,3,2026-04-17,8598.19,Open,,Referral
9650,1294,2,2026-04-23,350.41,Won,2026-04-25,Organic
9651,273,4,2026-04-22,1911.79,Won,2026-04-25,Direct Mail
9652,101,3,2026-04-13,12328.99,Won,2026-04-25,Organic
9653,169,1,2026-04-23,546.55,Lost,,Google
9654,234,2,2026-04-19,766.4,Won,2026-04-25,Organic
9655,1001,6,2026-04-16,2680.52,Lost,,Referral
9656,902,1,2026-04-21,546.69,Won,2026-04-25,Google
9657,1391,4,2026-04-20,2304.0,Won,2026-04-25,Google
9658,846,5,2026-04-15,222.2,Won,2026-04-25,Direct Mail
9659,585,1,2026-04-17,406.05,Won,2026-04-25,Organic
9660,1274,5,2026-04-15,241.86,Won,2026-04-25,Direct Mail
9661,853,5,2026-04-19,208.22,Lost,,Google
9662,1032,3,2026-04-21,17989.94,Won,2026-04-25,Referral
9663,435,2,2026-04-23,416.2,Won,2026-04-25,Home Services Marketplace
9664,730,4,2026-04-21,2193.12,Won,2026-04-25,Organic
9665,955,3,2026-04-14,11208.48,Won,2026-04-25,Organic
9666,1060,5,2026-04-15,202.84,Won,2026-04-26,Google
9667,169,5,2026-04-21,151.33,Won,2026-04-26,Google
9668,709,2,2026-04-24,626.03,Lost,,Organic
9669,1178,5,2026-04-25,172.65,Won,2026-04-26,Home Services Marketplace
9670,908,6,2026-04-19,1340.13,Won,2026-04-26,Organic
9671,217,6,2026-04-21,1227.04,Won,2026-04-26,Home Services Marketplace
9672,264,5,2026-04-26,186.84,Won,2026-04-26,Google
9673,146,6,2026-04-26,1120.53,Open,,Direct Mail
9674,484,1,2026-04-23,759.45,Won,2026-04-26,Google
9675,31,4,2026-04-18,2863.65,Won,2026-04-26,Direct Mail
9676,1366,5,2026-04-17,197.4,Won,2026-04-26,Home Services Marketplace
9677,27,2,2026-04-19,908.86,Open,,Google
9678,504,1,2026-04-20,356.67,Open,,Referral
9679,781,1,2026-04-26,615.93,Won,2026-04-27,Referral
9680,345,1,2026-04-21,568.81,Won,2026-04-27,Google
9681,519,1,2026-04-25,446.83,Won,2026-04-27,Direct Mail
9682,1353,1,2026-04-15,388.14,Lost,,Direct Mail
9683,1259,2,2026-04-26,804.34,Won,2026-04-27,Organic
9684,94,1,2026-04-26,271.82,Open,,Direct Mail
9685,1272,3,2026-04-19,16698.08,Won,2026-04-27,Referral
9686,289,2,2026-04-27,508.37,Open,,Google
9687,666,4,2026-04-27,5022.96,Open,,Google
9688,604,5,2026-04-16,175.92,Won,2026-04-28,Referral
9689,874,1,2026-04-21,1139.47,Won,2026-04-28,Referral
9690,183,1,2026-04-25,912.36,Lost,,Home Services Marketplace
9691,436,1,2026-04-17,492.82,Won,2026-04-28,Google
9692,813,2,2026-04-16,603.01,Won,2026-04-28,Organic
9693,867,4,2026-04-19,2112.65,Won,2026-04-28,Home Services Marketplace
9694,559,2,2026-04-28,489.68,Won,2026-04-28,Home Services Marketplace
9695,191,2,2026-04-19,549.27,Won,2026-04-28,Referral
9696,723,5,2026-04-21,180.22,Won,2026-04-28,Direct Mail
9697,834,2,2026-04-18,595.45,Open,,Google
9698,530,2,2026-04-25,831.26,Won,2026-04-28,Direct Mail
9699,631,2,2026-04-27,580.3,Open,,Organic
9700,116,6,2026-04-17,1282.89,Lost,,Organic
9701,54,2,2026-04-26,485.89,Won,2026-04-28,Google
9702,168,1,2026-04-26,479.38,Won,2026-04-28,Referral
9703,868,6,2026-04-26,956.21,Won,2026-04-28,Google
9704,1357,2,2026-04-18,455.73,Won,2026-04-28,Google
9705,294,7,2026-04-20,945.09,Won,2026-04-28,Referral
9706,151,1,2026-04-26,682.02,Won,2026-04-28,Home Services Marketplace
9707,320,2,2026-04-26,783.0,Lost,,Referral
9708,1094,2,2026-04-29,426.48,Open,,Google
9709,646,2,2026-04-27,556.76,Lost,,Google
9710,842,3,2026-04-28,8053.38,Won,2026-04-29,Referral
9711,523,1,2026-04-17,759.01,Won,2026-04-29,Referral
9712,549,5,2026-04-19,286.51,Won,2026-04-29,Home Services Marketplace
9713,595,7,2026-04-17,961.68,Open,,Google
9714,819,4,2026-04-23,2334.34,Won,2026-04-29,Organic
9715,549,7,2026-04-21,1287.97,Won,2026-04-29,Home Services Marketplace
9716,687,2,2026-04-19,554.46,Won,2026-04-29,Google
9717,6,1,2026-04-26,325.48,Open,,Home Services Marketplace
9718,123,1,2026-04-25,500.92,Open,,Google
9719,1040,1,2026-04-28,406.66,Won,2026-04-29,Google
9720,362,1,2026-04-21,616.97,Won,2026-04-29,Referral
9721,136,5,2026-04-25,374.2,Won,2026-04-29,Google
9722,1202,4,2026-04-24,2392.19,Won,2026-04-29,Google
9723,673,5,2026-04-26,191.12,Won,2026-04-30,Referral
9724,1367,1,2026-04-19,425.28,Won,2026-04-30,Organic
9725,135,2,2026-04-30,389.86,Won,2026-04-30,Home Services Marketplace
9726,537,1,2026-04-22,422.18,Lost,,Organic
9727,226,3,2026-04-26,11125.29,Won,2026-04-30,Google
9728,542,5,2026-04-25,194.12,Won,2026-04-30,Google
9729,1171,2,2026-04-28,455.67,Won,2026-04-30,Direct Mail
9730,1415,1,2026-04-30,418.88,Won,2026-04-30,Organic
9731,1032,1,2026-04-21,722.61,Won,2026-04-30,Referral
9732,866,2,2026-04-28,582.49,Won,2026-04-30,Organic
9733,783,1,2026-04-24,369.51,Won,2026-04-30,Google
9734,274,3,2026-04-28,10498.66,Won,2026-04-30,Google
9735,159,5,2026-04-26,165.08,Won,2026-05-01,Google
9736,1266,5,2026-04-28,164.43,Open,,Google
9737,292,4,2026-04-28,2577.44,Open,,Home Services Marketplace
9738,263,6,2026-05-01,2131.63,Won,2026-05-01,Organic
9739,861,2,2026-04-24,492.2,Won,2026-05-01,Home Services Marketplace
9740,295,2,2026-04-27,491.69,Won,2026-05-01,Google
9741,718,2,2026-05-01,542.12,Won,2026-05-01,Organic
9742,563,2,2026-04-27,827.16,Won,2026-05-01,Direct Mail
9743,1188,1,2026-04-21,354.03,Won,2026-05-01,Referral
9744,920,6,2026-04-27,935.66,Won,2026-05-01,Google
9745,751,6,2026-04-27,1058.67,Won,2026-05-01,Google
9746,153,5,2026-04-21,212.0,Won,2026-05-01,Organic
9747,246,2,2026-04-22,502.64,Won,2026-05-01,Referral
9748,695,1,2026-04-30,551.21,Won,2026-05-02,Google
9749,415,1,2026-04-21,430.83,Won,2026-05-02,Referral
9750,435,6,2026-04-29,1580.1,Lost,,Home Services Marketplace
9751,169,2,2026-04-23,664.56,Won,2026-05-02,Google
9752,135,6,2026-04-27,1225.19,Lost,,Home Services Marketplace
9753,1376,5,2026-04-27,142.03,Won,2026-05-02,Home Services Marketplace
9754,1396,1,2026-04-27,384.66,Won,2026-05-02,Home Services Marketplace
9755,488,5,2026-04-24,197.82,Won,2026-05-02,Home Services Marketplace
9756,1163,5,2026-04-28,161.22,Open,,Google
9757,810,4,2026-04-20,2202.05,Won,2026-05-02,Referral
9758,1416,1,2026-04-30,393.77,Open,,Referral
9759,1078,6,2026-04-23,972.58,Won,2026-05-02,Home Services Marketplace
9760,1148,1,2026-04-27,685.31,Won,2026-05-02,Home Services Marketplace
9761,1151,3,2026-04-28,11446.56,Won,2026-05-03,Referral
9762,535,5,2026-04-27,236.42,Won,2026-05-03,Home Services Marketplace
9763,1418,5,2026-04-26,371.47,Won,2026-05-03,Home Services Marketplace
9764,692,4,2026-05-02,4608.76,Won,2026-05-03,Organic
9765,893,1,2026-04-28,965.58,Won,2026-05-03,Referral
9766,1403,1,2026-05-01,538.54,Open,,Organic
9767,1324,3,2026-04-23,7992.24,Won,2026-05-03,Google
9768,683,1,2026-05-01,439.19,Open,,Home Services Marketplace
9769,6,5,2026-04-22,233.23,Won,2026-05-03,Home Services Marketplace
9770,388,1,2026-04-21,564.05,Won,2026-05-03,Google
9771,1088,4,2026-05-01,2158.41,Open,,Home Services Marketplace
9772,1188,1,2026-04-26,552.07,Won,2026-05-03,Referral
9773,1391,1,2026-05-02,543.6,Won,2026-05-03,Google
9774,1442,7,2026-05-03,2473.4,Won,2026-05-03,Home Services Marketplace
9775,1396,7,2026-04-26,1028.18,Won,2026-05-03,Home Services Marketplace
9776,942,5,2026-04-25,185.03,Won,2026-05-03,Google
9777,244,2,2026-05-03,445.2,Won,2026-05-03,Organic
9778,131,1,2026-04-26,412.17,Lost,,Direct Mail
9779,311,1,2026-05-01,493.45,Open,,Referral
9780,254,5,2026-05-03,152.68,Open,,Google
9781,859,2,2026-05-01,529.62,Won,2026-05-04,Home Services Marketplace
9782,1360,6,2026-04-23,1154.69,Open,,Organic
9783,294,1,2026-05-02,447.33,Won,2026-05-04,Referral
9784,500,5,2026-04-29,323.01,Open,,Direct Mail
9785,604,2,2026-05-01,466.84,Won,2026-05-04,Referral
9786,782,3,2026-05-04,9300.26,Won,2026-05-04,Organic
9787,837,4,2026-04-30,2274.83,Won,2026-05-04,Home Services Marketplace
9788,214,5,2026-05-03,261.42,Won,2026-05-04,Google
9789,122,1,2026-05-04,521.51,Won,2026-05-04,Referral
9790,245,1,2026-04-24,867.13,Won,2026-05-04,Home Services Marketplace
9791,679,1,2026-05-03,392.15,Won,2026-05-04,Google
9792,202,1,2026-04-30,448.92,Won,2026-05-04,Google
9793,344,2,2026-04-22,467.39,Won,2026-05-04,Referral
9794,1088,2,2026-04-26,682.8,Won,2026-05-04,Home Services Marketplace
9795,1098,6,2026-04-23,1103.55,Won,2026-05-04,Direct Mail
9796,567,1,2026-04-27,551.51,Lost,,Referral
9797,1054,4,2026-05-05,2224.83,Won,2026-05-05,Google
9798,427,5,2026-04-25,155.04,Lost,,Home Services Marketplace
9799,1203,6,2026-04-23,1009.0,Won,2026-05-05,Google
9800,1298,6,2026-04-23,1156.58,Won,2026-05-05,Direct Mail
9801,981,1,2026-05-02,540.94,Lost,,Referral
9802,240,1,2026-04-24,404.27,Won,2026-05-05,Direct Mail
9803,526,5,2026-05-03,162.89,Won,2026-05-05,Google
9804,41,2,2026-05-04,622.22,Won,2026-05-05,Google
9805,1016,2,2026-04-24,654.96,Won,2026-05-05,Google
9806,436,2,2026-04-23,503.35,Won,2026-05-05,Google
9807,703,5,2026-05-01,202.53,Won,2026-05-05,Organic
9808,1217,2,2026-05-04,522.95,Open,,Google
9809,239,4,2026-05-03,2582.45,Won,2026-05-05,Organic
9810,796,5,2026-04-23,190.22,Won,2026-05-05,Google
9811,220,5,2026-04-27,218.27,Won,2026-05-05,Referral
9812,571,7,2026-05-03,1050.0,Won,2026-05-05,Referral
9813,711,4,2026-04-23,2353.55,Open,,Google
9814,1404,7,2026-05-01,1114.16,Won,2026-05-05,Organic
9815,727,1,2026-04-29,516.6,Won,2026-05-05,Organic
9816,517,4,2026-05-03,2285.05,Won,2026-05-05,Google
9817,1159,1,2026-04-26,455.89,Lost,,Referral
9818,299,1,2026-05-03,428.35,Won,2026-05-06,Referral
9819,570,2,2026-04-28,787.39,Won,2026-05-06,Organic
9820,1310,2,2026-05-05,471.38,Open,,Organic
9821,591,5,2026-05-06,157.73,Won,2026-05-06,Organic
9822,683,2,2026-04-30,574.85,Won,2026-05-06,Home Services Marketplace
9823,428,1,2026-04-24,607.54,Won,2026-05-06,Organic
9824,583,1,2026-04-24,495.15,Won,2026-05-06,Google
9825,984,6,2026-04-28,1627.22,Won,2026-05-06,Referral
9826,365,4,2026-05-05,2255.18,Lost,,Organic
9827,184,6,2026-05-04,1020.86,Won,2026-05-06,Google
9828,1343,2,2026-04-26,698.96,Won,2026-05-06,Google
9829,991,1,2026-04-30,610.67,Open,,Referral
9830,1022,1,2026-04-25,456.24,Won,2026-05-06,Home Services Marketplace
9831,97,5,2026-04-24,300.4,Won,2026-05-06,Google
9832,1253,1,2026-04-26,500.06,Won,2026-05-06,Referral
9833,121,5,2026-04-29,285.82,Won,2026-05-06,Home Services Marketplace
9834,1046,1,2026-04-29,608.52,Open,,Home Services Marketplace
9835,1428,2,2026-05-01,468.33,Open,,Organic
9836,661,2,2026-05-02,375.24,Won,2026-05-07,Google
9837,1221,5,2026-05-07,233.05,Won,2026-05-07,Referral
9838,859,1,2026-05-07,328.01,Won,2026-05-07,Home Services Marketplace
9839,796,1,2026-05-04,456.57,Open,,Google
9840,934,5,2026-04-25,198.64,Won,2026-05-07,Home Services Marketplace
9841,568,2,2026-05-03,834.15,Open,,Google
9842,627,5,2026-04-27,152.0,Won,2026-05-07,Google
9843,1188,4,2026-04-30,2705.7,Won,2026-05-07,Referral
9844,89,1,2026-04-25,422.08,Won,2026-05-07,Home Services Marketplace
9845,672,4,2026-04-28,2711.36,Open,,Google
9846,404,5,2026-04-27,198.26,Won,2026-05-08,Referral
9847,808,6,2026-05-02,2044.08,Won,2026-05-08,Google
9848,800,4,2026-05-02,2319.12,Open,,Google
9849,1029,2,2026-05-02,861.13,Won,2026-05-08,Organic
9850,24,4,2026-05-04,2994.39,Won,2026-05-08,Referral
9851,1110,1,2026-05-04,603.09,Won,2026-05-08,Organic
9852,120,6,2026-04-27,845.08,Won,2026-05-08,Organic
9853,98,5,2026-04-27,206.21,Won,2026-05-08,Referral
9854,909,5,2026-05-04,230.44,Won,2026-05-08,Home Services Marketplace
9855,168,7,2026-04-29,1410.14,Won,2026-05-08,Referral
9856,196,2,2026-05-01,462.99,Won,2026-05-08,Organic
9857,529,1,2026-05-01,551.2,Won,2026-05-08,Google
9858,69,3,2026-04-29,8423.19,Won,2026-05-08,Google
9859,565,1,2026-05-06,391.81,Won,2026-05-08,Referral
9860,544,1,2026-05-07,465.33,Lost,,Referral
9861,308,5,2026-05-05,250.19,Lost,,Referral
9862,398,1,2026-04-27,427.51,Won,2026-05-08,Direct Mail
9863,270,3,2026-05-06,11038.99,Won,2026-05-08,Organic
9864,240,5,2026-04-30,140.5,Won,2026-05-08,Direct Mail
9865,896,2,2026-05-02,668.09,Lost,,Google
9866,1134,1,2026-05-04,435.12,Open,,Google
9867,241,2,2026-05-06,487.43,Won,2026-05-08,Referral
9868,1136,2,2026-05-08,998.06,Open,,Organic
9869,573,5,2026-05-07,188.63,Won,2026-05-09,Direct Mail
9870,1160,5,2026-05-08,356.19,Won,2026-05-09,Google
9871,515,5,2026-04-30,199.93,Won,2026-05-09,Direct Mail
9872,1172,5,2026-05-03,182.96,Won,2026-05-09,Referral
9873,1422,1,2026-04-28,410.53,Won,2026-05-09,Organic
9874,22,1,2026-05-07,573.72,Won,2026-05-09,Google
9875,696,7,2026-04-28,1084.88,Won,2026-05-09,Organic
9876,125,5,2026-05-06,149.8,Lost,,Google
9877,1148,1,2026-05-02,413.16,Lost,,Home Services Marketplace
9878,866,1,2026-05-08,609.27,Won,2026-05-09,Organic
9879,460,2,2026-05-06,511.07,Won,2026-05-09,Referral
9880,10,7,2026-05-10,1564.23,Lost,,Google
9881,487,1,2026-05-03,486.05,Won,2026-05-10,Home Services Marketplace
9882,1405,1,2026-05-04,348.79,Won,2026-05-10,Google
9883,882,1,2026-04-30,573.44,Won,2026-05-10,Home Services Marketplace
9884,160,1,2026-05-01,544.61,Won,2026-05-10,Google
9885,1220,2,2026-05-03,702.42,Won,2026-05-10,Google
9886,1428,2,2026-05-01,380.94,Won,2026-05-10,Organic
9887,549,5,2026-05-10,177.07,Lost,,Home Services Marketplace
9888,628,5,2026-05-02,218.6,Won,2026-05-10,Referral
9889,783,2,2026-05-06,412.81,Won,2026-05-11,Google
9890,766,3,2026-05-02,7854.57,Lost,,Referral
9891,1051,2,2026-04-29,461.62,Won,2026-05-11,Organic
9892,710,2,2026-05-11,544.44,Won,2026-05-11,Google
9893,1144,5,2026-05-10,163.51,Won,2026-05-11,Google
9894,1070,4,2026-05-11,1762.15,Won,2026-05-11,Organic
9895,320,2,2026-05-04,439.67,Open,,Referral
9896,674,1,2026-05-07,653.54,Lost,,Referral
9897,1395,1,2026-05-11,493.67,Open,,Home Services Marketplace
9898,1176,1,2026-05-02,479.75,Lost,,Referral
9899,1382,6,2026-05-06,1358.07,Won,2026-05-11,Home Services Marketplace
9900,158,1,2026-05-08,400.67,Lost,,Home Services Marketplace
9901,372,5,2026-05-06,317.46,Won,2026-05-11,Home Services Marketplace
9902,564,4,2026-05-03,2367.07,Won,2026-05-12,Direct Mail
9903,1170,1,2026-05-12,348.47,Won,2026-05-12,Google
9904,1025,3,2026-05-02,8785.37,Won,2026-05-12,Referral
9905,924,1,2026-05-09,1305.51,Lost,,Google
9906,683,1,2026-05-06,446.39,Won,2026-05-12,Home Services Marketplace
9907,1357,6,2026-05-05,982.66,Lost,,Google
9908,596,1,2026-05-09,567.22,Won,2026-05-12,Referral
9909,140,4,2026-05-12,2335.98,Open,,Google
9910,1309,1,2026-05-04,552.07,Won,2026-05-12,Direct Mail
9911,1253,7,2026-05-06,827.63,Won,2026-05-12,Referral
9912,895,4,2026-05-08,2975.07,Won,2026-05-12,Google
9913,1292,5,2026-05-06,163.49,Won,2026-05-12,Home Services Marketplace
9914,605,7,2026-05-01,2411.97,Lost,,Google
9915,491,1,2026-05-12,555.68,Won,2026-05-12,Organic
9916,992,5,2026-05-11,261.55,Won,2026-05-12,Organic
9917,325,7,2026-05-09,1126.7,Won,2026-05-12,Referral
9918,101,5,2026-05-08,146.46,Won,2026-05-12,Organic
9919,153,1,2026-05-08,440.04,Lost,,Organic
9920,806,6,2026-05-06,935.45,Won,2026-05-13,Google
9921,612,1,2026-05-06,402.55,Won,2026-05-13,Google
9922,625,5,2026-05-11,271.96,Open,,Home Services Marketplace
9923,1143,6,2026-05-01,1313.1,Open,,Organic
9924,625,5,2026-05-09,187.27,Open,,Home Services Marketplace
9925,156,5,2026-05-01,174.46,Won,2026-05-13,Google
9926,861,7,2026-05-13,1038.83,Won,2026-05-13,Home Services Marketplace
9927,105,5,2026-05-03,161.59,Won,2026-05-13,Referral
9928,961,3,2026-05-11,7085.21,Open,,Referral
9929,583,2,2026-05-02,565.59,Open,,Google
9930,316,2,2026-05-05,631.55,Won,2026-05-13,Google
9931,574,5,2026-05-11,226.73,Lost,,Organic
9932,1283,6,2026-05-04,1495.34,Won,2026-05-13,Referral
9933,1416,1,2026-05-06,602.23,Open,,Referral
9934,40,5,2026-05-02,159.79,Won,2026-05-13,Direct Mail
9935,91,1,2026-05-07,353.82,Won,2026-05-13,Home Services Marketplace
9936,761,6,2026-05-10,1043.48,Won,2026-05-13,Google
9937,1223,2,2026-05-08,562.02,Won,2026-05-13,Referral
9938,491,5,2026-05-10,248.39,Won,2026-05-13,Organic
9939,35,3,2026-05-13,12517.09,Lost,,Direct Mail
9940,1398,2,2026-05-12,520.04,Won,2026-05-14,Google
9941,1066,6,2026-05-07,976.64,Won,2026-05-14,Referral
9942,624,1,2026-05-07,929.88,Won,2026-05-14,Google
9943,356,1,2026-05-14,459.58,Won,2026-05-14,Direct Mail
9944,1359,4,2026-05-13,3131.41,Open,,Google
9945,1176,2,2026-05-10,501.99,Won,2026-05-14,Referral
9946,197,5,2026-05-12,143.42,Open,,Direct Mail
9947,336,5,2026-05-05,229.31,Lost,,Direct Mail
9948,363,6,2026-05-03,953.24,Won,2026-05-14,Organic
9949,1154,3,2026-05-03,12177.49,Won,2026-05-14,Organic
9950,823,5,2026-05-12,195.07,Won,2026-05-14,Home Services Marketplace
9951,991,3,2026-05-05,13862.74,Won,2026-05-14,Referral
9952,1108,5,2026-05-13,203.8,Lost,,Organic
9953,1271,5,2026-05-13,191.01,Won,2026-05-14,Referral
9954,1380,1,2026-05-09,401.29,Won,2026-05-15,Referral
9955,93,1,2026-05-11,408.15,Lost,,Google
9956,904,1,2026-05-03,518.67,Won,2026-05-15,Google
9957,450,3,2026-05-03,13023.44,Lost,,Home Services Marketplace
9958,202,1,2026-05-11,466.79,Won,2026-05-15,Google
9959,639,2,2026-05-04,501.94,Won,2026-05-15,Google
9960,3,5,2026-05-15,225.96,Won,2026-05-15,Google
9961,412,2,2026-05-14,493.62,Won,2026-05-15,Home Services Marketplace
9962,567,6,2026-05-10,1413.01,Won,2026-05-15,Referral
9963,641,4,2026-05-14,2408.59,Won,2026-05-15,Home Services Marketplace
9964,897,5,2026-05-06,186.41,Won,2026-05-15,Organic
9965,1117,6,2026-05-07,923.04,Won,2026-05-15,Google
9966,372,6,2026-05-03,2649.05,Won,2026-05-15,Home Services Marketplace
9967,1091,3,2026-05-07,10444.29,Won,2026-05-15,Home Services Marketplace
9968,1138,1,2026-05-13,564.0,Won,2026-05-15,Organic
9969,519,5,2026-05-07,189.38,Won,2026-05-15,Direct Mail
9970,239,2,2026-05-12,386.1,Won,2026-05-15,Organic
9971,1073,1,2026-05-08,1051.17,Lost,,Direct Mail
9972,468,4,2026-05-09,2053.41,Won,2026-05-16,Referral
9973,1221,2,2026-05-11,531.47,Won,2026-05-16,Referral
9974,325,4,2026-05-10,2659.71,Open,,Referral
9975,734,5,2026-05-13,193.58,Won,2026-05-16,Google
9976,551,1,2026-05-05,374.09,Won,2026-05-16,Organic
9977,914,2,2026-05-16,496.15,Won,2026-05-16,Home Services Marketplace
9978,869,6,2026-05-09,1043.58,Won,2026-05-16,Google
9979,843,5,2026-05-04,241.02,Won,2026-05-16,Referral
9980,1235,3,2026-05-13,14743.18,Lost,,Referral
9981,883,1,2026-05-16,401.99,Won,2026-05-16,Organic
9982,34,6,2026-05-04,1418.98,Won,2026-05-16,Direct Mail
9983,924,6,2026-05-06,2284.61,Won,2026-05-16,Google
9984,247,5,2026-05-14,148.56,Lost,,Referral
9985,1002,1,2026-05-05,487.0,Won,2026-05-17,Google
9986,681,3,2026-05-16,8463.63,Won,2026-05-17,Referral
9987,807,1,2026-05-11,730.51,Open,,Direct Mail
9988,1042,5,2026-05-05,221.9,Won,2026-05-17,Google
9989,1386,1,2026-05-08,452.41,Lost,,Google
9990,1258,2,2026-05-09,494.27,Open,,Google
9991,358,5,2026-05-12,216.54,Won,2026-05-17,Referral
9992,1209,5,2026-05-07,197.49,Won,2026-05-17,Direct Mail
9993,1078,1,2026-05-14,454.02,Open,,Home Services Marketplace
9994,836,5,2026-05-09,218.45,Won,2026-05-17,Google
9995,340,1,2026-05-13,482.91,Won,2026-05-17,Google
9996,30,1,2026-05-12,721.79,Won,2026-05-17,Referral
9997,1197,5,2026-05-12,162.18,Won,2026-05-17,Organic
9998,1155,5,2026-05-16,152.83,Won,2026-05-17,Google
9999,868,5,2026-05-07,219.8,Won,2026-05-17,Google
10000,941,1,2026-05-13,456.17,Won,2026-05-17,Referral
10001,93,1,2026-05-09,416.75,Won,2026-05-17,Google
10002,977,2,2026-05-06,490.7,Won,2026-05-17,Direct Mail
10003,24,6,2026-05-10,1355.88,Won,2026-05-17,Referral
10004,777,5,2026-05-09,213.75,Won,2026-05-18,Direct Mail
10005,1199,2,2026-05-12,524.87,Won,2026-05-18,Organic
10006,256,5,2026-05-09,211.14,Won,2026-05-18,Home Services Marketplace
10007,275,3,2026-05-14,9771.95,Won,2026-05-18,Google
10008,1106,4,2026-05-07,2331.09,Won,2026-05-18,Google
10009,525,6,2026-05-10,1267.77,Lost,,Google
10010,593,1,2026-05-17,400.22,Won,2026-05-18,Home Services Marketplace
10011,188,1,2026-05-11,491.9,Won,2026-05-18,Google
10012,243,1,2026-05-17,587.46,Open,,Direct Mail
10013,78,4,2026-05-07,4723.13,Won,2026-05-18,Google
10014,292,2,2026-05-18,677.48,Won,2026-05-18,Home Services Marketplace
10015,1136,3,2026-05-14,14509.51,Open,,Organic
10016,11,1,2026-05-14,412.81,Won,2026-05-18,Referral
10017,233,5,2026-05-14,149.58,Won,2026-05-18,Google
10018,1086,2,2026-05-18,404.55,Won,2026-05-18,Google
10019,1437,5,2026-05-08,161.84,Open,,Home Services Marketplace
10020,836,3,2026-05-16,10652.15,Lost,,Google
10021,116,2,2026-05-08,424.91,Lost,,Organic
10022,379,1,2026-05-15,413.94,Open,,Organic
10023,162,2,2026-05-06,471.54,Won,2026-05-18,Organic
10024,172,1,2026-05-12,967.08,Won,2026-05-18,Organic
10025,674,3,2026-05-15,8110.81,Won,2026-05-18,Referral
10026,1150,3,2026-05-18,17033.4,Open,,Google
10027,1004,5,2026-05-19,204.59,Won,2026-05-19,Referral
10028,778,1,2026-05-14,433.95,Won,2026-05-19,Google
10029,1121,2,2026-05-12,531.73,Won,2026-05-19,Google
10030,556,1,2026-05-16,442.21,Won,2026-05-19,Google
10031,1390,2,2026-05-16,431.59,Won,2026-05-19,Organic
10032,463,6,2026-05-09,1380.66,Open,,Organic
10033,93,4,2026-05-15,2261.64,Won,2026-05-19,Google
10034,541,1,2026-05-07,473.38,Won,2026-05-19,Organic
10035,667,4,2026-05-07,3734.62,Lost,,Organic
10036,690,5,2026-05-16,227.11,Won,2026-05-19,Referral
10037,486,4,2026-05-10,3921.55,Lost,,Google
10038,923,1,2026-05-10,529.06,Won,2026-05-19,Referral
10039,1372,1,2026-05-10,543.49,Won,2026-05-19,Referral
10040,84,1,2026-05-19,606.95,Won,2026-05-19,Home Services Marketplace
10041,77,6,2026-05-12,1117.28,Won,2026-05-19,Referral
10042,452,7,2026-05-09,1089.77,Won,2026-05-19,Organic
10043,883,5,2026-05-10,249.26,Won,2026-05-20,Organic
10044,1172,1,2026-05-17,414.93,Won,2026-05-20,Referral
10045,928,1,2026-05-19,692.29,Won,2026-05-20,Organic
10046,747,2,2026-05-16,651.93,Won,2026-05-20,Referral
10047,278,5,2026-05-14,181.64,Won,2026-05-20,Google
10048,141,5,2026-05-11,227.53,Won,2026-05-20,Google
10049,22,2,2026-05-16,461.87,Open,,Google
10050,575,1,2026-05-08,430.27,Won,2026-05-20,Referral
10051,1391,5,2026-05-11,209.11,Won,2026-05-20,Google
10052,1417,5,2026-05-15,124.71,Won,2026-05-20,Organic
10053,637,5,2026-05-16,206.54,Won,2026-05-20,Referral
10054,763,1,2026-05-20,405.58,Won,2026-05-20,Google
10055,215,5,2026-05-15,188.89,Open,,Direct Mail
10056,981,5,2026-05-17,174.03,Won,2026-05-20,Referral
10057,995,7,2026-05-12,1180.84,Lost,,Direct Mail
10058,834,2,2026-05-13,616.94,Won,2026-05-20,Google
10059,1114,1,2026-05-15,491.44,Won,2026-05-20,Home Services Marketplace
10060,1269,5,2026-05-15,162.26,Won,2026-05-20,Referral
10061,703,5,2026-05-16,154.99,Won,2026-05-20,Organic
10062,251,1,2026-05-19,396.53,Won,2026-05-20,Organic
10063,245,5,2026-05-11,172.63,Open,,Home Services Marketplace
10064,359,1,2026-05-10,501.39,Won,2026-05-21,Google
10065,722,1,2026-05-13,469.78,Won,2026-05-21,Referral
10066,179,1,2026-05-15,514.29,Won,2026-05-21,Organic
10067,302,5,2026-05-09,114.66,Won,2026-05-21,Referral
10068,1215,5,2026-05-12,378.3,Lost,,Referral
10069,150,1,2026-05-17,463.27,Lost,,Google
10070,162,5,2026-05-14,228.57,Won,2026-05-21,Organic
10071,283,1,2026-05-10,534.74,Won,2026-05-21,Organic
10072,379,5,2026-05-14,202.03,Lost,,Organic
10073,632,1,2026-05-17,490.55,Won,2026-05-21,Referral
10074,653,1,2026-05-16,411.93,Won,2026-05-21,Google
10075,93,6,2026-05-10,1021.91,Won,2026-05-21,Google
10076,1004,1,2026-05-11,471.44,Won,2026-05-21,Referral
10077,287,1,2026-05-17,737.7,Won,2026-05-21,Direct Mail
10078,1223,5,2026-05-20,191.68,Won,2026-05-21,Referral
10079,474,3,2026-05-16,9881.04,Won,2026-05-21,Google
10080,234,6,2026-05-09,1942.27,Lost,,Organic
10081,465,5,2026-05-17,178.4,Won,2026-05-21,Referral
10082,88,3,2026-05-11,19491.29,Open,,Google
10083,1312,4,2026-05-10,2405.09,Open,,Referral
10084,1191,7,2026-05-09,1566.75,Open,,Referral
10085,1402,6,2026-05-13,1006.57,Won,2026-05-21,Google
10086,4,1,2026-05-16,441.97,Won,2026-05-22,Google
10087,336,4,2026-05-19,2078.89,Open,,Direct Mail
10088,290,1,2026-05-10,367.41,Won,2026-05-22,Organic
10089,277,3,2026-05-13,12235.41,Open,,Google
10090,540,2,2026-05-13,507.7,Open,,Organic
10091,524,5,2026-05-14,184.79,Won,2026-05-22,Referral
10092,41,5,2026-05-12,225.6,Won,2026-05-22,Google
10093,1135,5,2026-05-12,172.37,Won,2026-05-22,Organic
10094,405,1,2026-05-17,858.09,Won,2026-05-22,Referral
10095,54,2,2026-05-18,575.71,Won,2026-05-22,Google
10096,1296,4,2026-05-10,2033.62,Won,2026-05-22,Referral
10097,401,3,2026-05-18,8392.24,Won,2026-05-22,Referral
10098,1207,6,2026-05-15,1465.57,Won,2026-05-22,Organic
10099,1396,2,2026-05-21,660.04,Won,2026-05-22,Home Services Marketplace
10100,905,3,2026-05-18,10023.02,Lost,,Home Services Marketplace
10101,1149,5,2026-05-21,188.31,Open,,Home Services Marketplace
10102,503,5,2026-05-22,207.05,Won,2026-05-22,Direct Mail
10103,361,7,2026-05-16,1756.07,Open,,Organic
10104,763,1,2026-05-14,514.01,Won,2026-05-23,Google
10105,464,6,2026-05-12,1148.4,Won,2026-05-23,Google
10106,1282,5,2026-05-18,251.39,Won,2026-05-23,Referral
10107,1029,5,2026-05-13,375.87,Won,2026-05-23,Organic
10108,1273,1,2026-05-22,545.26,Won,2026-05-23,Home Services Marketplace
10109,428,2,2026-05-19,410.63,Won,2026-05-23,Organic
10110,1440,1,2026-05-22,535.25,Won,2026-05-23,Home Services Marketplace
10111,603,2,2026-05-12,448.09,Won,2026-05-23,Google
10112,1099,1,2026-05-18,351.6,Won,2026-05-23,Organic
10113,451,4,2026-05-22,3328.34,Open,,Home Services Marketplace
10114,391,5,2026-05-16,168.71,Won,2026-05-23,Home Services Marketplace
10115,151,1,2026-05-16,483.77,Lost,,Home Services Marketplace
10116,1067,1,2026-05-23,551.32,Won,2026-05-23,Organic
10117,986,2,2026-05-19,406.15,Won,2026-05-23,Home Services Marketplace
10118,73,1,2026-05-14,440.87,Open,,Referral
10119,980,1,2026-05-13,923.97,Won,2026-05-23,Organic
10120,908,1,2026-05-17,532.92,Won,2026-05-23,Organic
10121,310,1,2026-05-21,349.04,Won,2026-05-23,Google
10122,1125,7,2026-05-23,1265.91,Open,,Google
10123,713,5,2026-05-13,204.02,Lost,,Google
10124,112,1,2026-05-15,697.68,Won,2026-05-23,Organic
10125,673,5,2026-05-15,239.69,Open,,Referral
10126,789,1,2026-05-13,509.86,Won,2026-05-24,Home Services Marketplace
10127,572,5,2026-05-24,179.43,Won,2026-05-24,Direct Mail
10128,1097,4,2026-05-15,2973.31,Won,2026-05-24,Referral
10129,9,4,2026-05-16,2674.01,Won,2026-05-24,Organic
10130,691,4,2026-05-18,2702.52,Won,2026-05-24,Home Services Marketplace
10131,124,4,2026-05-19,2074.5,Won,2026-05-24,Home Services Marketplace
10132,936,3,2026-05-14,9622.91,Won,2026-05-24,Organic
10133,202,5,2026-05-19,197.66,Lost,,Google
10134,299,1,2026-05-17,577.74,Won,2026-05-24,Referral
10135,437,4,2026-05-17,2500.24,Lost,,Referral
10136,313,1,2026-05-23,848.0,Won,2026-05-24,Google
10137,417,2,2026-05-16,475.33,Won,2026-05-24,Google
10138,561,2,2026-05-16,518.08,Won,2026-05-24,Google
10139,562,5,2026-05-14,215.67,Won,2026-05-24,Direct Mail
10140,410,5,2026-05-19,169.14,Won,2026-05-24,Organic
10141,497,5,2026-05-14,357.67,Lost,,Google
10142,75,1,2026-05-21,431.57,Lost,,Organic
10143,10,5,2026-05-14,305.34,Won,2026-05-25,Google
10144,1073,3,2026-05-23,17968.52,Lost,,Direct Mail
10145,765,4,2026-05-20,2230.91,Lost,,Google
10146,817,6,2026-05-24,1020.51,Won,2026-05-25,Organic
10147,392,1,2026-05-18,466.82,Won,2026-05-25,Google
10148,676,5,2026-05-14,239.9,Open,,Google
10149,219,5,2026-05-16,270.02,Won,2026-05-25,Google
10150,99,1,2026-05-18,566.91,Won,2026-05-25,Google
10151,549,6,2026-05-15,832.6,Lost,,Home Services Marketplace
10152,982,4,2026-05-15,2741.42,Won,2026-05-25,Home Services Marketplace
10153,603,1,2026-05-18,557.68,Open,,Google
10154,317,4,2026-05-22,2181.79,Won,2026-05-25,Organic
10155,1002,1,2026-05-20,487.27,Won,2026-05-25,Google
10156,1258,2,2026-05-21,403.73,Won,2026-05-25,Google
10157,1062,5,2026-05-15,194.19,Lost,,Organic
10158,1016,5,2026-05-16,188.93,Won,2026-05-26,Google
10159,1075,4,2026-05-17,1937.34,Lost,,Referral
10160,43,1,2026-05-26,555.27,Won,2026-05-26,Google
10161,703,2,2026-05-18,556.45,Won,2026-05-26,Organic
10162,694,5,2026-05-23,185.72,Won,2026-05-26,Google
10163,1136,1,2026-05-26,819.36,Won,2026-05-26,Organic
10164,914,3,2026-05-17,10377.53,Open,,Home Services Marketplace
10165,759,6,2026-05-18,1678.84,Lost,,Google
10166,434,1,2026-05-16,436.24,Lost,,Google
10167,786,6,2026-05-17,1341.68,Won,2026-05-26,Google
10168,956,3,2026-05-25,10718.47,Won,2026-05-26,Home Services Marketplace
10169,866,6,2026-05-20,1108.19,Won,2026-05-26,Organic
10170,1189,5,2026-05-17,347.44,Lost,,Referral
10171,869,1,2026-05-26,488.63,Won,2026-05-26,Google
10172,504,3,2026-05-21,9016.07,Won,2026-05-26,Referral
10173,632,6,2026-05-17,1470.53,Won,2026-05-26,Referral
10174,182,1,2026-05-16,523.32,Open,,Home Services Marketplace
10175,1118,5,2026-05-22,174.28,Open,,Referral
10176,253,1,2026-05-17,594.27,Won,2026-05-27,Google
10177,996,3,2026-05-18,8872.96,Won,2026-05-27,Organic
10178,215,1,2026-05-27,494.92,Open,,Direct Mail
10179,25,7,2026-05-19,1080.21,Won,2026-05-27,Google
10180,701,1,2026-05-17,459.6,Won,2026-05-27,Direct Mail
10181,811,7,2026-05-23,1656.84,Won,2026-05-27,Organic
10182,513,1,2026-05-27,589.91,Won,2026-05-27,Google
10183,1400,5,2026-05-22,222.62,Won,2026-05-27,Referral
10184,1356,5,2026-05-18,174.44,Lost,,Referral
10185,290,6,2026-05-15,1343.95,Won,2026-05-27,Organic
10186,1428,5,2026-05-17,162.21,Won,2026-05-27,Organic
10187,201,1,2026-05-27,508.44,Won,2026-05-27,Home Services Marketplace
10188,5,5,2026-05-20,214.67,Lost,,Referral
10189,1288,2,2026-05-22,558.11,Lost,,Organic
10190,777,3,2026-05-21,9351.3,Lost,,Direct Mail
10191,1188,3,2026-05-15,9992.02,Open,,Referral
10192,1238,5,2026-05-21,230.97,Won,2026-05-27,Referral
10193,1412,5,2026-05-18,185.17,Won,2026-05-27,Google
10194,1392,6,2026-05-15,1233.43,Won,2026-05-27,Organic
10195,958,1,2026-05-23,578.37,Won,2026-05-27,Google
10196,75,7,2026-05-27,1592.52,Won,2026-05-27,Organic
10197,893,3,2026-05-15,9853.91,Open,,Referral
10198,731,1,2026-05-17,506.75,Won,2026-05-27,Google
10199,1335,1,2026-05-16,385.89,Won,2026-05-27,Referral
10200,998,5,2026-05-27,162.54,Won,2026-05-28,Organic
10201,842,5,2026-05-17,294.0,Won,2026-05-28,Referral
10202,142,5,2026-05-27,164.68,Lost,,Home Services Marketplace
10203,232,1,2026-05-17,663.53,Won,2026-05-28,Home Services Marketplace
10204,289,6,2026-05-17,1057.36,Won,2026-05-28,Google
10205,336,3,2026-05-23,11605.04,Won,2026-05-28,Direct Mail
10206,201,1,2026-05-18,479.76,Open,,Home Services Marketplace
10207,881,1,2026-05-16,587.89,Won,2026-05-28,Organic
10208,961,1,2026-05-21,401.24,Won,2026-05-28,Referral
10209,1417,1,2026-05-26,527.97,Won,2026-05-28,Organic
10210,946,4,2026-05-21,2694.28,Open,,Google
10211,24,1,2026-05-27,474.19,Won,2026-05-28,Referral
10212,1429,6,2026-05-22,1696.45,Won,2026-05-28,Home Services Marketplace
10213,972,5,2026-05-28,190.06,Won,2026-05-28,Organic
10214,625,2,2026-05-25,578.71,Won,2026-05-28,Home Services Marketplace
10215,447,4,2026-05-26,3259.82,Lost,,Direct Mail
10216,312,4,2026-05-18,2985.23,Won,2026-05-28,Direct Mail
10217,979,2,2026-05-28,463.98,Won,2026-05-28,Referral
10218,186,5,2026-05-19,156.31,Won,2026-05-28,Google
10219,503,1,2026-05-27,511.02,Won,2026-05-28,Direct Mail
10220,209,5,2026-05-25,190.8,Won,2026-05-28,Referral
10221,1018,7,2026-05-26,2073.11,Lost,,Google
10222,1274,5,2026-05-23,185.98,Won,2026-05-28,Direct Mail
10223,590,2,2026-05-25,572.27,Won,2026-05-28,Google
10224,1186,5,2026-05-24,210.25,Won,2026-05-29,Google
10225,955,5,2026-05-29,175.81,Open,,Organic
10226,42,5,2026-05-21,227.38,Open,,Home Services Marketplace
10227,825,4,2026-05-21,2827.26,Won,2026-05-29,Google
10228,843,1,2026-05-25,432.61,Won,2026-05-29,Referral
10229,674,2,2026-05-17,523.67,Lost,,Referral
10230,143,2,2026-05-20,590.83,Won,2026-05-29,Google
10231,829,3,2026-05-18,8915.85,Lost,,Referral
10232,359,2,2026-05-25,566.82,Lost,,Google
10233,1312,4,2026-05-20,2324.3,Won,2026-05-29,Referral
10234,999,5,2026-05-22,173.23,Won,2026-05-29,Referral
10235,291,5,2026-05-26,164.84,Won,2026-05-29,Referral
10236,826,1,2026-05-17,1117.7,Won,2026-05-29,Google
10237,107,2,2026-05-22,512.45,Won,2026-05-29,Google
10238,1399,2,2026-05-18,582.61,Won,2026-05-29,Organic
10239,143,1,2026-05-28,542.21,Won,2026-05-29,Google
10240,758,5,2026-05-20,215.18,Lost,,Referral
10241,1311,2,2026-05-28,517.09,Won,2026-05-29,Organic
10242,481,5,2026-05-22,267.78,Lost,,Home Services Marketplace
10243,1107,5,2026-05-30,254.73,Won,2026-05-30,Home Services Marketplace
10244,524,2,2026-05-29,741.24,Won,2026-05-30,Referral
10245,169,4,2026-05-21,2214.14,Won,2026-05-30,Google
10246,325,7,2026-05-30,1200.36,Won,2026-05-30,Referral
10247,940,1,2026-05-26,428.51,Won,2026-05-30,Google
10248,769,2,2026-05-25,464.82,Open,,Google
10249,1209,3,2026-05-18,14428.04,Lost,,Direct Mail
10250,976,4,2026-05-21,3434.65,Won,2026-05-30,Google
10251,473,4,2026-05-24,2703.83,Open,,Google
10252,622,5,2026-05-26,208.88,Open,,Direct Mail
10253,1280,1,2026-05-26,493.17,Won,2026-05-30,Google
10254,1021,2,2026-05-19,564.83,Won,2026-05-30,Referral
10255,520,4,2026-05-23,3091.85,Open,,Organic
10256,388,2,2026-05-25,475.21,Won,2026-05-31,Google
10257,28,1,2026-05-21,677.55,Won,2026-05-31,Organic
10258,426,3,2026-05-22,8810.84,Won,2026-05-31,Referral
10259,931,5,2026-05-23,242.97,Won,2026-05-31,Direct Mail
10260,245,5,2026-05-28,145.39,Won,2026-05-31,Home Services Marketplace
10261,1295,5,2026-05-27,206.26,Won,2026-05-31,Organic
10262,30,1,2026-05-19,448.77,Won,2026-05-31,Referral
10263,322,3,2026-05-23,8528.89,Open,,Google
10264,496,5,2026-05-31,216.18,Won,2026-05-31,Referral
10265,516,3,2026-05-21,10150.86,Open,,Google
10266,261,1,2026-05-19,620.08,Won,2026-05-31,Google
10267,626,5,2026-05-25,212.98,Won,2026-05-31,Referral
10268,111,3,2026-05-24,11576.38,Lost,,Organic
10269,347,7,2026-05-23,1085.02,Won,2026-05-31,Referral
10270,992,2,2026-05-27,677.47,Won,2026-06-01,Organic
10271,1166,4,2026-05-28,3054.67,Lost,,Google
10272,1102,1,2026-06-01,539.79,Won,2026-06-01,Direct Mail
10273,758,2,2026-05-30,1049.28,Lost,,Referral
10274,642,5,2026-06-01,182.42,Won,2026-06-01,Direct Mail
10275,1013,3,2026-05-22,9626.0,Won,2026-06-01,Google
10276,1135,2,2026-05-30,478.03,Lost,,Organic
10277,861,2,2026-05-20,703.63,Won,2026-06-01,Home Services Marketplace
10278,1261,1,2026-05-20,514.77,Lost,,Organic
10279,1321,1,2026-05-27,541.14,Won,2026-06-01,Direct Mail
10280,575,1,2026-05-29,467.84,Won,2026-06-01,Referral
10281,347,3,2026-05-25,8772.14,Won,2026-06-01,Referral
10282,876,2,2026-05-23,422.68,Won,2026-06-01,Google
10283,605,1,2026-05-30,1094.87,Won,2026-06-01,Google
10284,234,4,2026-05-24,4738.2,Won,2026-06-01,Organic
10285,1007,1,2026-06-01,1085.99,Lost,,Referral
10286,989,1,2026-05-25,920.98,Open,,Direct Mail
10287,1197,2,2026-05-24,477.25,Won,2026-06-01,Organic
10288,6,1,2026-05-31,480.39,Won,2026-06-01,Home Services Marketplace
10289,93,1,2026-05-24,507.86,Won,2026-06-01,Google
10290,861,4,2026-05-25,2548.17,Won,2026-06-01,Home Services Marketplace
10291,166,3,2026-05-23,9092.39,Won,2026-06-01,Google
10292,54,4,2026-05-21,2583.11,Won,2026-06-01,Google
10293,557,6,2026-05-26,1144.74,Won,2026-06-01,Home Services Marketplace
10294,395,5,2026-05-23,308.48,Won,2026-06-01,Organic
10295,61,2,2026-05-23,397.15,Won,2026-06-01,Google
10296,9,2,2026-05-23,590.02,Lost,,Organic
10297,244,4,2026-05-28,3040.9,Won,2026-06-02,Organic
10298,282,5,2026-05-31,240.88,Won,2026-06-02,Referral
10299,1092,1,2026-05-23,607.94,Won,2026-06-02,Google
10300,105,5,2026-05-29,248.08,Won,2026-06-02,Referral
10301,1241,7,2026-06-01,927.67,Won,2026-06-02,Google
10302,1260,4,2026-05-30,2536.37,Won,2026-06-02,Referral
10303,70,2,2026-05-25,334.88,Won,2026-06-02,Google
10304,378,5,2026-05-24,230.65,Won,2026-06-02,Home Services Marketplace
10305,130,1,2026-05-23,1161.32,Open,,Home Services Marketplace
10306,424,5,2026-06-01,224.59,Won,2026-06-02,Referral
10307,359,6,2026-05-31,1168.14,Won,2026-06-02,Google
10308,34,1,2026-05-26,511.36,Won,2026-06-02,Direct Mail
10309,100,1,2026-05-22,541.32,Won,2026-06-02,Direct Mail
10310,11,5,2026-05-26,183.24,Won,2026-06-02,Referral
10311,732,5,2026-06-02,254.1,Won,2026-06-02,Organic
10312,1299,5,2026-05-30,202.13,Won,2026-06-02,Home Services Marketplace
10313,739,2,2026-05-27,913.44,Open,,Google
10314,122,5,2026-05-25,154.45,Lost,,Referral
10315,177,6,2026-05-21,1158.11,Won,2026-06-02,Referral
10316,1212,7,2026-05-30,1282.03,Open,,Home Services Marketplace
10317,839,2,2026-05-29,529.93,Open,,Google
10318,1406,5,2026-06-02,142.53,Won,2026-06-02,Google
10319,1401,1,2026-06-01,366.13,Won,2026-06-02,Direct Mail
10320,679,2,2026-06-01,553.44,Won,2026-06-03,Google
10321,178,4,2026-05-29,2667.18,Won,2026-06-03,Google
10322,717,5,2026-05-31,186.4,Won,2026-06-03,Home Services Marketplace
10323,222,7,2026-05-27,1043.91,Won,2026-06-03,Home Services Marketplace
10324,797,2,2026-05-25,356.79,Won,2026-06-03,Direct Mail
10325,1095,4,2026-05-28,4385.36,Open,,Referral
10326,1007,6,2026-05-28,2423.55,Won,2026-06-03,Referral
10327,276,6,2026-06-01,1533.76,Won,2026-06-03,Google
10328,503,5,2026-05-31,175.62,Open,,Direct Mail
10329,326,1,2026-05-29,396.32,Won,2026-06-03,Referral
10330,245,6,2026-05-22,952.16,Won,2026-06-03,Home Services Marketplace
10331,1336,5,2026-05-22,151.69,Won,2026-06-03,Referral
10332,653,1,2026-05-26,392.92,Won,2026-06-03,Google
10333,548,5,2026-06-02,313.12,Won,2026-06-03,Google
10334,758,1,2026-05-23,503.15,Open,,Referral
10335,1192,6,2026-06-03,1373.47,Won,2026-06-04,Referral
10336,1026,1,2026-05-24,482.56,Lost,,Organic
10337,480,1,2026-06-03,820.21,Won,2026-06-04,Direct Mail
10338,678,2,2026-05-29,524.36,Won,2026-06-04,Organic
10339,340,6,2026-05-23,834.36,Won,2026-06-04,Google
10340,200,1,2026-05-27,519.89,Won,2026-06-04,Direct Mail
10341,205,4,2026-05-23,1999.2,Won,2026-06-04,Google
10342,1357,6,2026-06-02,1050.43,Won,2026-06-04,Google
10343,737,2,2026-05-26,493.76,Won,2026-06-04,Home Services Marketplace
10344,470,1,2026-06-03,726.88,Won,2026-06-04,Google
10345,1074,2,2026-05-30,531.97,Won,2026-06-04,Organic
10346,994,2,2026-06-02,502.7,Won,2026-06-04,Google
10347,163,6,2026-06-01,912.3,Won,2026-06-04,Google
10348,706,2,2026-05-25,1340.05,Won,2026-06-04,Organic
10349,1297,6,2026-05-28,882.06,Won,2026-06-04,Home Services Marketplace
10350,1278,1,2026-05-30,352.93,Lost,,Referral
10351,850,2,2026-05-29,346.39,Won,2026-06-04,Direct Mail
10352,9,5,2026-05-29,213.06,Won,2026-06-04,Organic
10353,582,1,2026-05-31,621.28,Won,2026-06-04,Google
10354,167,2,2026-06-03,539.04,Won,2026-06-04,Referral
10355,173,2,2026-06-04,560.0,Won,2026-06-05,Google
10356,854,4,2026-06-02,2967.62,Open,,Organic
10357,1277,1,2026-05-28,401.46,Won,2026-06-05,Organic
10358,286,6,2026-05-30,1156.8,Lost,,Referral
10359,562,1,2026-05-27,470.22,Won,2026-06-05,Direct Mail
10360,62,5,2026-06-05,165.03,Lost,,Google
10361,646,4,2026-06-05,2046.14,Open,,Google
10362,1396,1,2026-05-30,297.32,Won,2026-06-05,Home Services Marketplace
10363,222,6,2026-06-04,972.62,Won,2026-06-05,Home Services Marketplace
10364,384,5,2026-06-03,172.84,Open,,Google
10365,833,2,2026-05-27,699.66,Won,2026-06-05,Organic
10366,295,1,2026-05-31,377.08,Won,2026-06-05,Google
10367,8,3,2026-06-03,11662.93,Open,,Google
10368,1181,6,2026-05-25,1183.81,Open,,Organic
10369,1110,4,2026-06-01,3873.04,Open,,Organic
10370,146,2,2026-06-02,501.34,Won,2026-06-05,Direct Mail
10371,1075,1,2026-06-05,658.08,Won,2026-06-05,Referral
10372,944,2,2026-05-25,604.38,Lost,,Home Services Marketplace
10373,876,1,2026-05-28,405.59,Won,2026-06-05,Google
10374,611,5,2026-05-30,178.64,Won,2026-06-05,Referral
10375,586,1,2026-06-05,494.07,Won,2026-06-05,Google
10376,336,1,2026-05-26,452.82,Won,2026-06-05,Direct Mail
10377,316,1,2026-05-26,407.32,Won,2026-06-05,Google
10378,55,5,2026-05-25,197.71,Won,2026-06-05,Direct Mail
10379,294,7,2026-05-28,1122.35,Won,2026-06-06,Referral
10380,175,1,2026-06-01,397.18,Won,2026-06-06,Organic
10381,1098,5,2026-06-01,142.27,Won,2026-06-06,Direct Mail
10382,688,1,2026-06-06,509.38,Lost,,Referral
10383,1349,5,2026-06-03,260.42,Won,2026-06-06,Organic
10384,964,5,2026-05-31,185.2,Won,2026-06-06,Home Services Marketplace
10385,41,4,2026-06-01,1930.13,Won,2026-06-06,Google
10386,1425,1,2026-06-05,415.24,Won,2026-06-06,Google
10387,225,1,2026-05-25,560.3,Won,2026-06-06,Home Services Marketplace
10388,1138,1,2026-05-29,430.0,Won,2026-06-06,Organic
10389,594,1,2026-05-29,505.16,Won,2026-06-06,Organic
10390,448,1,2026-06-01,513.61,Won,2026-06-07,Google
10391,375,5,2026-06-06,232.16,Won,2026-06-07,Direct Mail
10392,307,6,2026-05-29,869.33,Won,2026-06-07,Google
10393,1307,5,2026-05-30,417.26,Won,2026-06-07,Google
10394,54,1,2026-06-03,469.31,Lost,,Google
10395,512,5,2026-06-03,187.16,Won,2026-06-07,Direct Mail
10396,997,3,2026-06-04,8371.18,Won,2026-06-07,Referral
10397,1251,1,2026-05-30,628.73,Open,,Organic
10398,1335,3,2026-05-28,10179.94,Lost,,Referral
10399,260,4,2026-06-01,3455.17,Open,,Referral
10400,1005,5,2026-05-30,158.9,Won,2026-06-07,Home Services Marketplace
10401,876,2,2026-06-06,495.85,Open,,Google
10402,1227,1,2026-05-31,569.34,Won,2026-06-07,Direct Mail
10403,521,4,2026-05-26,2547.25,Open,,Referral
10404,853,1,2026-06-01,644.87,Won,2026-06-07,Google
10405,1432,5,2026-06-01,148.91,Lost,,Home Services Marketplace
10406,1420,5,2026-05-28,123.69,Won,2026-06-07,Referral
10407,1161,2,2026-06-06,302.78,Open,,Referral
10408,662,1,2026-05-28,431.98,Won,2026-06-08,Referral
10409,515,3,2026-05-29,14696.96,Open,,Direct Mail
10410,836,2,2026-06-06,479.21,Won,2026-06-08,Google
10411,800,1,2026-05-29,374.04,Won,2026-06-08,Google
10412,511,1,2026-06-08,534.75,Won,2026-06-08,Google
10413,1134,2,2026-06-04,432.36,Won,2026-06-08,Google
10414,159,1,2026-06-01,803.58,Won,2026-06-08,Google
10415,825,5,2026-05-30,255.09,Lost,,Google
10416,771,2,2026-05-31,521.54,Lost,,Google
10417,1297,1,2026-05-30,444.73,Won,2026-06-08,Home Services Marketplace
10418,1154,3,2026-05-27,9318.14,Open,,Organic
10419,1225,3,2026-05-29,16963.58,Won,2026-06-08,Organic
10420,126,5,2026-06-04,208.76,Lost,,Home Services Marketplace
10421,351,2,2026-05-31,434.6,Lost,,Home Services Marketplace
10422,868,2,2026-06-08,506.38,Won,2026-06-08,Google
10423,546,6,2026-06-02,1047.86,Open,,Referral
10424,231,1,2026-06-05,455.88,Won,2026-06-08,Home Services Marketplace
10425,1098,5,2026-06-05,167.73,Open,,Direct Mail
10426,650,1,2026-05-27,1188.41,Won,2026-06-08,Home Services Marketplace
10427,1445,4,2026-05-31,1836.23,Won,2026-06-08,Google
10428,722,5,2026-06-09,176.93,Won,2026-06-09,Referral
10429,683,7,2026-06-07,913.08,Won,2026-06-09,Home Services Marketplace
10430,695,3,2026-06-07,10366.78,Open,,Google
10431,111,1,2026-05-31,399.78,Won,2026-06-09,Organic
10432,97,6,2026-06-06,1626.24,Won,2026-06-09,Google
10433,594,1,2026-06-06,505.23,Won,2026-06-09,Organic
10434,1277,2,2026-05-30,490.08,Open,,Organic
10435,1026,3,2026-06-03,11595.67,Won,2026-06-09,Organic
10436,1135,1,2026-06-07,369.75,Won,2026-06-09,Organic
10437,239,1,2026-05-29,502.04,Won,2026-06-09,Organic
10438,483,3,2026-06-09,7416.7,Open,,Google
10439,1178,1,2026-06-06,602.42,Lost,,Home Services Marketplace
10440,403,5,2026-06-01,249.26,Lost,,Direct Mail
10441,386,5,2026-06-02,160.72,Won,2026-06-09,Google
10442,1138,3,2026-05-31,9110.97,Won,2026-06-09,Organic
10443,574,4,2026-05-28,1992.49,Won,2026-06-09,Organic
10444,12,1,2026-06-01,555.76,Lost,,Home Services Marketplace
10445,195,3,2026-06-05,15811.18,Lost,,Referral
10446,824,5,2026-06-09,150.69,Won,2026-06-09,Direct Mail
10447,1313,4,2026-05-29,2660.2,Won,2026-06-09,Google
10448,793,2,2026-05-28,746.54,Won,2026-06-09,Google
10449,1,1,2026-06-03,442.97,Open,,Google
10450,1024,1,2026-05-29,510.67,Won,2026-06-09,Referral
10451,76,1,2026-06-02,395.46,Won,2026-06-09,Organic
10452,918,4,2026-06-03,4695.71,Won,2026-06-09,Direct Mail
10453,1393,1,2026-06-07,486.31,Won,2026-06-09,Google
10454,156,5,2026-06-02,151.35,Open,,Google
10455,606,1,2026-06-05,327.32,Won,2026-06-10,Organic
10456,43,2,2026-06-07,644.67,Open,,Google
10457,512,2,2026-06-07,486.59,Lost,,Direct Mail
10458,467,6,2026-06-04,1230.14,Won,2026-06-10,Organic
10459,1015,5,2026-06-03,208.97,Won,2026-06-10,Google
10460,188,3,2026-06-04,9237.46,Won,2026-06-10,Google
10461,140,5,2026-06-04,210.92,Lost,,Google
10462,102,1,2026-06-08,384.18,Won,2026-06-10,Direct Mail
10463,528,4,2026-05-31,2247.19,Lost,,Google
10464,1110,2,2026-05-29,809.13,Won,2026-06-10,Organic
10465,419,5,2026-06-08,280.72,Won,2026-06-10,Google
10466,580,1,2026-06-04,556.75,Won,2026-06-10,Organic
10467,1276,1,2026-05-30,502.43,Open,,Google
10468,845,3,2026-06-06,9615.13,Won,2026-06-10,Home Services Marketplace
10469,752,5,2026-06-04,183.48,Won,2026-06-10,Referral
10470,1073,2,2026-05-30,995.81,Won,2026-06-10,Direct Mail
10471,1250,2,2026-06-06,383.9,Won,2026-06-10,Organic
10472,42,1,2026-06-06,349.64,Won,2026-06-10,Home Services Marketplace
10473,1321,5,2026-05-31,270.0,Won,2026-06-10,Direct Mail
10474,747,4,2026-06-06,2226.96,Won,2026-06-10,Referral
10475,414,1,2026-06-04,506.45,Won,2026-06-10,Referral
10476,723,2,2026-05-31,451.85,Won,2026-06-10,Direct Mail
10477,286,1,2026-06-02,485.16,Won,2026-06-10,Referral
10478,538,2,2026-06-07,630.52,Won,2026-06-10,Referral
10479,340,4,2026-05-30,2782.82,Open,,Google
10480,700,6,2026-06-03,993.84,Won,2026-06-10,Google
10481,64,5,2026-06-03,166.59,Won,2026-06-10,Google
10482,1331,2,2026-06-02,434.28,Open,,Home Services Marketplace
10483,1288,1,2026-06-10,534.55,Won,2026-06-10,Organic
10484,524,4,2026-06-06,2117.6,Lost,,Referral
10485,1362,5,2026-05-30,184.9,Won,2026-06-10,Google
10486,471,1,2026-06-11,502.71,Won,2026-06-11,Google
10487,102,3,2026-05-30,12271.4,Won,2026-06-11,Direct Mail
10488,616,4,2026-05-31,2192.91,Open,,Google
10489,725,1,2026-06-07,972.79,Won,2026-06-11,Referral
10490,845,1,2026-06-07,486.04,Lost,,Home Services Marketplace
10491,1269,5,2026-06-05,183.73,Won,2026-06-11,Referral
10492,178,5,2026-05-31,208.22,Won,2026-06-11,Google
10493,825,2,2026-06-10,605.77,Won,2026-06-11,Google
10494,222,1,2026-06-01,504.21,Won,2026-06-11,Home Services Marketplace
10495,161,1,2026-05-31,593.82,Won,2026-06-11,Google
10496,532,4,2026-06-11,2597.85,Won,2026-06-11,Direct Mail
10497,405,5,2026-06-09,309.91,Won,2026-06-11,Referral
10498,981,2,2026-06-07,651.44,Won,2026-06-11,Referral
10499,1428,1,2026-06-08,647.72,Won,2026-06-11,Organic
10500,309,5,2026-06-09,319.87,Open,,Referral
10501,939,1,2026-06-08,543.86,Won,2026-06-11,Organic
10502,500,6,2026-05-30,2322.39,Won,2026-06-11,Direct Mail
10503,462,5,2026-06-06,274.58,Won,2026-06-11,Referral
10504,595,2,2026-06-07,891.16,Open,,Google
10505,1433,4,2026-05-30,2344.98,Open,,Google
10506,641,1,2026-06-02,436.99,Won,2026-06-12,Home Services Marketplace
10507,332,6,2026-06-12,1602.77,Won,2026-06-12,Google
10508,1028,2,2026-06-05,556.79,Won,2026-06-12,Home Services Marketplace
10509,137,5,2026-06-07,164.41,Open,,Google
10510,619,2,2026-05-31,587.75,Won,2026-06-12,Organic
10511,2,5,2026-06-08,142.37,Won,2026-06-12,Home Services Marketplace
10512,1272,2,2026-06-01,1259.6,Won,2026-06-12,Referral
10513,33,3,2026-06-04,10055.98,Won,2026-06-12,Google
10514,817,6,2026-06-07,1442.72,Won,2026-06-12,Organic
10515,410,5,2026-06-04,216.64,Won,2026-06-12,Organic
10516,1428,5,2026-06-11,161.28,Lost,,Organic
10517,1276,1,2026-06-11,514.08,Lost,,Google
10518,202,2,2026-06-07,421.84,Open,,Google
10519,369,5,2026-06-12,180.77,Won,2026-06-12,Referral
10520,281,4,2026-06-04,3098.82,Lost,,Organic
10521,808,5,2026-06-05,350.8,Open,,Google
10522,254,3,2026-06-05,8734.34,Won,2026-06-12,Google
10523,692,1,2026-05-31,695.32,Won,2026-06-12,Organic
10524,705,4,2026-06-09,3142.6,Open,,Organic
10525,1376,6,2026-06-07,1115.35,Won,2026-06-12,Home Services Marketplace
10526,1091,3,2026-06-07,8562.71,Won,2026-06-12,Home Services Marketplace
10527,549,6,2026-06-11,1111.16,Won,2026-06-13,Home Services Marketplace
10528,1290,5,2026-06-13,190.03,Won,2026-06-13,Google
10529,986,3,2026-06-04,7913.6,Won,2026-06-13,Home Services Marketplace
10530,426,6,2026-06-09,945.06,Won,2026-06-13,Referral
10531,52,1,2026-06-10,691.97,Won,2026-06-13,Google
10532,104,2,2026-06-06,561.57,Won,2026-06-13,Google
10533,1005,1,2026-06-05,444.76,Won,2026-06-13,Home Services Marketplace
10534,1172,1,2026-06-10,445.27,Won,2026-06-13,Referral
10535,179,6,2026-06-08,971.21,Won,2026-06-13,Organic
10536,952,2,2026-06-08,547.95,Won,2026-06-13,Organic
10537,290,5,2026-06-01,217.09,Won,2026-06-13,Organic
10538,876,1,2026-06-13,304.97,Won,2026-06-13,Google
10539,1240,7,2026-06-11,1162.25,Won,2026-06-13,Google
10540,356,7,2026-06-04,1329.8,Won,2026-06-14,Direct Mail
10541,442,1,2026-06-02,528.09,Won,2026-06-14,Google
10542,1068,1,2026-06-11,465.19,Won,2026-06-14,Google
10543,1199,1,2026-06-04,469.47,Won,2026-06-14,Organic
10544,659,1,2026-06-13,400.77,Open,,Direct Mail
10545,1225,5,2026-06-09,291.18,Won,2026-06-14,Organic
10546,480,5,2026-06-08,344.42,Won,2026-06-14,Direct Mail
10547,686,1,2026-06-11,446.9,Won,2026-06-14,Home Services Marketplace
10548,634,1,2026-06-04,470.85,Lost,,Google
10549,1242,4,2026-06-08,2583.65,Open,,Organic
10550,44,5,2026-06-03,210.75,Won,2026-06-14,Google
10551,870,1,2026-06-13,567.79,Won,2026-06-14,Google
10552,1326,6,2026-06-02,1145.72,Won,2026-06-14,Referral
10553,995,2,2026-06-10,511.79,Won,2026-06-14,Direct Mail
10554,785,1,2026-06-15,470.03,Lost,,Home Services Marketplace
10555,1079,5,2026-06-07,237.21,Lost,,Google
10556,856,5,2026-06-13,161.09,Won,2026-06-15,Home Services Marketplace
10557,129,2,2026-06-12,430.88,Lost,,Referral
10558,1182,2,2026-06-12,551.06,Won,2026-06-15,Google
10559,366,1,2026-06-03,579.1,Won,2026-06-15,Referral
10560,1185,5,2026-06-14,181.06,Won,2026-06-15,Google
10561,745,6,2026-06-15,1042.81,Lost,,Organic
10562,532,1,2026-06-11,491.8,Won,2026-06-15,Direct Mail
10563,994,5,2026-06-09,152.68,Won,2026-06-15,Google
10564,26,1,2026-06-05,454.94,Open,,Google
10565,1091,5,2026-06-10,213.61,Won,2026-06-15,Home Services Marketplace
10566,1091,3,2026-06-03,10212.82,Won,2026-06-15,Home Services Marketplace
10567,1006,1,2026-06-11,380.77,Won,2026-06-15,Direct Mail
10568,79,5,2026-06-13,158.81,Won,2026-06-15,Google
10569,251,7,2026-06-15,1187.87,Won,2026-06-15,Organic
10570,720,1,2026-06-10,470.31,Won,2026-06-15,Google
10571,285,5,2026-06-13,215.03,Won,2026-06-15,Referral
10572,370,2,2026-06-12,550.0,Won,2026-06-15,Home Services Marketplace
10573,489,1,2026-06-07,460.23,Open,,Google
10574,670,1,2026-06-13,409.52,Won,2026-06-15,Referral
10575,707,5,2026-06-06,178.32,Won,2026-06-15,Organic
10576,1285,1,2026-06-10,392.21,Won,2026-06-16,Google
10577,1325,1,2026-06-08,411.35,Won,2026-06-16,Google
10578,927,4,2026-06-08,2726.16,Won,2026-06-16,Google
10579,17,1,2026-06-14,554.45,Lost,,Organic
10580,76,5,2026-06-09,136.88,Won,2026-06-16,Organic
10581,422,7,2026-06-15,1431.57,Open,,Google
10582,261,1,2026-06-06,647.88,Open,,Google
10583,1413,2,2026-06-16,550.18,Won,2026-06-16,Organic
10584,412,1,2026-06-04,396.27,Won,2026-06-16,Home Services Marketplace
10585,78,2,2026-06-09,662.87,Won,2026-06-16,Google
10586,106,4,2026-06-13,2223.07,Open,,Organic
10587,238,5,2026-06-16,239.23,Won,2026-06-16,Referral
10588,865,5,2026-06-04,258.7,Won,2026-06-16,Referral
10589,1154,5,2026-06-12,224.48,Won,2026-06-16,Organic
10590,434,5,2026-06-15,196.0,Won,2026-06-16,Google
10591,6,1,2026-06-16,481.57,Won,2026-06-16,Home Services Marketplace
10592,687,2,2026-06-09,406.67,Won,2026-06-16,Google
10593,634,6,2026-06-10,1023.86,Won,2026-06-16,Google
10594,998,2,2026-06-08,500.07,Won,2026-06-16,Organic
10595,610,5,2026-06-11,168.38,Lost,,Google
10596,105,2,2026-06-08,554.67,Open,,Referral
10597,326,6,2026-06-10,819.29,Open,,Referral
10598,1150,1,2026-06-05,894.21,Open,,Google
10599,431,1,2026-06-10,614.33,Won,2026-06-17,Organic
10600,855,2,2026-06-08,1113.2,Won,2026-06-17,Home Services Marketplace
10601,238,1,2026-06-10,573.38,Won,2026-06-17,Referral
10602,785,2,2026-06-17,456.05,Won,2026-06-17,Home Services Marketplace
10603,351,5,2026-06-09,247.05,Open,,Home Services Marketplace
10604,462,4,2026-06-07,4679.62,Won,2026-06-17,Referral
10605,831,1,2026-06-10,571.22,Won,2026-06-17,Referral
10606,1328,1,2026-06-07,440.92,Won,2026-06-17,Direct Mail
10607,66,4,2026-06-13,3080.88,Lost,,Referral
10608,632,5,2026-06-07,156.35,Open,,Referral
10609,364,7,2026-06-11,825.83,Won,2026-06-17,Referral
10610,1145,7,2026-06-07,1141.34,Won,2026-06-17,Google
10611,1179,5,2026-06-17,215.24,Won,2026-06-17,Direct Mail
10612,608,2,2026-06-12,443.46,Won,2026-06-17,Organic
10613,258,2,2026-06-05,647.89,Won,2026-06-17,Referral
10614,558,7,2026-06-07,1022.89,Won,2026-06-17,Google
10615,821,3,2026-06-15,8987.47,Lost,,Referral
10616,857,1,2026-06-07,413.83,Won,2026-06-17,Organic
10617,943,2,2026-06-15,436.9,Won,2026-06-17,Referral
10618,619,2,2026-06-16,632.33,Won,2026-06-17,Organic
10619,1008,2,2026-06-16,474.91,Open,,Google
10620,950,4,2026-06-07,3966.27,Open,,Home Services Marketplace
10621,929,2,2026-06-12,412.46,Won,2026-06-18,Referral
10622,674,6,2026-06-18,819.54,Won,2026-06-18,Referral
10623,343,1,2026-06-07,468.55,Won,2026-06-18,Google
10624,1117,2,2026-06-11,678.1,Won,2026-06-18,Google
10625,704,2,2026-06-14,551.98,Won,2026-06-18,Organic
10626,115,5,2026-06-08,166.7,Won,2026-06-18,Organic
10627,4,1,2026-06-07,434.35,Won,2026-06-18,Google
10628,692,1,2026-06-15,808.97,Won,2026-06-18,Organic
10629,592,3,2026-06-10,24566.21,Lost,,Home Services Marketplace
10630,1222,3,2026-06-08,10211.81,Won,2026-06-18,Referral
10631,738,1,2026-06-09,511.32,Won,2026-06-18,Referral
10632,449,1,2026-06-15,408.93,Won,2026-06-18,Google
10633,1336,1,2026-06-15,545.46,Won,2026-06-18,Referral
10634,1312,4,2026-06-10,2057.62,Won,2026-06-18,Referral
10635,1003,7,2026-06-10,1298.03,Won,2026-06-18,Home Services Marketplace
10636,549,5,2026-06-08,181.19,Won,2026-06-18,Home Services Marketplace
10637,919,2,2026-06-06,423.71,Won,2026-06-18,Direct Mail
10638,518,2,2026-06-11,466.16,Lost,,Organic
10639,588,2,2026-06-17,435.32,Won,2026-06-18,Organic
10640,878,3,2026-06-10,8627.81,Open,,Organic
10641,71,5,2026-06-15,232.95,Open,,Home Services Marketplace
10642,301,1,2026-06-10,695.21,Won,2026-06-18,Direct Mail
10643,1289,5,2026-06-13,275.97,Won,2026-06-18,Google
10644,1056,2,2026-06-16,704.22,Won,2026-06-18,Organic
10645,1303,1,2026-06-11,626.22,Won,2026-06-18,Direct Mail
10646,1025,1,2026-06-12,480.53,Won,2026-06-19,Referral
10647,663,7,2026-06-13,1119.27,Open,,Direct Mail
10648,1000,7,2026-06-12,1014.78,Won,2026-06-19,Google
10649,754,2,2026-06-10,451.38,Won,2026-06-19,Google
10650,1124,6,2026-06-15,1428.24,Won,2026-06-19,Organic
10651,276,2,2026-06-17,594.28,Open,,Google
10652,966,2,2026-06-09,858.12,Won,2026-06-19,Referral
10653,1042,1,2026-06-11,553.92,Won,2026-06-19,Google
10654,433,7,2026-06-12,1166.84,Won,2026-06-19,Google
10655,1004,7,2026-06-07,1173.1,Won,2026-06-19,Referral
10656,1140,1,2026-06-10,320.61,Won,2026-06-19,Google
10657,933,5,2026-06-09,205.75,Won,2026-06-19,Google
10658,492,4,2026-06-13,2381.5,Won,2026-06-19,Google
10659,466,1,2026-06-17,1120.55,Won,2026-06-19,Google
10660,1172,7,2026-06-12,1485.18,Won,2026-06-19,Referral
10661,233,1,2026-06-08,542.68,Won,2026-06-19,Google
10662,109,1,2026-06-16,586.93,Won,2026-06-20,Referral
10663,842,2,2026-06-09,581.13,Open,,Referral
10664,1196,1,2026-06-17,681.98,Won,2026-06-20,Referral
10665,1316,5,2026-06-19,203.77,Lost,,Referral
10666,1417,1,2026-06-15,372.42,Won,2026-06-20,Organic
10667,721,1,2026-06-15,489.06,Won,2026-06-20,Direct Mail
10668,287,1,2026-06-18,763.77,Won,2026-06-20,Direct Mail
10669,1252,1,2026-06-15,908.16,Won,2026-06-20,Organic
10670,1365,5,2026-06-18,175.11,Won,2026-06-20,Referral
10671,821,1,2026-06-15,390.88,Won,2026-06-20,Referral
10672,1288,2,2026-06-18,696.81,Won,2026-06-20,Organic
10673,53,1,2026-06-13,419.97,Lost,,Referral
10674,696,4,2026-06-09,2868.89,Won,2026-06-20,Organic
10675,1090,4,2026-06-12,2311.22,Lost,,Google
10676,306,2,2026-06-09,534.73,Won,2026-06-20,Organic
10677,329,2,2026-06-12,443.63,Lost,,Google
10678,1333,4,2026-06-11,2686.09,Won,2026-06-20,Direct Mail
10679,472,1,2026-06-17,897.16,Won,2026-06-20,Referral
10680,1196,3,2026-06-13,14305.91,Open,,Referral
10681,767,6,2026-06-16,1013.86,Won,2026-06-20,Google
10682,996,3,2026-06-18,9186.74,Open,,Organic
10683,1165,6,2026-06-08,975.27,Won,2026-06-20,Home Services Marketplace
10684,1074,5,2026-06-17,261.18,Open,,Organic
10685,932,1,2026-06-17,559.28,Won,2026-06-21,Google
10686,1438,5,2026-06-16,358.06,Open,,Organic
10687,73,3,2026-06-21,6546.0,Open,,Referral
10688,649,1,2026-06-20,620.31,Open,,Google
10689,582,1,2026-06-19,387.87,Won,2026-06-21,Google
10690,476,1,2026-06-20,535.21,Won,2026-06-21,Referral
10691,1222,1,2026-06-15,608.61,Won,2026-06-21,Referral
10692,290,5,2026-06-15,189.07,Won,2026-06-21,Organic
10693,199,2,2026-06-10,578.42,Won,2026-06-21,Organic
10694,1020,4,2026-06-13,3883.73,Lost,,Home Services Marketplace
10695,702,5,2026-06-15,188.09,Won,2026-06-21,Organic
10696,787,5,2026-06-12,455.33,Open,,Google
10697,1182,5,2026-06-12,199.45,Won,2026-06-21,Google
10698,1436,5,2026-06-09,213.49,Lost,,Google
10699,1278,1,2026-06-09,547.51,Lost,,Referral
10700,473,4,2026-06-15,2407.05,Lost,,Google
10701,561,3,2026-06-16,11772.59,Won,2026-06-22,Google
10702,1167,1,2026-06-20,472.37,Won,2026-06-22,Google
10703,955,3,2026-06-14,10046.76,Won,2026-06-22,Organic
10704,744,5,2026-06-18,121.88,Open,,Google
10705,12,7,2026-06-15,1374.05,Won,2026-06-22,Home Services Marketplace
10706,1380,1,2026-06-20,369.66,Won,2026-06-22,Referral
10707,727,1,2026-06-15,507.18,Won,2026-06-22,Organic
10708,544,2,2026-06-10,554.5,Won,2026-06-22,Referral
10709,752,5,2026-06-12,172.19,Open,,Referral
10710,126,1,2026-06-19,507.73,Won,2026-06-22,Home Services Marketplace
10711,426,1,2026-06-10,444.63,Won,2026-06-22,Referral
10712,459,1,2026-06-21,370.78,Won,2026-06-22,Google
10713,435,1,2026-06-10,374.98,Won,2026-06-22,Home Services Marketplace
10714,438,1,2026-06-16,688.22,Won,2026-06-22,Google
10715,386,6,2026-06-18,1548.21,Open,,Google
10716,354,1,2026-06-18,914.77,Won,2026-06-22,Referral
10717,627,5,2026-06-18,144.78,Won,2026-06-22,Google
10718,1372,6,2026-06-22,1566.3,Won,2026-06-22,Referral
10719,192,7,2026-06-21,1966.0,Won,2026-06-22,Google
10720,1012,1,2026-06-10,513.91,Won,2026-06-22,Referral
10721,1338,1,2026-06-20,886.29,Won,2026-06-22,Google
10722,810,1,2026-06-21,637.74,Won,2026-06-22,Referral
10723,912,1,2026-06-16,438.54,Won,2026-06-22,Home Services Marketplace
10724,412,1,2026-06-22,521.06,Won,2026-06-22,Home Services Marketplace
10725,1013,1,2026-06-10,515.63,Won,2026-06-22,Google
10726,1019,1,2026-06-16,626.15,Lost,,Organic
10727,308,5,2026-06-18,179.77,Won,2026-06-23,Referral
10728,909,1,2026-06-16,366.14,Won,2026-06-23,Home Services Marketplace
10729,1076,1,2026-06-17,390.38,Won,2026-06-23,Referral
10730,917,1,2026-06-22,711.49,Won,2026-06-23,Google
10731,389,5,2026-06-13,156.81,Won,2026-06-23,Referral
10732,612,3,2026-06-17,10446.86,Won,2026-06-23,Google
10733,695,1,2026-06-23,462.51,Won,2026-06-23,Google
10734,625,1,2026-06-14,516.75,Won,2026-06-23,Home Services Marketplace
10735,1297,1,2026-06-21,633.62,Won,2026-06-23,Home Services Marketplace
10736,959,1,2026-06-12,552.86,Won,2026-06-23,Google
10737,949,5,2026-06-23,203.29,Won,2026-06-23,Direct Mail
10738,1198,3,2026-06-16,10989.18,Won,2026-06-23,Referral
10739,526,4,2026-06-17,2319.77,Open,,Google
10740,313,1,2026-06-17,1136.8,Won,2026-06-23,Google
10741,123,1,2026-06-13,827.23,Won,2026-06-23,Google
10742,349,1,2026-06-13,432.34,Won,2026-06-23,Google
10743,462,7,2026-06-16,1690.43,Won,2026-06-23,Referral
10744,661,1,2026-06-12,522.18,Won,2026-06-23,Google
10745,1148,4,2026-06-22,2649.24,Won,2026-06-23,Home Services Marketplace
10746,715,1,2026-06-11,615.84,Open,,Organic
10747,1318,5,2026-06-23,249.8,Won,2026-06-23,Referral
10748,1026,2,2026-06-11,458.99,Won,2026-06-23,Organic
10749,930,7,2026-06-17,828.5,Won,2026-06-23,Referral
10750,37,6,2026-06-15,1649.99,Lost,,Google
10751,1224,5,2026-06-13,171.22,Open,,Organic
10752,533,1,2026-06-22,445.23,Won,2026-06-24,Referral
10753,1134,5,2026-06-20,220.82,Open,,Google
10754,819,1,2026-06-17,555.91,Won,2026-06-24,Organic
10755,1414,2,2026-06-16,526.49,Open,,Organic
10756,1369,5,2026-06-22,211.34,Won,2026-06-24,Organic
10757,1449,4,2026-06-12,2629.39,Won,2026-06-24,Google
10758,1234,1,2026-06-24,515.0,Lost,,Referral
10759,1366,2,2026-06-15,431.51,Open,,Home Services Marketplace
10760,583,5,2026-06-18,149.29,Won,2026-06-24,Google
10761,924,5,2026-06-14,258.44,Won,2026-06-24,Google
10762,774,1,2026-06-23,413.38,Won,2026-06-24,Referral
10763,743,1,2026-06-14,549.16,Won,2026-06-24,Google
10764,550,5,2026-06-19,209.94,Lost,,Referral
10765,104,1,2026-06-14,487.5,Won,2026-06-24,Google
10766,1064,1,2026-06-13,400.22,Won,2026-06-24,Referral
10767,445,3,2026-06-14,9051.82,Lost,,Referral
10768,340,1,2026-06-24,462.15,Won,2026-06-24,Google
10769,1281,2,2026-06-12,383.05,Open,,Referral
10770,36,1,2026-06-12,548.61,Open,,Google
10771,1417,1,2026-06-22,685.8,Open,,Organic
10772,14,1,2026-06-24,466.7,Won,2026-06-24,Referral
10773,529,4,2026-06-22,2856.28,Open,,Google
10774,227,5,2026-06-14,143.93,Won,2026-06-24,Home Services Marketplace
10775,354,1,2026-06-15,760.28,Won,2026-06-25,Referral
10776,718,6,2026-06-20,1610.96,Won,2026-06-25,Organic
10777,1169,1,2026-06-14,437.57,Won,2026-06-25,Referral
10778,1440,1,2026-06-24,572.33,Won,2026-06-25,Home Services Marketplace
10779,269,4,2026-06-22,2239.34,Won,2026-06-25,Referral
10780,418,5,2026-06-17,195.7,Won,2026-06-25,Direct Mail
10781,934,1,2026-06-17,429.53,Won,2026-06-25,Home Services Marketplace
10782,290,6,2026-06-19,1870.97,Won,2026-06-25,Organic
10783,1416,2,2026-06-16,759.81,Lost,,Referral
10784,772,1,2026-06-15,1056.92,Won,2026-06-25,Referral
10785,161,2,2026-06-25,413.44,Won,2026-06-25,Google
10786,1349,2,2026-06-16,307.42,Lost,,Organic
10787,1038,1,2026-06-22,463.44,Open,,Referral
10788,845,3,2026-06-25,9542.0,Won,2026-06-25,Home Services Marketplace
10789,1434,2,2026-06-21,973.46,Won,2026-06-25,Organic
10790,478,1,2026-06-25,634.35,Won,2026-06-25,Organic
10791,144,3,2026-06-24,12991.35,Won,2026-06-25,Referral
10792,547,1,2026-06-25,490.74,Lost,,Google
10793,497,1,2026-06-14,1055.21,Open,,Google
10794,1427,1,2026-06-20,481.55,Won,2026-06-25,Referral
10795,607,3,2026-06-15,13413.47,Won,2026-06-25,Google
10796,384,1,2026-06-17,519.98,Won,2026-06-25,Google
10797,511,5,2026-06-14,183.32,Won,2026-06-25,Google
10798,1427,5,2026-06-20,203.38,Won,2026-06-25,Referral
10799,905,1,2026-06-23,617.9,Lost,,Home Services Marketplace
10800,490,1,2026-06-20,496.99,Open,,Referral
10801,1179,4,2026-06-21,2062.17,Won,2026-06-25,Direct Mail
10802,542,5,2026-06-26,193.68,Won,2026-06-26,Google
10803,377,3,2026-06-22,10531.93,Won,2026-06-26,Google
10804,1374,1,2026-06-20,427.44,Won,2026-06-26,Home Services Marketplace
10805,397,2,2026-06-26,519.76,Won,2026-06-26,Home Services Marketplace
10806,535,1,2026-06-23,534.59,Won,2026-06-26,Home Services Marketplace
10807,238,1,2026-06-19,394.04,Open,,Referral
10808,1049,2,2026-06-17,465.06,Open,,Google
10809,1226,5,2026-06-20,197.98,Lost,,Referral
10810,1256,7,2026-06-24,1042.64,Won,2026-06-26,Referral
10811,1130,1,2026-06-22,315.61,Won,2026-06-26,Direct Mail
10812,532,1,2026-06-18,351.43,Won,2026-06-26,Direct Mail
10813,577,5,2026-06-26,168.66,Won,2026-06-26,Direct Mail
10814,730,7,2026-06-15,769.48,Won,2026-06-26,Organic
10815,1059,3,2026-06-19,8251.25,Won,2026-06-26,Home Services Marketplace
10816,621,1,2026-06-23,493.73,Won,2026-06-26,Referral
10817,440,1,2026-06-22,487.64,Won,2026-06-26,Google
10818,1289,1,2026-06-15,789.7,Won,2026-06-26,Google
10819,293,1,2026-06-21,457.03,Won,2026-06-26,Referral
10820,23,7,2026-06-14,986.55,Won,2026-06-26,Referral
10821,1293,5,2026-06-23,154.73,Won,2026-06-26,Google
10822,976,5,2026-06-19,223.06,Won,2026-06-26,Google
10823,1313,2,2026-06-15,393.89,Lost,,Google
10824,989,1,2026-06-20,1030.97,Won,2026-06-26,Direct Mail
10825,572,1,2026-06-21,308.71,Open,,Direct Mail
10826,274,1,2026-06-19,483.6,Won,2026-06-26,Google
10827,1187,2,2026-06-24,385.13,Won,2026-06-26,Organic
10828,1443,1,2026-06-20,410.44,Won,2026-06-26,Organic
10829,1180,4,2026-06-26,2162.7,Won,2026-06-26,Google
10830,378,5,2026-06-19,283.98,Won,2026-06-26,Home Services Marketplace
10831,1446,1,2026-06-17,595.43,Won,2026-06-27,Home Services Marketplace
10832,179,5,2026-06-20,128.76,Lost,,Organic
10833,380,4,2026-06-18,2663.47,Open,,Organic
10834,1062,5,2026-06-26,233.56,Won,2026-06-27,Organic
10835,929,2,2026-06-22,621.62,Won,2026-06-27,Referral
10836,409,5,2026-06-21,132.76,Won,2026-06-27,Google
10837,889,6,2026-06-15,1528.52,Won,2026-06-27,Home Services Marketplace
10838,715,2,2026-06-16,468.98,Lost,,Organic
10839,987,1,2026-06-25,840.49,Won,2026-06-27,Google
10840,986,1,2026-06-16,419.82,Won,2026-06-27,Home Services Marketplace
10841,1045,5,2026-06-20,154.75,Won,2026-06-27,Home Services Marketplace
10842,819,2,2026-06-18,471.13,Won,2026-06-27,Organic
10843,547,1,2026-06-22,501.44,Won,2026-06-27,Google
10844,256,6,2026-06-27,1265.32,Won,2026-06-27,Home Services Marketplace
10845,387,3,2026-06-21,12262.53,Lost,,Referral
10846,892,5,2026-06-20,162.03,Open,,Organic
10847,147,5,2026-06-22,211.59,Won,2026-06-27,Direct Mail
10848,550,1,2026-06-18,570.08,Lost,,Referral
10849,408,1,2026-06-23,623.71,Won,2026-06-28,Organic
10850,252,2,2026-06-28,476.07,Won,2026-06-28,Direct Mail
10851,491,5,2026-06-22,170.87,Won,2026-06-28,Organic
10852,871,4,2026-06-17,5167.83,Won,2026-06-28,Google
10853,87,2,2026-06-20,738.58,Won,2026-06-28,Direct Mail
10854,940,2,2026-06-26,526.22,Won,2026-06-28,Google
10855,345,1,2026-06-22,592.77,Won,2026-06-28,Google
10856,350,1,2026-06-19,540.26,Won,2026-06-28,Google
10857,804,5,2026-06-25,271.94,Open,,Home Services Marketplace
10858,1269,7,2026-06-27,854.91,Lost,,Referral
10859,438,1,2026-06-27,1385.19,Open,,Google
10860,34,4,2026-06-17,2283.29,Won,2026-06-29,Direct Mail
10861,1433,2,2026-06-20,412.54,Won,2026-06-29,Google
10862,260,5,2026-06-22,371.37,Won,2026-06-29,Referral
10863,1264,1,2026-06-20,417.69,Open,,Direct Mail
10864,187,1,2026-06-22,546.11,Won,2026-06-29,Referral
10865,805,4,2026-06-19,2213.2,Open,,Referral
10866,1430,1,2026-06-26,594.98,Won,2026-06-29,Referral
10867,1249,3,2026-06-25,11349.95,Lost,,Google
10868,207,6,2026-06-19,1232.99,Won,2026-06-29,Referral
10869,1290,3,2026-06-21,7427.56,Won,2026-06-29,Google
10870,1054,1,2026-06-18,385.21,Won,2026-06-29,Google
10871,976,3,2026-06-21,11711.08,Won,2026-06-29,Google
10872,1354,1,2026-06-23,451.99,Won,2026-06-29,Referral
10873,501,5,2026-06-19,203.11,Open,,Google
10874,782,5,2026-06-25,167.76,Lost,,Organic
10875,77,7,2026-06-22,1078.97,Won,2026-06-30,Referral
10876,755,1,2026-06-19,440.19,Won,2026-06-30,Referral
10877,1359,1,2026-06-30,524.1,Open,,Google
10878,1280,4,2026-06-19,2332.1,Won,2026-06-30,Google
10879,217,4,2026-06-25,3011.71,Lost,,Home Services Marketplace
10880,1282,2,2026-06-25,448.69,Won,2026-06-30,Referral
10881,1336,1,2026-06-30,462.95,Won,2026-06-30,Referral
10882,412,2,2026-06-22,594.77,Won,2026-06-30,Home Services Marketplace
10883,693,5,2026-06-29,135.38,Won,2026-06-30,Referral
10884,1343,5,2026-06-18,185.02,Won,2026-06-30,Google
10885,121,6,2026-06-18,1960.51,Lost,,Home Services Marketplace
10886,1185,2,2026-06-23,531.71,Won,2026-06-30,Google
10887,102,7,2026-06-22,1003.75,Lost,,Direct Mail
10888,652,5,2026-06-18,195.18,Won,2026-06-30,Referral
10889,153,5,2026-06-23,124.64,Won,2026-06-30,Organic
10890,1067,7,2026-06-21,1466.91,Won,2026-06-30,Organic
10891,1266,1,2026-06-28,355.0,Won,2026-06-30,Google
10892,739,1,2026-06-27,777.11,Open,,Google
10893,1292,1,2026-06-29,526.14,Won,2026-06-30,Home Services Marketplace
10894,352,6,2026-06-25,1524.95,Won,2026-06-30,Direct Mail
10895,1371,1,2026-06-19,434.53,Won,2026-06-30,Google
10896,653,1,2026-06-20,581.73,Lost,,Google
10897,760,4,2026-06-23,2354.74,Won,2026-06-30,Referral
10898,677,3,2026-06-27,11037.96,Open,,Home Services Marketplace
10899,29,1,2026-06-22,376.0,Won,2026-07-01,Organic
10900,181,1,2026-06-30,497.04,Lost,,Organic
10901,203,1,2026-06-26,450.85,Lost,,Referral
10902,512,1,2026-06-23,539.12,Open,,Direct Mail
10903,139,5,2026-07-01,167.08,Lost,,Google
10904,546,5,2026-06-30,165.23,Won,2026-07-01,Referral
10905,62,2,2026-06-28,515.8,Won,2026-07-01,Google
10906,1155,2,2026-06-20,353.46,Won,2026-07-01,Google
10907,291,6,2026-06-28,1215.98,Won,2026-07-01,Referral
10908,29,5,2026-06-27,201.83,Won,2026-07-01,Organic
10909,194,1,2026-06-24,382.49,Won,2026-07-01,Organic
10910,1331,1,2026-06-23,476.15,Won,2026-07-01,Home Services Marketplace
10911,903,4,2026-06-25,2539.31,Won,2026-07-01,Referral
10912,599,2,2026-06-29,690.72,Won,2026-07-01,Referral
10913,336,5,2026-06-30,189.18,Open,,Direct Mail
10914,1323,3,2026-06-28,15919.65,Won,2026-07-01,Google
10915,165,4,2026-06-26,2392.18,Lost,,Home Services Marketplace
10916,622,1,2026-06-22,562.0,Lost,,Direct Mail
10917,1131,1,2026-06-28,424.79,Won,2026-07-01,Google
10918,1337,1,2026-06-27,408.82,Won,2026-07-01,Referral
10919,578,5,2026-06-20,280.22,Won,2026-07-01,Google
10920,1435,1,2026-06-19,491.95,Won,2026-07-01,Referral
10921,278,7,2026-06-24,1235.15,Won,2026-07-02,Google
10922,406,5,2026-07-01,183.78,Open,,Google
10923,1061,4,2026-06-29,2569.11,Won,2026-07-02,Organic
10924,1231,5,2026-06-30,175.27,Lost,,Google
10925,575,5,2026-07-01,190.47,Won,2026-07-02,Referral
10926,916,1,2026-07-02,393.94,Won,2026-07-02,Direct Mail
10927,811,3,2026-07-01,9808.71,Won,2026-07-02,Organic
10928,142,6,2026-06-26,813.17,Won,2026-07-02,Home Services Marketplace
10929,1101,5,2026-06-22,333.23,Open,,Home Services Marketplace
10930,1446,5,2026-06-25,158.77,Won,2026-07-02,Home Services Marketplace
10931,478,4,2026-06-28,1643.26,Won,2026-07-02,Organic
10932,982,2,2026-06-28,679.13,Open,,Home Services Marketplace
10933,1436,2,2026-06-28,483.7,Won,2026-07-02,Google
10934,1151,7,2026-06-20,929.15,Won,2026-07-02,Referral
10935,69,7,2026-06-24,1076.36,Won,2026-07-02,Google
10936,1416,6,2026-06-29,1144.99,Open,,Referral
10937,1044,3,2026-06-26,11278.55,Open,,Organic
10938,1324,2,2026-06-27,419.8,Won,2026-07-02,Google
10939,918,1,2026-06-22,963.71,Lost,,Direct Mail
10940,570,6,2026-06-25,1867.06,Won,2026-07-02,Organic
10941,269,5,2026-06-23,150.38,Won,2026-07-02,Referral
10942,492,7,2026-06-21,1482.25,Open,,Google
10943,1002,5,2026-06-28,159.03,Won,2026-07-02,Google
10944,1241,1,2026-06-30,401.58,Won,2026-07-02,Google
10945,655,1,2026-06-20,431.48,Won,2026-07-02,Google
10946,53,1,2026-07-03,507.77,Won,2026-07-03,Referral
10947,44,5,2026-06-28,239.86,Won,2026-07-03,Google
10948,935,7,2026-06-28,1356.1,Won,2026-07-03,Home Services Marketplace
10949,1096,1,2026-06-30,430.77,Won,2026-07-03,Direct Mail
10950,809,1,2026-06-22,464.55,Won,2026-07-03,Home Services Marketplace
10951,27,6,2026-06-21,1489.97,Won,2026-07-03,Google
10952,227,2,2026-06-22,502.95,Won,2026-07-03,Home Services Marketplace
10953,1039,5,2026-06-28,199.11,Won,2026-07-03,Home Services Marketplace
10954,1073,4,2026-07-02,4231.56,Won,2026-07-03,Direct Mail
10955,355,2,2026-06-30,522.64,Won,2026-07-03,Organic
10956,302,1,2026-06-26,429.37,Won,2026-07-03,Referral
10957,1323,3,2026-06-29,16728.87,Won,2026-07-03,Google
10958,84,5,2026-06-26,157.51,Won,2026-07-03,Home Services Marketplace
10959,1434,7,2026-06-27,1692.94,Won,2026-07-03,Organic
10960,797,2,2026-06-21,460.18,Lost,,Direct Mail
10961,459,1,2026-07-03,430.76,Open,,Google
10962,579,5,2026-07-03,165.06,Lost,,Google
10963,500,1,2026-06-27,883.53,Won,2026-07-03,Direct Mail
10964,1273,1,2026-06-28,414.69,Won,2026-07-03,Home Services Marketplace
10965,1376,5,2026-06-24,233.06,Won,2026-07-03,Home Services Marketplace
10966,1189,1,2026-06-28,1214.52,Won,2026-07-03,Referral
10967,788,2,2026-06-29,492.38,Won,2026-07-03,Direct Mail
10968,215,2,2026-06-26,625.98,Won,2026-07-03,Direct Mail
10969,570,2,2026-06-23,838.6,Won,2026-07-03,Organic
10970,909,4,2026-06-30,1715.34,Open,,Home Services Marketplace
10971,1118,1,2026-06-23,489.86,Open,,Referral
10972,99,5,2026-06-28,218.78,Won,2026-07-03,Google
10973,1271,2,2026-06-22,459.18,Won,2026-07-03,Referral
10974,410,1,2026-06-27,458.84,Won,2026-07-04,Organic
10975,913,1,2026-06-24,421.25,Won,2026-07-04,Organic
10976,1229,1,2026-06-24,424.87,Lost,,Google
10977,275,1,2026-06-28,539.22,Won,2026-07-04,Google
10978,213,5,2026-06-23,305.2,Lost,,Direct Mail
10979,409,5,2026-06-24,242.17,Won,2026-07-04,Google
10980,325,5,2026-06-24,136.15,Lost,,Referral
10981,421,5,2026-07-03,159.98,Won,2026-07-04,Direct Mail
10982,478,1,2026-06-22,386.49,Won,2026-07-04,Organic
10983,1106,1,2026-06-29,417.68,Won,2026-07-04,Google
10984,860,1,2026-06-30,494.0,Won,2026-07-04,Referral
10985,674,2,2026-07-03,502.54,Won,2026-07-04,Referral
10986,128,6,2026-07-03,1400.35,Won,2026-07-04,Google
10987,3,1,2026-06-29,584.67,Won,2026-07-04,Google
10988,336,1,2026-06-25,605.87,Open,,Direct Mail
10989,515,1,2026-06-25,496.45,Won,2026-07-04,Direct Mail
10990,226,3,2026-06-27,11016.33,Won,2026-07-04,Google
10991,831,3,2026-06-29,11825.65,Lost,,Referral
10992,1027,3,2026-06-28,9619.99,Open,,Google
10993,1261,6,2026-07-04,1452.27,Open,,Organic
10994,289,1,2026-07-04,490.72,Won,2026-07-05,Google
10995,242,6,2026-06-26,1581.45,Won,2026-07-05,Direct Mail
10996,7,5,2026-06-25,259.95,Won,2026-07-05,Google
10997,256,1,2026-07-04,522.29,Open,,Home Services Marketplace
10998,375,1,2026-06-30,689.78,Won,2026-07-05,Direct Mail
10999,1424,6,2026-06-27,993.73,Won,2026-07-05,Referral
11000,253,2,2026-06-30,444.48,Won,2026-07-05,Google
11001,1182,3,2026-06-27,12069.29,Won,2026-07-05,Google
11002,922,1,2026-07-03,666.18,Won,2026-07-05,Home Services Marketplace
11003,31,1,2026-07-03,440.59,Won,2026-07-05,Direct Mail
11004,1286,4,2026-06-26,2331.64,Won,2026-07-05,Google
11005,1177,7,2026-06-29,863.83,Lost,,Google
11006,246,4,2026-07-02,2548.13,Open,,Referral
11007,433,1,2026-06-23,480.8,Won,2026-07-05,Google
11008,415,1,2026-06-29,612.12,Won,2026-07-05,Referral
11009,1310,2,2026-06-28,641.12,Won,2026-07-05,Organic
11010,257,1,2026-06-26,394.04,Won,2026-07-05,Direct Mail
11011,829,1,2026-06-24,413.89,Won,2026-07-05,Referral
11012,1170,5,2026-07-04,247.2,Won,2026-07-05,Google
11013,450,2,2026-06-30,660.21,Won,2026-07-06,Home Services Marketplace
11014,663,4,2026-06-24,2482.84,Open,,Direct Mail
11015,832,5,2026-07-04,188.67,Won,2026-07-06,Referral
11016,78,6,2026-06-25,2203.96,Won,2026-07-06,Google
11017,12,1,2026-06-29,362.73,Won,2026-07-06,Home Services Marketplace
11018,1289,1,2026-07-02,1087.65,Won,2026-07-06,Google
11019,1357,3,2026-06-24,9271.8,Won,2026-07-06,Google
11020,1158,1,2026-07-04,442.4,Won,2026-07-06,Organic
11021,804,1,2026-06-28,413.26,Won,2026-07-06,Home Services Marketplace
11022,357,2,2026-06-24,397.28,Lost,,Referral
11023,958,1,2026-06-30,575.0,Won,2026-07-06,Google
11024,1383,1,2026-07-02,521.5,Lost,,Referral
11025,1002,3,2026-06-29,8566.39,Won,2026-07-06,Google
11026,455,3,2026-06-28,8656.44,Lost,,Google
11027,193,1,2026-06-29,570.72,Won,2026-07-06,Home Services Marketplace
11028,805,6,2026-07-05,1407.58,Lost,,Referral
11029,378,1,2026-06-28,466.28,Won,2026-07-06,Home Services Marketplace
11030,1148,6,2026-06-24,946.5,Open,,Home Services Marketplace
11031,879,1,2026-07-05,395.95,Won,2026-07-06,Organic
11032,1047,1,2026-07-01,538.94,Lost,,Home Services Marketplace
11033,263,5,2026-06-28,397.41,Won,2026-07-06,Organic
11034,1298,1,2026-07-06,542.65,Won,2026-07-06,Direct Mail
11035,692,3,2026-07-04,22429.51,Open,,Organic
11036,991,1,2026-06-29,579.57,Won,2026-07-06,Referral
11037,239,5,2026-06-26,238.17,Open,,Organic
11038,661,5,2026-07-05,193.71,Won,2026-07-06,Google
11039,371,1,2026-06-30,609.86,Open,,Referral
11040,1072,2,2026-06-28,837.0,Lost,,Referral
11041,1334,7,2026-06-28,1073.58,Won,2026-07-06,Home Services Marketplace
11042,1140,2,2026-06-29,567.13,Lost,,Google
11043,942,6,2026-06-27,1686.5,Won,2026-07-07,Google
11044,672,7,2026-06-30,1255.19,Won,2026-07-07,Google
11045,763,2,2026-07-07,429.21,Lost,,Google
11046,141,5,2026-06-30,214.82,Won,2026-07-07,Google
11047,1425,2,2026-07-02,537.0,Won,2026-07-07,Google
11048,963,5,2026-07-04,205.53,Won,2026-07-07,Referral
11049,673,1,2026-06-26,416.63,Won,2026-07-07,Referral
11050,997,5,2026-06-26,152.84,Won,2026-07-07,Referral
11051,826,2,2026-07-05,819.83,Won,2026-07-07,Google
11052,827,1,2026-06-29,1116.12,Won,2026-07-07,Google
11053,953,3,2026-07-01,7659.74,Won,2026-07-07,Home Services Marketplace
11054,687,5,2026-06-26,245.42,Won,2026-07-07,Google
11055,1061,5,2026-07-03,205.32,Won,2026-07-07,Organic
11056,389,1,2026-06-25,365.53,Won,2026-07-07,Referral
11057,60,5,2026-07-04,211.7,Won,2026-07-07,Direct Mail
11058,330,3,2026-06-26,10586.69,Lost,,Referral
11059,394,1,2026-07-05,455.33,Won,2026-07-07,Home Services Marketplace
11060,1086,2,2026-07-02,452.66,Won,2026-07-07,Google
11061,793,7,2026-07-03,2040.03,Lost,,Google
11062,222,3,2026-06-28,7146.86,Open,,Home Services Marketplace
11063,574,3,2026-07-02,11004.94,Lost,,Organic
11064,1147,6,2026-07-05,1562.47,Won,2026-07-07,Referral
11065,422,5,2026-07-04,173.76,Lost,,Google
11066,1310,5,2026-06-26,169.26,Lost,,Organic
11067,1398,2,2026-07-05,561.49,Lost,,Google
11068,1162,3,2026-06-28,7412.53,Open,,Google
11069,167,5,2026-06-25,171.32,Won,2026-07-07,Referral
11070,679,2,2026-07-02,686.82,Won,2026-07-07,Google
11071,90,2,2026-07-02,464.49,Won,2026-07-08,Google
11072,933,5,2026-06-28,170.75,Won,2026-07-08,Google
11073,83,2,2026-06-27,699.49,Won,2026-07-08,Referral
11074,723,1,2026-07-02,450.57,Won,2026-07-08,Direct Mail
11075,1151,1,2026-06-30,599.51,Won,2026-07-08,Referral
11076,625,7,2026-06-30,1121.15,Won,2026-07-08,Home Services Marketplace
11077,986,7,2026-06-28,887.32,Won,2026-07-08,Home Services Marketplace
11078,488,5,2026-07-05,162.38,Won,2026-07-08,Home Services Marketplace
11079,44,2,2026-06-28,525.21,Won,2026-07-08,Google
11080,223,7,2026-07-01,1267.44,Open,,Google
11081,823,3,2026-07-02,8660.04,Open,,Home Services Marketplace
11082,72,5,2026-06-29,154.4,Won,2026-07-08,Referral
11083,1095,2,2026-07-02,853.66,Won,2026-07-08,Referral
11084,1377,3,2026-06-29,9389.3,Lost,,Direct Mail
11085,572,5,2026-07-01,185.78,Won,2026-07-08,Direct Mail
11086,246,4,2026-06-26,2211.51,Lost,,Referral
11087,106,2,2026-06-27,349.02,Lost,,Organic
11088,782,2,2026-07-04,454.12,Won,2026-07-08,Organic
11089,1169,6,2026-06-29,1396.29,Won,2026-07-08,Referral
11090,42,5,2026-07-03,198.14,Won,2026-07-08,Home Services Marketplace
11091,1147,2,2026-07-06,584.16,Won,2026-07-08,Referral
11092,426,4,2026-07-01,2024.87,Open,,Referral
11093,1345,7,2026-06-28,969.4,Won,2026-07-08,Organic
11094,1408,1,2026-07-06,376.45,Won,2026-07-08,Google
11095,986,2,2026-07-02,510.15,Won,2026-07-08,Home Services Marketplace
11096,1016,1,2026-07-03,399.05,Won,2026-07-08,Google
11097,173,1,2026-06-30,347.33,Lost,,Google
11098,1268,2,2026-07-02,496.39,Won,2026-07-08,Organic
11099,278,2,2026-06-28,440.18,Won,2026-07-08,Google
11100,833,5,2026-07-09,139.76,Won,2026-07-09,Organic
11101,97,2,2026-07-02,760.32,Lost,,Google
11102,996,6,2026-07-04,962.02,Won,2026-07-09,Organic
11103,508,1,2026-07-05,450.58,Won,2026-07-09,Google
11104,940,2,2026-07-07,646.91,Won,2026-07-09,Google
11105,670,5,2026-07-05,194.95,Won,2026-07-09,Referral
11106,380,5,2026-07-05,197.38,Won,2026-07-09,Organic
11107,1373,4,2026-06-27,4342.33,Won,2026-07-09,Referral
11108,1040,5,2026-07-01,186.9,Lost,,Google
11109,924,2,2026-07-09,1272.78,Lost,,Google
11110,1372,1,2026-07-05,442.59,Open,,Referral
11111,315,5,2026-07-04,209.76,Won,2026-07-09,Google
11112,276,1,2026-06-30,618.36,Won,2026-07-09,Google
11113,823,1,2026-07-01,439.8,Won,2026-07-09,Home Services Marketplace
11114,1051,5,2026-07-05,205.8,Won,2026-07-09,Organic
11115,1225,5,2026-07-09,346.22,Won,2026-07-09,Organic
11116,329,1,2026-07-01,561.25,Open,,Google
11117,1108,5,2026-07-07,174.87,Won,2026-07-09,Organic
11118,935,4,2026-07-06,2941.26,Won,2026-07-09,Home Services Marketplace
11119,1248,1,2026-07-02,785.72,Won,2026-07-09,Google
11120,399,1,2026-07-03,384.62,Lost,,Organic
11121,851,1,2026-07-06,744.03,Won,2026-07-09,Referral
11122,1219,5,2026-07-08,148.37,Won,2026-07-09,Referral
11123,547,1,2026-07-09,653.88,Lost,,Google
11124,860,2,2026-07-09,570.02,Won,2026-07-10,Referral
11125,446,4,2026-06-30,1834.93,Won,2026-07-10,Google
11126,12,1,2026-07-03,468.04,Won,2026-07-10,Home Services Marketplace
11127,1175,6,2026-07-05,1508.75,Lost,,Referral
11128,353,5,2026-07-04,196.22,Won,2026-07-10,Referral
11129,541,3,2026-07-09,9377.46,Won,2026-07-10,Organic
11130,658,1,2026-07-03,598.33,Open,,Organic
11131,1221,3,2026-07-04,11922.58,Open,,Referral
11132,129,2,2026-07-07,470.25,Won,2026-07-10,Referral
11133,958,5,2026-07-10,131.36,Won,2026-07-10,Google
11134,385,1,2026-07-06,466.96,Won,2026-07-10,Google
11135,422,5,2026-07-09,168.5,Lost,,Google
11136,123,7,2026-07-08,1394.72,Won,2026-07-10,Google
11137,162,1,2026-07-09,629.76,Lost,,Organic
11138,227,5,2026-06-29,205.22,Won,2026-07-10,Home Services Marketplace
11139,1007,2,2026-07-05,896.23,Won,2026-07-10,Referral
11140,707,1,2026-06-28,492.12,Open,,Organic
11141,179,1,2026-07-09,481.77,Won,2026-07-10,Organic
11142,1104,5,2026-07-08,233.75,Won,2026-07-10,Google
11143,1020,1,2026-07-07,820.52,Won,2026-07-10,Home Services Marketplace
11144,1300,1,2026-07-06,481.56,Won,2026-07-11,Google
11145,1016,5,2026-06-30,185.92,Lost,,Google
11146,158,2,2026-07-08,495.88,Won,2026-07-11,Home Services Marketplace
11147,816,5,2026-07-03,371.3,Won,2026-07-11,Organic
11148,483,3,2026-07-03,10308.91,Lost,,Google
11149,1257,5,2026-07-07,149.1,Won,2026-07-11,Home Services Marketplace
11150,803,1,2026-07-09,560.45,Won,2026-07-11,Google
11151,525,1,2026-06-29,437.88,Won,2026-07-11,Google
11152,629,5,2026-07-04,199.01,Won,2026-07-12,Home Services Marketplace
11153,221,5,2026-06-30,128.07,Won,2026-07-12,Google
11154,1226,3,2026-07-03,11539.07,Lost,,Referral
11155,782,7,2026-07-03,1186.47,Won,2026-07-12,Organic
11156,662,1,2026-07-02,361.09,Won,2026-07-12,Referral
11157,334,1,2026-07-01,399.56,Won,2026-07-12,Organic
11158,352,5,2026-07-08,132.98,Won,2026-07-12,Direct Mail
11159,1077,1,2026-07-12,614.1,Open,,Referral
11160,622,4,2026-07-05,2086.58,Won,2026-07-12,Direct Mail
11161,228,4,2026-07-02,2759.31,Lost,,Google
11162,169,1,2026-07-10,636.99,Open,,Google
11163,273,1,2026-07-08,416.97,Won,2026-07-12,Direct Mail
11164,78,1,2026-07-07,885.16,Open,,Google
11165,398,6,2026-07-09,1371.23,Open,,Direct Mail
11166,656,5,2026-07-01,241.67,Won,2026-07-12,Referral
11167,765,1,2026-07-03,565.65,Won,2026-07-12,Google
11168,843,5,2026-07-03,213.06,Won,2026-07-12,Referral
11169,785,3,2026-07-04,10432.52,Lost,,Home Services Marketplace
11170,36,4,2026-07-06,3174.07,Won,2026-07-12,Google
11171,1282,3,2026-06-30,10508.97,Open,,Referral
11172,456,1,2026-07-01,413.2,Lost,,Organic
11173,1099,6,2026-07-08,1132.83,Won,2026-07-13,Organic
11174,67,5,2026-07-13,186.3,Won,2026-07-13,Google
11175,749,6,2026-07-01,1140.58,Won,2026-07-13,Google
11176,85,1,2026-07-02,490.03,Won,2026-07-13,Referral
11177,1228,7,2026-07-12,1027.8,Open,,Organic
11178,1230,5,2026-07-11,190.11,Won,2026-07-13,Referral
11179,1389,4,2026-07-06,2185.14,Lost,,Direct Mail
11180,459,5,2026-07-01,175.04,Won,2026-07-13,Google
11181,355,1,2026-07-09,447.86,Won,2026-07-13,Organic
11182,1372,4,2026-07-13,2770.41,Open,,Referral
11183,1134,5,2026-07-03,191.31,Won,2026-07-13,Google
11184,1156,5,2026-07-12,159.65,Won,2026-07-13,Referral
11185,1100,5,2026-07-08,203.39,Open,,Organic
11186,1425,5,2026-07-09,189.22,Won,2026-07-13,Google
11187,1144,6,2026-07-12,1101.51,Won,2026-07-13,Google
11188,1341,5,2026-07-07,211.39,Won,2026-07-13,Referral
11189,442,1,2026-07-13,530.89,Won,2026-07-13,Google
11190,637,7,2026-07-01,894.44,Won,2026-07-13,Referral
11191,1140,2,2026-07-10,497.08,Open,,Google
11192,1211,3,2026-07-11,9857.38,Won,2026-07-13,Home Services Marketplace
11193,4,5,2026-07-13,153.69,Won,2026-07-13,Google
11194,684,1,2026-07-03,520.19,Lost,,Direct Mail
11195,332,4,2026-07-10,2342.03,Open,,Google
11196,460,3,2026-07-03,13454.13,Lost,,Referral
11197,853,3,2026-07-13,11753.94,Open,,Google
11198,63,4,2026-07-03,2738.0,Won,2026-07-14,Google
11199,127,1,2026-07-14,480.78,Won,2026-07-14,Organic
11200,16,1,2026-07-12,509.83,Won,2026-07-14,Google
11201,892,1,2026-07-09,472.79,Won,2026-07-14,Organic
11202,522,2,2026-07-14,626.98,Won,2026-07-14,Google
11203,322,2,2026-07-14,638.91,Won,2026-07-14,Google
11204,271,4,2026-07-05,1556.74,Lost,,Google
11205,653,5,2026-07-11,153.55,Open,,Google
11206,966,7,2026-07-09,986.0,Won,2026-07-14,Referral
11207,1072,1,2026-07-04,1072.85,Won,2026-07-14,Referral
11208,192,6,2026-07-04,2060.83,Won,2026-07-14,Google
11209,187,5,2026-07-13,178.24,Won,2026-07-14,Referral
11210,684,6,2026-07-13,1447.41,Won,2026-07-14,Direct Mail
11211,1244,4,2026-07-12,2006.76,Won,2026-07-14,Organic
11212,110,7,2026-07-03,1493.24,Won,2026-07-14,Google
11213,939,1,2026-07-05,510.24,Won,2026-07-14,Organic
11214,1057,3,2026-07-07,10552.15,Won,2026-07-14,Referral
11215,85,1,2026-07-14,422.2,Lost,,Referral
11216,1070,3,2026-07-05,9765.32,Lost,,Organic
11217,983,1,2026-07-07,365.34,Won,2026-07-14,Organic
11218,325,6,2026-07-03,1152.34,Won,2026-07-15,Referral
11219,951,4,2026-07-09,2736.6,Lost,,Google
11220,378,6,2026-07-07,1448.16,Lost,,Home Services Marketplace
11221,1392,1,2026-07-15,432.12,Won,2026-07-15,Organic
11222,673,1,2026-07-07,368.99,Won,2026-07-15,Referral
11223,804,1,2026-07-10,539.29,Won,2026-07-15,Home Services Marketplace
11224,1096,5,2026-07-04,166.18,Won,2026-07-15,Direct Mail
11225,489,4,2026-07-09,2244.97,Won,2026-07-15,Google
11226,1326,5,2026-07-12,209.99,Won,2026-07-15,Referral
11227,628,3,2026-07-03,8309.32,Won,2026-07-15,Referral
11228,269,7,2026-07-03,956.5,Won,2026-07-15,Referral
11229,479,1,2026-07-07,501.37,Won,2026-07-15,Referral
11230,1002,1,2026-07-11,402.63,Open,,Google
11231,140,5,2026-07-09,201.19,Won,2026-07-15,Google
11232,798,2,2026-07-13,445.85,Won,2026-07-15,Referral
11233,1117,5,2026-07-03,158.47,Won,2026-07-15,Google
11234,1407,1,2026-07-13,502.44,Open,,Referral
11235,1234,7,2026-07-12,1036.47,Won,2026-07-15,Referral
11236,1307,1,2026-07-05,889.77,Won,2026-07-15,Google
11237,139,5,2026-07-06,164.7,Open,,Google
11238,674,4,2026-07-03,2569.96,Won,2026-07-15,Referral
11239,348,5,2026-07-04,162.53,Won,2026-07-15,Google
11240,1291,2,2026-07-10,858.11,Open,,Home Services Marketplace
11241,1206,4,2026-07-05,2526.44,Won,2026-07-15,Google
11242,172,5,2026-07-09,251.71,Won,2026-07-15,Organic
11243,525,1,2026-07-10,400.66,Won,2026-07-15,Google
11244,1113,5,2026-07-05,190.02,Won,2026-07-15,Home Services Marketplace
11245,716,1,2026-07-10,612.24,Won,2026-07-16,Organic
11246,1257,5,2026-07-11,196.19,Open,,Home Services Marketplace
11247,281,1,2026-07-04,565.09,Lost,,Organic
11248,778,1,2026-07-15,387.46,Open,,Google
11249,799,5,2026-07-08,169.2,Lost,,Referral
11250,309,1,2026-07-05,569.96,Won,2026-07-16,Referral
11251,781,1,2026-07-10,337.19,Won,2026-07-16,Referral
11252,1448,1,2026-07-11,550.41,Won,2026-07-16,Organic
11253,1431,2,2026-07-07,465.93,Won,2026-07-16,Google
11254,593,2,2026-07-12,415.54,Won,2026-07-16,Home Services Marketplace
11255,7,1,2026-07-05,392.42,Lost,,Google
11256,1001,1,2026-07-13,889.02,Won,2026-07-16,Referral
11257,295,6,2026-07-06,1298.34,Won,2026-07-16,Google
11258,596,1,2026-07-09,563.97,Won,2026-07-16,Referral
11259,848,2,2026-07-05,597.06,Won,2026-07-16,Google
11260,520,7,2026-07-13,1057.23,Won,2026-07-16,Organic
11261,1327,7,2026-07-13,1119.42,Open,,Google
11262,437,6,2026-07-06,1111.26,Won,2026-07-16,Referral
11263,574,1,2026-07-15,587.74,Lost,,Organic
11264,1049,5,2026-07-11,197.23,Won,2026-07-16,Google
11265,899,5,2026-07-05,198.4,Lost,,Organic
11266,241,4,2026-07-11,2756.64,Won,2026-07-16,Referral
11267,1148,1,2026-07-15,470.69,Open,,Home Services Marketplace
11268,175,3,2026-07-11,13617.75,Lost,,Organic
11269,1048,1,2026-07-15,753.97,Won,2026-07-17,Referral
11270,1277,2,2026-07-17,594.64,Lost,,Organic
11271,375,5,2026-07-12,233.49,Won,2026-07-17,Direct Mail
11272,395,4,2026-07-09,5881.45,Won,2026-07-17,Organic
11273,681,5,2026-07-10,176.71,Won,2026-07-17,Referral
11274,789,5,2026-07-11,192.38,Open,,Home Services Marketplace
11275,441,5,2026-07-16,162.42,Won,2026-07-17,Organic
11276,1259,1,2026-07-14,580.97,Won,2026-07-17,Organic
11277,1075,1,2026-07-11,430.48,Won,2026-07-17,Referral
11278,239,6,2026-07-13,936.72,Won,2026-07-17,Organic
11279,1446,2,2026-07-07,541.43,Won,2026-07-17,Home Services Marketplace
11280,904,5,2026-07-06,165.5,Open,,Google
11281,793,5,2026-07-09,369.78,Open,,Google
11282,1210,5,2026-07-10,179.31,Won,2026-07-17,Google
11283,887,1,2026-07-09,1031.13,Won,2026-07-17,Google
11284,1320,5,2026-07-05,307.07,Won,2026-07-17,Direct Mail
11285,915,6,2026-07-13,1169.68,Won,2026-07-17,Referral
11286,534,5,2026-07-18,179.06,Lost,,Organic
11287,552,2,2026-07-06,374.35,Won,2026-07-18,Referral
11288,553,1,2026-07-10,479.67,Won,2026-07-18,Referral
11289,949,1,2026-07-06,428.66,Won,2026-07-18,Direct Mail
11290,106,1,2026-07-14,544.35,Lost,,Organic
11291,423,6,2026-07-13,1732.24,Won,2026-07-18,Organic
11292,677,1,2026-07-15,415.76,Won,2026-07-18,Home Services Marketplace
11293,270,3,2026-07-06,13351.11,Won,2026-07-18,Organic
11294,1244,1,2026-07-16,484.6,Won,2026-07-18,Organic
11295,1289,7,2026-07-13,2331.16,Won,2026-07-18,Google
11296,295,3,2026-07-14,7529.68,Open,,Google
11297,433,5,2026-07-11,171.08,Won,2026-07-18,Google
11298,716,1,2026-07-12,503.63,Open,,Organic
11299,307,1,2026-07-15,457.13,Open,,Google
11300,623,2,2026-07-12,566.18,Won,2026-07-18,Google
11301,73,5,2026-07-17,257.92,Won,2026-07-18,Referral
11302,1261,5,2026-07-10,206.38,Won,2026-07-18,Organic
11303,200,1,2026-07-16,594.82,Won,2026-07-18,Direct Mail
11304,1013,5,2026-07-12,208.19,Won,2026-07-18,Google
11305,804,6,2026-07-09,1441.32,Won,2026-07-19,Home Services Marketplace
11306,981,6,2026-07-14,1130.06,Won,2026-07-19,Referral
11307,592,2,2026-07-14,796.96,Won,2026-07-19,Home Services Marketplace
11308,1341,1,2026-07-10,556.87,Won,2026-07-19,Referral
11309,866,1,2026-07-10,604.79,Won,2026-07-19,Organic
11310,935,2,2026-07-14,500.17,Won,2026-07-19,Home Services Marketplace
11311,975,4,2026-07-13,2321.57,Lost,,Referral
11312,565,2,2026-07-15,450.86,Open,,Referral
11313,1254,1,2026-07-15,540.8,Won,2026-07-19,Home Services Marketplace
11314,728,5,2026-07-13,238.76,Lost,,Direct Mail
11315,460,5,2026-07-14,216.94,Won,2026-07-19,Referral
11316,458,5,2026-07-18,169.15,Won,2026-07-19,Referral
11317,958,3,2026-07-08,10813.4,Lost,,Google
11318,610,5,2026-07-13,178.69,Lost,,Google
11319,61,1,2026-07-15,402.57,Won,2026-07-19,Google
11320,289,5,2026-07-13,151.59,Won,2026-07-19,Google
11321,369,2,2026-07-16,390.9,Open,,Referral
11322,1288,5,2026-07-15,172.41,Open,,Organic
11323,737,5,2026-07-07,234.49,Won,2026-07-19,Home Services Marketplace
11324,1243,3,2026-07-17,7242.2,Won,2026-07-19,Organic
11325,489,1,2026-07-18,467.87,Lost,,Google
11326,1159,2,2026-07-19,472.51,Won,2026-07-19,Referral
11327,109,1,2026-07-16,374.15,Won,2026-07-19,Referral
11328,765,1,2026-07-09,406.69,Open,,Google
11329,696,1,2026-07-08,417.73,Open,,Organic
11330,861,5,2026-07-11,176.93,Won,2026-07-20,Home Services Marketplace
11331,818,5,2026-07-20,189.64,Open,,Google
11332,981,3,2026-07-19,9880.31,Lost,,Referral
11333,48,3,2026-07-12,8589.95,Won,2026-07-20,Home Services Marketplace
11334,491,5,2026-07-17,223.77,Lost,,Organic
11335,561,1,2026-07-08,410.53,Won,2026-07-20,Google
11336,314,2,2026-07-18,454.41,Lost,,Referral
11337,585,3,2026-07-15,9858.36,Won,2026-07-20,Organic
11338,491,5,2026-07-17,150.91,Won,2026-07-20,Organic
11339,786,6,2026-07-12,1227.97,Open,,Google
11340,1246,5,2026-07-10,236.62,Won,2026-07-20,Google
11341,674,5,2026-07-12,164.75,Open,,Referral
11342,63,5,2026-07-16,141.74,Won,2026-07-20,Google
11343,1364,5,2026-07-19,202.09,Won,2026-07-20,Referral
11344,490,2,2026-07-14,578.12,Won,2026-07-20,Referral
11345,1103,1,2026-07-20,434.39,Won,2026-07-20,Google
11346,950,1,2026-07-11,968.12,Won,2026-07-20,Home Services Marketplace
11347,1382,1,2026-07-13,919.64,Won,2026-07-20,Home Services Marketplace
11348,185,5,2026-07-11,154.75,Won,2026-07-20,Google
11349,554,5,2026-07-20,213.97,Won,2026-07-20,Google
11350,76,2,2026-07-08,622.13,Lost,,Organic
11351,243,6,2026-07-15,1004.59,Lost,,Direct Mail
11352,931,4,2026-07-10,2954.36,Open,,Direct Mail
11353,114,7,2026-07-17,1017.13,Open,,Google
11354,1340,2,2026-07-21,482.22,Won,2026-07-21,Organic
11355,146,1,2026-07-19,431.89,Won,2026-07-21,Direct Mail
11356,869,1,2026-07-17,510.41,Open,,Google
11357,516,5,2026-07-15,147.72,Won,2026-07-21,Google
11358,725,1,2026-07-13,652.97,Won,2026-07-21,Referral
11359,1319,6,2026-07-11,1201.72,Won,2026-07-21,Organic
11360,1444,5,2026-07-20,247.49,Won,2026-07-21,Referral
11361,1111,5,2026-07-19,260.33,Open,,Google
11362,1356,1,2026-07-10,515.76,Won,2026-07-21,Referral
11363,408,4,2026-07-18,2685.99,Won,2026-07-21,Organic
11364,162,6,2026-07-14,1251.56,Won,2026-07-21,Organic
11365,1434,3,2026-07-09,20313.47,Won,2026-07-21,Organic
11366,861,5,2026-07-21,194.51,Open,,Home Services Marketplace
11367,868,4,2026-07-15,2227.89,Lost,,Google
11368,843,6,2026-07-14,1110.74,Won,2026-07-21,Referral
11369,582,2,2026-07-16,481.92,Won,2026-07-21,Google
11370,937,3,2026-07-13,14279.63,Open,,Referral
11371,866,4,2026-07-19,3643.91,Won,2026-07-21,Organic
11372,141,2,2026-07-20,439.15,Won,2026-07-21,Google
11373,1020,5,2026-07-19,286.88,Won,2026-07-22,Home Services Marketplace
11374,1395,1,2026-07-17,583.81,Won,2026-07-22,Home Services Marketplace
11375,1183,1,2026-07-11,552.4,Open,,Google
11376,1083,4,2026-07-16,2248.94,Won,2026-07-22,Organic
11377,863,1,2026-07-13,698.56,Won,2026-07-22,Google
11378,560,1,2026-07-17,660.95,Won,2026-07-22,Organic
11379,197,2,2026-07-13,638.56,Open,,Direct Mail
11380,46,5,2026-07-22,224.59,Won,2026-07-22,Google
11381,703,1,2026-07-22,455.39,Open,,Organic
11382,981,5,2026-07-14,260.19,Won,2026-07-22,Referral
11383,902,5,2026-07-16,176.08,Won,2026-07-22,Google
11384,871,6,2026-07-13,2767.2,Won,2026-07-22,Google
11385,1394,4,2026-07-10,2434.6,Lost,,Google
11386,844,3,2026-07-12,10091.48,Open,,Direct Mail
11387,679,5,2026-07-12,172.21,Won,2026-07-22,Google
11388,410,7,2026-07-17,2011.27,Open,,Organic
11389,739,4,2026-07-14,5604.66,Open,,Google
11390,498,2,2026-07-18,506.59,Won,2026-07-23,Referral
11391,424,1,2026-07-22,524.36,Won,2026-07-23,Referral
11392,1230,1,2026-07-11,603.87,Won,2026-07-23,Referral
11393,864,1,2026-07-11,638.97,Won,2026-07-23,Google
11394,902,5,2026-07-17,152.48,Won,2026-07-23,Google
11395,1314,2,2026-07-16,470.35,Won,2026-07-23,Referral
11396,185,3,2026-07-23,9994.93,Open,,Google
11397,942,3,2026-07-18,10268.15,Won,2026-07-23,Google
11398,1057,6,2026-07-23,1113.76,Open,,Referral
11399,756,5,2026-07-15,180.88,Open,,Google
11400,792,1,2026-07-16,472.13,Won,2026-07-23,Referral
11401,209,2,2026-07-21,710.03,Won,2026-07-23,Referral
11402,972,1,2026-07-15,394.03,Lost,,Organic
11403,1297,1,2026-07-12,559.72,Won,2026-07-23,Home Services Marketplace
11404,834,5,2026-07-15,226.47,Open,,Google
11405,614,1,2026-07-17,573.79,Won,2026-07-23,Direct Mail
11406,1083,1,2026-07-18,530.25,Won,2026-07-23,Organic
11407,728,1,2026-07-13,419.31,Won,2026-07-23,Direct Mail
11408,190,2,2026-07-19,488.55,Won,2026-07-23,Referral
11409,752,5,2026-07-12,296.86,Open,,Referral
11410,1405,5,2026-07-14,195.63,Won,2026-07-23,Google
11411,421,1,2026-07-22,377.54,Won,2026-07-24,Direct Mail
11412,1201,5,2026-07-16,226.72,Lost,,Home Services Marketplace
11413,1084,6,2026-07-17,1062.99,Lost,,Home Services Marketplace
11414,1250,3,2026-07-22,10515.58,Won,2026-07-24,Organic
11415,678,1,2026-07-21,544.82,Won,2026-07-24,Organic
11416,904,1,2026-07-17,545.0,Won,2026-07-24,Google
11417,798,3,2026-07-15,8651.99,Won,2026-07-24,Referral
11418,9,2,2026-07-24,558.09,Won,2026-07-24,Organic
11419,905,6,2026-07-13,1037.85,Open,,Home Services Marketplace
11420,1348,4,2026-07-16,2982.04,Open,,Organic
11421,849,1,2026-07-17,536.91,Won,2026-07-24,Google
11422,1129,1,2026-07-18,502.97,Won,2026-07-24,Referral
11423,792,5,2026-07-20,207.04,Won,2026-07-24,Referral
11424,126,1,2026-07-17,494.6,Won,2026-07-24,Home Services Marketplace
11425,893,6,2026-07-24,1949.39,Won,2026-07-24,Referral
11426,703,2,2026-07-17,451.05,Won,2026-07-24,Organic
11427,1162,1,2026-07-21,504.46,Won,2026-07-24,Google
11428,195,5,2026-07-24,299.03,Won,2026-07-24,Referral
11429,812,2,2026-07-16,1007.45,Won,2026-07-24,Home Services Marketplace
11430,725,4,2026-07-12,2930.84,Lost,,Referral
11431,1342,2,2026-07-15,508.62,Won,2026-07-24,Direct Mail
11432,29,6,2026-07-16,1244.93,Won,2026-07-24,Organic
11433,838,5,2026-07-13,171.91,Lost,,Referral
11434,997,1,2026-07-23,370.37,Lost,,Referral
11435,1417,1,2026-07-16,365.74,Won,2026-07-25,Organic
11436,996,6,2026-07-25,1386.62,Won,2026-07-25,Organic
11437,539,5,2026-07-19,259.37,Won,2026-07-25,Referral
11438,588,7,2026-07-25,1211.18,Won,2026-07-25,Organic
11439,842,7,2026-07-16,1211.08,Lost,,Referral
11440,240,1,2026-07-25,462.73,Won,2026-07-25,Direct Mail
11441,1379,7,2026-07-14,1419.59,Won,2026-07-25,Google
11442,717,1,2026-07-22,548.08,Won,2026-07-25,Home Services Marketplace
11443,1440,5,2026-07-22,194.25,Open,,Home Services Marketplace
11444,682,3,2026-07-16,10468.0,Lost,,Referral
11445,670,1,2026-07-20,417.26,Won,2026-07-25,Referral
11446,1038,4,2026-07-24,1913.41,Won,2026-07-25,Referral
11447,1152,5,2026-07-24,381.6,Won,2026-07-26,Referral
11448,701,3,2026-07-23,11715.81,Won,2026-07-26,Direct Mail
11449,172,6,2026-07-24,1438.0,Won,2026-07-26,Organic
11450,1027,5,2026-07-19,202.26,Won,2026-07-26,Google
11451,1048,6,2026-07-26,2504.06,Won,2026-07-26,Referral
11452,563,5,2026-07-25,315.81,Won,2026-07-26,Direct Mail
11453,822,1,2026-07-24,469.58,Lost,,Organic
11454,180,2,2026-07-18,666.39,Won,2026-07-26,Direct Mail
11455,844,5,2026-07-15,176.25,Won,2026-07-26,Direct Mail
11456,422,6,2026-07-21,1063.62,Won,2026-07-26,Google
11457,1433,5,2026-07-19,207.8,Lost,,Google
11458,699,2,2026-07-20,527.12,Won,2026-07-26,Direct Mail
11459,1362,1,2026-07-19,411.13,Won,2026-07-26,Google
11460,32,1,2026-07-21,506.82,Open,,Home Services Marketplace
11461,342,1,2026-07-25,497.92,Won,2026-07-26,Home Services Marketplace
11462,10,6,2026-07-14,1972.61,Open,,Google
11463,15,4,2026-07-15,3289.34,Won,2026-07-26,Organic
11464,469,5,2026-07-23,200.45,Open,,Referral
11465,1185,1,2026-07-19,534.64,Open,,Google
11466,218,5,2026-07-26,161.9,Won,2026-07-27,Google
11467,431,2,2026-07-15,545.99,Lost,,Organic
11468,792,6,2026-07-24,1038.75,Won,2026-07-27,Referral
11469,1200,1,2026-07-18,516.15,Won,2026-07-27,Google
11470,861,1,2026-07-22,589.98,Won,2026-07-27,Home Services Marketplace
11471,1154,4,2026-07-16,2502.35,Won,2026-07-27,Organic
11472,212,5,2026-07-25,126.74,Won,2026-07-27,Google
11473,1282,5,2026-07-25,176.89,Open,,Referral
11474,997,1,2026-07-15,431.92,Lost,,Referral
11475,245,6,2026-07-25,1143.45,Open,,Home Services Marketplace
11476,883,1,2026-07-21,526.8,Won,2026-07-27,Organic
11477,766,4,2026-07-22,3242.42,Won,2026-07-27,Referral
11478,786,5,2026-07-17,175.92,Won,2026-07-27,Google
11479,665,1,2026-07-24,490.28,Won,2026-07-27,Organic
11480,737,3,2026-07-25,8168.06,Won,2026-07-27,Home Services Marketplace
11481,1009,1,2026-07-16,459.85,Won,2026-07-27,Google
11482,806,5,2026-07-27,203.03,Won,2026-07-27,Google
11483,851,1,2026-07-27,384.76,Won,2026-07-27,Referral
11484,1355,5,2026-07-26,159.5,Lost,,Organic
11485,935,6,2026-07-25,1294.86,Won,2026-07-27,Home Services Marketplace
11486,449,1,2026-07-16,403.37,Won,2026-07-27,Google
11487,835,2,2026-07-23,475.3,Open,,Google
11488,787,5,2026-07-23,357.48,Won,2026-07-27,Google
11489,842,2,2026-07-26,571.15,Open,,Referral
11490,564,1,2026-07-18,362.76,Won,2026-07-28,Direct Mail
11491,429,5,2026-07-16,217.31,Won,2026-07-28,Google
11492,865,5,2026-07-16,269.56,Won,2026-07-28,Referral
11493,456,3,2026-07-28,11011.91,Open,,Organic
11494,44,5,2026-07-21,204.32,Won,2026-07-28,Google
11495,331,3,2026-07-23,6954.24,Lost,,Organic
11496,562,4,2026-07-17,1778.0,Won,2026-07-28,Direct Mail
11497,498,2,2026-07-16,500.54,Won,2026-07-28,Referral
11498,734,7,2026-07-25,929.13,Open,,Google
11499,1073,1,2026-07-19,905.78,Open,,Direct Mail
11500,829,1,2026-07-19,512.77,Won,2026-07-28,Referral
11501,968,5,2026-07-26,169.54,Won,2026-07-28,Organic
11502,1274,3,2026-07-26,11315.5,Open,,Direct Mail
11503,1345,2,2026-07-26,431.53,Won,2026-07-28,Organic
11504,202,1,2026-07-28,426.28,Won,2026-07-28,Google
11505,1234,5,2026-07-25,191.25,Won,2026-07-28,Referral
11506,403,7,2026-07-24,1827.31,Won,2026-07-28,Direct Mail
11507,814,5,2026-07-20,400.68,Won,2026-07-28,Organic
11508,591,5,2026-07-17,141.23,Lost,,Organic
11509,473,1,2026-07-20,384.5,Won,2026-07-28,Google
11510,77,4,2026-07-27,2125.79,Lost,,Referral
11511,846,4,2026-07-27,2409.86,Lost,,Direct Mail
11512,545,4,2026-07-16,3517.04,Won,2026-07-28,Google
11513,606,1,2026-07-23,418.84,Won,2026-07-28,Organic
11514,1302,5,2026-07-21,294.02,Won,2026-07-28,Home Services Marketplace
11515,765,6,2026-07-26,969.51,Won,2026-07-28,Google
11516,610,5,2026-07-21,148.24,Won,2026-07-28,Google
11517,244,6,2026-07-23,1151.81,Won,2026-07-28,Organic
11518,1316,6,2026-07-27,1117.43,Won,2026-07-29,Referral
11519,1134,1,2026-07-27,468.95,Won,2026-07-29,Google
11520,865,1,2026-07-20,417.92,Open,,Referral
11521,571,4,2026-07-28,3530.72,Won,2026-07-29,Referral
11522,767,6,2026-07-28,1039.36,Lost,,Google
11523,1035,1,2026-07-23,406.63,Won,2026-07-29,Home Services Marketplace
11524,524,1,2026-07-22,376.58,Won,2026-07-29,Referral
11525,710,7,2026-07-18,1093.64,Won,2026-07-29,Google
11526,613,1,2026-07-26,340.66,Won,2026-07-29,Google
11527,700,1,2026-07-18,444.33,Lost,,Google
11528,3,1,2026-07-27,447.45,Lost,,Google
11529,582,1,2026-07-22,542.43,Won,2026-07-29,Google
11530,396,5,2026-07-25,221.3,Won,2026-07-29,Direct Mail
11531,1206,6,2026-07-20,1095.06,Won,2026-07-29,Google
11532,1349,5,2026-07-19,184.43,Won,2026-07-29,Organic
11533,225,2,2026-07-17,530.52,Won,2026-07-29,Home Services Marketplace
11534,253,7,2026-07-26,1139.26,Won,2026-07-29,Google
11535,469,1,2026-07-20,473.32,Won,2026-07-29,Referral
11536,1249,6,2026-07-26,1271.47,Won,2026-07-29,Google
11537,1246,1,2026-07-17,645.45,Won,2026-07-29,Google
11538,145,2,2026-07-27,777.23,Open,,Organic
11539,7,5,2026-07-21,261.47,Won,2026-07-29,Google
11540,522,5,2026-07-20,179.16,Won,2026-07-30,Google
11541,445,1,2026-07-18,474.5,Won,2026-07-30,Referral
11542,1125,5,2026-07-21,176.92,Open,,Google
11543,969,5,2026-07-27,176.71,Lost,,Organic
11544,115,5,2026-07-25,166.04,Won,2026-07-30,Organic
11545,236,5,2026-07-19,161.96,Won,2026-07-30,Direct Mail
11546,494,1,2026-07-28,550.57,Won,2026-07-30,Referral
11547,500,6,2026-07-18,1805.24,Won,2026-07-30,Direct Mail
11548,331,2,2026-07-27,587.61,Won,2026-07-30,Organic
11549,546,1,2026-07-30,464.1,Won,2026-07-30,Referral
11550,1332,6,2026-07-27,959.78,Open,,Organic
11551,1318,1,2026-07-24,435.41,Won,2026-07-30,Referral
11552,816,5,2026-07-27,332.23,Won,2026-07-30,Organic
11553,1431,1,2026-07-27,327.4,Won,2026-07-30,Google
11554,1253,4,2026-07-27,2516.67,Lost,,Referral
11555,826,1,2026-07-25,858.42,Won,2026-07-30,Google
11556,253,5,2026-07-27,199.17,Won,2026-07-30,Google
11557,1131,5,2026-07-18,158.0,Won,2026-07-30,Google
11558,383,5,2026-07-27,182.36,Won,2026-07-30,Google
11559,994,1,2026-07-20,331.6,Won,2026-07-30,Google
11560,60,6,2026-07-30,1362.07,Lost,,Direct Mail
11561,95,2,2026-07-24,613.74,Won,2026-07-30,Organic
11562,1281,2,2026-07-23,450.11,Open,,Referral
11563,248,2,2026-07-27,652.06,Won,2026-07-30,Direct Mail
11564,1123,6,2026-07-20,1375.43,Won,2026-07-30,Google
11565,1305,4,2026-07-29,2819.08,Lost,,Organic
11566,1332,7,2026-07-28,1079.37,Won,2026-07-30,Organic
11567,612,1,2026-07-23,603.17,Won,2026-07-30,Google
11568,437,1,2026-07-25,436.02,Open,,Referral
11569,844,2,2026-07-18,484.91,Won,2026-07-30,Direct Mail
11570,924,1,2026-07-19,762.56,Won,2026-07-30,Google
11571,666,3,2026-07-21,14025.69,Won,2026-07-30,Google
11572,1023,4,2026-07-30,2250.91,Open,,Referral
11573,940,1,2026-07-27,366.95,Won,2026-07-31,Google
11574,242,6,2026-07-31,2049.2,Won,2026-07-31,Direct Mail
11575,916,2,2026-07-19,533.36,Open,,Direct Mail
11576,937,5,2026-07-23,400.91,Lost,,Referral
11577,48,6,2026-07-28,1001.46,Won,2026-07-31,Home Services Marketplace
11578,1307,2,2026-07-31,883.5,Won,2026-07-31,Google
11579,1421,7,2026-07-22,917.85,Won,2026-07-31,Referral
11580,513,1,2026-07-22,409.93,Won,2026-07-31,Google
11581,1194,1,2026-07-23,332.6,Won,2026-07-31,Referral
11582,1362,2,2026-07-22,699.18,Won,2026-07-31,Google
11583,1031,1,2026-07-23,425.63,Lost,,Google
11584,895,1,2026-07-28,435.05,Open,,Google
11585,698,1,2026-07-29,385.65,Open,,Google
11586,1388,1,2026-07-19,532.93,Won,2026-07-31,Google
11587,216,2,2026-07-27,502.08,Open,,Google
11588,243,3,2026-07-25,10964.92,Won,2026-07-31,Direct Mail
11589,720,1,2026-07-29,502.82,Won,2026-07-31,Google
11590,1356,5,2026-07-27,121.8,Won,2026-07-31,Referral
11591,1168,5,2026-07-28,193.54,Won,2026-07-31,Referral
11592,543,2,2026-07-31,487.44,Open,,Organic
11593,1295,1,2026-07-28,534.18,Won,2026-07-31,Organic
11594,676,6,2026-07-30,2378.02,Lost,,Google
11595,325,6,2026-07-30,937.09,Won,2026-08-01,Referral
11596,956,2,2026-07-24,440.87,Won,2026-08-01,Home Services Marketplace
11597,960,2,2026-07-20,461.14,Won,2026-08-01,Home Services Marketplace
11598,1260,5,2026-07-27,210.52,Won,2026-08-01,Referral
11599,68,1,2026-07-30,397.47,Won,2026-08-01,Google
11600,1403,4,2026-07-25,2331.11,Won,2026-08-01,Organic
11601,270,1,2026-07-24,536.58,Won,2026-08-01,Organic
11602,11,5,2026-07-20,208.77,Won,2026-08-01,Referral
11603,494,3,2026-07-28,7528.81,Open,,Referral
11604,1398,2,2026-07-24,402.57,Won,2026-08-01,Google
11605,243,1,2026-07-21,424.41,Won,2026-08-01,Direct Mail
11606,1262,1,2026-07-30,706.58,Won,2026-08-01,Google
11607,1109,1,2026-07-21,401.92,Won,2026-08-01,Referral
11608,853,1,2026-07-24,468.49,Open,,Google
11609,146,5,2026-07-30,263.96,Won,2026-08-01,Direct Mail
11610,327,5,2026-07-25,180.17,Won,2026-08-01,Home Services Marketplace
11611,920,2,2026-07-31,610.29,Won,2026-08-01,Google
11612,550,2,2026-07-21,591.67,Won,2026-08-01,Referral
11613,849,1,2026-07-22,522.47,Won,2026-08-01,Google
11614,521,5,2026-07-30,232.26,Won,2026-08-02,Referral
11615,1147,1,2026-07-21,332.66,Won,2026-08-02,Referral
11616,630,4,2026-07-25,3067.39,Lost,,Organic
11617,1327,2,2026-07-26,618.35,Won,2026-08-02,Google
11618,484,5,2026-07-22,317.44,Lost,,Google
11619,431,3,2026-07-29,11680.23,Won,2026-08-02,Organic
11620,441,2,2026-08-02,608.22,Open,,Organic
11621,1376,5,2026-08-02,198.63,Won,2026-08-02,Home Services Marketplace
11622,414,1,2026-07-30,458.67,Won,2026-08-02,Referral
11623,983,4,2026-07-30,3085.72,Won,2026-08-02,Organic
11624,681,1,2026-07-23,497.73,Won,2026-08-02,Referral
11625,226,5,2026-08-01,174.95,Won,2026-08-02,Google
11626,1394,1,2026-08-02,455.52,Won,2026-08-02,Google
11627,631,1,2026-07-26,503.58,Lost,,Organic
11628,1305,3,2026-07-25,11069.12,Won,2026-08-02,Organic
11629,415,1,2026-07-26,515.91,Won,2026-08-02,Referral
11630,829,5,2026-07-29,173.15,Open,,Referral
11631,565,5,2026-08-03,169.65,Won,2026-08-03,Referral
11632,658,3,2026-07-25,10097.63,Lost,,Organic
11633,677,4,2026-07-30,2473.72,Lost,,Home Services Marketplace
11634,1318,2,2026-07-28,482.32,Open,,Referral
11635,1255,3,2026-08-03,9921.23,Open,,Referral
11636,481,3,2026-07-22,9287.21,Open,,Home Services Marketplace
11637,1405,5,2026-07-29,189.68,Won,2026-08-03,Google
11638,1341,1,2026-07-29,390.87,Won,2026-08-03,Referral
11639,144,1,2026-07-30,563.08,Won,2026-08-03,Referral
11640,943,1,2026-07-31,466.0,Lost,,Referral
11641,1146,4,2026-07-22,2248.94,Won,2026-08-03,Home Services Marketplace
11642,102,7,2026-08-03,1025.15,Open,,Direct Mail
11643,133,2,2026-07-28,827.5,Open,,Referral
11644,1071,6,2026-07-24,1443.43,Won,2026-08-03,Google
11645,1423,6,2026-07-25,1330.28,Won,2026-08-03,Home Services Marketplace
11646,1267,1,2026-07-27,603.91,Won,2026-08-03,Home Services Marketplace
11647,1297,3,2026-07-29,11479.97,Won,2026-08-03,Home Services Marketplace
11648,1225,4,2026-07-31,4292.23,Won,2026-08-03,Organic
11649,1363,1,2026-07-24,460.49,Open,,Home Services Marketplace
11650,345,1,2026-08-04,437.28,Won,2026-08-04,Google
11651,74,6,2026-08-03,1178.76,Won,2026-08-04,Google
11652,643,2,2026-08-04,566.64,Won,2026-08-04,Google
11653,1417,3,2026-07-31,9351.87,Open,,Organic
11654,185,5,2026-07-23,255.46,Won,2026-08-04,Google
11655,626,3,2026-07-29,13006.61,Won,2026-08-04,Referral
11656,190,5,2026-08-02,261.09,Lost,,Referral
11657,1002,7,2026-07-29,1179.87,Open,,Google
11658,755,5,2026-07-31,139.66,Won,2026-08-04,Referral
11659,1083,5,2026-07-30,189.3,Won,2026-08-04,Organic
11660,935,3,2026-07-23,8230.47,Won,2026-08-04,Home Services Marketplace
11661,854,2,2026-07-29,518.28,Won,2026-08-04,Organic
11662,1085,1,2026-08-03,479.28,Open,,Organic
11663,362,2,2026-07-26,562.51,Lost,,Referral
11664,1218,5,2026-07-23,185.5,Won,2026-08-04,Referral
11665,1210,5,2026-07-30,179.57,Won,2026-08-04,Google
11666,1054,2,2026-07-26,564.31,Won,2026-08-04,Google
11667,145,6,2026-07-31,1683.42,Won,2026-08-04,Organic
11668,492,5,2026-07-25,179.72,Won,2026-08-04,Google
11669,67,5,2026-07-28,253.86,Won,2026-08-04,Google
11670,247,2,2026-08-02,631.59,Won,2026-08-04,Referral
11671,377,2,2026-07-28,528.65,Won,2026-08-04,Google
11672,1379,5,2026-08-03,172.39,Won,2026-08-04,Google
11673,1177,2,2026-08-03,504.9,Won,2026-08-04,Google
11674,745,4,2026-07-27,2083.38,Won,2026-08-04,Organic
11675,1045,1,2026-08-04,671.11,Won,2026-08-04,Home Services Marketplace
11676,748,5,2026-07-25,341.25,Won,2026-08-05,Google
11677,454,1,2026-08-01,468.55,Won,2026-08-05,Referral
11678,284,1,2026-08-04,400.59,Won,2026-08-05,Referral
11679,1079,1,2026-07-24,612.34,Won,2026-08-05,Google
11680,1133,5,2026-08-03,198.24,Won,2026-08-05,Direct Mail
11681,664,5,2026-08-03,172.42,Won,2026-08-05,Referral
11682,1333,5,2026-07-27,133.7,Won,2026-08-05,Direct Mail
11683,1437,1,2026-07-25,528.39,Won,2026-08-05,Home Services Marketplace
11684,186,6,2026-08-03,1156.88,Won,2026-08-05,Google
11685,25,2,2026-07-26,509.23,Won,2026-08-05,Google
11686,1035,1,2026-07-24,517.11,Won,2026-08-05,Home Services Marketplace
11687,856,2,2026-08-03,438.91,Open,,Home Services Marketplace
11688,338,6,2026-07-28,1086.86,Lost,,Home Services Marketplace
11689,1404,1,2026-08-03,338.28,Won,2026-08-05,Organic
11690,515,6,2026-07-26,985.59,Won,2026-08-05,Direct Mail
11691,1098,5,2026-08-04,204.69,Lost,,Direct Mail
11692,478,6,2026-07-24,999.28,Won,2026-08-05,Organic
11693,887,1,2026-08-04,832.18,Won,2026-08-05,Google
11694,674,4,2026-07-30,2671.39,Won,2026-08-05,Referral
11695,1008,1,2026-07-24,356.12,Lost,,Google
11696,1113,5,2026-08-05,199.7,Won,2026-08-05,Home Services Marketplace
11697,1253,4,2026-08-01,2304.32,Open,,Referral
11698,663,2,2026-08-03,563.48,Won,2026-08-05,Direct Mail
11699,289,5,2026-08-05,166.18,Won,2026-08-05,Google
11700,340,2,2026-08-02,400.01,Lost,,Google
11701,483,2,2026-07-26,555.21,Lost,,Google
11702,1382,1,2026-08-04,472.14,Open,,Home Services Marketplace
11703,870,5,2026-07-25,219.93,Won,2026-08-06,Google
11704,723,1,2026-07-31,547.58,Won,2026-08-06,Direct Mail
11705,471,4,2026-07-25,2878.67,Won,2026-08-06,Google
11706,1112,2,2026-07-30,535.17,Lost,,Referral
11707,1292,1,2026-07-28,493.19,Won,2026-08-06,Home Services Marketplace
11708,1219,5,2026-08-02,191.13,Won,2026-08-06,Referral
11709,305,5,2026-08-04,128.58,Won,2026-08-06,Home Services Marketplace
11710,172,1,2026-08-01,1032.92,Won,2026-08-06,Organic
11711,1332,1,2026-07-31,520.43,Lost,,Organic
11712,914,1,2026-08-05,467.9,Won,2026-08-06,Home Services Marketplace
11713,787,5,2026-07-25,230.06,Lost,,Google
11714,738,1,2026-07-30,434.09,Lost,,Referral
11715,805,3,2026-07-27,8916.34,Won,2026-08-06,Referral
11716,708,1,2026-08-02,502.34,Won,2026-08-06,Google
11717,292,1,2026-08-05,526.7,Won,2026-08-06,Home Services Marketplace
11718,897,5,2026-07-25,169.2,Won,2026-08-06,Organic
11719,515,1,2026-08-02,591.08,Won,2026-08-06,Direct Mail
11720,738,6,2026-07-29,1205.36,Lost,,Referral
11721,1333,2,2026-07-25,483.96,Won,2026-08-06,Direct Mail
11722,957,1,2026-07-27,562.47,Lost,,Referral
11723,840,2,2026-07-26,570.79,Won,2026-08-06,Organic
11724,656,1,2026-07-30,494.97,Won,2026-08-06,Referral
11725,1450,3,2026-08-02,10172.0,Open,,Home Services Marketplace
11726,471,3,2026-07-29,10585.77,Won,2026-08-07,Google
11727,16,1,2026-08-01,543.86,Won,2026-08-07,Google
11728,669,2,2026-07-26,712.69,Won,2026-08-07,Home Services Marketplace
11729,1337,2,2026-07-29,702.06,Won,2026-08-07,Referral
11730,350,6,2026-08-02,1050.57,Won,2026-08-07,Google
11731,1010,5,2026-07-28,292.22,Won,2026-08-07,Direct Mail
11732,1086,5,2026-08-07,185.65,Won,2026-08-07,Google
11733,250,1,2026-08-06,483.43,Won,2026-08-07,Organic
11734,1137,7,2026-07-31,1178.36,Won,2026-08-07,Google
11735,1193,6,2026-07-28,1133.81,Won,2026-08-07,Referral
11736,1343,2,2026-08-07,574.06,Won,2026-08-07,Google
11737,266,1,2026-07-30,383.31,Won,2026-08-07,Google
11738,1018,3,2026-08-03,18375.54,Won,2026-08-07,Google
11739,1088,6,2026-08-04,1157.31,Won,2026-08-07,Home Services Marketplace
11740,365,1,2026-07-26,439.97,Won,2026-08-07,Organic
11741,145,4,2026-08-05,3445.51,Won,2026-08-07,Organic
11742,1118,1,2026-08-03,579.29,Won,2026-08-07,Referral
11743,192,1,2026-08-07,791.11,Won,2026-08-07,Google
11744,103,1,2026-08-01,463.69,Won,2026-08-07,Organic
11745,1346,1,2026-07-27,545.58,Won,2026-08-07,Organic
11746,530,5,2026-08-04,253.33,Won,2026-08-07,Direct Mail
11747,479,5,2026-08-01,184.06,Won,2026-08-07,Referral
11748,1018,5,2026-07-26,352.3,Won,2026-08-07,Google
11749,76,5,2026-07-27,233.49,Won,2026-08-07,Organic
11750,1176,1,2026-07-30,435.01,Lost,,Referral
11751,680,5,2026-08-02,180.51,Won,2026-08-08,Home Services Marketplace
11752,24,1,2026-08-05,300.26,Won,2026-08-08,Referral
11753,130,5,2026-07-29,357.57,Won,2026-08-08,Home Services Marketplace
11754,1206,5,2026-08-06,172.41,Won,2026-08-08,Google
11755,1386,1,2026-08-02,422.84,Won,2026-08-08,Google
11756,907,5,2026-07-30,143.29,Won,2026-08-08,Google
11757,1213,7,2026-08-04,891.81,Won,2026-08-08,Google
11758,1377,2,2026-07-30,575.48,Won,2026-08-08,Direct Mail
11759,220,6,2026-07-27,1215.14,Won,2026-08-08,Referral
11760,60,5,2026-07-27,180.31,Open,,Direct Mail
11761,776,2,2026-08-01,518.44,Won,2026-08-08,Google
11762,859,6,2026-07-31,1525.3,Won,2026-08-08,Home Services Marketplace
11763,782,1,2026-08-04,456.37,Won,2026-08-08,Organic
11764,654,6,2026-08-08,1139.58,Lost,,Referral
11765,1120,3,2026-07-28,19212.25,Open,,Organic
11766,117,3,2026-07-30,10713.03,Won,2026-08-08,Home Services Marketplace
11767,1171,6,2026-08-06,1556.91,Open,,Direct Mail
11768,801,3,2026-07-31,9399.52,Won,2026-08-08,Google
11769,1392,2,2026-07-27,503.05,Won,2026-08-08,Organic
11770,524,6,2026-08-08,1340.11,Won,2026-08-09,Referral
11771,562,1,2026-08-08,500.45,Won,2026-08-09,Direct Mail
11772,1352,5,2026-07-30,236.97,Won,2026-08-09,Direct Mail
11773,1273,1,2026-08-04,301.07,Won,2026-08-09,Home Services Marketplace
11774,620,1,2026-08-01,342.94,Open,,Direct Mail
11775,1091,1,2026-07-31,453.11,Lost,,Home Services Marketplace
11776,683,5,2026-07-30,144.4,Won,2026-08-09,Home Services Marketplace
11777,439,6,2026-07-29,2548.44,Won,2026-08-09,Home Services Marketplace
11778,231,5,2026-07-28,265.83,Won,2026-08-09,Home Services Marketplace
11779,1104,3,2026-08-08,10088.78,Open,,Google
11780,302,1,2026-08-09,515.43,Won,2026-08-09,Referral
11781,808,4,2026-07-31,5023.65,Lost,,Google
11782,511,7,2026-08-05,1267.6,Won,2026-08-09,Google
11783,1266,5,2026-08-08,148.93,Won,2026-08-09,Google
11784,51,3,2026-07-28,11345.84,Won,2026-08-09,Organic
11785,185,4,2026-08-04,2680.18,Lost,,Google
11786,510,1,2026-08-02,456.13,Won,2026-08-09,Google
11787,979,5,2026-08-04,247.7,Won,2026-08-09,Referral
11788,470,1,2026-08-07,784.28,Lost,,Google
11789,564,1,2026-08-09,462.64,Won,2026-08-09,Direct Mail
11790,160,1,2026-07-29,475.3,Won,2026-08-09,Google
11791,1077,2,2026-08-06,435.57,Open,,Referral
11792,703,1,2026-08-05,549.26,Won,2026-08-10,Organic
11793,1127,3,2026-07-29,8474.51,Won,2026-08-10,Google
11794,1245,1,2026-08-05,865.47,Won,2026-08-10,Referral
11795,154,2,2026-08-07,442.42,Open,,Google
11796,45,5,2026-08-01,193.36,Won,2026-08-10,Direct Mail
11797,47,3,2026-08-08,10254.41,Won,2026-08-10,Direct Mail
11798,136,2,2026-08-02,912.99,Won,2026-08-10,Google
11799,815,1,2026-08-03,421.06,Won,2026-08-10,Organic
11800,480,4,2026-08-04,4240.36,Won,2026-08-10,Direct Mail
11801,1165,7,2026-08-09,991.52,Won,2026-08-10,Home Services Marketplace
11802,1348,1,2026-08-02,562.87,Won,2026-08-10,Organic
11803,1434,6,2026-07-29,2407.81,Won,2026-08-10,Organic
11804,1129,5,2026-08-02,299.95,Open,,Referral
11805,467,5,2026-08-09,222.71,Open,,Organic
11806,671,5,2026-07-31,232.78,Won,2026-08-10,Home Services Marketplace
11807,788,1,2026-08-06,438.29,Won,2026-08-10,Direct Mail
11808,1056,4,2026-08-03,3029.31,Lost,,Organic
11809,1372,1,2026-08-10,567.85,Won,2026-08-10,Referral
11810,644,3,2026-07-31,9203.83,Won,2026-08-10,Referral
11811,949,1,2026-08-02,574.52,Won,2026-08-10,Direct Mail
11812,720,2,2026-08-04,454.65,Won,2026-08-11,Google
11813,221,5,2026-08-06,219.34,Won,2026-08-11,Google
11814,1019,1,2026-08-01,509.32,Won,2026-08-11,Organic
11815,99,1,2026-08-03,543.44,Won,2026-08-11,Google
11816,304,7,2026-08-05,1261.18,Won,2026-08-11,Referral
11817,1183,4,2026-08-03,2938.91,Lost,,Google
11818,104,3,2026-08-07,10336.26,Open,,Google
11819,1205,5,2026-08-11,182.51,Open,,Referral
11820,602,3,2026-08-11,10010.72,Won,2026-08-11,Organic
11821,310,6,2026-08-05,1180.4,Won,2026-08-11,Google
11822,1404,1,2026-08-05,528.28,Won,2026-08-11,Organic
11823,500,2,2026-08-08,584.59,Won,2026-08-11,Direct Mail
11824,1032,1,2026-08-04,1041.4,Won,2026-08-11,Referral
11825,158,2,2026-08-08,434.58,Won,2026-08-11,Home Services Marketplace
11826,756,4,2026-08-01,2527.62,Won,2026-08-11,Google
11827,77,1,2026-08-08,447.96,Won,2026-08-11,Referral
11828,987,5,2026-07-31,386.7,Won,2026-08-11,Google
11829,1081,4,2026-07-31,2539.26,Won,2026-08-11,Google
11830,348,1,2026-08-05,486.17,Won,2026-08-11,Google
11831,1198,3,2026-08-01,10305.94,Won,2026-08-11,Referral
11832,1209,1,2026-08-06,652.35,Won,2026-08-11,Direct Mail
11833,435,2,2026-08-05,642.48,Open,,Home Services Marketplace
11834,95,3,2026-08-04,8158.48,Won,2026-08-12,Organic
11835,1046,5,2026-08-08,215.31,Won,2026-08-12,Home Services Marketplace
11836,1011,2,2026-08-03,550.29,Lost,,Organic
11837,990,2,2026-08-01,462.81,Won,2026-08-12,Google
11838,1259,3,2026-08-04,10645.63,Open,,Organic
11839,715,1,2026-08-03,481.24,Won,2026-08-12,Organic
11840,499,3,2026-08-10,8915.32,Open,,Direct Mail
11841,79,5,2026-08-12,141.09,Won,2026-08-12,Google
11842,1101,1,2026-08-11,1180.15,Won,2026-08-12,Home Services Marketplace
11843,1104,5,2026-08-04,176.81,Won,2026-08-12,Google
11844,265,5,2026-08-10,165.2,Open,,Home Services Marketplace
11845,1221,6,2026-07-31,1592.57,Open,,Referral
11846,1274,6,2026-08-01,866.75,Won,2026-08-12,Direct Mail
11847,1428,5,2026-08-01,166.5,Won,2026-08-12,Organic
11848,717,1,2026-08-05,450.93,Won,2026-08-12,Home Services Marketplace
11849,5,6,2026-08-13,1067.45,Won,2026-08-13,Referral
11850,338,5,2026-08-08,187.94,Won,2026-08-13,Home Services Marketplace
11851,1445,2,2026-08-02,487.3,Won,2026-08-13,Google
11852,158,6,2026-08-04,1326.27,Won,2026-08-13,Home Services Marketplace
11853,427,6,2026-08-07,1357.42,Won,2026-08-13,Home Services Marketplace
11854,1072,5,2026-08-02,370.72,Won,2026-08-13,Referral
11855,501,2,2026-08-07,530.67,Open,,Google
11856,344,6,2026-08-03,1008.24,Lost,,Referral
11857,846,3,2026-08-08,12271.59,Lost,,Direct Mail
11858,507,6,2026-08-03,1330.85,Lost,,Organic
11859,1302,3,2026-08-13,14575.17,Lost,,Home Services Marketplace
11860,742,4,2026-08-13,2686.51,Lost,,Organic
11861,325,1,2026-08-05,455.29,Open,,Referral
11862,68,2,2026-08-11,580.37,Open,,Google
11863,793,5,2026-08-01,250.77,Open,,Google
11864,1084,1,2026-08-11,334.61,Lost,,Home Services Marketplace
11865,865,2,2026-08-04,677.02,Won,2026-08-13,Referral
11866,278,5,2026-08-13,155.68,Won,2026-08-13,Google
11867,67,2,2026-08-10,853.15,Won,2026-08-13,Google
11868,884,2,2026-08-13,518.86,Lost,,Google
11869,827,1,2026-08-02,813.63,Won,2026-08-13,Google
11870,1162,1,2026-08-02,422.32,Won,2026-08-13,Google
11871,567,1,2026-08-02,544.16,Won,2026-08-13,Referral
11872,829,2,2026-08-01,478.33,Won,2026-08-13,Referral
11873,1,3,2026-08-01,11214.27,Lost,,Google
11874,474,1,2026-08-02,419.05,Won,2026-08-14,Google
11875,47,3,2026-08-04,9935.22,Open,,Direct Mail
11876,963,5,2026-08-08,196.33,Lost,,Referral
11877,1068,5,2026-08-10,216.08,Won,2026-08-14,Google
11878,1106,3,2026-08-04,10068.54,Lost,,Google
11879,22,4,2026-08-12,2984.85,Lost,,Google
11880,792,1,2026-08-02,422.19,Lost,,Referral
11881,93,2,2026-08-08,624.63,Won,2026-08-14,Google
11882,1326,6,2026-08-13,1264.54,Won,2026-08-14,Referral
11883,729,3,2026-08-11,9445.76,Open,,Referral
11884,1392,5,2026-08-09,200.96,Won,2026-08-14,Organic
11885,155,4,2026-08-13,2178.2,Open,,Organic
11886,463,3,2026-08-13,12193.14,Won,2026-08-14,Organic
11887,946,3,2026-08-07,13390.53,Won,2026-08-14,Google
11888,630,2,2026-08-02,521.12,Won,2026-08-14,Organic
11889,768,3,2026-08-03,8063.28,Won,2026-08-14,Google
11890,863,2,2026-08-06,707.19,Won,2026-08-14,Google
11891,632,4,2026-08-09,2556.21,Won,2026-08-14,Referral
11892,303,5,2026-08-10,238.15,Won,2026-08-14,Referral
11893,109,2,2026-08-05,710.62,Lost,,Referral
11894,419,4,2026-08-13,4734.36,Lost,,Google
11895,645,2,2026-08-13,475.56,Won,2026-08-14,Referral
11896,29,5,2026-08-07,209.79,Won,2026-08-14,Organic
11897,513,5,2026-08-02,224.76,Won,2026-08-14,Google
11898,476,5,2026-08-06,188.32,Open,,Referral
11899,491,7,2026-08-14,1013.61,Won,2026-08-14,Organic
11900,568,1,2026-08-10,534.61,Won,2026-08-14,Google
11901,918,5,2026-08-05,311.62,Open,,Direct Mail
11902,796,5,2026-08-11,167.67,Won,2026-08-15,Google
11903,578,5,2026-08-08,221.12,Won,2026-08-15,Google
11904,195,5,2026-08-04,438.29,Won,2026-08-15,Referral
11905,670,4,2026-08-14,2396.4,Won,2026-08-15,Referral
11906,175,1,2026-08-03,400.86,Lost,,Organic
11907,548,5,2026-08-10,300.95,Won,2026-08-15,Google
11908,1073,1,2026-08-07,929.19,Open,,Direct Mail
11909,767,5,2026-08-07,215.76,Won,2026-08-15,Google
11910,177,5,2026-08-14,183.16,Won,2026-08-15,Referral
11911,735,4,2026-08-08,2616.89,Open,,Home Services Marketplace
11912,913,5,2026-08-06,163.04,Open,,Organic
11913,598,1,2026-08-08,548.42,Won,2026-08-15,Home Services Marketplace
11914,1162,2,2026-08-11,548.48,Won,2026-08-16,Google
11915,788,1,2026-08-05,511.36,Won,2026-08-16,Direct Mail
11916,417,1,2026-08-15,388.38,Won,2026-08-16,Google
11917,916,1,2026-08-07,340.69,Lost,,Direct Mail
11918,1021,4,2026-08-08,2012.67,Won,2026-08-16,Referral
11919,35,7,2026-08-10,1093.37,Won,2026-08-16,Direct Mail
11920,1078,6,2026-08-05,1435.97,Won,2026-08-16,Home Services Marketplace
11921,555,1,2026-08-06,466.94,Won,2026-08-16,Direct Mail
11922,278,1,2026-08-07,474.53,Won,2026-08-16,Google
11923,657,5,2026-08-11,156.26,Won,2026-08-16,Referral
11924,624,4,2026-08-05,6378.1,Won,2026-08-16,Google
11925,952,5,2026-08-09,247.78,Lost,,Organic
11926,171,5,2026-08-07,186.58,Won,2026-08-16,Referral
11927,281,4,2026-08-06,2228.41,Won,2026-08-16,Organic
11928,721,3,2026-08-06,13509.56,Won,2026-08-16,Direct Mail
11929,575,1,2026-08-04,587.4,Won,2026-08-16,Referral
11930,224,1,2026-08-15,518.86,Lost,,Referral
11931,466,2,2026-08-14,917.11,Won,2026-08-17,Google
11932,1064,2,2026-08-13,812.29,Won,2026-08-17,Referral
11933,12,6,2026-08-09,1297.51,Won,2026-08-17,Home Services Marketplace
11934,1320,1,2026-08-09,929.03,Won,2026-08-17,Direct Mail
11935,470,5,2026-08-17,289.68,Won,2026-08-17,Google
11936,1112,3,2026-08-17,7859.31,Open,,Referral
11937,654,5,2026-08-09,108.44,Won,2026-08-17,Referral
11938,1102,6,2026-08-08,1381.95,Open,,Direct Mail
11939,91,5,2026-08-08,259.61,Open,,Home Services Marketplace
11940,340,4,2026-08-06,3081.59,Won,2026-08-17,Google
11941,1008,1,2026-08-05,453.21,Open,,Google
11942,1206,1,2026-08-10,528.57,Won,2026-08-17,Google
11943,782,1,2026-08-07,626.11,Won,2026-08-17,Organic
11944,451,5,2026-08-05,385.96,Lost,,Home Services Marketplace
11945,1003,7,2026-08-06,1098.52,Won,2026-08-17,Home Services Marketplace
11946,433,1,2026-08-14,489.2,Won,2026-08-17,Google
11947,1085,5,2026-08-11,182.06,Open,,Organic
11948,944,2,2026-08-17,431.04,Lost,,Home Services Marketplace
11949,867,1,2026-08-15,355.57,Won,2026-08-17,Home Services Marketplace
11950,144,2,2026-08-09,414.39,Won,2026-08-17,Referral
11951,1389,4,2026-08-13,2635.09,Open,,Direct Mail
11952,855,2,2026-08-07,719.98,Won,2026-08-17,Home Services Marketplace
11953,616,7,2026-08-10,1041.38,Won,2026-08-17,Google
11954,1191,4,2026-08-07,3038.74,Lost,,Referral
11955,289,4,2026-08-16,2671.97,Open,,Google
11956,879,1,2026-08-11,615.83,Won,2026-08-18,Organic
11957,1446,2,2026-08-11,514.69,Won,2026-08-18,Home Services Marketplace
11958,27,7,2026-08-08,2200.6,Won,2026-08-18,Google
11959,234,3,2026-08-12,18295.07,Open,,Organic
11960,667,1,2026-08-06,1082.68,Won,2026-08-18,Organic
11961,876,6,2026-08-06,1163.37,Won,2026-08-18,Google
11962,811,5,2026-08-17,172.47,Won,2026-08-18,Organic
11963,185,1,2026-08-13,437.82,Won,2026-08-18,Google
11964,829,5,2026-08-08,198.03,Lost,,Referral
11965,1193,5,2026-08-08,187.33,Lost,,Referral
11966,574,3,2026-08-10,9682.76,Lost,,Organic
11967,1208,2,2026-08-08,701.92,Won,2026-08-18,Google
11968,159,3,2026-08-12,11328.29,Lost,,Google
11969,543,2,2026-08-09,489.52,Won,2026-08-18,Organic
11970,330,2,2026-08-18,527.34,Won,2026-08-18,Referral
11971,1106,5,2026-08-16,192.79,Lost,,Google
11972,636,5,2026-08-12,172.05,Won,2026-08-18,Organic
11973,306,2,2026-08-07,529.01,Won,2026-08-18,Organic
11974,389,5,2026-08-09,236.22,Lost,,Referral
11975,593,1,2026-08-10,497.32,Won,2026-08-18,Home Services Marketplace
11976,1242,5,2026-08-13,171.43,Won,2026-08-18,Organic
11977,713,1,2026-08-13,411.27,Won,2026-08-18,Google
11978,472,5,2026-08-10,243.44,Won,2026-08-18,Referral
11979,991,6,2026-08-18,984.73,Won,2026-08-18,Referral
11980,154,5,2026-08-10,233.54,Won,2026-08-18,Google
11981,657,6,2026-08-12,969.97,Won,2026-08-18,Referral
11982,453,5,2026-08-10,152.17,Won,2026-08-18,Home Services Marketplace
11983,1074,1,2026-08-10,537.54,Lost,,Organic
11984,378,1,2026-08-13,363.71,Won,2026-08-18,Home Services Marketplace
11985,365,2,2026-08-08,578.1,Lost,,Organic
11986,135,1,2026-08-18,383.36,Won,2026-08-19,Home Services Marketplace
11987,810,1,2026-08-17,447.27,Lost,,Referral
11988,1300,2,2026-08-18,657.93,Won,2026-08-19,Google
11989,1278,2,2026-08-14,627.32,Won,2026-08-19,Referral
11990,70,2,2026-08-10,505.93,Lost,,Google
11991,1097,1,2026-08-11,440.76,Won,2026-08-19,Referral
11992,1330,3,2026-08-16,10897.5,Lost,,Home Services Marketplace
11993,791,3,2026-08-13,9218.42,Lost,,Google
11994,667,3,2026-08-19,14677.99,Won,2026-08-19,Organic
11995,386,2,2026-08-18,670.1,Lost,,Google
11996,138,4,2026-08-17,2492.15,Won,2026-08-19,Google
11997,975,2,2026-08-09,568.22,Won,2026-08-19,Referral
11998,684,1,2026-08-11,481.43,Open,,Direct Mail
11999,1347,5,2026-08-10,202.49,Won,2026-08-19,Referral
12000,1310,5,2026-08-09,180.74,Won,2026-08-19,Organic
12001,666,2,2026-08-17,816.54,Lost,,Google
12002,29,5,2026-08-07,198.28,Won,2026-08-19,Organic
12003,1059,1,2026-08-17,573.79,Won,2026-08-19,Home Services Marketplace
12004,29,1,2026-08-08,439.02,Won,2026-08-19,Organic
12005,445,3,2026-08-08,11855.94,Open,,Referral
12006,576,7,2026-08-13,971.0,Won,2026-08-20,Direct Mail
12007,594,1,2026-08-09,600.75,Won,2026-08-20,Organic
12008,617,5,2026-08-08,164.61,Won,2026-08-20,Google
12009,831,5,2026-08-09,198.7,Won,2026-08-20,Referral
12010,1306,1,2026-08-18,425.63,Won,2026-08-20,Organic
12011,350,2,2026-08-10,626.48,Lost,,Google
12012,354,2,2026-08-14,956.1,Lost,,Referral
12013,1325,5,2026-08-18,198.66,Won,2026-08-20,Google
12014,299,6,2026-08-14,1128.5,Open,,Referral
12015,1221,5,2026-08-09,224.28,Won,2026-08-20,Referral
12016,1442,1,2026-08-12,771.73,Open,,Home Services Marketplace
12017,45,2,2026-08-20,507.99,Lost,,Direct Mail
12018,1376,1,2026-08-19,465.17,Won,2026-08-20,Home Services Marketplace
12019,812,1,2026-08-19,908.89,Won,2026-08-20,Home Services Marketplace
12020,1032,1,2026-08-14,920.32,Won,2026-08-20,Referral
12021,1348,1,2026-08-15,472.6,Won,2026-08-20,Organic
12022,889,5,2026-08-18,189.88,Won,2026-08-20,Home Services Marketplace
12023,271,3,2026-08-09,9524.56,Won,2026-08-20,Google
12024,58,5,2026-08-16,144.35,Won,2026-08-20,Google
12025,1406,5,2026-08-19,193.35,Won,2026-08-20,Google
12026,616,7,2026-08-19,1211.03,Won,2026-08-20,Google
12027,214,2,2026-08-09,467.63,Won,2026-08-20,Google
12028,418,5,2026-08-20,188.29,Won,2026-08-20,Direct Mail
12029,651,6,2026-08-16,1072.95,Won,2026-08-20,Referral
12030,1278,1,2026-08-19,472.15,Lost,,Referral
12031,807,2,2026-08-17,1031.55,Won,2026-08-20,Direct Mail
12032,614,4,2026-08-16,3001.69,Won,2026-08-20,Direct Mail
12033,438,5,2026-08-20,389.01,Lost,,Google
12034,1261,5,2026-08-10,163.15,Won,2026-08-21,Organic
12035,1355,2,2026-08-09,522.97,Won,2026-08-21,Organic
12036,635,3,2026-08-18,8746.95,Won,2026-08-21,Organic
12037,560,5,2026-08-19,209.17,Won,2026-08-21,Organic
12038,318,3,2026-08-11,9157.67,Lost,,Google
12039,57,1,2026-08-17,616.17,Won,2026-08-21,Google
12040,892,1,2026-08-17,420.13,Won,2026-08-21,Organic
12041,650,5,2026-08-11,350.94,Won,2026-08-21,Home Services Marketplace
12042,18,5,2026-08-14,265.91,Won,2026-08-21,Home Services Marketplace
12043,190,6,2026-08-19,1203.34,Won,2026-08-21,Referral
12044,586,1,2026-08-10,412.18,Won,2026-08-21,Google
12045,583,1,2026-08-11,629.38,Open,,Google
12046,359,1,2026-08-10,541.33,Lost,,Google
12047,985,4,2026-08-20,2890.98,Won,2026-08-21,Home Services Marketplace
12048,533,6,2026-08-13,1146.95,Won,2026-08-21,Referral
12049,1346,1,2026-08-15,451.82,Lost,,Organic
12050,801,3,2026-08-18,9761.65,Won,2026-08-21,Google
12051,266,1,2026-08-18,518.28,Won,2026-08-21,Google
12052,184,1,2026-08-14,402.25,Won,2026-08-21,Google
12053,1157,6,2026-08-20,1566.09,Won,2026-08-21,Referral
12054,960,4,2026-08-14,2524.58,Open,,Home Services Marketplace
12055,241,5,2026-08-11,228.15,Lost,,Referral
12056,1034,1,2026-08-20,498.87,Won,2026-08-21,Organic
12057,1425,2,2026-08-19,550.16,Open,,Google
12058,929,1,2026-08-21,584.48,Open,,Referral
12059,659,1,2026-08-17,398.47,Won,2026-08-21,Direct Mail
12060,1075,2,2026-08-14,385.83,Won,2026-08-21,Referral
12061,73,5,2026-08-17,261.21,Won,2026-08-22,Referral
12062,1084,6,2026-08-16,863.83,Won,2026-08-22,Home Services Marketplace
12063,1028,2,2026-08-18,463.22,Won,2026-08-22,Home Services Marketplace
12064,1071,2,2026-08-17,570.97,Won,2026-08-22,Google
12065,217,1,2026-08-20,458.46,Won,2026-08-22,Home Services Marketplace
12066,904,5,2026-08-16,137.59,Open,,Google
12067,740,3,2026-08-13,10571.68,Won,2026-08-22,Home Services Marketplace
12068,276,1,2026-08-20,423.35,Won,2026-08-22,Google
12069,352,3,2026-08-16,10697.59,Won,2026-08-22,Direct Mail
12070,561,2,2026-08-17,538.34,Won,2026-08-22,Google
12071,1031,2,2026-08-22,445.16,Won,2026-08-22,Google
12072,299,6,2026-08-14,1327.93,Won,2026-08-22,Referral
12073,1372,5,2026-08-19,184.13,Lost,,Referral
12074,1244,6,2026-08-18,972.37,Won,2026-08-22,Organic
12075,1187,5,2026-08-15,218.54,Won,2026-08-22,Organic
12076,1095,1,2026-08-12,695.85,Won,2026-08-22,Referral
12077,1333,6,2026-08-12,1037.2,Won,2026-08-22,Direct Mail
12078,849,3,2026-08-18,10619.05,Lost,,Google
12079,345,1,2026-08-19,429.71,Won,2026-08-22,Google
12080,489,6,2026-08-15,1060.98,Won,2026-08-22,Google
12081,400,4,2026-08-10,2101.27,Open,,Home Services Marketplace
12082,441,1,2026-08-15,607.37,Won,2026-08-22,Organic
12083,813,2,2026-08-14,464.04,Won,2026-08-22,Organic
12084,236,6,2026-08-22,1240.05,Won,2026-08-22,Direct Mail
12085,149,2,2026-08-14,495.99,Won,2026-08-22,Google
12086,437,1,2026-08-19,468.47,Won,2026-08-22,Referral
12087,1431,1,2026-08-13,348.43,Won,2026-08-23,Google
12088,300,1,2026-08-18,487.17,Won,2026-08-23,Direct Mail
12089,825,2,2026-08-14,429.34,Won,2026-08-23,Google
12090,962,2,2026-08-19,607.49,Won,2026-08-23,Direct Mail
12091,413,5,2026-08-19,212.81,Open,,Google
12092,1118,1,2026-08-22,506.31,Won,2026-08-23,Referral
12093,179,1,2026-08-19,657.85,Won,2026-08-23,Organic
12094,604,2,2026-08-13,514.0,Open,,Referral
12095,65,4,2026-08-16,2265.9,Open,,Google
12096,1336,7,2026-08-23,1296.29,Won,2026-08-23,Referral
12097,269,5,2026-08-12,300.94,Won,2026-08-23,Referral
12098,398,5,2026-08-19,237.21,Won,2026-08-23,Direct Mail
12099,919,1,2026-08-20,372.69,Won,2026-08-23,Direct Mail
12100,628,5,2026-08-16,186.14,Open,,Referral
12101,949,1,2026-08-17,576.71,Won,2026-08-23,Direct Mail
12102,642,3,2026-08-23,8183.79,Lost,,Direct Mail
12103,971,1,2026-08-18,468.25,Open,,Google
12104,601,4,2026-08-21,4675.96,Lost,,Google
12105,1348,1,2026-08-24,496.53,Won,2026-08-24,Organic
12106,146,2,2026-08-16,581.9,Lost,,Direct Mail
12107,1154,7,2026-08-21,1387.91,Won,2026-08-24,Organic
12108,340,6,2026-08-12,1434.42,Won,2026-08-24,Google
12109,893,4,2026-08-18,3342.05,Won,2026-08-24,Referral
12110,1360,2,2026-08-19,568.55,Won,2026-08-24,Organic
12111,1059,1,2026-08-23,429.92,Won,2026-08-24,Home Services Marketplace
12112,727,2,2026-08-17,618.73,Lost,,Organic
12113,1255,4,2026-08-14,2919.09,Lost,,Referral
12114,475,1,2026-08-12,477.5,Open,,Google
12115,635,5,2026-08-19,257.59,Won,2026-08-24,Organic
12116,373,2,2026-08-21,408.39,Won,2026-08-24,Google
12117,61,3,2026-08-22,9476.24,Open,,Google
12118,392,3,2026-08-19,13225.12,Lost,,Google
12119,1221,2,2026-08-12,448.31,Won,2026-08-24,Referral
12120,165,5,2026-08-13,143.77,Won,2026-08-24,Home Services Marketplace
12121,7,1,2026-08-14,425.22,Won,2026-08-24,Google
12122,1089,1,2026-08-22,451.82,Won,2026-08-24,Google
12123,1298,1,2026-08-23,391.16,Won,2026-08-24,Direct Mail
12124,811,1,2026-08-22,435.12,Won,2026-08-24,Organic
12125,226,3,2026-08-23,8463.36,Open,,Google
12126,328,6,2026-08-24,1046.46,Won,2026-08-24,Google
12127,399,5,2026-08-19,166.64,Won,2026-08-24,Organic
12128,943,1,2026-08-17,458.13,Lost,,Referral
12129,1205,4,2026-08-24,2680.76,Lost,,Referral
12130,1408,7,2026-08-24,1026.86,Won,2026-08-24,Google
12131,711,4,2026-08-13,2370.73,Lost,,Google
12132,1274,7,2026-08-17,968.79,Open,,Direct Mail
12133,990,1,2026-08-16,725.92,Won,2026-08-24,Google
12134,1383,1,2026-08-20,350.13,Won,2026-08-24,Referral
12135,1001,1,2026-08-19,715.92,Won,2026-08-25,Referral
12136,1290,2,2026-08-18,507.81,Won,2026-08-25,Google
12137,1243,5,2026-08-14,181.56,Won,2026-08-25,Organic
12138,1148,5,2026-08-14,171.97,Won,2026-08-25,Home Services Marketplace
12139,754,3,2026-08-14,11167.37,Won,2026-08-25,Google
12140,1369,2,2026-08-22,472.61,Won,2026-08-25,Organic
12141,404,5,2026-08-15,211.78,Won,2026-08-25,Referral
12142,1388,5,2026-08-23,159.74,Lost,,Google
12143,139,7,2026-08-21,1204.7,Open,,Google
12144,1203,5,2026-08-25,235.62,Won,2026-08-25,Google
12145,136,5,2026-08-15,309.4,Won,2026-08-25,Google
12146,476,5,2026-08-22,199.35,Won,2026-08-25,Referral
12147,293,6,2026-08-22,1015.35,Won,2026-08-25,Referral
12148,352,5,2026-08-16,167.79,Won,2026-08-25,Direct Mail
12149,734,4,2026-08-19,2885.88,Lost,,Google
12150,107,2,2026-08-17,625.41,Won,2026-08-25,Google
12151,1154,1,2026-08-25,451.16,Won,2026-08-25,Organic
12152,528,3,2026-08-25,7822.26,Open,,Google
12153,299,2,2026-08-18,474.47,Won,2026-08-25,Referral
12154,80,6,2026-08-14,1803.22,Won,2026-08-25,Organic
12155,379,5,2026-08-15,209.26,Won,2026-08-25,Organic
12156,725,3,2026-08-19,18601.75,Lost,,Referral
12157,983,4,2026-08-14,2423.11,Open,,Organic
12158,1234,5,2026-08-16,270.54,Won,2026-08-26,Referral
12159,686,5,2026-08-14,176.25,Won,2026-08-26,Home Services Marketplace
12160,1426,2,2026-08-23,553.37,Lost,,Referral
12161,500,5,2026-08-24,349.1,Won,2026-08-26,Direct Mail
12162,484,5,2026-08-16,333.47,Won,2026-08-26,Google
12163,960,5,2026-08-25,176.25,Won,2026-08-26,Home Services Marketplace
12164,865,2,2026-08-20,496.29,Won,2026-08-26,Referral
12165,879,1,2026-08-21,572.62,Won,2026-08-26,Organic
12166,455,5,2026-08-16,180.43,Won,2026-08-26,Google
12167,596,5,2026-08-25,225.33,Won,2026-08-26,Referral
12168,211,1,2026-08-21,554.64,Won,2026-08-26,Organic
12169,1139,3,2026-08-24,9185.23,Won,2026-08-26,Referral
12170,140,1,2026-08-16,419.07,Won,2026-08-26,Google
12171,504,5,2026-08-17,220.12,Won,2026-08-26,Referral
12172,1338,1,2026-08-26,673.46,Won,2026-08-26,Google
12173,437,6,2026-08-20,1401.96,Won,2026-08-26,Referral
12174,1261,7,2026-08-15,1143.27,Won,2026-08-26,Organic
12175,1091,2,2026-08-24,554.29,Won,2026-08-27,Home Services Marketplace
12176,1364,6,2026-08-15,1537.16,Won,2026-08-27,Referral
12177,1103,1,2026-08-19,369.53,Won,2026-08-27,Google
12178,740,6,2026-08-17,1040.44,Won,2026-08-27,Home Services Marketplace
12179,1223,4,2026-08-23,2479.12,Open,,Referral
12180,79,1,2026-08-26,419.81,Won,2026-08-27,Google
12181,365,6,2026-08-18,1342.91,Won,2026-08-27,Organic
12182,760,6,2026-08-20,1108.13,Won,2026-08-27,Referral
12183,130,5,2026-08-25,455.37,Won,2026-08-27,Home Services Marketplace
12184,246,4,2026-08-24,2217.79,Lost,,Referral
12185,191,5,2026-08-18,195.83,Won,2026-08-27,Referral
12186,1361,5,2026-08-25,250.41,Open,,Google
12187,74,3,2026-08-24,11371.43,Won,2026-08-27,Google
12188,1213,6,2026-08-18,985.68,Won,2026-08-28,Google
12189,197,1,2026-08-27,462.4,Won,2026-08-28,Direct Mail
12190,435,5,2026-08-17,157.51,Won,2026-08-28,Home Services Marketplace
12191,1065,1,2026-08-26,515.82,Won,2026-08-28,Home Services Marketplace
12192,900,6,2026-08-23,864.74,Won,2026-08-28,Referral
12193,20,2,2026-08-19,1067.54,Open,,Home Services Marketplace
12194,1436,2,2026-08-19,475.49,Won,2026-08-28,Google
12195,767,6,2026-08-21,1177.17,Won,2026-08-28,Google
12196,219,2,2026-08-21,553.48,Open,,Google
12197,1179,7,2026-08-24,1013.94,Won,2026-08-28,Direct Mail
12198,799,1,2026-08-24,399.1,Won,2026-08-28,Referral
12199,1108,5,2026-08-24,124.59,Won,2026-08-28,Organic
12200,524,6,2026-08-20,998.94,Open,,Referral
12201,1355,5,2026-08-19,212.59,Won,2026-08-28,Organic
12202,1426,1,2026-08-24,480.15,Won,2026-08-28,Referral
12203,1437,1,2026-08-23,523.35,Won,2026-08-28,Home Services Marketplace
12204,359,6,2026-08-25,1565.76,Won,2026-08-28,Google
12205,1346,3,2026-08-23,9717.1,Won,2026-08-28,Organic
12206,28,1,2026-08-20,922.42,Won,2026-08-28,Organic
12207,527,1,2026-08-24,536.69,Won,2026-08-28,Referral
12208,962,1,2026-08-24,465.51,Lost,,Direct Mail
12209,1389,5,2026-08-28,163.88,Won,2026-08-28,Direct Mail
12210,1111,3,2026-08-21,10221.42,Open,,Google
12211,276,5,2026-08-23,186.47,Lost,,Google
12212,194,1,2026-08-18,592.81,Won,2026-08-28,Organic
12213,524,3,2026-08-25,11610.81,Won,2026-08-29,Referral
12214,902,3,2026-08-27,13204.94,Won,2026-08-29,Google
12215,584,5,2026-08-23,233.88,Lost,,Google
12216,1404,3,2026-08-25,10433.26,Won,2026-08-29,Organic
12217,632,7,2026-08-17,1374.0,Won,2026-08-29,Referral
12218,1433,1,2026-08-26,373.14,Won,2026-08-29,Google
12219,1131,2,2026-08-19,467.92,Won,2026-08-29,Google
12220,172,5,2026-08-17,393.48,Won,2026-08-29,Organic
12221,1025,5,2026-08-26,168.26,Lost,,Referral
12222,6,7,2026-08-23,1249.74,Won,2026-08-29,Home Services Marketplace
12223,1183,1,2026-08-27,557.87,Open,,Google
12224,820,5,2026-08-17,156.03,Won,2026-08-29,Direct Mail
12225,1378,5,2026-08-24,234.07,Won,2026-08-29,Home Services Marketplace
12226,879,4,2026-08-19,2668.01,Won,2026-08-29,Organic
12227,1068,5,2026-08-21,179.91,Lost,,Google
12228,95,3,2026-08-18,8353.54,Lost,,Organic
12229,304,1,2026-08-24,492.21,Won,2026-08-29,Referral
12230,1290,1,2026-08-17,449.71,Won,2026-08-29,Google
12231,1020,2,2026-08-19,1196.09,Won,2026-08-29,Home Services Marketplace
12232,820,1,2026-08-28,586.99,Won,2026-08-29,Direct Mail
12233,365,2,2026-08-29,519.51,Won,2026-08-29,Organic
12234,251,7,2026-08-25,1275.83,Open,,Organic
12235,1192,5,2026-08-20,290.48,Won,2026-08-30,Referral
12236,264,1,2026-08-27,513.6,Lost,,Google
12237,778,5,2026-08-18,168.47,Open,,Google
12238,977,2,2026-08-20,436.29,Open,,Direct Mail
12239,917,5,2026-08-25,181.61,Won,2026-08-30,Google
12240,526,3,2026-08-30,8758.93,Won,2026-08-30,Google
12241,835,5,2026-08-18,256.73,Won,2026-08-30,Google
12242,1306,5,2026-08-30,148.72,Open,,Organic
12243,1255,7,2026-08-23,755.13,Won,2026-08-30,Referral
12244,762,6,2026-08-19,1083.44,Won,2026-08-30,Google
12245,1136,6,2026-08-19,1802.68,Open,,Organic
12246,1360,2,2026-08-19,596.72,Won,2026-08-30,Organic
12247,646,1,2026-08-26,533.76,Won,2026-08-30,Google
12248,108,5,2026-08-22,204.38,Lost,,Organic
12249,97,5,2026-08-27,210.69,Won,2026-08-30,Google
12250,430,5,2026-08-24,194.58,Won,2026-08-30,Referral
12251,713,7,2026-08-20,983.39,Open,,Google
12252,845,1,2026-08-24,526.35,Won,2026-08-31,Home Services Marketplace
12253,1252,5,2026-08-25,408.3,Lost,,Organic
12254,1170,5,2026-08-27,128.01,Open,,Google
12255,1207,1,2026-08-23,456.29,Won,2026-08-31,Organic
12256,409,2,2026-08-31,494.52,Won,2026-08-31,Google
12257,142,1,2026-08-30,690.5,Won,2026-08-31,Home Services Marketplace
12258,974,1,2026-08-24,663.05,Won,2026-08-31,Home Services Marketplace
12259,972,4,2026-08-31,3543.4,Lost,,Organic
12260,1413,4,2026-08-29,2210.98,Won,2026-08-31,Organic
12261,828,2,2026-08-22,381.22,Won,2026-08-31,Google
12262,499,1,2026-08-24,391.24,Open,,Direct Mail
12263,10,4,2026-08-22,4547.35,Lost,,Google
12264,1334,5,2026-08-26,219.92,Lost,,Home Services Marketplace
12265,180,2,2026-08-31,457.79,Open,,Direct Mail
12266,405,1,2026-08-31,711.18,Won,2026-08-31,Referral
12267,682,5,2026-08-26,189.94,Won,2026-08-31,Referral
12268,1067,4,2026-08-21,2745.86,Open,,Organic
12269,504,1,2026-08-23,491.93,Lost,,Referral
12270,954,6,2026-08-28,1197.98,Won,2026-08-31,Google
12271,433,1,2026-08-19,412.69,Open,,Google
12272,643,5,2026-08-25,165.39,Lost,,Google
12273,681,1,2026-08-23,435.94,Won,2026-08-31,Referral
12274,523,1,2026-08-19,691.44,Won,2026-08-31,Referral
12275,1078,1,2026-08-24,640.0,Lost,,Home Services Marketplace
12276,901,5,2026-08-25,162.66,Won,2026-08-31,Referral
12277,182,2,2026-08-29,465.09,Won,2026-08-31,Home Services Marketplace
12278,984,2,2026-08-23,737.12,Won,2026-08-31,Referral
12279,1060,3,2026-08-30,9676.09,Lost,,Google
12280,1315,7,2026-08-31,957.43,Won,2026-08-31,Google
12281,562,1,2026-08-26,366.79,Won,2026-08-31,Direct Mail
