job_id,estimate_id,customer_id,service_id,technician_id,completed_date,city,customer_type,maintenance_member,emergency_flag,billed_revenue,estimated_labor_hours,actual_labor_hours,labor_cost,material_cost,first_time_fix_flag,callback_flag,agreement_sold_flag,travel_minutes,response_minutes,customer_rating
1,1,946,5,7,2025-01-01,Brentwood,Residential,1,0,237.39,1.65,1.93,67.43,38.89,1,0,0,47,317,4.6
2,2,132,6,2,2025-01-01,Nashville,Residential,0,0,1324.26,3.77,4.11,143.92,534.57,1,0,0,45,235,4.8
3,3,402,5,8,2025-01-01,Franklin,Residential,0,0,150.23,1.36,1.19,32.13,25.91,1,0,1,61,223,4.2
4,7,1023,1,3,2025-01-01,Franklin,Residential,0,0,581.68,1.84,1.46,42.26,101.06,1,0,1,15,229,4.6
5,8,1069,4,5,2025-01-01,Spring Hill,Residential,1,0,2310.0,10.54,11.07,398.46,736.2,1,0,0,53,164,4.8
6,9,565,4,5,2025-01-01,Franklin,Residential,0,0,2217.52,8.71,7.87,283.41,613.32,1,0,0,28,208,4.5
7,10,798,5,3,2025-01-01,Nashville,Residential,1,0,214.6,1.38,0.94,27.28,29.57,1,0,0,49,289,4.1
8,11,1307,1,2,2025-01-01,Nashville,Commercial,0,0,740.15,1.69,1.3,45.36,112.7,1,0,0,55,305,4.9
9,13,1108,6,5,2025-01-01,Franklin,Residential,0,0,1007.59,3.81,2.63,94.76,345.74,1,0,0,45,234,5.0
10,15,892,7,3,2025-01-01,Nashville,Residential,0,0,1181.44,4.19,4.02,116.72,255.16,1,0,0,52,231,4.5
11,17,610,1,2,2025-01-01,Franklin,Residential,0,0,398.06,1.78,1.73,60.72,83.1,1,0,0,13,241,5.0
12,20,539,3,5,2025-01-01,Franklin,Residential,1,0,8039.0,15.01,11.02,396.72,4230.8,0,1,0,46,253,4.5
13,21,1440,1,6,2025-01-01,Spring Hill,Residential,0,0,598.75,2.12,2.56,79.25,135.94,0,0,0,39,237,4.8
14,23,917,1,4,2025-01-01,Franklin,Residential,1,1,444.57,2.51,2.74,76.67,131.01,1,0,0,55,20,4.3
15,25,231,5,8,2025-01-01,Brentwood,Residential,1,0,125.93,1.27,1.1,29.61,21.51,1,0,0,43,233,4.6
16,31,323,2,1,2025-01-01,Spring Hill,Residential,0,0,533.46,2.37,1.62,55.24,116.75,1,0,1,54,260,4.6
17,32,1143,7,3,2025-01-02,Brentwood,Residential,0,0,1396.45,4.85,4.53,131.23,358.82,0,1,0,24,163,3.9
18,34,357,1,7,2025-01-02,Nashville,Residential,0,1,422.25,2.24,1.43,49.96,87.94,1,0,0,55,72,4.5
19,36,1310,5,6,2025-01-02,Nashville,Residential,0,0,167.86,1.09,1.26,39.16,21.55,0,1,0,44,188,4.1
20,38,758,5,8,2025-01-02,Nashville,Commercial,0,0,302.56,1.09,1.16,31.38,40.62,1,0,0,35,167,4.5
21,39,1279,4,5,2025-01-02,Nashville,Residential,0,0,2541.06,9.07,7.81,281.14,765.74,1,0,0,49,364,4.4
22,41,812,5,6,2025-01-02,Spring Hill,Commercial,1,0,300.33,1.11,1.25,38.71,36.42,1,0,0,37,243,4.5
23,44,1070,3,5,2025-01-02,Franklin,Residential,0,0,10409.69,15.88,16.99,611.56,5938.24,1,0,0,55,148,4.7
24,46,47,1,2,2025-01-02,Franklin,Residential,0,1,431.94,2.19,2.28,79.76,91.7,1,0,0,34,81,4.9
25,47,522,4,7,2025-01-02,Franklin,Residential,0,0,1773.44,10.2,9.55,334.31,586.71,1,0,0,8,282,4.9
26,48,364,1,4,2025-01-02,Spring Hill,Residential,1,0,505.67,2.61,2.4,67.26,115.59,1,0,0,33,271,4.5
27,49,835,1,6,2025-01-02,Nashville,Residential,0,0,603.83,2.2,2.49,77.21,114.44,1,0,1,29,218,5.0
28,50,480,5,3,2025-01-02,Franklin,Commercial,0,0,324.85,1.37,1.25,36.23,45.57,1,0,0,50,180,5.0
29,51,909,4,7,2025-01-02,Nashville,Residential,1,0,2470.77,9.56,10.01,350.38,879.35,1,0,0,30,139,4.8
30,52,1311,6,8,2025-01-02,Nashville,Residential,0,0,1530.54,3.8,5.05,136.36,583.08,1,0,0,16,250,3.9
31,53,322,5,6,2025-01-02,Franklin,Residential,0,0,214.93,0.96,0.91,28.3,31.52,1,0,0,30,209,5.0
32,55,338,5,8,2025-01-03,Nashville,Residential,0,0,214.59,1.49,0.91,24.56,28.61,1,0,0,15,296,3.8
33,56,1233,1,6,2025-01-03,Brentwood,Residential,1,0,387.45,2.43,2.69,83.36,76.66,0,0,0,48,238,4.5
34,58,374,1,1,2025-01-03,Franklin,Residential,0,0,484.68,2.0,1.59,54.07,88.67,1,0,0,21,204,4.9
35,60,169,2,3,2025-01-03,Franklin,Residential,0,0,498.46,2.19,2.4,69.66,112.4,1,0,0,40,223,4.6
36,61,444,1,3,2025-01-03,Franklin,Residential,1,0,310.78,2.33,2.44,70.74,70.07,1,0,0,39,250,4.4
37,65,1426,5,8,2025-01-03,Nashville,Residential,0,0,173.66,1.34,1.17,31.65,29.0,1,0,0,36,170,4.7
38,66,794,5,1,2025-01-03,Brentwood,Residential,1,0,194.6,1.2,1.24,42.04,30.33,0,1,0,42,166,3.9
39,67,187,1,3,2025-01-03,Franklin,Residential,0,0,505.27,2.07,2.33,67.56,104.2,1,0,0,54,185,4.7
40,68,1416,4,5,2025-01-03,Franklin,Residential,0,0,3519.53,8.35,6.68,240.61,1181.32,0,1,0,52,172,4.4
41,70,1359,5,2,2025-01-03,Nolensville,Residential,0,0,171.82,1.07,1.34,46.83,25.88,1,0,0,54,238,5.0
42,71,376,5,1,2025-01-03,Franklin,Residential,1,0,147.0,1.31,0.96,32.67,21.65,1,0,0,47,261,4.5
43,72,398,1,3,2025-01-03,Nashville,Residential,1,0,505.46,2.08,1.91,55.36,126.98,1,0,0,52,245,4.8
44,74,1117,3,5,2025-01-03,Nashville,Residential,1,0,8344.81,17.4,15.27,549.89,5226.95,1,0,0,33,267,4.9
45,75,671,3,5,2025-01-03,Nashville,Residential,1,0,10966.05,18.23,18.13,652.7,6102.18,1,0,0,29,238,4.7
46,76,1276,6,7,2025-01-03,Nashville,Residential,0,0,1059.62,3.95,4.05,141.76,543.43,0,0,0,45,286,4.7
47,78,168,2,3,2025-01-03,Franklin,Residential,0,0,462.3,2.67,2.57,74.46,102.91,1,0,0,30,252,4.8
48,79,175,5,5,2025-01-03,Nashville,Residential,1,0,218.03,1.15,1.35,48.48,33.84,1,0,0,8,199,4.5
49,80,227,3,5,2025-01-03,Spring Hill,Residential,1,0,8249.91,15.37,15.58,560.93,4266.11,1,0,0,38,356,4.8
50,82,198,1,7,2025-01-03,Nolensville,Residential,0,0,538.61,1.95,1.66,58.15,116.37,1,0,0,43,228,4.4
51,83,1447,6,7,2025-01-03,Nashville,Commercial,0,0,2143.91,3.38,3.16,110.73,885.63,1,0,0,54,311,5.0
52,84,1401,2,4,2025-01-03,Spring Hill,Residential,0,1,511.92,2.21,1.82,50.95,116.41,1,0,0,15,94,4.5
53,85,226,5,7,2025-01-03,Brentwood,Residential,0,0,191.41,1.1,1.39,48.6,26.44,0,0,0,39,307,4.4
54,86,273,7,2,2025-01-03,Nashville,Residential,1,0,1279.39,3.65,3.1,108.57,304.1,0,0,0,14,296,4.6
55,87,1141,5,5,2025-01-03,Franklin,Residential,0,0,196.23,0.93,0.78,27.91,29.72,1,0,0,50,228,4.2
56,88,1303,1,7,2025-01-03,Franklin,Residential,0,1,579.23,2.23,1.16,40.63,101.1,1,0,1,43,82,4.9
57,90,536,7,5,2025-01-03,Nashville,Commercial,1,0,1541.73,5.12,5.9,212.27,351.38,1,0,0,19,212,4.6
58,91,1289,2,1,2025-01-03,Franklin,Commercial,0,0,584.02,2.26,2.82,95.94,122.58,1,0,0,46,315,4.8
59,92,619,6,7,2025-01-04,Nashville,Residential,1,0,1764.93,3.68,4.45,155.85,799.25,1,0,0,16,320,4.6
60,93,656,5,6,2025-01-04,Franklin,Residential,0,0,176.23,1.29,1.18,36.58,24.02,1,0,0,53,321,4.8
61,94,219,2,5,2025-01-04,Nolensville,Residential,0,0,450.96,2.2,2.64,95.1,104.54,1,0,0,45,174,4.2
62,95,1083,1,3,2025-01-04,Nolensville,Residential,0,0,676.88,2.11,2.31,67.02,178.13,1,0,0,18,283,4.3
63,96,1414,1,7,2025-01-04,Brentwood,Residential,0,1,453.62,2.33,2.1,73.34,98.97,0,0,0,36,119,4.4
64,99,490,5,4,2025-01-04,Spring Hill,Residential,0,0,158.65,1.2,1.38,38.76,21.61,1,0,0,18,149,4.6
65,100,587,4,7,2025-01-04,Spring Hill,Residential,1,0,2311.21,11.89,8.77,306.95,596.0,1,0,0,35,273,4.0
66,101,52,1,6,2025-01-04,Nolensville,Residential,1,0,576.61,2.5,3.32,102.82,129.98,1,0,0,55,183,4.8
67,102,208,2,7,2025-01-04,Nashville,Residential,0,0,448.64,2.69,2.66,93.02,97.09,1,0,0,52,383,4.5
68,103,1121,5,8,2025-01-04,Franklin,Residential,0,0,219.71,1.38,1.34,36.17,30.98,1,0,0,20,134,4.0
69,104,78,1,3,2025-01-04,Nashville,Commercial,0,1,748.32,2.08,2.57,74.42,173.71,0,1,0,46,114,3.8
70,107,208,2,4,2025-01-04,Nashville,Residential,0,1,501.68,2.8,2.96,82.98,122.76,1,0,0,56,203,4.5
71,108,634,3,5,2025-01-04,Spring Hill,Residential,0,0,12819.23,18.54,20.79,748.36,6771.03,1,0,0,47,289,4.6
72,109,691,5,1,2025-01-04,Franklin,Residential,1,0,269.89,1.32,1.12,37.96,38.12,1,0,0,40,338,4.7
73,110,1444,2,3,2025-01-04,Brentwood,Residential,1,1,555.72,2.29,2.74,79.34,122.28,1,0,0,44,72,4.9
74,111,1063,5,8,2025-01-04,Spring Hill,Residential,1,0,145.04,1.37,1.6,43.26,20.17,1,0,0,39,351,3.9
75,113,766,1,4,2025-01-04,Spring Hill,Residential,1,0,408.29,2.58,3.35,93.76,101.93,0,1,0,42,188,4.0
76,114,287,1,1,2025-01-05,Franklin,Commercial,1,0,832.66,2.25,2.09,70.96,214.83,1,0,0,59,185,5.0
77,116,423,7,7,2025-01-05,Franklin,Commercial,1,0,2579.35,4.84,4.24,148.42,781.56,1,0,0,19,308,4.7
78,117,594,5,5,2025-01-05,Franklin,Residential,0,0,220.68,1.29,1.28,45.97,38.13,1,0,0,52,166,4.3
79,118,1220,5,5,2025-01-05,Nashville,Residential,1,0,171.37,1.19,1.14,41.22,28.76,1,0,0,20,324,4.8
80,119,126,1,5,2025-01-05,Nashville,Residential,0,0,617.54,2.19,2.13,76.78,119.42,1,0,0,43,221,4.6
81,120,974,5,7,2025-01-05,Spring Hill,Residential,0,0,208.97,1.15,0.98,34.45,36.08,1,0,0,46,371,4.3
82,121,1200,1,2,2025-01-05,Brentwood,Residential,0,0,424.51,2.27,1.86,65.01,88.69,1,0,1,38,161,4.8
83,122,1437,5,2,2025-01-05,Brentwood,Residential,1,0,177.06,1.2,1.29,45.3,30.88,1,0,0,47,326,5.0
84,123,1436,6,1,2025-01-05,Nashville,Residential,0,0,1286.81,3.92,3.25,110.51,431.22,1,0,0,44,134,4.5
85,125,1315,6,7,2025-01-05,Brentwood,Residential,1,0,1346.62,3.67,3.2,111.87,617.21,1,0,0,45,230,4.7
86,126,762,5,7,2025-01-05,Nashville,Residential,1,0,191.61,1.29,1.45,50.79,29.32,1,0,0,44,248,4.9
87,127,1142,1,1,2025-01-05,Spring Hill,Residential,0,0,608.13,2.05,1.8,61.25,119.26,1,0,0,28,168,5.0
88,129,1093,5,7,2025-01-05,Brentwood,Commercial,1,0,533.21,1.4,1.23,43.0,61.37,1,0,0,37,230,4.8
89,130,89,6,4,2025-01-05,Spring Hill,Residential,1,0,1123.86,3.55,4.37,122.45,384.21,1,0,0,39,201,4.1
90,132,1068,5,2,2025-01-05,Nolensville,Residential,0,0,218.03,1.45,1.54,53.95,31.61,1,0,0,49,214,5.0
91,133,1101,5,2,2025-01-05,Franklin,Commercial,1,0,293.06,1.36,1.34,46.89,43.55,1,0,0,46,234,4.7
92,134,338,5,2,2025-01-06,Nashville,Residential,0,0,168.93,1.26,1.34,46.82,23.47,1,0,0,31,192,4.9
93,135,1292,1,4,2025-01-06,Nolensville,Residential,0,1,371.5,2.09,2.04,57.01,82.03,1,0,1,52,128,4.1
94,136,399,5,4,2025-01-06,Franklin,Residential,0,0,147.84,1.28,1.74,48.62,28.18,0,1,0,54,293,3.7
95,139,571,7,5,2025-01-06,Nashville,Residential,0,0,978.73,4.92,5.5,197.88,228.02,1,0,0,19,326,4.7
96,140,774,1,7,2025-01-06,Franklin,Residential,0,0,397.51,2.37,2.09,73.29,119.57,1,0,0,47,243,4.7
97,141,1070,5,3,2025-01-06,Franklin,Residential,0,0,151.26,0.95,0.77,22.28,21.72,1,0,0,53,281,4.9
98,143,1154,3,7,2025-01-06,Nashville,Residential,1,0,8793.36,16.57,14.98,524.22,3853.39,1,0,0,52,209,4.2
99,144,18,6,8,2025-01-06,Nashville,Residential,1,0,1026.3,3.52,4.51,121.82,432.18,1,0,0,51,239,3.7
100,146,97,5,6,2025-01-06,Spring Hill,Residential,0,0,217.45,1.33,1.05,32.54,30.66,1,0,0,46,165,4.7
101,147,1239,1,8,2025-01-06,Franklin,Residential,1,1,514.04,1.73,2.3,62.13,121.39,1,0,0,43,65,4.3
102,148,356,4,5,2025-01-06,Nolensville,Residential,0,0,3354.06,10.87,12.47,448.93,906.48,1,0,0,12,122,4.4
103,150,874,6,6,2025-01-06,Franklin,Commercial,0,0,2129.28,3.51,2.58,79.91,1014.25,1,1,0,55,237,4.2
104,151,343,5,8,2025-01-06,Franklin,Residential,0,0,188.98,1.09,1.06,28.69,28.21,1,0,0,61,229,4.4
105,152,1087,1,7,2025-01-06,Nashville,Commercial,0,0,931.74,2.26,2.78,97.34,204.3,0,1,0,37,197,3.7
106,154,1050,5,1,2025-01-06,Nashville,Residential,1,0,184.84,0.99,1.1,37.43,25.9,1,0,0,23,246,5.0
107,156,1269,1,2,2025-01-06,Brentwood,Residential,0,0,389.18,2.31,1.96,68.45,82.64,0,1,0,32,255,4.3
108,157,841,5,3,2025-01-06,Nolensville,Residential,1,0,201.04,1.32,1.33,38.51,27.12,1,0,0,18,212,4.7
109,158,1360,6,8,2025-01-06,Franklin,Residential,1,0,1245.6,3.87,5.14,138.86,575.14,1,0,0,37,177,4.2
110,159,340,5,8,2025-01-06,Franklin,Residential,0,0,165.77,1.33,1.99,53.75,25.28,1,0,0,48,354,4.1
111,161,430,6,2,2025-01-06,Spring Hill,Residential,0,0,1187.56,3.94,3.53,123.48,416.39,1,0,0,51,176,4.7
112,166,529,2,6,2025-01-07,Nashville,Residential,0,0,627.39,2.03,1.74,54.05,135.23,1,0,1,46,281,4.6
113,167,356,5,5,2025-01-07,Nolensville,Residential,0,0,153.89,1.41,1.47,53.06,22.96,1,0,0,34,260,4.9
114,168,563,5,1,2025-01-07,Nashville,Commercial,0,0,301.19,1.12,1.28,43.68,48.93,1,0,0,65,227,4.9
115,169,1212,1,3,2025-01-07,Nashville,Residential,0,0,472.93,2.27,1.99,57.61,107.6,1,0,1,75,225,4.2
116,170,202,3,5,2025-01-07,Spring Hill,Residential,0,0,10535.28,19.46,16.68,600.3,5895.33,0,1,0,28,298,4.3
117,171,409,7,7,2025-01-07,Franklin,Residential,1,0,1148.06,4.97,5.16,180.48,301.44,1,0,0,20,271,4.8
118,172,1409,2,1,2025-01-07,Nashville,Residential,0,0,462.31,2.01,1.43,48.64,91.84,0,1,0,41,168,4.2
119,173,825,2,6,2025-01-07,Nashville,Residential,0,0,654.57,2.52,2.36,73.16,149.27,1,0,1,43,236,5.0
120,174,470,1,2,2025-01-07,Brentwood,Commercial,0,0,671.63,2.79,3.15,110.37,167.73,1,0,0,46,207,4.7
121,175,1263,7,8,2025-01-07,Spring Hill,Residential,0,0,917.71,4.26,5.71,154.22,195.44,0,1,0,56,280,4.0
122,176,90,5,2,2025-01-07,Spring Hill,Residential,0,0,233.67,1.34,1.36,47.45,36.04,1,0,0,53,250,5.0
123,177,840,2,2,2025-01-07,Nolensville,Residential,0,0,492.99,2.87,2.38,83.45,103.59,1,0,1,62,213,5.0
124,178,352,5,6,2025-01-07,Nashville,Residential,1,0,176.28,1.47,1.38,42.7,25.95,1,0,0,54,123,4.6
125,179,820,2,5,2025-01-07,Nashville,Residential,1,0,562.99,2.19,2.45,88.28,112.32,1,0,0,26,255,4.6
126,181,18,5,2,2025-01-07,Nashville,Residential,1,0,193.33,1.39,1.8,63.05,30.56,1,0,0,48,278,4.6
127,182,15,1,8,2025-01-07,Nashville,Residential,0,0,541.88,2.24,2.85,76.93,129.18,1,0,0,38,151,4.2
128,184,1274,5,7,2025-01-07,Nashville,Residential,0,0,180.67,1.29,0.92,32.09,25.55,1,0,0,48,180,4.2
129,185,1038,2,1,2025-01-07,Franklin,Residential,0,0,584.97,2.47,2.4,81.46,140.24,1,0,0,52,195,4.7
130,186,956,2,4,2025-01-07,Brentwood,Residential,0,1,481.31,2.45,2.57,72.03,78.64,1,0,0,27,83,4.4
131,187,1014,1,7,2025-01-07,Nashville,Residential,0,0,364.24,2.2,2.01,70.21,85.11,0,0,1,46,343,4.4
132,188,811,5,4,2025-01-07,Nolensville,Residential,1,0,176.83,1.06,1.04,28.99,24.59,1,0,0,50,273,4.3
133,190,1352,5,3,2025-01-07,Franklin,Residential,0,0,175.95,1.06,0.87,25.3,26.55,1,0,0,24,237,4.1
134,191,536,1,2,2025-01-07,Nashville,Commercial,1,0,626.18,2.45,2.43,85.03,170.93,1,0,0,31,394,5.0
135,192,569,1,5,2025-01-07,Nashville,Residential,0,0,682.51,1.78,2.1,75.75,141.69,1,0,0,21,245,4.6
136,193,1160,5,5,2025-01-08,Brentwood,Commercial,0,0,308.84,1.23,1.38,49.61,43.1,1,0,0,66,279,5.0
137,195,1063,2,5,2025-01-08,Spring Hill,Residential,1,0,342.1,2.54,3.28,118.05,102.55,1,0,0,24,223,5.0
138,200,445,2,2,2025-01-08,Franklin,Residential,1,1,379.31,2.32,2.34,81.86,107.11,1,0,0,26,114,4.8
139,203,88,6,3,2025-01-08,Nolensville,Commercial,0,0,2299.2,3.95,4.26,123.44,880.77,1,0,0,36,199,4.6
140,204,65,6,5,2025-01-08,Spring Hill,Residential,0,0,839.19,4.16,4.25,152.94,305.07,0,1,0,40,311,4.2
141,206,403,6,6,2025-01-08,Nashville,Residential,0,0,1009.64,3.65,3.52,109.17,428.51,1,0,0,55,198,4.9
142,207,686,1,5,2025-01-08,Nashville,Residential,0,1,596.07,2.13,1.98,71.13,132.18,1,0,0,30,20,4.7
143,208,1167,1,4,2025-01-08,Nolensville,Residential,0,0,396.44,2.42,2.85,79.85,92.07,1,0,0,35,135,4.6
144,209,357,5,6,2025-01-08,Nashville,Residential,0,0,159.13,1.31,1.29,39.87,22.76,1,0,0,33,209,4.8
145,210,307,3,7,2025-01-08,Brentwood,Residential,0,0,10014.16,23.38,22.02,770.65,5231.91,1,0,0,72,163,5.0
146,211,509,6,4,2025-01-08,Brentwood,Residential,0,0,1327.71,3.83,4.04,113.02,588.14,1,0,0,20,287,4.8
147,217,1129,5,7,2025-01-09,Brentwood,Residential,0,0,140.66,1.29,1.17,40.79,21.31,1,0,0,59,242,5.0
148,220,363,1,7,2025-01-09,Nashville,Residential,1,0,388.46,2.16,1.63,57.1,97.29,1,0,0,48,268,4.7
149,221,220,1,8,2025-01-09,Nashville,Residential,0,0,705.46,2.02,2.25,60.65,139.35,1,0,0,16,254,4.0
150,222,85,2,3,2025-01-09,Nashville,Residential,1,0,522.86,1.84,1.49,43.18,149.34,1,0,0,30,172,4.6
151,223,1344,5,3,2025-01-09,Nashville,Residential,0,0,164.58,1.26,1.25,36.34,26.11,1,0,0,51,231,4.6
152,224,471,5,1,2025-01-09,Spring Hill,Residential,0,0,222.35,1.37,1.35,45.91,32.32,1,0,0,41,316,4.9
153,225,450,2,4,2025-01-09,Nashville,Residential,0,0,452.02,2.29,2.46,68.76,95.79,1,0,0,37,152,4.3
154,226,1220,1,5,2025-01-09,Nashville,Residential,1,0,404.58,2.44,2.06,74.04,112.34,1,0,0,38,227,4.6
155,227,103,5,5,2025-01-09,Brentwood,Residential,1,0,186.09,1.02,0.91,32.68,29.56,1,0,0,57,290,4.8
156,228,1023,4,5,2025-01-10,Franklin,Residential,0,0,1862.55,10.66,12.09,435.17,549.33,1,0,0,20,260,4.2
157,230,598,5,2,2025-01-10,Nashville,Residential,0,0,267.02,1.23,1.49,52.24,36.99,1,0,0,50,148,4.6
158,232,748,1,6,2025-01-10,Franklin,Commercial,0,0,534.08,2.24,2.18,67.71,119.64,1,0,0,40,303,4.6
159,233,765,1,5,2025-01-10,Nolensville,Residential,0,0,455.37,2.18,2.02,72.8,95.87,1,0,0,45,178,4.5
160,234,1255,5,3,2025-01-10,Nashville,Residential,1,0,162.57,1.34,1.5,43.36,23.99,1,0,0,41,256,5.0
161,235,101,1,3,2025-01-10,Franklin,Residential,0,0,454.26,1.99,2.21,64.19,94.81,1,0,0,20,176,4.6
162,236,136,2,1,2025-01-10,Spring Hill,Commercial,1,0,954.03,2.87,1.91,65.01,201.35,1,0,0,49,240,4.5
163,237,1436,1,3,2025-01-10,Nashville,Residential,0,0,389.28,1.9,2.04,59.13,71.47,1,0,1,46,307,4.4
164,238,230,1,6,2025-01-10,Nolensville,Residential,1,0,400.99,1.88,1.44,44.5,74.38,1,0,0,26,338,4.6
165,239,787,4,5,2025-01-10,Nashville,Commercial,0,0,4544.34,9.72,6.82,245.39,1944.64,1,0,0,11,314,5.0
166,240,345,1,3,2025-01-10,Nolensville,Residential,0,1,328.73,2.12,1.94,56.21,71.91,0,1,0,15,118,4.1
167,241,1398,5,1,2025-01-10,Nolensville,Residential,0,0,151.95,1.14,1.2,40.95,22.52,1,0,0,57,265,4.8
168,242,281,5,7,2025-01-10,Franklin,Residential,1,0,178.6,1.33,1.49,52.28,30.11,1,0,0,28,237,4.4
169,243,1089,2,4,2025-01-10,Brentwood,Residential,0,0,477.11,1.82,1.71,47.91,118.42,1,0,0,59,268,4.4
170,244,532,1,4,2025-01-10,Nashville,Residential,0,0,405.18,1.93,1.56,43.69,89.1,1,0,0,46,257,4.4
171,245,1450,6,2,2025-01-10,Brentwood,Residential,1,0,1202.39,2.93,2.46,86.12,469.36,1,0,0,32,255,4.6
172,246,942,1,3,2025-01-10,Franklin,Residential,0,0,516.79,2.47,2.42,70.16,108.65,1,0,0,46,363,5.0
173,247,638,1,3,2025-01-10,Brentwood,Residential,0,0,419.59,2.27,2.56,74.31,107.41,1,0,0,54,222,4.6
174,249,1396,2,3,2025-01-10,Spring Hill,Residential,1,0,429.44,2.46,2.02,58.71,97.22,1,0,0,44,360,4.6
175,250,1287,5,1,2025-01-10,Franklin,Residential,0,0,177.01,1.28,1.19,40.58,22.83,1,0,0,36,230,4.8
176,251,618,5,3,2025-01-10,Nashville,Residential,0,0,207.26,1.36,1.57,45.65,32.45,1,0,0,55,204,4.4
177,252,631,5,6,2025-01-10,Nashville,Residential,0,0,162.04,1.29,0.82,25.32,23.56,1,0,0,28,194,4.1
178,254,949,3,7,2025-01-11,Spring Hill,Residential,0,0,8519.32,17.05,19.28,674.64,5557.71,1,0,0,49,142,4.7
179,255,881,2,7,2025-01-11,Nashville,Residential,0,0,518.35,2.18,2.84,99.47,106.27,1,0,1,60,241,4.7
180,256,1283,6,5,2025-01-11,Franklin,Residential,0,0,1269.93,3.24,3.7,133.18,580.36,1,0,0,51,185,4.8
181,257,680,4,5,2025-01-11,Nashville,Residential,0,0,2346.7,9.74,7.83,281.89,853.61,1,0,0,16,206,5.0
182,258,222,1,4,2025-01-11,Nolensville,Residential,0,1,537.87,3.11,3.44,96.34,106.29,1,0,1,66,75,4.1
183,259,1416,1,2,2025-01-11,Franklin,Residential,0,0,423.69,2.3,2.72,95.13,100.74,1,0,0,35,165,4.8
184,260,271,3,7,2025-01-11,Nolensville,Residential,1,0,8212.68,19.09,22.52,788.22,4568.89,0,1,0,34,181,3.9
185,262,420,2,5,2025-01-11,Nashville,Residential,0,1,401.58,2.39,2.44,87.95,93.03,1,0,1,41,127,4.8
186,263,1106,1,5,2025-01-11,Nolensville,Residential,0,0,520.03,2.28,1.9,68.29,86.32,0,1,0,39,240,4.4
187,264,855,1,7,2025-01-11,Spring Hill,Commercial,1,0,840.48,2.16,2.14,75.07,223.41,1,0,0,38,329,4.7
188,265,60,1,5,2025-01-11,Franklin,Residential,1,1,401.25,2.71,2.32,83.37,101.98,0,1,0,59,149,4.3
189,266,86,3,5,2025-01-11,Franklin,Residential,1,0,9882.64,19.38,18.71,673.39,4863.27,0,0,0,45,267,4.5
190,268,1003,5,7,2025-01-11,Nolensville,Residential,1,0,227.8,1.47,1.85,64.59,32.05,0,0,0,53,203,4.5
191,269,1038,7,4,2025-01-11,Franklin,Residential,0,0,1273.8,3.81,3.38,94.69,310.74,1,0,0,52,226,4.4
192,271,742,5,8,2025-01-11,Brentwood,Residential,1,0,176.38,1.19,1.18,31.81,25.39,1,0,0,32,310,4.3
193,272,1045,5,3,2025-01-11,Brentwood,Residential,1,0,187.23,1.56,1.55,44.83,25.41,1,0,0,43,240,4.7
194,273,715,1,3,2025-01-11,Nashville,Residential,0,1,315.53,2.21,2.34,67.94,68.22,1,0,0,31,248,4.4
195,274,373,1,5,2025-01-11,Spring Hill,Residential,0,1,384.58,2.48,2.56,92.3,94.31,1,0,0,61,138,4.8
196,276,1323,3,7,2025-01-11,Nashville,Commercial,1,0,20434.56,16.95,15.6,546.09,11463.94,0,0,0,40,176,4.6
197,277,975,1,5,2025-01-11,Nashville,Residential,0,1,428.73,2.08,2.65,95.38,95.29,1,0,0,8,135,4.8
198,278,602,6,1,2025-01-11,Nashville,Residential,0,0,1388.48,3.25,2.47,83.84,647.98,0,1,0,27,214,3.9
199,279,579,1,7,2025-01-11,Brentwood,Residential,0,0,498.15,2.1,2.03,70.89,122.06,1,0,0,58,180,4.4
200,280,419,2,6,2025-01-12,Nashville,Commercial,1,0,656.41,2.27,1.99,61.84,187.49,1,0,0,45,236,4.4
201,281,858,1,1,2025-01-12,Nashville,Residential,0,0,561.87,1.97,2.24,76.25,124.21,1,0,0,38,161,4.6
202,282,1107,1,8,2025-01-12,Nashville,Residential,1,0,346.14,1.81,1.97,53.21,66.86,0,1,0,51,286,3.6
203,283,600,4,7,2025-01-12,Nolensville,Residential,0,0,1911.8,7.41,7.44,260.41,538.44,1,0,0,43,317,4.6
204,284,399,6,2,2025-01-12,Franklin,Residential,0,0,1104.14,3.67,3.91,136.74,577.76,1,0,0,31,260,4.9
205,286,440,5,1,2025-01-12,Franklin,Residential,0,0,189.74,1.17,1.16,39.38,24.27,1,0,0,49,254,4.7
206,287,979,6,6,2025-01-12,Franklin,Residential,0,0,1299.44,3.6,3.59,111.43,458.99,1,0,0,39,336,4.6
207,288,1324,1,2,2025-01-12,Franklin,Residential,0,0,505.08,2.07,1.3,45.41,114.24,1,0,0,13,283,4.7
208,289,625,5,3,2025-01-12,Brentwood,Residential,0,0,153.51,1.26,1.25,36.25,26.62,1,0,1,52,231,4.5
209,290,469,3,7,2025-01-12,Brentwood,Residential,1,0,11758.32,18.69,18.46,646.18,5980.87,1,0,0,45,201,5.0
210,291,96,1,6,2025-01-12,Nolensville,Residential,0,1,643.94,2.3,1.94,60.07,149.82,0,1,0,46,20,4.0
211,294,226,2,3,2025-01-12,Brentwood,Residential,0,0,691.59,2.5,2.74,79.43,172.26,0,1,0,50,199,4.1
212,295,53,5,6,2025-01-12,Franklin,Residential,0,0,204.16,1.4,1.49,46.07,28.28,0,1,0,46,264,4.5
213,296,192,6,1,2025-01-12,Brentwood,Commercial,1,0,1338.33,3.82,3.37,114.74,583.18,1,0,0,48,267,5.0
214,297,1108,1,3,2025-01-12,Franklin,Residential,0,0,483.82,2.26,2.2,63.88,110.12,0,1,0,57,343,4.2
215,298,126,1,3,2025-01-12,Nashville,Residential,0,0,467.83,1.92,2.36,68.37,89.94,1,0,0,37,203,4.5
216,299,926,1,2,2025-01-12,Franklin,Residential,1,0,759.62,2.19,2.15,75.14,187.65,1,0,0,38,201,4.6
217,300,72,1,5,2025-01-12,Spring Hill,Residential,0,0,397.65,2.28,1.75,63.12,58.45,1,0,0,61,206,4.9
218,301,1251,2,5,2025-01-12,Franklin,Residential,1,0,474.51,2.33,1.89,67.9,126.21,1,0,0,41,192,4.7
219,302,396,1,7,2025-01-12,Nolensville,Residential,0,0,373.38,2.35,2.11,73.92,100.14,1,0,0,65,196,4.0
220,303,1095,6,3,2025-01-13,Franklin,Commercial,0,0,2628.52,3.11,2.62,76.07,1241.57,1,0,0,35,201,4.3
221,304,264,1,8,2025-01-13,Franklin,Residential,1,0,390.65,2.28,2.6,70.25,86.66,0,1,0,41,299,3.8
222,306,399,6,4,2025-01-13,Franklin,Residential,0,0,1328.29,3.35,3.12,87.41,558.8,0,1,0,32,207,4.4
223,307,256,1,3,2025-01-13,Franklin,Residential,0,0,515.17,1.96,1.98,57.53,106.24,1,0,1,30,257,4.5
224,310,672,1,6,2025-01-13,Franklin,Residential,0,1,487.85,2.18,2.09,64.85,105.76,1,0,0,22,129,4.9
225,311,769,5,2,2025-01-13,Nashville,Residential,1,0,262.24,1.43,1.16,40.74,36.29,1,0,0,62,306,5.0
226,312,754,5,6,2025-01-13,Nolensville,Residential,0,0,225.99,1.55,1.58,49.1,24.01,1,0,0,51,193,4.5
227,313,903,7,8,2025-01-13,Spring Hill,Residential,1,0,1007.84,4.67,5.19,140.04,217.95,0,1,0,49,145,3.0
228,314,419,1,2,2025-01-13,Nashville,Commercial,1,0,924.09,2.29,2.53,88.69,214.55,1,0,0,49,239,5.0
229,315,276,1,3,2025-01-13,Nashville,Residential,0,1,691.87,2.18,2.25,65.24,143.5,1,0,0,14,185,4.6
230,316,416,5,4,2025-01-13,Nashville,Residential,1,0,169.69,1.53,1.48,41.38,27.87,1,0,0,58,136,4.2
231,317,897,1,2,2025-01-13,Nashville,Residential,1,0,382.5,1.67,1.35,47.12,102.71,1,0,0,24,177,4.9
232,318,1246,1,1,2025-01-13,Spring Hill,Residential,1,0,523.83,2.21,1.96,66.66,115.02,1,0,0,57,159,4.6
233,319,438,5,8,2025-01-13,Nashville,Commercial,0,0,318.68,1.4,1.66,44.78,42.56,1,0,0,54,245,4.0
234,320,451,3,5,2025-01-13,Franklin,Commercial,1,0,14145.62,17.04,18.91,680.88,7725.08,1,0,0,46,205,4.6
235,321,948,1,4,2025-01-13,Nashville,Residential,0,0,485.65,2.51,2.89,80.83,91.71,1,0,0,41,273,4.8
236,322,585,2,5,2025-01-13,Nashville,Residential,0,0,546.32,2.45,3.18,114.52,132.36,1,0,0,27,197,4.8
237,324,276,5,5,2025-01-13,Nashville,Residential,0,0,189.66,1.25,1.36,49.06,30.06,0,1,0,43,257,4.5
238,325,1295,5,4,2025-01-13,Franklin,Residential,0,0,151.03,1.24,1.18,33.09,24.44,1,0,0,47,211,4.4
239,326,1185,4,5,2025-01-13,Brentwood,Residential,1,0,3578.57,10.43,9.97,358.78,1197.73,1,0,0,21,301,5.0
240,327,689,1,2,2025-01-13,Brentwood,Commercial,0,0,925.53,2.37,2.39,83.68,194.03,1,0,0,29,221,5.0
241,331,318,4,5,2025-01-14,Nashville,Residential,0,0,2636.07,9.41,10.28,369.91,696.8,0,1,0,34,299,4.1
242,332,740,5,8,2025-01-14,Franklin,Residential,0,0,193.56,1.26,1.33,35.79,26.09,1,0,0,23,263,4.1
243,334,726,5,5,2025-01-14,Brentwood,Residential,1,0,170.5,1.22,0.94,33.81,28.49,0,1,0,30,216,3.5
244,335,847,1,8,2025-01-14,Franklin,Commercial,0,0,1019.52,2.42,3.14,84.85,211.92,1,0,1,33,149,4.0
245,336,688,2,7,2025-01-14,Brentwood,Residential,0,0,379.1,2.8,3.23,112.96,73.46,1,0,1,44,300,4.4
246,338,559,6,5,2025-01-14,Franklin,Residential,0,0,989.31,3.09,2.86,102.9,380.53,1,0,0,34,307,4.6
247,339,173,6,8,2025-01-14,Spring Hill,Residential,1,0,1714.7,3.52,4.1,110.75,675.51,1,0,0,35,245,4.2
248,340,500,2,3,2025-01-14,Nashville,Commercial,0,1,783.69,1.99,2.67,77.47,174.49,1,0,1,49,68,4.9
249,341,501,1,5,2025-01-14,Nashville,Residential,0,1,427.02,2.16,2.09,75.25,81.6,1,0,0,36,71,4.6
250,342,642,7,6,2025-01-14,Brentwood,Residential,0,0,1547.72,4.93,4.73,146.53,347.27,1,0,0,25,235,4.7
251,343,798,5,1,2025-01-14,Nashville,Residential,1,0,206.14,1.31,1.04,35.27,30.57,1,0,0,25,262,4.9
252,345,1211,3,5,2025-01-14,Nolensville,Residential,0,0,9027.73,18.24,22.14,797.07,4324.84,1,0,0,42,242,5.0
253,348,549,1,8,2025-01-14,Nashville,Residential,0,1,518.49,2.02,1.61,43.41,95.29,0,0,0,23,29,4.8
254,349,1209,5,1,2025-01-14,Nashville,Residential,1,0,268.35,1.2,1.11,37.69,35.74,1,0,0,36,239,4.8
255,350,1053,5,6,2025-01-14,Brentwood,Residential,1,0,198.98,1.35,1.46,45.29,32.98,1,0,0,21,227,4.9
256,351,1337,2,5,2025-01-14,Franklin,Residential,1,0,363.68,1.98,1.58,56.92,88.83,1,0,0,36,215,4.8
257,352,1111,1,7,2025-01-14,Franklin,Residential,1,1,567.06,2.36,2.73,95.61,101.91,1,0,0,33,84,4.5
258,353,909,2,6,2025-01-14,Nashville,Residential,1,0,535.33,2.99,2.66,82.45,130.91,1,0,0,40,286,4.6
259,354,605,1,4,2025-01-14,Franklin,Commercial,0,0,994.78,3.06,3.75,105.13,230.12,1,0,0,63,321,4.7
260,355,1309,7,7,2025-01-14,Nolensville,Residential,1,0,916.46,4.78,5.52,193.26,236.18,1,0,0,24,129,4.8
261,356,1130,1,5,2025-01-14,Spring Hill,Residential,0,0,594.65,2.36,2.01,72.45,102.16,1,0,0,66,156,4.8
262,359,662,7,2,2025-01-15,Franklin,Residential,0,0,1765.69,4.1,3.95,138.24,462.97,0,0,0,43,323,5.0
263,361,387,6,1,2025-01-15,Nashville,Residential,0,0,1015.01,3.43,3.21,108.99,444.96,1,0,0,32,278,4.4
264,362,1369,2,6,2025-01-15,Nashville,Residential,1,0,483.62,2.98,2.56,79.49,122.14,1,0,0,46,332,5.0
265,364,81,5,3,2025-01-15,Franklin,Residential,0,0,190.94,1.32,0.92,26.66,28.71,0,1,0,49,238,3.9
266,365,763,5,5,2025-01-15,Franklin,Residential,1,0,162.1,1.0,0.95,34.16,22.99,1,0,0,66,222,4.8
267,366,509,1,8,2025-01-15,Brentwood,Residential,0,0,670.82,2.67,3.26,87.97,150.48,1,0,0,53,239,4.2
268,367,1264,5,7,2025-01-15,Nolensville,Residential,0,0,225.31,1.36,1.7,59.67,39.31,1,0,0,39,328,4.2
269,369,1350,3,5,2025-01-15,Spring Hill,Residential,1,0,12173.58,17.33,18.66,671.78,5437.35,1,0,0,23,241,4.4
270,370,1221,2,6,2025-01-15,Franklin,Residential,1,0,608.46,2.67,3.22,99.85,118.78,1,0,0,28,291,4.5
271,371,333,5,6,2025-01-15,Nashville,Residential,0,0,202.66,1.19,1.2,37.2,30.88,1,0,1,29,296,4.6
272,372,483,5,6,2025-01-15,Nashville,Residential,0,0,191.18,1.38,1.36,42.17,23.58,1,0,0,34,151,4.8
273,374,1040,5,4,2025-01-15,Nolensville,Residential,1,0,171.09,1.01,1.28,35.76,26.26,1,1,0,30,232,3.7
274,375,50,1,4,2025-01-15,Franklin,Residential,1,0,561.72,2.12,2.09,58.42,144.11,1,0,0,32,274,4.7
275,376,98,6,4,2025-01-15,Brentwood,Residential,1,0,1368.48,3.51,4.51,126.35,583.55,1,0,0,31,200,4.4
276,377,238,5,5,2025-01-15,Franklin,Residential,0,0,186.68,1.35,1.17,42.14,28.72,1,0,0,16,180,4.5
277,378,1066,1,1,2025-01-15,Nashville,Residential,0,1,368.02,2.31,2.32,78.97,84.33,1,0,0,24,86,5.0
278,379,1394,6,2,2025-01-16,Spring Hill,Residential,1,0,1012.5,2.91,3.03,106.13,420.65,1,0,0,50,237,4.9
279,380,194,5,3,2025-01-16,Spring Hill,Residential,0,0,154.24,0.96,1.06,30.76,19.71,0,1,0,28,236,4.5
280,381,760,6,3,2025-01-16,Nashville,Residential,0,0,1246.32,3.43,3.81,110.5,469.61,0,1,0,48,208,3.7
281,384,141,2,7,2025-01-16,Nashville,Residential,0,0,565.26,2.3,1.75,61.19,127.27,1,0,0,37,193,4.9
282,385,747,1,7,2025-01-16,Nashville,Residential,0,0,387.2,2.05,2.33,81.5,85.05,0,0,0,47,265,4.7
283,386,1107,4,5,2025-01-16,Nashville,Residential,1,0,2614.94,12.03,14.13,508.67,878.82,1,0,0,26,245,4.8
284,388,1405,1,1,2025-01-16,Nashville,Residential,1,1,431.0,2.21,2.24,76.26,131.71,1,0,0,23,149,4.9
285,389,499,2,6,2025-01-16,Franklin,Residential,0,0,393.82,1.83,2.25,69.77,58.06,1,0,0,48,303,4.9
286,390,520,3,7,2025-01-16,Nolensville,Residential,0,0,6672.16,21.78,25.93,907.67,2878.28,1,0,0,43,261,4.2
287,391,1449,5,4,2025-01-16,Franklin,Residential,0,0,211.84,1.0,1.0,28.07,31.22,0,0,0,46,295,4.5
288,392,193,5,5,2025-01-16,Nashville,Residential,1,0,166.44,1.21,1.24,44.63,25.0,1,0,0,9,261,4.8
289,393,361,5,3,2025-01-16,Nolensville,Commercial,0,0,316.7,1.16,1.0,29.05,36.04,1,0,0,18,339,4.5
290,394,595,6,4,2025-01-16,Nashville,Residential,1,0,1242.7,3.6,3.59,100.57,498.82,1,0,0,50,241,4.3
291,395,889,5,3,2025-01-16,Nashville,Residential,1,0,229.84,1.18,1.36,39.51,22.02,0,0,0,42,214,4.9
292,396,1290,5,7,2025-01-16,Franklin,Residential,0,0,195.58,1.3,1.98,69.24,29.26,1,0,1,42,166,4.1
293,397,313,5,2,2025-01-16,Brentwood,Commercial,1,0,346.51,1.37,1.47,51.61,39.7,1,0,0,50,275,5.0
294,398,174,2,4,2025-01-16,Nashville,Residential,0,0,416.37,2.36,2.65,74.23,90.91,0,1,0,45,193,3.9
295,399,433,6,1,2025-01-16,Spring Hill,Residential,0,0,1790.23,4.31,3.81,129.59,743.83,1,0,0,44,306,4.9
296,400,89,3,7,2025-01-16,Spring Hill,Residential,1,0,12580.98,18.69,19.22,672.75,6407.45,1,0,0,24,174,4.5
297,401,1019,2,1,2025-01-16,Franklin,Residential,1,0,512.3,2.8,3.13,106.49,127.04,0,1,0,47,364,4.3
298,405,1318,3,5,2025-01-17,Spring Hill,Residential,1,0,11685.77,18.59,17.05,613.62,6328.81,1,0,0,44,228,4.2
299,406,67,3,5,2025-01-17,Spring Hill,Residential,0,0,11804.83,17.16,14.99,539.65,5379.57,1,0,0,40,131,4.9
300,407,987,5,2,2025-01-17,Brentwood,Commercial,0,0,345.25,1.26,1.22,42.57,51.26,1,0,0,60,271,4.9
301,408,233,6,8,2025-01-17,Franklin,Residential,0,0,1325.13,3.15,3.32,89.72,579.6,1,0,0,57,306,4.0
302,409,106,3,5,2025-01-17,Spring Hill,Residential,0,0,9201.39,14.44,13.2,475.07,5424.45,1,0,0,72,249,4.7
303,412,193,1,6,2025-01-17,Nashville,Residential,1,0,594.09,2.72,3.08,95.63,135.29,1,0,0,39,305,4.8
304,413,669,2,8,2025-01-17,Franklin,Residential,1,0,641.68,2.41,2.53,68.3,152.67,1,0,0,43,192,4.5
305,414,658,1,1,2025-01-17,Nashville,Residential,1,1,453.7,2.16,2.21,75.22,112.68,1,0,0,25,68,5.0
306,415,1385,7,7,2025-01-17,Brentwood,Commercial,0,0,1594.58,4.44,5.13,179.4,420.16,1,0,0,40,238,4.2
307,416,419,1,8,2025-01-17,Nashville,Commercial,1,0,896.86,2.36,1.9,51.37,176.44,1,0,0,8,286,4.1
308,418,544,5,4,2025-01-17,Nashville,Residential,0,0,193.74,1.32,1.21,33.79,32.83,0,1,0,26,327,3.9
309,419,1359,3,7,2025-01-17,Nolensville,Residential,0,0,8472.15,21.3,23.0,805.02,4547.32,1,0,0,43,218,4.5
310,420,379,6,2,2025-01-17,Nashville,Residential,0,0,837.26,4.13,3.87,135.41,397.65,1,0,0,37,249,4.8
311,421,1215,3,5,2025-01-17,Nashville,Commercial,1,0,21499.41,15.91,11.53,415.23,10902.01,1,0,0,31,237,4.9
312,423,420,2,6,2025-01-17,Nashville,Residential,0,0,492.08,2.6,2.89,89.74,111.74,1,0,0,24,298,4.8
313,424,141,5,6,2025-01-17,Nashville,Residential,0,0,179.92,1.09,1.17,36.2,27.54,1,0,0,47,329,5.0
314,426,958,2,6,2025-01-17,Franklin,Residential,0,0,769.14,2.01,1.56,48.35,183.25,1,0,1,52,231,4.6
315,427,450,2,5,2025-01-18,Nashville,Residential,0,1,479.23,2.72,2.38,85.75,94.41,1,0,0,34,172,4.8
316,428,574,5,3,2025-01-18,Brentwood,Residential,0,0,155.14,1.13,0.91,26.46,24.74,1,0,0,67,190,5.0
317,429,669,2,8,2025-01-18,Franklin,Residential,1,0,536.31,2.0,2.45,66.27,132.35,1,0,0,27,221,4.2
318,433,1431,5,6,2025-01-18,Nolensville,Residential,0,0,286.34,1.26,1.2,37.25,44.19,1,0,1,27,177,4.7
319,434,356,5,7,2025-01-18,Nolensville,Residential,0,0,232.53,1.26,1.21,42.48,28.18,1,0,0,47,228,4.6
320,438,1437,1,6,2025-01-18,Brentwood,Residential,1,0,393.41,2.02,1.33,41.37,110.52,1,0,0,26,336,5.0
321,440,222,2,2,2025-01-18,Nolensville,Residential,0,0,480.64,2.56,2.75,96.42,74.57,1,0,0,20,222,4.6
322,442,739,1,4,2025-01-18,Nashville,Commercial,0,0,810.94,1.69,1.69,47.2,205.5,0,0,0,40,230,4.7
323,444,1107,4,5,2025-01-18,Nashville,Residential,1,0,2848.2,8.82,7.41,266.69,874.78,1,0,0,26,236,4.3
324,445,1308,1,3,2025-01-18,Nashville,Residential,0,0,603.67,2.17,1.99,57.83,143.15,1,0,0,39,239,4.4
325,446,1018,3,7,2025-01-19,Nolensville,Commercial,0,0,17235.21,17.94,20.68,723.78,8391.33,1,0,0,41,339,4.6
326,448,234,5,3,2025-01-19,Brentwood,Commercial,0,0,318.96,1.49,1.89,54.85,55.43,1,0,0,45,225,4.8
327,449,755,5,5,2025-01-19,Spring Hill,Residential,0,0,192.74,1.3,1.02,36.64,25.98,1,0,0,35,242,4.4
328,450,295,5,2,2025-01-19,Nolensville,Residential,0,0,206.55,1.36,0.88,30.68,29.23,1,0,0,51,330,5.0
329,451,1015,1,8,2025-01-19,Franklin,Residential,0,0,543.91,1.86,2.42,65.21,105.1,1,0,0,60,245,4.2
330,452,223,1,6,2025-01-19,Spring Hill,Residential,0,0,490.75,2.05,2.55,78.96,98.68,1,0,0,68,143,4.7
331,453,1110,1,8,2025-01-19,Brentwood,Commercial,1,0,949.65,2.35,3.24,87.5,278.0,1,0,0,54,164,4.2
332,455,527,2,3,2025-01-19,Franklin,Residential,0,0,594.55,2.45,2.4,69.57,110.97,1,0,0,26,309,4.6
333,456,1230,2,2,2025-01-19,Spring Hill,Residential,1,0,417.98,2.74,2.82,98.54,96.93,1,0,0,33,353,4.8
334,457,1097,1,2,2025-01-19,Brentwood,Residential,1,0,500.18,1.98,2.26,79.07,146.08,1,0,0,38,334,4.6
335,458,65,5,7,2025-01-19,Spring Hill,Residential,0,0,246.74,1.63,1.53,53.53,37.94,0,1,0,51,257,4.0
336,459,1399,5,1,2025-01-19,Nolensville,Residential,0,0,211.4,1.62,1.91,65.01,26.63,1,0,0,26,261,4.8
337,460,406,7,2,2025-01-19,Nashville,Residential,0,0,1341.7,3.94,4.28,149.87,386.7,1,0,0,40,286,4.8
338,461,1304,1,6,2025-01-19,Franklin,Residential,1,0,366.71,2.22,1.84,57.08,90.2,1,0,0,41,343,4.8
339,462,644,2,5,2025-01-19,Spring Hill,Residential,1,0,280.48,2.39,2.86,102.88,78.63,0,1,0,57,225,3.9
340,463,118,7,4,2025-01-19,Nolensville,Residential,0,0,1114.43,4.61,5.55,155.46,302.42,1,0,0,45,308,4.5
341,466,356,6,1,2025-01-19,Nolensville,Residential,0,0,1123.92,3.49,2.91,98.95,454.62,1,0,0,58,293,4.7
342,467,655,5,3,2025-01-20,Nolensville,Residential,0,0,283.09,1.34,1.4,40.62,39.73,1,0,0,8,210,4.5
343,469,914,1,6,2025-01-20,Brentwood,Residential,0,0,460.71,2.0,2.3,71.3,98.93,1,0,0,8,237,5.0
344,471,17,5,3,2025-01-20,Franklin,Residential,0,0,219.66,1.21,1.26,36.48,29.81,1,0,0,47,232,4.1
345,473,513,7,5,2025-01-20,Nashville,Residential,1,0,1305.21,4.61,5.24,188.65,353.06,1,0,0,25,223,5.0
346,474,86,5,3,2025-01-20,Franklin,Residential,1,0,143.96,1.12,0.94,27.13,21.01,1,0,0,51,297,4.5
347,476,1073,5,4,2025-01-20,Spring Hill,Commercial,0,0,331.83,1.26,1.31,36.68,45.5,1,0,0,23,230,4.5
348,478,1155,2,4,2025-01-20,Nashville,Residential,0,0,471.32,2.2,2.77,77.53,125.16,1,1,0,50,143,3.5
349,479,1120,1,4,2025-01-20,Brentwood,Commercial,0,0,854.09,2.1,2.51,70.39,195.13,0,1,0,63,283,4.3
350,481,35,1,7,2025-01-20,Brentwood,Residential,0,0,565.69,2.26,2.54,88.96,104.89,1,0,0,35,102,4.3
351,482,506,4,5,2025-01-20,Nashville,Residential,0,0,3248.82,10.1,9.64,347.1,1184.41,1,0,0,46,261,4.5
352,483,208,2,6,2025-01-20,Nashville,Residential,0,0,478.36,2.5,2.33,72.22,104.44,1,0,0,39,250,5.0
353,484,806,2,7,2025-01-20,Spring Hill,Residential,1,1,428.09,2.23,2.26,79.05,94.86,1,0,0,52,55,4.4
354,485,465,5,4,2025-01-20,Nashville,Residential,0,0,217.99,1.27,1.56,43.67,24.2,1,0,1,41,200,4.4
355,487,1054,2,6,2025-01-20,Franklin,Residential,1,0,373.12,2.36,2.19,67.78,90.66,0,1,0,26,218,4.2
356,488,872,4,5,2025-01-20,Franklin,Residential,1,0,2882.95,11.79,14.76,531.19,879.27,1,0,0,37,180,4.6
357,489,1011,1,1,2025-01-20,Brentwood,Residential,0,0,575.39,1.85,2.22,75.39,110.64,1,0,0,52,322,5.0
358,491,1060,1,8,2025-01-20,Nashville,Residential,0,0,482.49,2.6,3.33,89.83,102.76,1,0,0,42,228,4.8
359,492,911,1,4,2025-01-20,Franklin,Commercial,0,0,827.86,2.36,2.75,77.1,207.11,0,1,0,26,321,3.8
360,493,104,5,6,2025-01-20,Nashville,Residential,0,0,182.38,1.25,1.37,42.53,27.33,1,0,0,33,272,4.8
361,494,948,5,1,2025-01-20,Nashville,Residential,0,0,150.43,1.54,1.67,56.67,21.56,1,0,0,21,342,4.8
362,495,423,7,5,2025-01-21,Franklin,Commercial,1,0,1893.8,5.08,4.25,153.16,487.49,0,1,0,42,176,4.5
363,496,1050,7,3,2025-01-21,Nashville,Residential,1,0,946.07,4.15,3.27,94.77,213.77,1,0,0,34,243,5.0
364,497,1175,2,5,2025-01-21,Spring Hill,Residential,0,0,405.37,2.7,2.54,91.48,92.6,1,0,0,33,282,4.6
365,499,1163,6,1,2025-01-21,Nolensville,Residential,0,0,1147.56,3.56,2.99,101.73,472.01,1,0,0,46,304,4.3
366,500,186,2,4,2025-01-21,Nashville,Residential,0,0,415.36,2.46,2.97,83.13,78.49,1,0,0,36,316,4.5
367,501,1086,1,2,2025-01-21,Nashville,Residential,0,0,501.19,2.12,1.15,40.39,68.88,1,0,0,39,343,4.9
368,502,40,5,8,2025-01-21,Franklin,Residential,0,0,189.32,1.56,2.27,61.31,29.53,1,0,0,43,224,4.4
369,505,481,2,2,2025-01-21,Franklin,Residential,0,0,474.62,1.91,1.78,62.33,114.58,1,1,0,27,183,4.3
370,506,556,7,8,2025-01-21,Franklin,Residential,1,0,1055.07,5.01,5.44,146.75,237.27,0,1,0,25,181,4.1
371,508,1153,1,8,2025-01-21,Franklin,Residential,1,0,473.65,2.37,2.38,64.22,113.99,1,0,0,40,217,4.2
372,509,896,6,4,2025-01-21,Nashville,Residential,0,0,1447.55,3.94,4.16,116.38,545.68,1,0,0,45,162,4.7
373,510,15,5,4,2025-01-21,Nashville,Residential,0,0,194.25,1.23,1.16,32.55,27.23,1,0,1,18,209,4.6
374,512,460,1,7,2025-01-21,Franklin,Residential,0,0,588.09,2.15,2.15,75.36,119.98,1,0,0,8,334,4.5
375,513,489,5,6,2025-01-21,Nashville,Residential,0,0,209.45,1.67,1.95,60.4,30.24,1,0,0,60,137,4.9
376,515,654,5,2,2025-01-21,Nolensville,Residential,1,0,170.34,1.36,1.08,37.78,27.94,1,0,0,47,224,4.9
377,516,652,2,3,2025-01-21,Nashville,Residential,0,0,481.02,2.42,2.65,76.93,91.28,1,0,1,33,278,4.2
378,517,56,5,4,2025-01-21,Spring Hill,Residential,0,0,178.88,1.24,1.23,34.55,27.58,1,0,0,19,245,4.5
379,518,237,4,7,2025-01-21,Nashville,Residential,0,0,2787.06,11.79,14.34,502.0,914.93,1,0,0,63,244,4.5
380,519,1366,1,6,2025-01-21,Franklin,Residential,0,0,495.72,1.86,1.88,58.22,130.75,1,0,1,44,271,5.0
381,520,1002,2,2,2025-01-21,Nolensville,Residential,0,1,786.67,2.97,3.3,115.66,126.53,1,0,0,43,140,4.7
382,523,518,1,5,2025-01-22,Spring Hill,Residential,0,0,470.71,2.52,2.84,102.34,97.41,1,0,0,34,205,4.9
383,527,233,1,6,2025-01-22,Franklin,Residential,0,1,452.88,2.29,2.48,76.93,107.8,1,0,0,45,20,4.8
384,528,1353,5,6,2025-01-22,Nashville,Residential,1,0,179.32,1.39,1.42,43.95,21.49,1,0,0,38,195,4.6
385,529,1177,1,7,2025-01-22,Nashville,Residential,0,1,488.36,2.11,2.97,104.08,98.69,0,0,0,53,31,4.8
386,530,407,3,7,2025-01-22,Franklin,Residential,1,0,13440.77,20.1,21.7,759.55,6543.83,1,0,0,50,286,4.7
387,531,1350,5,8,2025-01-22,Spring Hill,Residential,1,0,193.87,1.33,1.38,37.24,29.77,1,0,0,45,164,4.7
388,532,192,2,5,2025-01-22,Brentwood,Commercial,1,1,774.51,2.84,3.36,121.02,198.47,1,0,0,40,100,4.6
389,536,778,1,1,2025-01-22,Nashville,Residential,1,0,429.9,2.42,2.6,88.49,109.75,1,0,0,19,310,5.0
390,537,606,2,5,2025-01-22,Brentwood,Residential,0,1,470.17,2.28,1.84,66.3,91.23,0,1,0,32,117,4.1
391,538,379,5,6,2025-01-22,Nashville,Residential,0,0,169.3,1.1,1.19,36.8,21.8,1,0,0,29,202,4.9
392,539,647,5,2,2025-01-22,Nashville,Residential,1,0,174.8,1.47,1.21,42.19,29.51,1,0,0,27,263,5.0
393,540,140,1,8,2025-01-22,Spring Hill,Residential,1,0,424.28,2.17,2.43,65.5,93.16,1,0,0,30,244,4.6
394,541,1238,5,6,2025-01-22,Nolensville,Residential,0,0,178.12,1.22,1.32,41.03,31.28,1,0,0,25,265,4.5
395,542,949,1,7,2025-01-22,Spring Hill,Residential,0,0,425.14,1.95,1.83,64.04,104.53,1,0,0,38,324,4.4
396,543,547,1,4,2025-01-23,Brentwood,Residential,0,0,418.02,2.14,2.28,63.84,90.69,1,0,1,41,237,4.4
397,545,974,1,6,2025-01-23,Spring Hill,Residential,0,0,470.69,2.2,1.75,54.15,103.39,1,0,0,29,320,5.0
398,546,35,5,2,2025-01-23,Brentwood,Residential,0,0,231.96,1.14,1.31,45.95,31.83,1,0,0,41,313,5.0
399,547,1357,3,5,2025-01-23,Franklin,Residential,0,0,7647.03,17.58,17.02,612.7,4537.83,1,0,0,49,274,5.0
400,548,1132,7,5,2025-01-23,Franklin,Residential,0,0,757.91,4.61,3.66,131.81,194.15,0,1,0,36,217,4.0
401,551,1271,5,8,2025-01-23,Nashville,Residential,0,0,196.98,1.27,1.25,33.68,27.57,1,0,0,28,196,4.3
402,553,882,7,1,2025-01-23,Brentwood,Residential,0,0,833.0,4.44,3.65,123.95,226.69,1,0,0,49,289,4.6
403,555,1073,3,7,2025-01-23,Spring Hill,Commercial,0,0,14753.58,13.92,12.76,446.52,5319.51,1,0,0,37,290,4.2
404,557,629,1,8,2025-01-23,Brentwood,Residential,0,0,512.77,2.25,2.55,68.92,91.77,1,0,0,55,200,4.6
405,558,468,1,8,2025-01-23,Nashville,Residential,0,0,317.34,2.23,2.19,59.04,79.99,0,1,0,15,233,4.0
406,559,907,2,5,2025-01-23,Nashville,Residential,0,1,531.96,2.62,1.87,67.15,111.02,1,0,0,21,79,4.8
407,561,1222,2,2,2025-01-23,Franklin,Residential,1,0,429.93,2.63,2.63,92.05,111.44,1,0,0,36,183,4.9
408,562,1105,1,5,2025-01-23,Spring Hill,Residential,1,0,525.07,2.23,1.07,38.34,119.44,1,0,0,40,230,4.4
409,563,299,2,8,2025-01-23,Nashville,Residential,0,0,352.86,2.32,2.64,71.17,77.8,1,0,0,22,236,4.4
410,564,655,5,4,2025-01-23,Nolensville,Residential,0,0,165.34,1.18,1.43,40.13,21.0,1,0,0,41,283,4.5
411,565,963,7,4,2025-01-23,Nolensville,Residential,1,0,688.44,4.76,4.64,129.99,202.68,1,0,0,63,222,4.3
412,566,631,1,4,2025-01-23,Nashville,Residential,0,0,519.63,3.02,3.36,94.12,97.05,1,0,0,38,207,4.2
413,567,802,2,6,2025-01-24,Brentwood,Residential,0,0,547.45,2.59,2.88,89.27,123.01,1,0,0,33,262,4.6
414,569,1338,3,5,2025-01-24,Nolensville,Commercial,0,0,18370.4,12.39,13.16,473.77,8874.4,1,0,0,41,238,5.0
415,570,41,5,1,2025-01-24,Nolensville,Residential,0,0,226.1,1.4,0.92,31.23,38.22,1,0,0,28,348,4.6
416,571,113,1,7,2025-01-24,Nashville,Residential,1,0,436.84,1.91,1.81,63.43,114.76,1,0,0,42,210,4.8
417,573,68,4,5,2025-01-24,Nashville,Residential,1,0,2344.05,8.15,6.94,249.68,830.98,1,0,0,37,225,4.7
418,574,1167,6,7,2025-01-24,Nolensville,Residential,0,0,1005.12,3.63,2.69,94.02,400.43,0,1,0,38,213,4.3
419,575,627,5,3,2025-01-24,Spring Hill,Residential,0,0,248.96,1.34,1.29,37.36,42.34,1,0,0,57,118,4.9
420,576,1146,5,3,2025-01-24,Nashville,Residential,0,0,107.99,1.3,1.31,37.97,17.45,1,0,0,43,252,4.4
421,577,372,2,5,2025-01-24,Franklin,Commercial,1,0,755.46,2.2,2.44,87.77,225.55,1,0,0,35,241,4.4
422,578,379,5,3,2025-01-24,Nashville,Residential,0,0,168.14,1.18,1.15,33.42,26.48,1,0,0,24,253,4.7
423,579,773,5,8,2025-01-24,Brentwood,Residential,0,0,193.38,1.42,1.74,47.05,32.33,1,0,1,50,211,4.2
424,580,478,1,6,2025-01-24,Spring Hill,Residential,0,0,441.6,1.89,1.7,52.81,87.82,1,0,0,34,200,4.5
425,581,1383,4,7,2025-01-24,Nashville,Residential,0,0,2376.68,10.2,11.2,392.13,591.34,0,0,0,50,180,4.5
426,582,1428,5,6,2025-01-24,Franklin,Residential,1,0,156.79,1.54,1.28,39.67,26.39,1,0,0,35,271,4.3
427,583,1154,1,2,2025-01-24,Nashville,Residential,1,0,421.77,1.86,1.45,50.89,93.16,1,0,0,46,224,5.0
428,587,1026,1,2,2025-01-24,Nashville,Residential,1,0,593.24,2.48,2.37,82.9,115.02,1,0,0,47,254,4.9
429,589,604,5,8,2025-01-24,Brentwood,Residential,0,0,207.44,1.23,1.05,28.27,30.63,0,0,1,32,319,4.1
430,590,1300,5,1,2025-01-24,Brentwood,Residential,0,0,186.62,1.09,1.17,39.83,23.49,1,0,0,48,188,4.6
431,592,1044,2,1,2025-01-24,Spring Hill,Residential,0,0,526.44,2.44,2.92,99.23,101.87,1,0,0,56,216,5.0
432,594,859,5,1,2025-01-24,Brentwood,Residential,0,0,235.38,1.26,1.19,40.5,25.89,1,0,0,54,271,4.9
433,595,1282,6,4,2025-01-24,Brentwood,Residential,0,0,1329.53,2.79,2.78,77.93,488.54,1,0,0,55,179,4.2
434,597,823,5,8,2025-01-24,Brentwood,Residential,1,0,183.29,1.29,1.64,44.26,26.6,1,0,0,51,217,4.4
435,598,789,1,8,2025-01-24,Nolensville,Residential,0,0,414.36,2.22,2.98,80.38,82.58,1,0,0,26,274,4.3
436,599,836,2,4,2025-01-25,Franklin,Residential,0,1,429.48,2.99,2.91,81.62,99.08,1,0,0,51,113,4.1
437,600,384,7,1,2025-01-25,Franklin,Residential,0,0,1231.31,4.41,2.95,100.42,274.03,1,0,0,50,364,4.8
438,601,1073,3,7,2025-01-25,Spring Hill,Commercial,0,0,13830.01,14.55,14.73,515.5,7095.47,1,0,0,23,289,4.4
439,602,576,7,2,2025-01-25,Spring Hill,Residential,0,0,982.77,4.69,4.99,174.66,266.11,1,0,0,45,232,4.5
440,603,238,1,3,2025-01-25,Franklin,Residential,0,0,443.98,2.63,2.68,77.64,100.87,1,0,0,47,277,4.6
441,604,877,2,3,2025-01-25,Spring Hill,Residential,0,0,418.89,2.13,2.11,61.23,100.97,1,0,0,48,225,4.8
442,605,233,5,4,2025-01-25,Franklin,Residential,0,0,258.11,1.38,1.22,34.26,39.13,1,0,0,44,236,4.5
443,606,859,1,2,2025-01-25,Brentwood,Residential,0,0,424.27,2.28,1.7,59.5,87.49,1,0,0,48,253,5.0
444,607,1127,1,2,2025-01-25,Franklin,Residential,0,0,420.81,2.23,1.88,65.68,94.83,1,0,0,30,172,4.7
445,608,1423,5,7,2025-01-25,Nashville,Residential,0,0,238.5,1.18,1.47,51.59,28.88,1,0,0,50,291,4.8
446,609,599,5,2,2025-01-25,Franklin,Commercial,0,0,361.98,1.33,1.47,51.5,44.23,1,0,0,48,213,4.9
447,611,415,1,3,2025-01-25,Nolensville,Residential,1,0,524.98,2.26,2.5,72.57,121.41,1,0,0,47,315,4.5
448,612,107,1,5,2025-01-25,Nashville,Residential,0,0,414.58,2.34,2.37,85.43,82.27,0,0,1,48,278,4.4
449,613,466,5,8,2025-01-25,Nashville,Commercial,0,0,273.08,1.4,2.09,56.43,38.53,1,0,1,26,236,4.6
450,614,539,5,2,2025-01-25,Franklin,Residential,1,0,167.8,1.93,2.08,72.92,26.33,1,0,0,22,239,5.0
451,615,1442,1,6,2025-01-25,Franklin,Commercial,1,0,562.38,1.74,1.93,59.69,164.51,0,0,0,36,194,5.0
452,617,1079,1,3,2025-01-25,Franklin,Residential,0,0,529.78,1.99,2.46,71.43,91.47,1,0,1,34,195,4.5
453,621,306,5,5,2025-01-25,Brentwood,Residential,0,0,182.85,1.4,1.43,51.51,27.26,1,0,0,30,229,4.3
454,623,723,6,4,2025-01-25,Franklin,Residential,1,0,912.62,3.95,4.17,116.75,337.63,1,0,0,34,222,4.5
455,624,1424,1,5,2025-01-25,Nashville,Residential,0,0,404.72,2.15,2.69,96.97,95.24,1,0,0,27,173,5.0
456,625,850,6,5,2025-01-25,Brentwood,Residential,0,0,1196.25,3.74,3.25,117.09,552.32,1,0,0,30,242,4.8
457,627,1254,1,8,2025-01-26,Brentwood,Residential,0,0,618.16,2.36,2.21,59.75,113.23,0,1,0,53,268,3.4
458,629,813,6,2,2025-01-26,Nolensville,Residential,0,0,926.94,3.69,3.52,123.26,382.27,1,0,0,37,252,5.0
459,630,12,2,6,2025-01-26,Brentwood,Residential,0,0,442.04,2.82,2.86,88.8,91.72,1,0,0,15,311,4.8
460,633,804,1,6,2025-01-26,Nashville,Residential,0,0,486.62,2.21,2.28,70.65,126.05,1,0,0,48,265,5.0
461,637,1117,6,1,2025-01-26,Nashville,Residential,1,0,1448.02,3.23,3.28,111.36,540.94,1,0,0,36,191,4.8
462,638,301,3,7,2025-01-26,Franklin,Commercial,0,0,15887.8,20.4,18.65,652.82,8728.27,1,0,0,12,274,4.5
463,639,1130,7,5,2025-01-26,Spring Hill,Residential,0,0,906.16,4.06,3.51,126.25,232.9,1,0,0,49,278,4.7
464,642,1072,2,6,2025-01-27,Nashville,Commercial,0,1,1165.6,2.38,2.8,86.65,267.15,0,1,0,42,20,4.1
465,644,1159,5,5,2025-01-27,Franklin,Residential,0,0,180.8,1.43,1.08,39.0,26.79,1,0,0,68,245,4.5
466,645,1330,1,4,2025-01-27,Nolensville,Residential,1,0,462.78,2.06,2.28,63.88,97.81,1,0,0,59,230,4.7
467,646,1369,5,1,2025-01-27,Nashville,Residential,1,0,182.51,1.6,1.0,34.08,25.45,1,0,0,32,250,5.0
468,648,958,1,7,2025-01-27,Franklin,Residential,0,0,543.37,2.02,2.2,77.15,100.14,1,0,0,24,274,4.6
469,649,1021,1,6,2025-01-27,Franklin,Residential,0,1,594.91,2.38,2.06,63.97,113.24,1,0,0,40,138,4.9
470,650,829,1,5,2025-01-27,Nashville,Residential,0,0,637.42,2.34,2.26,81.5,131.93,1,0,0,31,201,4.7
471,651,747,7,8,2025-01-27,Nashville,Residential,0,0,1353.35,4.45,4.19,113.24,367.53,1,0,0,38,316,4.5
472,652,467,1,2,2025-01-27,Brentwood,Residential,0,1,594.34,1.93,2.03,70.91,123.31,0,0,0,47,52,4.9
473,655,332,5,6,2025-01-27,Nolensville,Residential,1,0,190.42,1.05,1.07,33.13,36.18,1,0,0,44,250,5.0
474,656,197,4,7,2025-01-27,Brentwood,Residential,0,0,3113.04,9.58,8.65,302.75,785.41,1,0,0,51,217,4.5
475,657,722,1,2,2025-01-27,Nashville,Residential,0,0,608.96,2.26,1.92,67.05,115.38,1,0,0,25,237,4.8
476,659,422,2,4,2025-01-27,Spring Hill,Residential,1,0,465.47,2.24,2.05,57.39,114.98,1,0,0,28,376,4.5
477,660,1342,3,5,2025-01-27,Brentwood,Residential,0,0,10842.15,18.63,18.46,664.49,5849.22,1,0,0,57,256,4.9
478,661,1131,5,7,2025-01-27,Franklin,Residential,0,0,180.95,1.18,1.1,38.51,33.13,1,0,0,31,223,4.8
479,662,1048,5,1,2025-01-27,Spring Hill,Commercial,0,0,322.41,1.28,1.1,37.47,51.09,1,0,0,28,190,4.8
480,663,119,5,6,2025-01-27,Nashville,Residential,0,0,168.59,0.99,0.82,25.49,19.57,0,1,0,62,332,3.8
481,664,1158,1,7,2025-01-28,Nashville,Residential,1,0,472.23,2.39,1.55,54.37,107.28,1,0,0,41,230,4.6
482,665,1410,2,2,2025-01-28,Nashville,Residential,0,0,479.55,2.24,2.15,75.3,123.23,1,0,0,38,187,5.0
483,666,1144,7,2,2025-01-28,Spring Hill,Residential,0,0,1054.48,4.32,4.1,143.54,160.24,1,0,0,58,229,5.0
484,667,24,2,1,2025-01-28,Brentwood,Residential,0,0,461.19,2.8,2.72,92.35,120.82,1,0,0,45,251,5.0
485,668,566,5,1,2025-01-28,Brentwood,Residential,0,0,218.88,1.21,0.78,26.57,34.61,1,0,0,37,225,4.8
486,669,1399,6,3,2025-01-28,Nolensville,Residential,0,0,967.31,3.03,2.33,67.57,406.86,1,0,0,31,273,4.8
487,670,562,5,2,2025-01-28,Spring Hill,Residential,1,0,190.69,1.38,1.25,43.7,27.64,1,0,0,61,301,4.9
488,671,174,6,1,2025-01-28,Nashville,Residential,0,0,740.95,3.59,3.47,117.82,306.13,1,0,0,31,167,4.7
489,672,868,2,5,2025-01-28,Nashville,Residential,0,0,452.64,2.35,2.09,75.27,105.63,1,0,0,43,164,4.4
490,673,388,1,5,2025-01-28,Brentwood,Residential,0,0,414.69,2.35,2.08,74.79,88.69,1,0,0,44,199,5.0
491,674,383,5,3,2025-01-28,Nolensville,Residential,0,0,240.56,1.07,1.48,42.87,37.58,0,0,0,21,257,4.3
492,675,961,5,2,2025-01-28,Nashville,Residential,0,0,236.17,1.26,1.05,36.68,36.15,1,0,0,48,240,4.5
493,676,1110,2,6,2025-01-28,Brentwood,Commercial,1,0,1065.31,2.39,1.53,47.41,207.28,1,0,0,39,213,4.8
494,678,1256,1,7,2025-01-28,Brentwood,Residential,0,0,421.14,2.27,2.45,85.86,94.16,1,0,0,54,228,4.2
495,679,1416,2,6,2025-01-28,Franklin,Residential,0,0,386.25,2.38,2.52,78.26,95.1,1,0,0,62,332,4.5
496,680,561,5,6,2025-01-28,Nashville,Residential,1,0,259.0,1.35,1.38,42.69,42.4,1,0,0,38,282,5.0
497,683,753,2,3,2025-01-28,Brentwood,Residential,1,0,506.72,2.27,2.28,66.23,106.97,1,0,0,48,224,4.6
498,685,477,1,5,2025-01-28,Nashville,Residential,0,0,516.95,1.89,2.25,81.02,103.66,1,0,0,10,268,4.2
499,687,532,1,8,2025-01-28,Nashville,Residential,0,0,307.56,2.53,2.97,80.07,58.96,1,0,0,15,291,4.2
500,689,822,5,2,2025-01-29,Franklin,Residential,0,0,227.08,1.22,1.47,51.3,41.8,1,0,0,16,254,4.6
501,690,45,5,6,2025-01-29,Brentwood,Residential,0,0,175.72,1.33,1.1,34.07,30.02,1,0,0,22,336,4.7
502,693,1319,7,4,2025-01-29,Brentwood,Residential,0,0,969.59,3.73,4.29,120.14,282.58,1,0,0,37,136,4.7
503,695,686,5,8,2025-01-29,Nashville,Residential,0,0,187.61,1.27,1.17,31.62,28.9,1,0,0,14,277,4.3
504,696,409,1,8,2025-01-29,Franklin,Residential,1,0,531.14,1.94,2.03,54.8,145.09,1,0,0,59,175,3.7
505,698,670,1,2,2025-01-29,Nashville,Residential,0,1,463.49,2.54,2.85,99.91,82.93,1,0,0,18,139,4.9
506,700,1447,1,1,2025-01-29,Nashville,Commercial,0,0,761.81,2.29,1.74,59.24,179.13,1,0,0,15,330,4.8
507,701,890,1,4,2025-01-29,Nolensville,Residential,0,0,514.89,2.25,2.52,70.62,130.2,1,0,1,29,280,3.8
508,702,706,1,7,2025-01-29,Nolensville,Commercial,0,0,1000.96,1.78,2.2,77.12,218.33,1,1,0,29,305,4.7
509,703,1049,5,2,2025-01-29,Franklin,Residential,0,0,125.99,1.14,1.04,36.32,19.02,1,0,0,29,205,4.8
510,704,484,7,7,2025-01-29,Spring Hill,Commercial,0,0,2816.39,5.12,4.29,150.32,760.71,1,0,0,43,372,5.0
511,708,569,5,5,2025-01-29,Nashville,Residential,0,0,339.26,1.19,0.89,32.11,50.11,1,0,0,23,349,4.5
512,709,1022,1,5,2025-01-30,Franklin,Residential,0,1,567.39,2.44,2.93,105.54,103.58,1,0,0,48,140,4.6
513,711,1163,3,7,2025-01-30,Nolensville,Residential,0,0,8451.06,22.05,20.88,730.73,4680.35,1,0,0,24,173,4.6
514,713,812,7,3,2025-01-30,Spring Hill,Commercial,1,0,1827.35,4.47,5.61,162.56,490.77,0,1,0,48,268,3.7
515,714,813,1,2,2025-01-30,Nolensville,Residential,0,1,518.61,2.33,2.14,75.02,127.71,1,0,0,47,78,4.7
516,715,236,2,7,2025-01-30,Nashville,Residential,0,0,590.43,2.24,2.25,78.76,133.35,1,0,1,37,275,4.3
517,716,453,6,1,2025-01-30,Franklin,Residential,0,0,1085.6,2.72,2.79,94.71,515.69,1,0,0,50,217,4.6
518,717,40,2,6,2025-01-30,Franklin,Residential,0,0,536.2,2.52,2.69,83.28,119.59,1,0,0,58,199,5.0
519,718,1019,2,1,2025-01-30,Franklin,Residential,1,0,495.09,2.29,2.57,87.39,137.84,1,0,0,36,369,4.9
520,719,513,2,6,2025-01-30,Nashville,Residential,1,0,430.47,2.27,2.63,81.45,126.28,1,0,0,35,225,5.0
521,720,1075,3,7,2025-01-30,Nashville,Residential,0,0,6578.09,18.02,12.83,449.0,3497.28,1,0,0,30,254,4.4
522,721,927,1,5,2025-01-30,Nashville,Residential,1,0,400.68,2.5,1.1,39.45,91.84,1,0,0,43,162,5.0
523,725,760,2,6,2025-01-30,Nashville,Residential,0,0,433.85,2.43,3.18,98.57,70.76,1,0,0,51,230,4.8
524,727,501,4,5,2025-01-30,Nashville,Residential,0,0,2401.36,13.88,16.03,577.23,701.51,1,0,0,13,236,4.9
525,728,1415,3,7,2025-01-30,Brentwood,Residential,1,0,9363.52,18.09,22.37,782.96,3821.03,1,0,0,42,177,4.6
526,731,612,3,7,2025-01-30,Nashville,Residential,0,0,7628.78,15.08,16.51,577.78,3057.57,1,0,0,30,282,4.6
527,732,112,2,4,2025-01-30,Nashville,Commercial,1,1,633.21,2.08,2.32,64.91,148.6,1,0,0,41,30,4.6
528,736,381,2,4,2025-01-30,Spring Hill,Residential,0,0,445.83,2.58,1.75,48.93,113.68,1,0,0,55,332,4.7
529,737,39,1,5,2025-01-30,Nashville,Residential,1,0,396.45,2.08,2.28,82.13,74.86,1,0,0,32,178,4.7
530,738,762,1,2,2025-01-30,Nashville,Residential,1,0,392.47,2.0,1.94,67.89,93.52,1,0,0,38,248,4.6
531,739,33,5,6,2025-01-30,Nashville,Residential,0,0,196.9,1.22,1.14,35.32,24.78,1,0,0,23,281,5.0
532,740,76,2,3,2025-01-30,Nashville,Residential,1,0,445.84,2.45,2.85,82.52,116.0,1,0,0,46,287,4.7
533,741,797,5,5,2025-01-30,Nashville,Residential,1,0,192.28,1.34,1.14,40.99,29.76,1,0,0,10,292,4.5
534,742,1002,1,8,2025-01-30,Nolensville,Residential,0,1,400.23,2.2,2.12,57.17,96.89,1,0,0,21,69,3.9
535,743,22,6,3,2025-01-30,Brentwood,Residential,0,0,972.24,2.86,3.85,111.76,350.65,1,0,0,55,279,4.7
536,744,1145,2,8,2025-01-31,Nashville,Residential,0,1,406.1,2.18,2.4,64.7,81.3,0,0,0,17,120,4.1
537,745,784,1,4,2025-01-31,Franklin,Residential,0,0,513.49,1.9,1.62,45.47,124.83,0,1,0,33,191,4.1
538,746,1211,2,5,2025-01-31,Nolensville,Residential,0,0,702.47,2.28,2.41,86.58,139.98,1,0,1,44,335,4.3
539,748,85,1,8,2025-01-31,Nashville,Residential,1,0,583.6,2.13,1.9,51.25,123.28,0,1,0,21,237,3.8
540,750,587,5,1,2025-01-31,Spring Hill,Residential,1,0,220.73,1.01,0.97,33.04,26.01,1,0,0,55,181,4.3
541,751,447,4,7,2025-01-31,Spring Hill,Residential,0,0,1964.26,11.12,10.72,375.35,613.7,0,1,0,30,329,4.0
542,752,364,6,4,2025-01-31,Spring Hill,Residential,1,0,694.79,3.54,3.81,106.73,272.78,1,0,0,36,227,4.7
543,753,897,1,2,2025-01-31,Nashville,Residential,1,0,449.59,1.79,1.44,50.55,84.65,1,0,0,50,369,5.0
544,754,30,2,8,2025-01-31,Franklin,Residential,0,0,494.79,2.24,2.82,76.04,128.0,1,0,0,50,302,5.0
545,755,1188,2,6,2025-01-31,Spring Hill,Residential,0,0,484.99,1.64,1.66,51.49,99.67,1,0,1,39,124,4.5
546,756,959,1,7,2025-01-31,Franklin,Residential,0,1,348.05,2.07,2.41,84.44,79.15,1,0,0,45,24,4.3
547,757,296,2,1,2025-01-31,Franklin,Residential,0,0,521.44,2.42,2.47,83.91,108.58,1,1,0,38,235,4.6
548,758,554,3,7,2025-01-31,Nolensville,Residential,0,0,7486.03,19.42,22.21,777.39,3832.4,1,0,0,54,326,4.6
549,760,1400,1,4,2025-01-31,Nashville,Residential,0,1,546.26,1.83,2.03,56.98,110.26,1,0,1,41,133,3.8
550,761,686,5,1,2025-01-31,Nashville,Residential,0,0,264.61,1.33,1.25,42.41,41.49,1,0,0,15,269,4.8
551,762,889,4,5,2025-01-31,Nashville,Residential,1,0,2115.44,10.61,11.51,414.22,617.57,1,0,0,35,328,5.0
552,763,1005,7,1,2025-01-31,Brentwood,Residential,0,0,1211.14,5.72,3.24,110.1,277.79,0,1,0,42,247,4.2
553,765,603,2,6,2025-01-31,Spring Hill,Residential,0,0,627.47,2.4,3.49,108.11,159.69,1,0,0,26,315,4.8
554,766,1034,1,2,2025-01-31,Nashville,Residential,0,0,440.95,2.29,1.47,51.43,88.62,1,0,0,50,372,4.8
555,769,164,1,3,2025-01-31,Brentwood,Residential,1,0,445.26,2.11,1.59,45.97,122.32,1,0,0,53,142,4.6
556,772,195,5,1,2025-01-31,Brentwood,Commercial,1,0,263.86,1.17,1.12,37.92,33.8,1,0,0,76,212,4.7
557,774,489,1,5,2025-02-01,Nashville,Residential,0,0,430.33,2.32,2.13,76.61,106.05,1,0,0,49,195,5.0
558,775,576,2,3,2025-02-01,Spring Hill,Residential,0,0,274.65,2.67,2.2,63.78,63.89,1,0,0,56,305,4.5
559,777,406,5,2,2025-02-01,Nashville,Residential,0,0,149.94,1.27,1.28,44.95,19.35,1,0,0,45,295,5.0
560,778,739,7,7,2025-02-01,Nashville,Commercial,0,0,1418.59,4.46,4.36,152.69,375.33,1,0,0,42,166,4.7
561,780,903,4,7,2025-02-01,Spring Hill,Residential,1,0,2707.5,8.03,7.24,253.47,765.0,1,0,0,48,273,4.6
562,784,102,3,5,2025-02-01,Nashville,Residential,0,0,8962.72,17.07,12.56,452.2,4408.89,0,1,0,26,226,3.7
563,785,363,2,5,2025-02-01,Nashville,Residential,1,1,534.54,2.11,2.02,72.56,136.6,1,0,0,34,62,4.3
564,786,748,5,6,2025-02-01,Franklin,Commercial,0,0,293.27,1.32,0.91,28.22,43.06,0,1,0,19,310,4.4
565,787,1335,2,7,2025-02-01,Nolensville,Residential,0,0,574.7,1.88,1.59,55.59,100.46,1,0,0,45,204,4.5
566,788,1374,2,3,2025-02-01,Franklin,Residential,0,0,664.85,2.18,2.23,64.74,153.53,1,0,1,66,233,4.6
567,789,712,1,4,2025-02-01,Nolensville,Commercial,0,0,926.18,2.17,1.8,50.43,190.98,1,0,1,38,201,4.6
568,790,1067,3,5,2025-02-01,Franklin,Residential,0,0,8806.76,18.57,16.32,587.56,5193.13,1,0,0,49,287,4.9
569,791,199,5,2,2025-02-01,Brentwood,Residential,1,0,241.8,1.06,1.14,39.82,34.24,1,0,0,42,283,4.9
570,793,591,5,1,2025-02-01,Nashville,Residential,0,0,154.76,0.97,0.85,28.9,26.29,1,0,0,38,296,4.1
571,794,959,3,7,2025-02-02,Franklin,Residential,0,0,7149.13,17.41,19.4,678.99,4192.65,1,0,0,25,221,4.9
572,795,927,1,6,2025-02-02,Nashville,Residential,1,0,423.17,2.0,1.94,60.09,94.35,1,0,0,57,186,4.8
573,798,1051,6,7,2025-02-02,Brentwood,Residential,0,0,1390.24,4.18,4.18,146.3,543.48,1,0,0,53,159,4.5
574,799,1446,5,3,2025-02-02,Franklin,Residential,0,0,189.95,1.04,1.18,34.36,31.03,1,0,0,33,201,4.6
575,800,490,1,4,2025-02-02,Spring Hill,Residential,0,0,455.38,2.2,2.14,59.85,114.28,1,0,0,20,268,4.6
576,807,793,1,7,2025-02-02,Nolensville,Commercial,0,0,744.43,2.34,2.06,72.08,120.21,1,0,1,33,185,4.6
577,808,1073,1,2,2025-02-02,Spring Hill,Commercial,0,1,953.78,1.9,1.08,37.86,233.31,1,0,0,24,69,5.0
578,809,1267,1,2,2025-02-02,Spring Hill,Residential,1,0,563.67,1.96,1.5,52.41,132.66,1,0,0,43,298,4.8
579,810,343,5,5,2025-02-02,Franklin,Residential,0,0,172.5,1.14,1.06,38.01,20.51,0,1,0,26,219,4.3
580,811,445,1,7,2025-02-02,Franklin,Residential,1,0,388.76,2.42,2.25,78.85,114.98,1,0,0,41,219,4.4
581,813,528,1,4,2025-02-02,Nolensville,Residential,0,0,631.32,2.41,2.11,59.17,107.3,1,0,0,44,253,4.7
582,814,29,1,7,2025-02-02,Brentwood,Residential,1,0,452.06,2.15,3.07,107.43,109.2,1,0,0,52,282,4.7
583,815,859,5,4,2025-02-02,Brentwood,Residential,0,0,237.17,1.44,1.32,36.9,32.42,1,0,0,31,214,4.4
584,817,460,2,3,2025-02-02,Franklin,Residential,0,0,626.66,2.26,2.46,71.4,117.36,1,0,0,46,174,4.5
585,818,26,6,8,2025-02-02,Nashville,Residential,1,0,1181.72,3.34,5.11,138.01,447.06,0,0,0,21,236,4.1
586,821,470,5,7,2025-02-02,Brentwood,Commercial,0,0,265.34,1.36,1.44,50.28,37.2,0,1,0,66,240,3.8
587,823,970,5,7,2025-02-03,Nashville,Residential,1,0,199.82,1.34,1.18,41.31,29.01,1,0,0,37,228,4.6
588,824,702,1,2,2025-02-03,Nashville,Residential,0,1,309.81,2.18,1.64,57.24,73.9,0,0,0,49,102,4.9
589,825,1026,5,1,2025-02-03,Nashville,Residential,1,0,163.59,1.29,0.92,31.23,25.62,1,0,0,21,274,4.7
590,826,1124,5,4,2025-02-03,Nashville,Residential,1,0,167.29,1.26,1.61,45.01,30.43,1,0,0,55,221,4.3
591,827,1051,1,8,2025-02-03,Brentwood,Residential,0,0,624.6,2.33,2.45,66.1,126.92,1,0,0,39,249,4.4
592,831,286,6,2,2025-02-03,Spring Hill,Residential,0,0,882.98,3.23,2.99,104.81,414.06,1,0,0,43,276,5.0
593,832,1116,5,6,2025-02-03,Nashville,Residential,1,0,185.62,1.48,1.72,53.43,22.87,1,0,0,40,285,4.9
594,833,599,6,7,2025-02-03,Franklin,Commercial,0,0,2285.47,3.2,3.44,120.57,957.76,1,0,0,48,162,4.6
595,834,126,2,8,2025-02-03,Nashville,Residential,0,1,451.98,2.44,2.38,64.16,84.16,1,0,0,26,20,4.3
596,835,538,5,7,2025-02-03,Spring Hill,Residential,1,0,217.7,1.17,1.03,35.91,34.23,1,0,0,41,327,4.6
597,838,839,3,7,2025-02-03,Nashville,Residential,0,0,7592.54,16.79,22.21,777.43,4875.46,1,0,0,43,248,4.8
598,839,975,5,8,2025-02-03,Nashville,Residential,0,0,184.82,1.38,1.41,38.07,28.39,1,0,0,10,181,4.2
599,841,762,3,5,2025-02-03,Nashville,Residential,1,0,11800.33,18.29,19.69,708.9,7012.11,1,0,0,25,111,5.0
600,842,1012,1,5,2025-02-03,Brentwood,Residential,0,1,398.78,1.91,1.52,54.69,78.74,0,1,0,55,82,4.4
601,845,1064,5,7,2025-02-04,Franklin,Residential,0,0,202.56,1.27,1.13,39.68,31.33,0,0,0,26,226,4.5
602,846,326,5,1,2025-02-04,Spring Hill,Residential,0,0,231.44,1.37,1.18,40.06,37.6,1,0,0,51,255,4.8
603,847,5,6,1,2025-02-04,Brentwood,Residential,1,0,1371.42,3.31,2.93,99.77,445.8,1,0,0,46,256,4.8
604,848,406,1,5,2025-02-04,Nashville,Residential,0,0,671.81,2.5,2.95,106.22,136.84,1,0,0,26,272,4.6
605,849,1431,1,5,2025-02-04,Nolensville,Residential,0,0,357.47,2.03,1.86,66.94,81.02,1,0,0,58,284,4.6
606,851,65,2,6,2025-02-04,Spring Hill,Residential,0,0,431.21,2.79,2.93,90.71,82.06,1,0,0,25,245,4.5
607,852,1162,1,2,2025-02-04,Spring Hill,Residential,0,0,326.22,2.58,2.13,74.65,70.38,1,0,1,27,233,5.0
608,853,537,4,7,2025-02-04,Brentwood,Residential,0,0,2977.6,8.45,7.24,253.57,995.23,1,0,0,31,290,4.5
609,854,1364,3,7,2025-02-04,Nashville,Residential,1,0,6844.04,20.18,18.07,632.43,4245.32,1,0,0,63,175,4.8
610,855,256,2,2,2025-02-04,Franklin,Residential,0,0,488.17,2.27,2.66,93.24,113.7,1,0,0,38,209,5.0
611,856,1002,6,1,2025-02-04,Nolensville,Residential,0,0,1031.43,3.36,3.19,108.59,328.73,1,0,0,34,196,4.9
612,857,643,2,5,2025-02-04,Franklin,Residential,1,0,542.48,2.46,2.22,79.99,126.76,1,0,0,48,233,4.6
613,858,1051,2,3,2025-02-04,Brentwood,Residential,0,0,522.28,2.6,2.13,61.78,97.5,1,0,0,41,299,4.8
614,862,548,5,7,2025-02-04,Spring Hill,Commercial,1,0,287.95,1.43,1.77,61.92,41.98,1,0,0,46,316,4.7
615,863,781,1,3,2025-02-04,Spring Hill,Residential,1,0,338.59,2.1,2.06,59.6,84.75,1,0,0,49,256,4.7
616,864,97,7,1,2025-02-04,Spring Hill,Residential,0,0,1315.11,4.18,3.95,134.22,303.68,1,0,0,34,214,4.5
617,865,904,4,7,2025-02-04,Nashville,Residential,0,0,2311.75,10.53,12.25,428.9,739.7,1,0,0,66,240,4.8
618,866,374,5,1,2025-02-04,Franklin,Residential,0,0,223.36,1.23,0.92,31.17,29.59,1,0,0,61,238,5.0
619,869,1312,1,8,2025-02-05,Brentwood,Residential,0,0,546.26,2.06,2.6,70.27,120.26,0,0,0,31,260,4.5
620,870,745,2,4,2025-02-05,Spring Hill,Residential,0,0,435.73,2.45,2.55,71.51,87.09,1,0,0,26,232,5.0
621,872,1201,6,5,2025-02-05,Franklin,Residential,0,0,1134.5,3.61,3.84,138.4,439.2,0,0,0,50,221,4.2
622,874,972,5,7,2025-02-05,Spring Hill,Residential,1,0,232.84,1.31,1.44,50.44,34.5,1,0,0,37,259,4.8
623,875,948,2,6,2025-02-05,Nashville,Residential,0,1,579.21,2.39,2.43,75.3,142.33,0,0,0,28,109,5.0
624,876,1359,6,3,2025-02-05,Nolensville,Residential,0,0,767.36,4.27,4.13,119.89,303.84,1,0,0,29,342,4.3
625,877,549,2,4,2025-02-05,Nashville,Residential,0,0,428.58,2.24,2.19,61.29,89.55,1,0,0,38,198,4.5
626,881,284,6,6,2025-02-05,Franklin,Residential,1,0,1274.2,3.14,3.79,117.35,487.94,1,0,0,37,106,4.7
627,883,430,5,1,2025-02-05,Spring Hill,Residential,0,0,159.83,1.53,1.24,42.1,22.7,1,0,0,45,310,5.0
628,884,628,1,1,2025-02-05,Nolensville,Residential,1,0,349.66,2.23,2.33,79.22,72.68,1,0,0,34,305,5.0
629,885,230,1,8,2025-02-05,Nolensville,Residential,1,0,267.66,2.06,1.83,49.53,61.07,0,0,0,61,263,4.0
630,886,123,5,1,2025-02-05,Nashville,Residential,1,0,245.39,1.16,1.04,35.29,36.09,1,0,0,45,219,4.8
631,889,769,5,2,2025-02-05,Nashville,Residential,1,0,189.19,1.3,1.41,49.3,24.54,1,0,0,18,219,5.0
632,890,1044,6,3,2025-02-06,Spring Hill,Residential,0,0,1453.07,3.91,4.44,128.81,609.61,1,0,0,50,258,4.5
633,891,523,5,5,2025-02-06,Nolensville,Commercial,1,0,319.87,1.18,0.85,30.76,50.94,1,0,0,48,349,4.2
634,892,171,5,2,2025-02-06,Brentwood,Residential,1,0,180.84,1.08,1.22,42.67,26.97,1,0,0,53,227,5.0
635,893,530,5,1,2025-02-06,Franklin,Residential,0,0,152.9,1.31,1.25,42.5,25.14,1,0,0,62,327,5.0
636,899,222,1,4,2025-02-06,Nolensville,Residential,0,1,643.24,1.94,2.26,63.2,175.61,1,0,0,49,172,5.0
637,900,767,1,6,2025-02-06,Nashville,Residential,1,0,383.24,2.38,2.44,75.52,84.62,1,0,0,46,262,5.0
638,901,72,2,2,2025-02-06,Spring Hill,Residential,0,1,721.58,2.35,2.71,94.68,171.74,1,0,0,66,129,4.8
639,903,401,1,3,2025-02-06,Nashville,Residential,1,1,500.39,2.58,2.64,76.47,104.37,1,0,0,46,134,4.7
640,905,833,5,1,2025-02-06,Franklin,Residential,0,0,241.27,1.21,1.17,39.84,38.42,1,1,0,52,160,4.4
641,906,850,5,8,2025-02-06,Brentwood,Residential,0,0,315.11,1.17,1.36,36.66,45.56,0,1,1,47,218,3.7
642,907,823,5,1,2025-02-06,Brentwood,Residential,1,0,111.35,1.35,1.51,51.26,16.9,1,0,0,46,318,4.6
643,908,737,2,5,2025-02-06,Spring Hill,Residential,1,0,426.95,2.29,2.18,78.37,87.58,1,0,0,56,341,5.0
644,909,1417,3,5,2025-02-06,Franklin,Residential,0,0,9549.12,19.26,21.03,757.0,5357.61,1,0,0,53,238,4.5
645,911,183,1,3,2025-02-06,Franklin,Commercial,0,0,776.58,2.31,2.25,65.16,154.46,1,0,0,40,265,4.4
646,913,760,5,6,2025-02-06,Nashville,Residential,0,0,253.64,1.63,1.72,53.41,36.26,1,0,0,36,198,4.5
647,915,265,2,5,2025-02-06,Brentwood,Residential,0,0,391.57,2.28,2.99,107.71,94.99,1,0,1,56,155,4.6
648,916,1183,2,6,2025-02-06,Spring Hill,Residential,1,1,423.84,2.24,2.33,72.27,118.63,1,0,0,50,160,4.7
649,917,850,2,3,2025-02-06,Brentwood,Residential,0,1,542.07,2.37,2.63,76.27,114.47,0,1,1,35,20,4.4
650,918,1144,5,1,2025-02-06,Spring Hill,Residential,0,0,184.54,1.24,1.18,40.19,26.47,1,0,1,43,256,4.4
651,919,17,4,5,2025-02-06,Franklin,Residential,0,0,2763.08,12.62,11.51,414.3,822.66,1,0,0,31,199,4.6
652,921,1292,6,1,2025-02-06,Nolensville,Residential,0,0,1178.79,2.86,2.31,78.43,521.45,1,0,0,39,209,4.6
653,922,247,5,7,2025-02-06,Spring Hill,Residential,0,0,190.86,1.09,1.11,38.75,27.81,0,1,0,28,243,3.8
654,923,860,5,4,2025-02-06,Nashville,Residential,0,0,206.34,1.36,1.06,29.55,29.74,1,0,0,46,252,4.8
655,924,587,6,7,2025-02-06,Spring Hill,Residential,1,0,1401.89,2.82,1.82,63.68,598.99,1,0,0,36,233,5.0
656,925,929,7,3,2025-02-06,Brentwood,Residential,0,0,1253.34,4.36,4.18,121.11,318.42,1,0,0,55,269,5.0
657,927,626,1,2,2025-02-07,Nashville,Residential,0,1,381.62,2.41,2.86,100.11,95.01,1,0,0,38,51,4.6
658,930,1410,1,5,2025-02-07,Nashville,Residential,0,1,359.35,2.26,2.81,101.02,77.62,1,0,1,29,45,4.9
659,931,234,4,7,2025-02-07,Brentwood,Commercial,0,0,4360.02,8.82,10.6,371.17,1343.15,1,1,0,26,245,4.1
660,932,1441,1,7,2025-02-07,Nashville,Commercial,1,0,694.36,2.14,2.07,72.35,208.95,1,0,0,50,278,4.5
661,933,633,3,5,2025-02-07,Brentwood,Residential,1,0,6852.22,15.67,15.29,550.39,3025.56,1,0,0,36,174,4.5
662,934,974,5,3,2025-02-07,Spring Hill,Residential,0,0,153.97,1.24,0.83,24.08,20.59,1,0,0,32,267,4.9
663,935,1377,6,5,2025-02-07,Nolensville,Residential,0,0,947.57,3.91,3.48,125.43,407.12,1,0,0,45,245,4.8
664,937,470,1,4,2025-02-07,Brentwood,Commercial,0,0,862.21,2.18,1.73,48.51,158.98,1,0,0,47,209,4.3
665,938,1127,5,1,2025-02-07,Franklin,Residential,0,0,128.75,1.32,1.57,53.47,20.85,1,0,0,46,266,4.6
666,939,1304,1,5,2025-02-07,Franklin,Residential,1,0,319.03,2.5,2.39,85.89,85.76,1,0,0,52,265,4.1
667,940,1134,5,8,2025-02-07,Spring Hill,Residential,0,0,225.54,1.44,1.74,47.09,33.05,1,0,0,32,196,4.1
668,941,605,5,1,2025-02-07,Franklin,Commercial,0,0,295.68,1.16,0.86,29.27,49.36,0,1,0,29,171,3.7
669,942,1005,1,1,2025-02-07,Brentwood,Residential,0,0,666.99,2.16,2.2,74.87,138.69,1,0,0,76,290,4.5
670,944,503,2,3,2025-02-07,Nashville,Residential,0,0,591.06,2.51,2.63,76.18,118.91,1,0,0,41,327,4.6
671,945,643,1,3,2025-02-07,Franklin,Residential,1,0,386.19,2.69,3.08,89.29,84.65,1,0,0,36,250,4.6
672,946,3,1,1,2025-02-07,Nashville,Residential,0,0,552.84,2.54,2.38,81.02,111.19,1,0,0,41,309,4.9
673,947,712,5,7,2025-02-07,Nolensville,Commercial,0,0,355.38,1.39,1.21,42.21,63.34,1,0,0,60,340,4.9
674,948,1074,5,1,2025-02-07,Nashville,Residential,0,0,214.28,1.38,1.46,49.78,28.43,1,0,0,25,266,4.6
675,949,968,1,2,2025-02-07,Nolensville,Residential,1,0,388.85,2.54,2.81,98.25,94.98,1,0,0,45,246,5.0
676,950,306,1,3,2025-02-07,Brentwood,Residential,0,0,536.35,2.87,2.8,81.23,116.41,1,0,0,42,189,4.7
677,951,681,5,3,2025-02-07,Brentwood,Residential,1,0,227.12,1.18,1.46,42.38,47.04,1,0,0,32,294,4.3
678,952,895,1,8,2025-02-07,Spring Hill,Residential,0,0,564.55,2.23,2.44,65.98,109.66,1,0,0,36,180,4.4
679,955,790,2,7,2025-02-08,Franklin,Residential,0,1,511.93,2.02,2.44,85.47,130.04,1,0,0,15,20,4.4
680,958,1153,1,6,2025-02-08,Franklin,Residential,1,0,360.26,1.92,2.05,63.62,90.78,1,0,0,28,268,4.7
681,959,593,2,7,2025-02-08,Spring Hill,Residential,1,0,482.75,2.45,2.45,85.68,106.87,1,0,0,26,216,4.6
682,960,1287,5,4,2025-02-08,Franklin,Residential,0,0,240.61,1.26,1.5,42.11,40.74,0,0,0,42,242,4.5
683,962,357,5,4,2025-02-08,Nashville,Residential,0,0,137.11,1.21,1.34,37.54,24.03,1,0,1,56,342,4.3
684,964,750,1,2,2025-02-08,Franklin,Residential,0,0,388.66,2.34,1.68,58.71,78.27,1,0,1,27,159,5.0
685,965,547,4,7,2025-02-08,Brentwood,Residential,0,0,2191.31,7.7,8.12,284.21,613.36,0,1,0,43,98,4.0
686,966,1189,1,1,2025-02-08,Spring Hill,Commercial,1,0,1048.96,2.14,1.81,61.42,239.11,0,0,0,63,253,5.0
687,967,873,6,3,2025-02-08,Nashville,Residential,0,0,1219.16,3.62,2.8,81.21,400.32,1,0,0,44,250,4.4
688,970,78,1,6,2025-02-09,Nashville,Commercial,0,0,654.71,2.37,2.05,63.43,141.42,1,0,0,36,193,4.5
689,971,1396,3,5,2025-02-09,Spring Hill,Residential,1,0,9786.95,14.44,15.36,553.09,5330.16,1,0,0,60,268,4.5
690,972,1070,2,6,2025-02-09,Franklin,Residential,0,0,495.67,2.02,2.25,69.72,123.95,1,0,0,42,180,4.6
691,973,243,7,7,2025-02-09,Brentwood,Residential,1,0,1111.6,4.86,4.91,171.87,359.23,1,0,0,45,236,4.4
692,974,106,5,2,2025-02-09,Spring Hill,Residential,0,0,160.62,1.23,1.15,40.33,19.17,1,0,0,58,212,5.0
693,975,290,1,4,2025-02-09,Nashville,Residential,1,0,471.08,2.17,1.74,48.78,121.52,1,0,0,52,299,4.3
694,976,445,6,2,2025-02-09,Franklin,Residential,1,0,1363.16,3.03,2.24,78.48,580.1,1,0,0,18,252,4.7
695,977,605,1,7,2025-02-09,Franklin,Commercial,0,0,893.94,1.75,1.88,65.82,190.97,1,0,0,41,223,4.7
696,978,931,1,2,2025-02-09,Brentwood,Residential,1,0,557.98,2.43,2.96,103.5,117.33,1,0,0,40,149,5.0
697,979,708,1,1,2025-02-09,Nashville,Residential,0,0,580.27,2.22,2.83,96.34,122.72,0,1,0,18,225,4.1
698,981,10,6,6,2025-02-09,Franklin,Commercial,0,0,3112.39,3.74,3.5,108.57,1013.99,1,0,0,42,126,4.7
699,983,813,5,7,2025-02-09,Nolensville,Residential,0,0,205.42,1.34,1.41,49.4,27.54,1,0,0,39,216,4.4
700,984,1317,2,4,2025-02-09,Spring Hill,Residential,0,1,479.81,1.9,1.87,52.33,114.41,1,0,0,35,185,4.5
701,986,250,1,6,2025-02-09,Nashville,Residential,0,0,514.05,2.35,1.77,54.77,115.15,1,0,0,35,164,5.0
702,987,768,1,6,2025-02-09,Nashville,Residential,1,0,497.95,2.24,2.3,71.39,122.39,1,1,0,33,232,4.4
703,988,183,6,5,2025-02-09,Franklin,Commercial,0,0,1477.74,4.14,3.14,112.87,609.95,1,0,0,27,179,4.6
704,989,225,5,2,2025-02-09,Spring Hill,Residential,1,0,158.85,1.23,1.25,43.85,22.54,0,0,0,43,171,4.6
705,990,1369,5,1,2025-02-10,Nashville,Residential,1,0,223.21,1.35,1.22,41.47,24.38,1,0,0,8,237,4.5
706,991,1039,6,6,2025-02-10,Franklin,Residential,0,0,1292.08,3.69,4.16,129.09,455.1,1,0,0,53,281,4.9
707,992,1210,1,1,2025-02-10,Franklin,Residential,0,0,632.9,2.53,1.55,52.85,143.72,1,0,0,47,181,4.8
708,993,512,6,6,2025-02-10,Franklin,Residential,0,0,1491.23,2.96,2.99,92.55,730.6,1,0,0,8,243,5.0
709,994,710,4,7,2025-02-10,Brentwood,Residential,0,0,2250.85,10.66,8.81,308.35,811.89,1,0,0,24,209,4.5
710,999,1093,5,2,2025-02-10,Brentwood,Commercial,1,0,306.42,1.24,0.95,33.28,37.12,1,0,0,37,261,5.0
711,1000,264,1,3,2025-02-10,Franklin,Residential,1,0,521.74,2.2,2.23,64.57,106.77,1,0,0,28,240,4.9
712,1001,790,5,3,2025-02-10,Franklin,Residential,0,0,196.4,1.37,1.29,37.46,30.84,1,0,0,51,255,4.7
713,1003,63,1,6,2025-02-10,Spring Hill,Residential,0,0,488.75,2.14,1.97,61.13,110.19,1,0,0,44,272,4.7
714,1004,925,1,5,2025-02-10,Nolensville,Residential,1,0,336.05,1.83,2.06,74.3,87.26,1,0,0,36,199,4.7
715,1005,669,1,4,2025-02-10,Franklin,Residential,1,1,551.38,1.9,2.25,63.02,113.16,0,0,0,35,82,4.6
716,1006,968,1,3,2025-02-10,Nolensville,Residential,1,1,516.88,2.2,1.91,55.33,108.94,1,0,0,44,132,4.1
717,1007,780,1,2,2025-02-10,Nashville,Residential,0,1,440.19,2.28,1.84,64.33,105.14,1,0,0,33,126,5.0
718,1009,1224,1,2,2025-02-10,Nashville,Residential,0,1,485.89,2.13,2.5,87.51,103.01,1,0,0,21,47,4.7
719,1010,1191,6,1,2025-02-10,Franklin,Residential,0,0,1085.66,3.48,2.98,101.21,384.83,1,0,0,35,233,4.3
720,1011,1401,3,7,2025-02-10,Spring Hill,Residential,0,0,8867.42,17.11,20.0,700.09,5367.57,1,0,0,52,248,4.6
721,1012,294,2,5,2025-02-11,Spring Hill,Residential,1,0,396.17,2.75,2.46,88.46,108.88,1,0,0,32,285,4.8
722,1014,290,3,5,2025-02-11,Nashville,Residential,1,0,8937.68,18.05,17.4,626.41,4730.02,1,0,0,18,295,4.7
723,1017,1432,1,4,2025-02-11,Nashville,Residential,0,0,472.71,1.64,1.84,51.51,102.61,1,0,0,35,283,4.8
724,1018,362,1,4,2025-02-11,Spring Hill,Residential,1,0,413.14,2.22,2.48,69.42,93.65,1,0,0,30,333,4.2
725,1019,1244,5,4,2025-02-11,Nashville,Residential,1,0,171.0,1.36,1.71,47.77,24.16,1,0,0,40,187,4.8
726,1020,1070,5,5,2025-02-11,Franklin,Residential,0,0,247.45,1.4,1.47,52.92,32.91,1,0,0,53,278,4.8
727,1021,476,5,5,2025-02-11,Nashville,Residential,1,0,211.28,1.27,1.14,41.07,36.7,1,0,0,11,133,4.9
728,1025,919,2,2,2025-02-11,Franklin,Residential,1,0,519.66,2.47,1.43,50.22,134.77,1,0,0,25,179,5.0
729,1026,194,1,2,2025-02-11,Spring Hill,Residential,0,0,547.45,1.95,2.18,76.3,127.65,1,0,0,40,204,4.9
730,1027,1439,5,3,2025-02-11,Spring Hill,Commercial,0,0,377.68,1.58,1.43,41.56,43.55,1,0,0,21,190,4.2
731,1028,951,5,2,2025-02-11,Franklin,Residential,0,0,192.84,1.41,1.0,34.95,30.36,1,0,0,28,251,4.7
732,1029,669,6,6,2025-02-11,Franklin,Residential,1,0,1092.28,3.03,2.16,66.99,402.62,1,0,0,17,264,4.8
733,1030,555,1,6,2025-02-11,Franklin,Residential,1,0,436.41,2.29,2.7,83.79,105.55,1,0,0,28,271,4.6
734,1033,1272,5,2,2025-02-12,Nolensville,Commercial,0,0,254.08,1.27,1.64,57.31,34.97,1,0,0,42,190,4.8
735,1034,1224,1,1,2025-02-12,Nashville,Residential,0,1,548.29,2.02,1.47,49.91,125.3,1,0,0,29,124,4.9
736,1035,578,1,2,2025-02-12,Brentwood,Residential,0,0,477.63,2.32,1.85,64.59,111.06,1,0,0,54,170,4.6
737,1036,41,5,8,2025-02-12,Nolensville,Residential,0,0,164.83,1.34,1.35,36.4,25.25,1,0,0,42,289,4.3
738,1037,8,5,1,2025-02-12,Nolensville,Residential,0,0,210.88,1.22,0.86,29.33,30.17,1,0,0,32,160,4.7
739,1038,1352,3,5,2025-02-12,Franklin,Residential,0,0,10436.54,19.55,13.77,495.75,6679.64,1,0,0,41,226,4.8
740,1040,233,2,3,2025-02-12,Franklin,Residential,0,1,636.64,2.24,2.35,68.2,147.34,0,1,0,42,20,4.5
741,1041,746,1,8,2025-02-12,Franklin,Residential,0,1,469.61,2.02,2.39,64.61,120.9,0,1,0,44,105,3.6
742,1045,284,5,1,2025-02-12,Franklin,Residential,1,0,179.34,1.26,1.29,43.96,29.34,1,0,0,59,265,5.0
743,1046,526,1,5,2025-02-12,Franklin,Residential,0,0,535.73,2.12,2.32,83.4,139.5,1,0,0,40,195,4.6
744,1047,39,5,2,2025-02-12,Nashville,Residential,1,0,138.99,1.25,1.25,43.59,22.26,1,0,0,44,201,4.7
745,1050,260,1,2,2025-02-13,Brentwood,Commercial,0,0,1126.27,2.35,2.78,97.17,273.83,1,0,0,32,356,5.0
746,1051,511,7,3,2025-02-13,Spring Hill,Residential,1,0,1072.41,4.36,3.7,107.18,291.1,1,0,0,47,244,4.4
747,1052,982,5,8,2025-02-13,Brentwood,Commercial,0,0,325.11,1.25,1.5,40.41,51.61,1,0,0,31,226,4.7
748,1053,254,1,7,2025-02-13,Franklin,Residential,1,0,402.81,1.93,1.9,66.53,96.98,1,0,0,34,214,4.5
749,1056,50,1,2,2025-02-13,Franklin,Residential,1,1,328.46,2.15,2.4,84.03,71.83,1,0,0,13,50,4.9
750,1057,42,5,6,2025-02-13,Spring Hill,Residential,0,0,179.62,1.46,1.61,49.9,26.13,1,0,1,67,249,5.0
751,1058,617,5,7,2025-02-13,Franklin,Residential,0,0,161.11,1.66,1.6,56.09,22.31,1,0,0,23,136,4.3
752,1059,1291,1,3,2025-02-13,Nashville,Commercial,0,1,1126.34,2.2,2.03,59.01,249.18,1,0,0,56,20,5.0
753,1061,54,5,5,2025-02-13,Spring Hill,Residential,0,0,240.26,1.16,1.09,39.24,36.46,1,0,0,51,228,4.6
754,1064,86,5,2,2025-02-13,Franklin,Residential,1,0,160.57,1.37,1.81,63.24,26.28,1,0,0,53,320,4.8
755,1068,714,1,3,2025-02-13,Nashville,Residential,0,0,446.58,1.99,2.18,63.28,94.21,1,0,0,25,154,5.0
756,1069,699,2,3,2025-02-13,Spring Hill,Residential,0,0,508.04,2.23,2.75,79.7,125.85,1,0,0,36,244,4.7
757,1070,142,2,2,2025-02-13,Spring Hill,Residential,0,0,452.46,1.95,1.86,64.96,113.49,1,0,0,20,225,5.0
758,1072,1016,1,7,2025-02-13,Nashville,Residential,1,1,439.43,2.14,1.76,61.59,110.73,1,0,0,40,90,4.8
759,1073,413,3,7,2025-02-13,Franklin,Residential,1,0,12676.09,18.27,19.93,697.61,6633.78,1,0,0,21,237,4.4
760,1074,641,7,5,2025-02-13,Nashville,Residential,0,0,777.82,5.57,4.76,171.5,230.87,1,0,0,29,344,5.0
761,1076,238,6,6,2025-02-13,Franklin,Residential,0,0,1585.72,3.37,4.17,129.42,568.58,1,0,0,35,200,5.0
762,1077,684,3,7,2025-02-13,Nashville,Residential,0,0,10201.08,18.0,16.6,580.96,5201.4,1,0,0,40,222,4.5
763,1078,1201,5,1,2025-02-13,Franklin,Residential,0,0,134.01,1.32,1.37,46.61,21.98,1,0,0,40,278,4.7
764,1079,334,1,2,2025-02-13,Brentwood,Residential,0,0,620.52,2.03,0.98,34.44,115.13,1,0,0,15,150,5.0
765,1080,795,3,5,2025-02-13,Spring Hill,Residential,1,0,8969.34,15.42,9.86,354.83,4516.9,0,0,0,43,225,4.7
766,1081,103,1,1,2025-02-14,Brentwood,Residential,1,0,457.05,2.0,2.05,69.66,104.27,1,0,0,41,278,4.6
767,1082,1302,5,8,2025-02-14,Brentwood,Commercial,0,0,356.15,1.33,1.31,35.28,56.64,1,0,0,41,175,4.3
768,1084,1403,5,8,2025-02-14,Spring Hill,Residential,0,0,186.41,1.54,1.65,44.55,29.21,1,0,0,38,213,4.4
769,1088,254,6,1,2025-02-14,Franklin,Residential,1,0,1426.58,3.56,3.75,127.46,514.22,1,0,0,48,171,4.7
770,1090,378,2,8,2025-02-14,Nashville,Residential,0,0,475.91,2.37,2.16,58.36,89.37,1,0,0,39,217,4.5
771,1093,261,5,5,2025-02-14,Nolensville,Residential,1,0,171.83,1.53,1.41,50.82,24.48,0,1,0,29,223,4.0
772,1094,608,1,1,2025-02-14,Franklin,Residential,1,0,450.95,2.3,1.84,62.58,117.46,1,0,0,40,342,4.8
773,1095,505,5,4,2025-02-14,Franklin,Commercial,0,0,409.33,1.21,1.52,42.7,54.06,0,0,0,45,364,4.4
774,1096,956,3,5,2025-02-14,Brentwood,Residential,0,0,7713.99,20.96,14.63,526.68,3578.4,1,0,0,49,350,5.0
775,1098,396,1,6,2025-02-14,Nolensville,Residential,0,0,490.74,1.64,1.56,48.44,104.57,0,1,0,32,140,4.4
776,1099,314,2,2,2025-02-14,Brentwood,Residential,0,0,379.79,2.69,1.71,59.82,78.92,1,0,0,10,223,5.0
777,1100,505,5,1,2025-02-14,Franklin,Commercial,0,0,362.43,1.13,1.06,36.16,52.86,1,0,0,56,219,4.4
778,1101,1405,2,5,2025-02-15,Nashville,Residential,1,0,516.25,2.32,1.88,67.59,146.17,1,0,0,49,229,5.0
779,1102,818,5,6,2025-02-15,Spring Hill,Residential,0,0,190.2,1.4,1.64,50.73,26.59,0,1,0,49,227,4.3
780,1103,881,5,7,2025-02-15,Nashville,Residential,0,0,175.52,1.55,1.81,63.37,27.57,1,0,1,30,246,4.7
781,1104,758,2,8,2025-02-15,Nashville,Commercial,0,0,835.79,2.78,3.06,82.53,171.89,1,0,0,39,170,4.6
782,1106,494,7,5,2025-02-15,Nashville,Residential,0,0,1235.41,3.66,2.98,107.44,298.07,1,0,0,43,350,4.3
783,1107,1251,6,5,2025-02-15,Franklin,Residential,1,0,1387.78,3.59,4.35,156.59,600.42,0,1,0,39,157,4.5
784,1109,209,1,8,2025-02-15,Franklin,Residential,1,0,353.43,2.3,2.84,76.8,88.74,1,0,0,24,325,3.9
785,1110,225,7,1,2025-02-15,Spring Hill,Residential,1,0,894.31,4.51,3.86,131.09,248.62,1,0,0,57,289,4.5
786,1112,597,2,1,2025-02-15,Nolensville,Residential,0,0,573.37,2.25,1.92,65.15,128.72,0,1,1,49,255,4.3
787,1113,1300,1,1,2025-02-16,Brentwood,Residential,0,0,787.01,2.06,0.99,33.81,185.31,1,0,0,29,264,4.8
788,1114,1195,2,8,2025-02-16,Nolensville,Residential,0,0,582.31,1.8,1.62,43.82,117.98,0,1,0,35,132,4.0
789,1115,376,1,8,2025-02-16,Franklin,Residential,1,1,656.31,2.26,2.77,74.7,149.58,0,1,0,42,20,3.7
790,1116,444,5,2,2025-02-16,Franklin,Residential,1,0,133.37,1.28,0.98,34.29,19.24,1,0,0,41,233,4.4
791,1117,1446,3,5,2025-02-16,Franklin,Residential,0,0,9235.25,18.16,20.53,738.91,5043.98,1,0,0,28,140,4.9
792,1118,246,2,8,2025-02-16,Nashville,Residential,0,0,526.11,1.97,1.77,47.85,110.62,0,0,0,40,199,4.0
793,1119,890,5,3,2025-02-16,Nolensville,Residential,0,0,149.49,1.33,1.3,37.79,29.31,1,0,1,16,245,4.8
794,1120,257,5,5,2025-02-16,Nashville,Residential,0,0,133.22,1.53,1.69,60.92,20.04,1,0,0,41,203,5.0
795,1121,1148,5,1,2025-02-16,Nashville,Residential,0,0,209.09,1.39,1.17,39.77,34.95,0,1,0,35,219,4.2
796,1122,674,2,2,2025-02-16,Nolensville,Residential,0,1,556.27,2.11,1.45,50.8,98.29,1,0,0,27,45,5.0
797,1123,557,5,7,2025-02-16,Nashville,Residential,1,0,216.56,1.18,1.18,41.14,30.47,1,0,0,37,239,4.3
798,1126,135,1,5,2025-02-16,Brentwood,Residential,0,0,531.33,2.44,2.5,89.96,92.14,1,0,0,49,322,4.8
799,1127,1266,1,3,2025-02-16,Nashville,Residential,0,0,556.85,2.27,2.32,67.27,153.29,1,0,0,25,229,4.5
800,1128,879,1,5,2025-02-16,Franklin,Residential,0,0,647.59,2.62,2.61,94.08,136.29,1,0,1,40,159,4.7
801,1129,1114,1,4,2025-02-16,Brentwood,Residential,0,1,605.66,2.0,1.85,51.87,123.39,1,0,0,30,153,4.7
802,1130,1119,7,8,2025-02-16,Nashville,Residential,1,0,1201.01,4.69,5.14,138.87,314.78,0,0,0,24,282,4.4
803,1131,1146,5,6,2025-02-16,Nashville,Residential,0,0,224.64,1.28,1.61,49.91,31.02,1,0,0,36,214,4.7
804,1132,598,1,1,2025-02-17,Nashville,Residential,0,0,597.26,2.16,2.48,84.17,122.12,1,0,0,28,333,4.9
805,1133,202,5,8,2025-02-17,Spring Hill,Residential,0,0,219.59,1.22,1.54,41.49,36.14,1,0,0,28,295,4.3
806,1135,945,5,8,2025-02-17,Nolensville,Residential,0,0,208.13,1.26,1.29,34.96,37.05,1,0,0,37,241,4.5
807,1136,250,5,5,2025-02-17,Nashville,Residential,0,0,176.83,1.36,1.29,46.32,24.91,1,0,0,30,340,4.7
808,1138,738,2,8,2025-02-17,Nashville,Residential,1,0,430.18,2.58,3.4,91.76,91.17,0,1,0,21,302,3.6
809,1140,624,2,6,2025-02-17,Nashville,Commercial,0,0,912.71,2.53,3.0,93.02,243.0,1,0,0,54,234,4.8
810,1142,497,5,5,2025-02-17,Nashville,Commercial,0,0,303.11,1.43,1.07,38.55,43.13,1,0,0,34,250,4.9
811,1143,523,2,6,2025-02-17,Nolensville,Commercial,1,1,767.54,2.19,2.57,79.52,193.32,1,0,0,50,139,4.5
812,1144,228,3,5,2025-02-17,Franklin,Residential,0,0,8470.85,17.62,15.54,559.4,4373.09,1,0,0,24,259,5.0
813,1147,934,2,2,2025-02-17,Nashville,Residential,0,0,516.88,2.43,2.75,96.25,119.79,1,0,0,30,316,5.0
814,1149,1062,1,8,2025-02-18,Nolensville,Residential,0,0,468.65,2.52,3.16,85.37,93.28,1,0,0,41,341,3.9
815,1150,423,1,1,2025-02-18,Franklin,Commercial,1,0,631.11,1.84,2.12,71.97,137.81,1,0,0,47,298,5.0
816,1151,781,5,7,2025-02-18,Spring Hill,Residential,1,0,169.84,1.18,1.1,38.49,25.76,1,0,0,36,251,4.9
817,1152,1440,5,8,2025-02-18,Spring Hill,Residential,0,0,188.44,1.59,1.79,48.3,31.19,1,0,0,17,308,4.3
818,1153,812,7,6,2025-02-18,Spring Hill,Commercial,1,0,1666.32,4.16,4.57,141.68,425.19,1,0,0,57,260,4.8
819,1154,720,5,7,2025-02-18,Nashville,Residential,0,0,172.03,1.52,1.83,64.16,33.4,1,0,0,42,273,4.7
820,1155,747,5,5,2025-02-18,Nashville,Residential,0,0,246.52,1.38,1.58,56.77,40.79,1,0,0,52,300,4.5
821,1156,1315,4,5,2025-02-18,Brentwood,Residential,1,0,2722.2,12.26,12.26,441.51,798.43,1,0,0,39,198,4.8
822,1159,790,3,7,2025-02-18,Franklin,Residential,0,0,15913.71,13.25,13.37,467.99,8805.25,1,0,0,20,210,4.5
823,1164,723,1,5,2025-02-18,Franklin,Residential,1,0,514.77,2.46,1.98,71.33,126.48,1,0,0,41,356,4.6
824,1165,1406,5,2,2025-02-18,Nashville,Residential,1,0,134.58,1.54,1.54,53.88,16.1,1,0,0,52,223,4.8
825,1168,1128,2,5,2025-02-18,Nashville,Residential,0,0,604.69,2.49,2.63,94.77,126.9,1,0,0,38,150,4.8
826,1169,1433,2,1,2025-02-18,Nashville,Residential,1,0,425.04,2.22,2.56,87.2,103.5,1,0,0,35,223,4.4
827,1170,1273,1,7,2025-02-18,Nolensville,Residential,0,0,534.82,2.43,2.82,98.56,108.21,1,0,1,58,170,4.6
828,1172,344,2,6,2025-02-19,Brentwood,Residential,0,0,539.81,2.95,2.97,92.04,121.11,1,0,0,17,206,4.6
829,1173,725,1,2,2025-02-19,Nashville,Commercial,1,1,660.74,2.57,2.47,86.46,166.14,1,0,0,28,109,5.0
830,1174,1207,1,7,2025-02-19,Spring Hill,Residential,0,1,471.86,2.44,3.0,105.04,118.98,1,0,0,29,20,4.3
831,1176,618,6,1,2025-02-19,Nashville,Residential,0,0,1186.11,4.35,4.4,149.67,431.12,1,0,0,18,214,4.8
832,1177,319,5,8,2025-02-19,Nashville,Commercial,1,0,355.39,1.37,1.44,38.77,47.59,1,0,0,16,328,4.4
833,1179,562,1,3,2025-02-19,Spring Hill,Residential,1,0,462.48,2.54,2.69,78.11,86.71,1,0,0,30,183,4.5
834,1180,260,2,5,2025-02-19,Brentwood,Commercial,0,0,865.33,2.54,2.64,95.13,192.7,1,1,1,40,298,4.7
835,1181,135,5,7,2025-02-19,Brentwood,Residential,0,0,198.04,1.37,1.29,45.16,32.23,1,0,0,45,292,4.8
836,1183,1396,5,8,2025-02-19,Spring Hill,Residential,1,0,191.67,1.19,1.79,48.28,32.04,1,0,0,38,157,4.0
837,1184,497,5,7,2025-02-19,Nashville,Commercial,0,0,237.0,1.38,1.35,47.19,33.0,1,0,0,33,210,4.7
838,1185,975,5,6,2025-02-19,Nashville,Residential,0,0,134.33,1.22,1.0,31.15,19.6,1,0,0,51,234,5.0
839,1186,192,5,6,2025-02-19,Brentwood,Commercial,1,0,412.28,1.3,1.54,47.7,63.98,1,0,0,53,256,4.7
840,1188,312,5,7,2025-02-19,Franklin,Residential,0,0,144.41,1.26,1.48,51.72,18.72,1,0,0,25,247,4.5
841,1189,1309,1,3,2025-02-19,Nolensville,Residential,1,0,309.9,2.32,1.73,50.08,57.61,1,0,0,15,261,4.4
842,1190,182,1,4,2025-02-19,Brentwood,Residential,0,0,372.49,2.31,2.32,64.97,72.31,1,0,0,35,242,4.6
843,1191,707,4,5,2025-02-19,Franklin,Residential,0,0,2240.39,10.69,10.79,388.45,686.51,1,0,0,49,272,4.6
844,1196,1449,2,2,2025-02-20,Franklin,Residential,0,0,590.21,2.16,1.43,50.01,117.76,1,0,0,39,241,4.8
845,1197,15,1,8,2025-02-20,Nashville,Residential,0,0,496.77,2.11,2.74,73.93,90.61,1,0,0,35,204,4.3
846,1198,881,5,6,2025-02-20,Nashville,Residential,0,0,226.59,1.12,0.92,28.55,34.16,0,1,0,52,205,4.1
847,1200,95,5,8,2025-02-20,Nashville,Residential,1,0,186.46,1.39,1.64,44.3,25.87,1,0,0,11,277,4.4
848,1201,622,2,7,2025-02-20,Franklin,Residential,0,1,503.73,2.01,2.2,76.91,92.48,1,0,0,32,169,4.2
849,1202,1349,1,8,2025-02-20,Nashville,Residential,0,1,330.64,2.1,2.74,73.97,81.36,0,1,0,38,58,3.5
850,1203,474,1,6,2025-02-20,Brentwood,Residential,1,0,442.27,2.61,2.49,77.32,102.81,1,0,0,34,254,4.4
851,1205,288,1,8,2025-02-20,Nolensville,Residential,0,0,391.85,2.63,2.54,68.7,80.23,1,0,0,56,209,4.0
852,1206,771,2,5,2025-02-20,Nashville,Residential,1,1,582.54,1.99,1.16,41.76,183.14,1,0,0,11,38,5.0
853,1207,1176,2,1,2025-02-20,Nolensville,Residential,0,0,420.11,2.99,2.72,92.5,80.15,1,0,0,47,306,4.8
854,1208,936,1,1,2025-02-20,Nashville,Residential,1,0,399.38,1.96,2.45,83.46,111.43,1,0,0,47,289,5.0
855,1209,1185,6,3,2025-02-20,Brentwood,Residential,1,0,1131.31,3.42,3.36,97.37,538.84,1,0,0,75,219,4.8
856,1210,1147,1,4,2025-02-20,Nashville,Residential,0,0,559.77,2.01,1.91,53.39,122.29,0,0,0,51,236,4.7
857,1213,963,5,7,2025-02-21,Nolensville,Residential,1,0,159.21,1.25,1.16,40.45,22.74,1,0,0,56,261,4.9
858,1215,1025,7,2,2025-02-21,Spring Hill,Residential,0,0,1221.55,3.74,3.45,120.89,323.0,1,0,0,68,257,4.7
859,1217,66,5,4,2025-02-21,Nashville,Residential,0,0,282.57,1.12,1.06,29.61,46.55,1,0,0,32,163,4.5
860,1218,199,1,3,2025-02-21,Brentwood,Residential,1,0,463.07,1.92,1.67,48.5,117.02,1,0,0,42,173,4.7
861,1219,87,1,3,2025-02-21,Spring Hill,Residential,0,0,543.73,2.18,2.95,85.51,129.48,1,0,0,30,302,4.6
862,1221,1450,6,1,2025-02-21,Brentwood,Residential,1,0,1158.93,3.48,2.89,98.39,375.79,1,0,0,46,284,4.8
863,1223,822,5,8,2025-02-21,Franklin,Residential,0,0,213.35,1.04,1.0,26.89,38.19,1,0,0,34,194,4.8
864,1224,943,5,7,2025-02-21,Nolensville,Residential,1,0,205.9,1.32,1.19,41.71,28.44,1,0,0,26,246,4.4
865,1225,383,3,7,2025-02-21,Nolensville,Residential,0,0,7403.44,18.1,17.3,605.54,4575.05,1,0,0,60,228,4.7
866,1226,847,6,7,2025-02-21,Franklin,Commercial,0,0,2544.8,3.36,3.31,115.87,1100.73,1,0,0,18,285,4.4
867,1227,401,1,5,2025-02-21,Nashville,Residential,1,1,417.75,2.64,2.67,96.02,73.48,1,0,0,17,20,5.0
868,1228,639,2,2,2025-02-21,Nolensville,Residential,0,0,543.49,2.12,2.39,83.68,126.84,1,0,0,42,198,4.8
869,1229,840,5,8,2025-02-21,Nolensville,Residential,0,0,219.87,1.11,1.2,32.32,41.8,1,1,0,41,214,4.0
870,1231,817,2,4,2025-02-21,Spring Hill,Residential,0,0,666.38,2.6,3.56,99.71,127.94,1,0,0,26,266,4.1
871,1232,1227,2,7,2025-02-21,Nashville,Residential,0,0,803.78,2.5,2.56,89.73,166.92,1,0,0,65,223,4.2
872,1234,556,5,1,2025-02-21,Franklin,Residential,1,0,214.59,1.16,1.26,42.68,36.16,1,0,0,55,337,4.9
873,1235,765,3,5,2025-02-21,Nolensville,Residential,0,0,9691.12,19.4,19.49,701.68,5554.38,1,0,0,36,229,5.0
874,1236,1131,1,3,2025-02-21,Franklin,Residential,0,0,467.63,2.26,2.02,58.52,126.51,1,0,1,42,276,4.9
875,1237,1280,1,1,2025-02-21,Nashville,Residential,0,0,487.55,2.06,1.84,62.72,122.01,1,0,0,23,160,5.0
876,1238,1121,1,2,2025-02-21,Franklin,Residential,0,0,449.9,2.39,2.36,82.57,110.29,1,0,1,9,336,5.0
877,1239,305,5,7,2025-02-22,Nolensville,Residential,0,0,152.02,1.52,1.97,68.88,24.39,1,0,0,47,225,4.5
878,1244,1026,6,4,2025-02-22,Nashville,Residential,1,0,833.11,4.01,4.35,121.72,312.96,1,0,0,42,147,4.6
879,1245,936,6,4,2025-02-22,Nashville,Residential,1,0,1097.72,3.96,4.35,121.81,461.2,1,0,0,40,304,4.9
880,1246,1193,7,2,2025-02-22,Nashville,Residential,0,0,1131.97,5.52,6.92,242.33,246.09,1,0,0,52,170,5.0
881,1248,1201,6,7,2025-02-22,Franklin,Residential,0,0,1225.29,3.36,3.48,121.8,462.88,1,0,0,29,179,4.0
882,1249,795,2,5,2025-02-22,Spring Hill,Residential,1,0,497.99,2.46,2.26,81.28,113.96,1,0,0,60,260,4.8
883,1250,1202,5,2,2025-02-22,Brentwood,Residential,0,0,252.45,1.18,1.55,54.34,37.36,1,0,0,29,262,4.6
884,1253,1012,2,4,2025-02-23,Brentwood,Residential,0,0,549.42,2.74,2.25,63.09,111.83,1,0,0,54,210,4.3
885,1254,211,5,6,2025-02-23,Nashville,Residential,0,0,173.49,1.13,1.05,32.55,28.57,1,0,0,35,149,4.6
886,1257,88,6,3,2025-02-23,Nolensville,Commercial,0,0,2517.6,3.24,2.08,60.29,1047.31,1,0,0,11,284,4.7
887,1258,214,1,6,2025-02-23,Brentwood,Residential,0,0,382.67,2.25,2.32,71.96,89.43,1,0,0,37,210,4.9
888,1260,321,2,8,2025-02-23,Franklin,Residential,0,1,439.85,2.22,2.26,60.9,100.74,1,0,0,72,20,4.7
889,1261,961,6,7,2025-02-23,Nashville,Residential,0,0,1516.92,3.11,2.69,94.19,610.14,1,0,0,39,243,4.4
890,1262,937,5,8,2025-02-23,Franklin,Commercial,0,0,317.76,1.3,1.59,43.05,47.09,1,0,0,40,295,4.4
891,1263,623,6,6,2025-02-23,Nashville,Residential,0,0,1229.26,3.27,3.63,112.6,508.18,1,0,0,20,285,4.4
892,1265,89,6,7,2025-02-23,Spring Hill,Residential,1,0,1113.48,3.48,3.3,115.55,474.56,1,0,0,35,252,4.4
893,1266,175,1,2,2025-02-23,Nashville,Residential,1,0,451.5,2.14,1.57,55.01,124.55,1,0,0,43,291,4.6
894,1270,226,5,8,2025-02-24,Brentwood,Residential,0,0,201.42,1.51,2.07,55.83,28.71,1,0,1,61,144,4.2
895,1271,1015,6,2,2025-02-24,Franklin,Residential,0,0,1072.19,3.16,2.98,104.32,398.74,1,0,0,18,96,4.5
896,1273,419,5,1,2025-02-24,Nashville,Commercial,1,0,278.9,1.13,0.96,32.59,37.69,1,0,0,22,284,4.8
897,1274,1052,6,4,2025-02-24,Spring Hill,Residential,1,0,1017.11,3.26,2.81,78.81,383.15,1,0,0,13,159,4.3
898,1276,616,2,1,2025-02-24,Brentwood,Residential,0,0,507.8,2.17,2.16,73.54,89.83,1,1,0,56,221,4.1
899,1279,1253,1,3,2025-02-24,Franklin,Residential,1,0,447.46,2.03,2.37,68.72,115.97,1,0,0,65,262,4.7
900,1280,1366,3,5,2025-02-24,Franklin,Residential,0,0,11351.12,16.29,12.96,466.53,6293.29,1,0,0,44,295,4.8
901,1281,507,2,2,2025-02-24,Brentwood,Residential,0,0,402.19,2.34,2.51,87.98,89.32,1,0,0,45,132,4.7
902,1282,1394,2,3,2025-02-24,Spring Hill,Residential,1,0,393.13,3.22,4.03,116.98,94.26,1,0,0,43,261,4.9
903,1283,857,5,5,2025-02-24,Nashville,Residential,0,0,197.04,1.29,1.06,38.19,29.88,1,0,0,41,277,4.4
904,1284,571,1,4,2025-02-24,Nashville,Residential,0,0,408.0,2.41,3.0,83.87,99.49,0,1,0,41,165,4.2
905,1286,167,1,6,2025-02-24,Brentwood,Residential,0,0,450.33,1.62,1.83,56.75,88.71,1,0,1,23,197,4.8
906,1287,204,5,2,2025-02-24,Franklin,Residential,1,0,163.98,1.21,1.16,40.71,24.03,1,0,0,52,281,5.0
907,1288,583,5,3,2025-02-24,Brentwood,Residential,1,0,129.1,1.43,1.62,47.08,23.79,1,0,0,24,279,4.6
908,1289,1281,7,4,2025-02-24,Franklin,Residential,0,0,1412.54,4.42,3.54,99.22,359.1,0,1,0,32,215,4.1
909,1290,1042,1,4,2025-02-24,Spring Hill,Residential,0,0,619.45,1.9,2.44,68.36,147.71,1,0,1,17,179,4.5
910,1291,138,1,2,2025-02-25,Franklin,Residential,0,0,441.76,2.24,2.3,80.45,99.99,1,0,1,32,216,5.0
911,1292,1158,2,1,2025-02-25,Nashville,Residential,1,0,563.22,2.25,1.93,65.46,129.9,1,0,0,9,187,5.0
912,1293,976,5,4,2025-02-25,Spring Hill,Residential,0,0,226.92,1.26,0.86,24.04,28.45,0,1,0,34,115,3.8
913,1294,988,2,6,2025-02-25,Nashville,Residential,1,0,456.44,2.39,2.37,73.47,129.19,1,0,0,47,274,4.6
914,1295,82,1,5,2025-02-25,Spring Hill,Residential,0,0,344.33,2.05,2.28,82.15,78.15,1,0,0,40,205,4.7
915,1296,1007,5,3,2025-02-25,Nashville,Commercial,0,0,320.74,1.22,1.59,45.98,38.47,1,0,0,33,257,4.4
916,1297,1358,1,2,2025-02-25,Spring Hill,Residential,0,0,395.96,2.11,2.1,73.33,83.61,1,0,0,56,309,5.0
917,1298,217,2,2,2025-02-25,Brentwood,Residential,1,0,328.95,2.66,3.19,111.65,73.05,1,0,0,44,242,5.0
918,1299,328,5,6,2025-02-25,Nashville,Residential,0,0,235.63,1.23,1.11,34.41,28.68,1,0,1,42,263,5.0
919,1301,1190,5,3,2025-02-25,Spring Hill,Residential,0,0,207.65,1.36,1.52,44.17,30.55,1,0,0,39,213,4.5
920,1302,328,7,5,2025-02-25,Nashville,Residential,0,0,827.16,4.4,3.95,142.11,201.88,1,0,0,17,223,4.1
921,1303,1212,4,7,2025-02-25,Nashville,Residential,0,0,2293.7,10.66,10.75,376.36,787.94,1,0,0,34,318,4.7
922,1305,888,2,7,2025-02-25,Nashville,Residential,1,0,499.08,2.29,2.52,88.23,111.79,1,0,0,56,297,4.3
923,1306,169,1,2,2025-02-25,Franklin,Residential,0,0,473.81,1.83,2.34,81.95,100.68,1,0,0,15,380,4.8
924,1307,1368,5,7,2025-02-25,Nashville,Residential,1,0,163.63,1.34,1.11,38.83,30.63,1,0,0,36,198,4.4
925,1308,468,5,7,2025-02-25,Nashville,Residential,0,0,170.3,1.12,1.3,45.33,24.65,1,0,0,50,203,4.7
926,1310,721,3,5,2025-02-25,Spring Hill,Residential,0,0,11115.4,16.98,20.65,743.29,6274.24,1,0,0,44,231,4.7
927,1311,1413,1,3,2025-02-25,Brentwood,Residential,0,1,623.51,2.56,2.62,75.91,140.3,1,0,0,50,189,4.5
928,1312,1044,2,5,2025-02-25,Spring Hill,Residential,0,0,374.99,2.1,2.08,74.79,67.82,1,0,0,45,201,4.6
929,1315,645,5,1,2025-02-26,Nolensville,Residential,0,0,166.86,1.1,1.29,43.95,22.88,1,0,0,39,279,4.8
930,1316,905,5,4,2025-02-26,Nashville,Residential,0,0,208.88,1.14,0.95,26.68,32.49,1,0,1,60,185,4.2
931,1318,1009,2,8,2025-02-26,Nashville,Residential,0,0,578.64,2.22,2.95,79.68,142.72,0,0,0,26,171,4.2
932,1319,407,1,8,2025-02-26,Franklin,Residential,1,0,351.17,1.76,1.95,52.74,91.12,1,0,0,66,282,4.3
933,1320,1432,1,1,2025-02-26,Nashville,Residential,0,1,341.72,2.06,1.76,59.73,70.3,0,0,0,31,102,4.7
934,1321,762,1,6,2025-02-26,Nashville,Residential,1,0,456.38,2.91,3.44,106.76,112.29,1,0,0,49,201,5.0
935,1322,1384,5,1,2025-02-26,Franklin,Residential,0,0,137.13,1.17,0.86,29.35,19.41,1,0,0,36,239,5.0
936,1324,86,6,3,2025-02-26,Franklin,Residential,1,0,801.72,3.64,3.7,107.3,303.17,1,0,0,21,287,4.7
937,1326,721,7,4,2025-02-26,Spring Hill,Residential,0,0,881.32,4.49,4.4,123.16,226.24,1,0,0,32,240,4.2
938,1327,1076,5,2,2025-02-26,Nashville,Residential,0,0,142.65,1.07,1.05,36.9,19.84,1,0,0,50,230,5.0
939,1328,409,6,2,2025-02-26,Franklin,Residential,1,0,1634.1,4.04,4.99,174.57,721.55,1,0,0,20,218,4.8
940,1329,124,5,6,2025-02-26,Nashville,Residential,0,0,221.26,1.07,1.07,33.15,29.84,1,0,1,48,268,4.8
941,1330,909,2,8,2025-02-26,Nashville,Residential,1,0,520.88,2.16,2.13,57.61,125.62,1,0,0,16,312,4.2
942,1333,1017,1,3,2025-02-26,Spring Hill,Residential,0,0,419.64,2.26,2.32,67.42,95.11,0,1,0,61,343,4.0
943,1337,1003,6,2,2025-02-26,Nolensville,Residential,1,0,1351.67,3.13,2.35,82.34,606.77,1,0,0,39,175,5.0
944,1340,1299,1,4,2025-02-26,Nashville,Residential,0,0,530.7,2.0,1.73,48.43,135.7,0,1,1,54,211,3.8
945,1341,1212,2,4,2025-02-26,Nashville,Residential,0,0,774.69,2.33,2.94,82.24,124.16,1,0,0,34,349,4.5
946,1343,49,1,2,2025-02-27,Nashville,Residential,0,1,403.76,2.32,2.17,75.78,105.3,1,0,1,64,207,4.9
947,1345,246,2,5,2025-02-27,Nashville,Residential,0,0,440.9,2.06,1.43,51.54,92.94,1,0,0,31,225,4.5
948,1346,598,3,7,2025-02-27,Nashville,Residential,0,0,9018.53,16.42,15.19,531.56,4468.48,1,0,0,61,306,5.0
949,1347,410,5,2,2025-02-27,Brentwood,Residential,0,0,199.3,1.2,0.88,30.8,36.06,1,0,1,56,309,5.0
950,1350,263,6,1,2025-02-27,Nolensville,Commercial,0,0,1271.66,3.18,2.55,86.8,347.52,1,0,0,47,316,4.9
951,1351,376,1,1,2025-02-27,Franklin,Residential,1,0,344.51,2.08,1.7,57.67,92.51,1,0,0,48,252,5.0
952,1352,990,5,6,2025-02-27,Nashville,Residential,0,0,160.17,1.18,1.05,32.55,18.69,1,0,0,55,236,4.4
953,1353,674,3,5,2025-02-27,Nolensville,Residential,0,0,8891.55,14.91,13.16,473.62,4385.32,1,1,0,21,240,3.8
954,1354,1057,1,4,2025-02-27,Nashville,Residential,0,0,535.72,2.06,2.21,61.77,121.2,1,0,0,27,199,4.7
955,1355,555,2,8,2025-02-27,Franklin,Residential,1,0,557.01,2.81,3.44,92.95,150.94,0,1,0,8,290,3.9
956,1356,1238,6,6,2025-02-27,Nolensville,Residential,0,0,968.3,3.58,3.99,123.69,392.37,1,0,0,50,174,5.0
957,1357,465,2,1,2025-02-27,Nashville,Residential,0,1,554.54,2.76,2.38,80.99,135.53,0,1,1,41,70,4.1
958,1359,304,6,8,2025-02-27,Franklin,Residential,0,0,1189.56,3.5,3.96,106.82,435.88,1,0,0,48,219,4.1
959,1360,396,5,6,2025-02-27,Nolensville,Residential,0,0,160.03,1.27,1.1,34.16,23.6,1,0,0,34,275,4.8
960,1361,1009,3,5,2025-02-28,Nashville,Residential,0,0,11352.42,18.0,17.09,615.39,6250.16,0,0,0,27,276,4.4
961,1362,600,5,4,2025-02-28,Nolensville,Residential,0,0,122.45,1.55,1.45,40.63,16.15,1,0,0,73,237,4.2
962,1363,629,4,7,2025-02-28,Brentwood,Residential,0,0,2458.83,12.23,11.5,402.59,791.23,1,0,0,39,239,4.0
963,1364,376,5,2,2025-02-28,Franklin,Residential,1,0,224.25,1.29,1.6,55.92,32.64,1,0,0,36,255,5.0
964,1366,587,5,4,2025-02-28,Spring Hill,Residential,1,0,156.84,1.26,1.69,47.35,20.29,1,0,0,32,228,4.5
965,1367,630,5,4,2025-02-28,Nashville,Residential,0,0,176.83,1.28,1.44,40.21,26.26,1,0,0,39,181,4.1
966,1368,932,1,8,2025-02-28,Franklin,Residential,0,1,631.85,2.51,1.88,50.73,126.8,0,0,0,27,158,4.2
967,1369,463,5,5,2025-02-28,Spring Hill,Residential,0,0,187.95,1.23,1.24,44.75,27.59,1,0,1,47,241,4.9
968,1370,1300,1,1,2025-02-28,Brentwood,Residential,0,0,561.13,2.05,1.44,48.98,139.89,1,0,0,52,328,4.7
969,1371,760,5,2,2025-02-28,Nashville,Residential,0,0,208.15,1.26,1.22,42.79,26.94,1,0,0,23,270,4.7
970,1373,249,1,2,2025-02-28,Spring Hill,Residential,0,0,405.42,2.63,2.54,89.01,84.62,1,0,0,38,200,4.5
971,1374,655,2,6,2025-02-28,Nolensville,Residential,0,0,450.44,2.55,2.41,74.86,106.46,1,0,0,57,313,4.9
972,1376,744,5,8,2025-02-28,Franklin,Residential,1,0,249.52,1.19,1.47,39.65,34.21,1,0,0,37,295,3.8
973,1377,740,5,8,2025-02-28,Franklin,Residential,0,0,192.85,1.24,1.63,44.07,26.57,1,0,0,45,188,4.3
974,1378,668,5,6,2025-02-28,Franklin,Residential,0,0,189.81,1.48,1.66,51.45,28.38,1,0,0,47,231,4.7
975,1379,778,5,5,2025-03-01,Nashville,Residential,1,0,212.95,1.44,1.32,47.36,34.6,1,0,0,23,163,4.3
976,1380,963,4,5,2025-03-01,Nolensville,Residential,1,0,2162.68,11.25,11.73,422.2,752.38,1,0,0,37,344,4.1
977,1382,1345,4,5,2025-03-01,Spring Hill,Residential,0,0,1913.69,11.07,12.78,459.92,761.49,1,0,0,58,262,4.7
978,1383,904,1,1,2025-03-01,Nashville,Residential,0,0,399.53,1.88,1.94,66.07,81.79,1,0,1,31,191,4.9
979,1384,738,4,5,2025-03-01,Nashville,Residential,1,0,2923.8,10.8,7.39,265.99,927.47,1,1,0,36,143,4.1
980,1385,454,1,6,2025-03-01,Franklin,Residential,1,0,388.3,1.78,1.61,49.99,97.27,1,0,0,55,272,5.0
981,1386,1283,4,7,2025-03-01,Franklin,Residential,0,0,3177.03,11.91,12.04,421.26,761.04,1,0,0,11,329,4.5
982,1387,556,4,5,2025-03-01,Franklin,Residential,1,0,2230.71,9.91,9.41,338.93,619.99,1,0,0,36,216,4.7
983,1388,1194,1,5,2025-03-01,Nashville,Residential,0,0,424.16,2.09,1.94,69.79,89.08,1,0,1,33,299,5.0
984,1390,930,5,4,2025-03-02,Brentwood,Residential,0,0,153.95,1.65,1.6,44.89,23.5,1,0,0,61,226,4.6
985,1391,1276,3,7,2025-03-02,Nashville,Residential,0,0,8425.42,20.7,20.22,707.78,4349.41,1,0,0,67,256,4.3
986,1392,1427,1,1,2025-03-02,Nolensville,Residential,1,1,274.68,2.1,1.42,48.4,66.99,1,0,0,30,20,4.6
987,1393,1240,5,8,2025-03-02,Nashville,Residential,1,0,193.81,1.24,1.51,40.83,30.82,0,1,0,23,190,3.6
988,1394,1051,3,5,2025-03-02,Brentwood,Residential,0,0,9638.01,14.74,13.43,483.58,4024.44,1,0,0,47,295,4.6
989,1395,1443,7,4,2025-03-02,Spring Hill,Residential,1,0,929.98,4.72,4.72,132.24,226.9,1,0,0,32,246,4.6
990,1396,161,1,6,2025-03-02,Franklin,Residential,1,0,381.81,2.21,2.52,78.08,106.53,1,0,0,45,180,4.7
991,1397,480,1,8,2025-03-02,Franklin,Commercial,0,0,703.14,2.17,2.76,74.54,147.82,1,0,0,46,201,4.0
992,1398,937,5,3,2025-03-02,Franklin,Commercial,0,0,305.62,1.11,1.07,31.06,43.72,0,0,1,51,208,5.0
993,1399,1106,5,6,2025-03-02,Nolensville,Residential,0,0,215.9,1.21,1.35,41.77,31.48,1,0,0,51,259,4.6
994,1400,1448,4,5,2025-03-02,Nashville,Residential,0,0,2449.28,10.44,11.12,400.41,634.69,1,0,0,31,278,4.8
995,1401,1092,1,5,2025-03-02,Nashville,Residential,0,0,413.53,2.39,2.74,98.5,80.13,1,0,0,30,276,5.0
996,1403,1184,2,7,2025-03-02,Franklin,Residential,1,0,563.63,2.6,2.42,84.59,136.0,0,0,0,29,194,4.7
997,1405,738,2,4,2025-03-03,Nashville,Residential,1,0,504.08,2.36,2.36,65.98,116.01,1,0,0,42,200,4.3
998,1406,1266,1,4,2025-03-03,Nashville,Residential,0,0,513.08,2.2,2.47,69.06,116.1,1,0,1,30,208,4.5
999,1407,939,1,1,2025-03-03,Franklin,Residential,0,0,370.76,2.0,1.82,61.82,70.14,1,0,1,55,164,4.7
1000,1408,832,3,7,2025-03-03,Franklin,Residential,0,0,13368.57,19.94,28.54,998.78,7135.9,1,0,0,29,145,4.5
1001,1409,1174,2,2,2025-03-03,Franklin,Commercial,0,0,1097.81,2.44,2.46,86.21,202.07,1,0,0,30,252,4.5
1002,1410,110,1,3,2025-03-03,Nolensville,Commercial,0,0,846.63,1.87,1.61,46.82,216.48,1,0,1,19,255,4.6
1003,1411,470,7,1,2025-03-03,Brentwood,Commercial,0,0,2111.82,5.18,6.67,226.87,623.73,1,0,0,47,216,5.0
1004,1414,123,5,4,2025-03-03,Nashville,Residential,1,0,157.67,1.07,0.97,27.13,26.82,1,0,0,50,343,4.3
1005,1415,1182,1,8,2025-03-03,Nashville,Residential,1,0,431.36,2.69,3.18,85.95,111.59,1,0,0,30,398,3.7
1006,1416,240,7,3,2025-03-03,Franklin,Residential,1,0,1190.55,4.39,4.54,131.7,285.88,1,0,0,39,271,4.4
1007,1417,1215,5,7,2025-03-03,Nashville,Commercial,1,0,385.9,1.18,1.51,52.97,51.22,1,0,0,34,187,4.4
1008,1419,1241,1,7,2025-03-03,Nolensville,Residential,0,1,526.57,2.27,2.93,102.6,115.85,1,0,1,40,49,4.4
1009,1421,736,2,1,2025-03-03,Brentwood,Residential,0,0,338.01,1.85,1.69,57.38,77.42,1,1,0,48,226,4.6
1010,1422,520,2,8,2025-03-03,Nolensville,Residential,0,1,451.36,1.98,2.17,58.54,88.47,1,0,1,27,54,4.3
1011,1424,559,1,8,2025-03-03,Franklin,Residential,0,0,530.04,2.03,1.72,46.53,129.06,0,1,0,55,335,3.8
1012,1425,1229,6,5,2025-03-03,Nashville,Residential,0,0,1120.56,4.18,4.18,150.36,423.26,1,0,0,34,221,4.8
1013,1427,74,1,2,2025-03-03,Brentwood,Residential,1,0,245.45,2.14,2.08,72.83,69.78,1,0,0,53,264,5.0
1014,1431,846,1,1,2025-03-04,Brentwood,Residential,0,0,605.49,1.93,1.73,58.71,125.14,1,0,0,46,276,4.6
1015,1432,1063,3,5,2025-03-04,Spring Hill,Residential,1,0,7305.14,19.46,23.23,836.4,4110.05,1,0,0,38,166,5.0
1016,1433,1217,2,3,2025-03-04,Brentwood,Residential,0,0,534.17,2.13,1.11,32.08,126.01,1,0,1,56,335,4.9
1017,1435,541,5,3,2025-03-04,Nashville,Residential,0,0,291.23,1.21,1.43,41.35,32.0,1,0,1,55,179,4.8
1018,1436,796,6,7,2025-03-04,Nolensville,Residential,0,0,1339.02,2.97,3.86,135.22,583.18,1,0,0,50,259,4.1
1019,1437,598,1,3,2025-03-04,Nashville,Residential,0,0,620.59,2.46,2.65,76.85,153.51,1,0,0,46,333,4.5
1020,1438,796,4,7,2025-03-04,Nolensville,Residential,0,0,1706.89,10.44,10.37,362.78,449.21,1,0,0,26,226,4.8
1021,1440,1149,1,5,2025-03-04,Franklin,Residential,0,0,414.97,2.55,1.93,69.5,95.83,1,0,0,55,229,4.1
1022,1443,1092,2,5,2025-03-04,Nashville,Residential,0,1,430.16,2.37,1.83,65.89,65.97,1,0,0,40,114,4.6
1023,1445,10,5,8,2025-03-04,Franklin,Commercial,0,0,255.35,1.62,2.13,57.43,43.1,1,0,0,60,157,4.7
1024,1447,303,5,1,2025-03-04,Nashville,Residential,0,0,248.09,1.21,1.39,47.13,28.14,1,0,1,40,238,4.7
1025,1448,946,3,7,2025-03-04,Brentwood,Residential,1,0,11675.25,18.62,18.93,662.69,5664.68,1,0,0,49,264,4.7
1026,1449,1104,2,1,2025-03-04,Franklin,Residential,0,0,567.11,2.43,2.43,82.53,101.7,1,0,0,62,278,5.0
1027,1450,664,6,1,2025-03-04,Spring Hill,Residential,1,0,1114.33,3.98,3.69,125.59,554.66,1,0,0,22,217,4.7
1028,1451,267,3,7,2025-03-04,Nashville,Residential,1,0,9274.14,18.03,16.54,579.02,5925.31,1,0,0,52,238,4.6
1029,1452,185,1,7,2025-03-04,Spring Hill,Residential,0,0,494.79,2.27,2.3,80.59,103.37,1,0,0,43,257,4.7
1030,1454,903,5,8,2025-03-05,Spring Hill,Residential,1,0,222.53,1.52,1.5,40.48,34.94,0,1,0,33,225,4.1
1031,1455,311,1,4,2025-03-05,Franklin,Residential,0,0,573.58,2.35,2.72,76.11,153.95,0,1,1,35,198,3.9
1032,1457,463,1,5,2025-03-05,Spring Hill,Residential,0,0,529.26,2.26,2.16,77.82,133.88,1,0,0,40,338,4.5
1033,1460,9,4,7,2025-03-05,Nolensville,Residential,1,0,2439.14,11.98,11.63,407.02,699.56,1,0,0,55,228,4.6
1034,1462,459,1,4,2025-03-05,Nashville,Residential,0,1,607.54,2.39,1.96,54.89,91.39,1,0,0,51,188,4.9
1035,1463,1195,3,7,2025-03-05,Nolensville,Residential,0,0,8549.24,20.39,24.48,856.88,4828.04,0,1,0,41,186,4.5
1036,1465,529,2,3,2025-03-05,Nashville,Residential,0,0,452.13,2.36,3.15,91.27,99.07,0,1,0,42,377,4.0
1037,1466,791,1,7,2025-03-05,Nashville,Residential,1,0,347.41,2.36,3.0,104.99,87.6,0,1,0,45,239,3.9
1038,1468,106,6,3,2025-03-06,Spring Hill,Residential,0,0,1037.66,3.97,4.69,136.13,401.78,1,0,0,44,219,4.2
1039,1469,296,1,7,2025-03-06,Franklin,Residential,0,1,423.39,2.03,2.63,92.01,91.8,1,0,0,33,60,4.9
1040,1471,1156,6,8,2025-03-06,Franklin,Residential,1,0,1098.19,3.46,3.29,88.95,514.53,1,0,0,36,222,4.2
1041,1472,982,6,7,2025-03-06,Brentwood,Commercial,0,0,2121.58,3.26,2.93,102.39,823.04,1,0,0,43,369,4.6
1042,1475,134,2,8,2025-03-06,Nashville,Residential,0,0,713.25,2.82,3.18,85.84,161.56,1,0,0,23,365,4.3
1043,1476,362,3,7,2025-03-06,Spring Hill,Residential,1,0,14744.34,20.52,22.78,797.26,7987.8,1,0,0,55,213,4.9
1044,1477,147,4,5,2025-03-06,Brentwood,Residential,0,0,3103.76,10.74,9.72,349.84,1092.17,0,1,0,32,216,3.7
1045,1478,161,1,3,2025-03-06,Franklin,Residential,1,1,325.8,2.34,2.38,68.9,76.61,1,0,0,42,20,4.8
1046,1479,411,5,6,2025-03-06,Spring Hill,Residential,0,0,210.05,1.42,0.94,29.12,28.34,1,0,0,63,256,4.7
1047,1483,79,2,7,2025-03-06,Franklin,Residential,0,0,544.55,2.34,2.61,91.34,124.28,1,0,0,34,222,4.3
1048,1484,1288,6,2,2025-03-06,Spring Hill,Residential,0,0,872.85,3.41,3.41,119.48,373.74,1,0,0,26,128,5.0
1049,1485,259,5,3,2025-03-06,Nashville,Residential,1,0,161.91,1.21,1.44,41.79,24.76,1,0,0,49,182,4.6
1050,1486,964,5,2,2025-03-06,Franklin,Residential,1,0,224.9,1.24,1.15,40.25,28.72,1,0,0,19,263,4.9
1051,1489,35,5,7,2025-03-07,Brentwood,Residential,0,0,248.51,1.14,1.11,38.89,32.1,1,0,0,30,197,4.5
1052,1490,26,2,3,2025-03-07,Nashville,Residential,1,0,708.93,1.99,2.57,74.61,198.89,1,0,0,44,168,4.0
1053,1491,362,5,8,2025-03-07,Spring Hill,Residential,1,0,267.59,1.15,1.32,35.55,40.7,0,1,0,26,302,3.7
1054,1492,583,5,3,2025-03-07,Brentwood,Residential,1,0,228.94,1.31,1.44,41.67,33.03,1,0,0,46,316,4.2
1055,1494,529,5,4,2025-03-07,Nashville,Residential,0,0,138.24,1.31,1.4,39.09,21.38,1,0,0,37,205,4.4
1056,1495,1268,5,8,2025-03-07,Nashville,Residential,0,0,214.04,1.4,1.57,42.41,34.63,1,0,0,37,244,4.3
1057,1496,332,7,6,2025-03-07,Nolensville,Residential,1,0,1498.76,4.27,3.77,116.77,411.8,1,0,0,41,206,4.7
1058,1498,841,6,5,2025-03-07,Nolensville,Residential,1,0,1319.47,3.14,3.3,118.66,450.77,1,0,0,62,282,4.2
1059,1499,1390,2,5,2025-03-07,Nashville,Residential,1,0,810.26,2.53,3.07,110.48,186.35,1,0,0,8,187,4.7
1060,1500,536,1,2,2025-03-07,Nashville,Commercial,1,0,689.79,2.18,2.13,74.66,181.47,1,0,0,66,301,4.8
1061,1501,737,1,7,2025-03-07,Spring Hill,Residential,1,0,510.9,2.32,1.55,54.41,114.67,1,0,0,45,316,4.7
1062,1503,259,1,1,2025-03-07,Nashville,Residential,1,0,396.94,2.52,2.74,93.15,94.55,1,0,0,21,334,4.6
1063,1504,421,5,1,2025-03-07,Franklin,Residential,0,0,177.15,1.64,1.43,48.46,25.97,1,0,0,29,216,5.0
1064,1505,10,5,4,2025-03-07,Franklin,Commercial,0,0,344.86,1.16,0.94,26.26,45.7,1,0,0,38,308,4.3
1065,1506,1397,5,7,2025-03-07,Spring Hill,Residential,0,0,203.01,1.31,1.49,52.08,28.25,1,0,0,50,261,4.6
1066,1508,1346,7,6,2025-03-07,Spring Hill,Residential,0,0,925.02,4.44,4.78,148.26,231.56,1,0,0,59,326,4.5
1067,1510,767,6,2,2025-03-07,Nashville,Residential,1,0,1176.29,3.28,4.04,141.45,539.35,1,0,0,36,241,4.6
1068,1511,337,5,4,2025-03-07,Nashville,Commercial,1,0,395.87,1.13,1.27,35.47,69.81,0,1,0,36,276,3.9
1069,1512,973,1,7,2025-03-07,Franklin,Residential,1,0,464.38,1.97,1.71,59.7,111.25,0,0,0,43,317,4.3
1070,1513,581,1,7,2025-03-08,Spring Hill,Commercial,0,0,796.64,1.85,2.56,89.63,166.74,1,0,0,44,287,4.6
1071,1514,402,5,3,2025-03-08,Franklin,Residential,0,0,207.94,1.14,1.52,44.09,39.97,1,0,0,48,323,4.9
1072,1515,350,2,7,2025-03-08,Nashville,Residential,1,0,449.06,2.17,2.05,71.78,105.11,0,0,0,38,351,4.7
1073,1516,868,5,5,2025-03-08,Nashville,Residential,0,0,230.15,1.39,1.39,49.88,35.14,0,1,0,28,267,4.2
1074,1518,820,1,3,2025-03-08,Nashville,Residential,1,0,484.22,2.31,2.73,79.25,126.36,1,0,0,50,289,4.8
1075,1519,801,1,7,2025-03-08,Nashville,Residential,0,0,373.63,2.11,2.67,93.48,88.56,1,0,0,45,301,4.7
1076,1522,1294,5,6,2025-03-08,Franklin,Residential,0,0,213.97,1.38,1.3,40.42,35.76,1,0,0,43,236,4.5
1077,1523,170,1,4,2025-03-08,Nashville,Residential,0,1,370.21,2.25,2.42,67.67,77.75,1,0,0,46,160,4.8
1078,1525,592,6,6,2025-03-08,Nashville,Commercial,0,0,2446.49,3.78,3.78,117.3,1245.38,1,0,0,44,364,4.8
1079,1526,83,5,6,2025-03-08,Nolensville,Residential,0,0,207.99,1.36,1.43,44.29,28.04,1,0,0,58,258,4.9
1080,1527,951,1,4,2025-03-08,Franklin,Residential,0,0,463.79,2.48,2.34,65.64,107.58,0,0,0,27,251,4.6
1081,1530,1434,5,6,2025-03-09,Nolensville,Commercial,1,0,291.16,1.56,1.27,39.34,40.22,1,0,0,54,265,4.8
1082,1531,635,6,1,2025-03-09,Spring Hill,Residential,1,0,1316.79,3.15,2.74,93.16,551.36,1,0,0,39,324,5.0
1083,1532,1211,1,1,2025-03-09,Nolensville,Residential,0,0,422.32,1.91,1.83,62.31,89.57,1,0,0,57,173,5.0
1084,1533,1206,2,3,2025-03-09,Nashville,Residential,1,1,452.97,2.59,2.89,83.83,114.75,1,0,0,22,85,4.7
1085,1534,1212,5,4,2025-03-09,Nashville,Residential,0,0,242.58,1.2,1.29,36.24,39.53,1,0,1,17,233,4.3
1086,1536,929,2,5,2025-03-09,Brentwood,Residential,0,0,477.77,2.5,2.75,99.14,102.88,1,0,0,41,211,4.5
1087,1537,103,7,3,2025-03-09,Brentwood,Residential,1,0,1082.43,3.91,3.66,106.15,271.36,1,0,0,52,268,4.6
1088,1538,790,1,6,2025-03-09,Franklin,Residential,0,0,401.42,2.21,1.95,60.39,93.62,1,0,0,46,251,5.0
1089,1539,363,5,3,2025-03-09,Nashville,Residential,1,0,245.22,1.06,0.94,27.27,32.08,1,0,0,24,176,4.7
1090,1540,383,3,7,2025-03-09,Nolensville,Residential,0,0,6093.2,17.43,21.39,748.54,3903.96,1,0,0,50,324,4.9
1091,1542,1073,6,1,2025-03-09,Spring Hill,Commercial,0,0,2061.42,2.74,2.67,90.86,822.46,1,0,0,54,268,4.5
1092,1543,69,1,8,2025-03-10,Nashville,Residential,1,0,557.2,2.14,2.52,68.03,137.47,1,0,0,23,324,3.8
1093,1544,514,1,4,2025-03-10,Franklin,Residential,1,0,520.3,2.38,2.13,59.56,150.38,1,0,0,37,251,4.6
1094,1545,454,2,6,2025-03-10,Franklin,Residential,1,1,519.69,2.59,2.22,68.93,138.88,1,0,0,15,20,5.0
1095,1546,1126,2,4,2025-03-10,Nashville,Residential,0,1,474.01,2.39,3.16,88.43,109.04,1,0,1,55,131,4.7
1096,1548,1308,2,6,2025-03-10,Nashville,Residential,0,1,555.53,2.09,1.99,61.66,114.85,1,0,0,67,97,5.0
1097,1549,1390,6,7,2025-03-10,Nashville,Residential,1,0,1695.75,3.14,2.32,81.22,594.03,1,0,0,68,404,5.0
1098,1550,1310,5,3,2025-03-10,Nashville,Residential,0,0,200.39,1.25,1.32,38.26,30.65,1,0,1,37,164,4.7
1099,1551,458,7,6,2025-03-10,Spring Hill,Residential,0,0,1093.06,4.41,5.18,160.72,279.08,1,0,0,47,286,5.0
1100,1552,142,1,8,2025-03-10,Spring Hill,Residential,0,1,429.79,2.26,2.2,59.51,80.09,1,0,0,55,24,4.5
1101,1555,1401,1,6,2025-03-10,Spring Hill,Residential,0,0,445.75,2.23,2.42,74.98,83.4,1,0,0,63,163,4.7
1102,1556,394,2,4,2025-03-10,Franklin,Residential,0,0,554.83,2.78,3.1,86.71,129.26,1,0,0,30,194,4.9
1103,1557,12,5,3,2025-03-10,Brentwood,Residential,0,0,145.97,1.25,1.33,38.66,21.46,0,1,0,50,328,4.0
1104,1558,817,1,3,2025-03-10,Spring Hill,Residential,0,0,548.53,1.69,1.5,43.4,121.9,1,0,0,59,282,4.6
1105,1560,1034,4,5,2025-03-10,Nashville,Residential,0,0,2332.83,10.57,12.16,437.62,806.63,1,0,0,30,283,4.7
1106,1561,791,5,7,2025-03-11,Nashville,Residential,1,0,201.85,1.37,1.52,53.26,37.0,1,0,0,49,272,4.5
1107,1562,444,2,7,2025-03-11,Franklin,Residential,1,0,510.59,2.58,2.98,104.2,140.04,1,0,0,28,322,4.4
1108,1563,422,1,7,2025-03-11,Spring Hill,Residential,1,0,562.04,2.51,3.2,111.89,134.1,1,0,0,44,357,4.5
1109,1564,10,1,7,2025-03-11,Franklin,Commercial,0,0,870.27,2.66,2.93,102.38,192.34,1,0,1,50,247,4.8
1110,1565,890,1,1,2025-03-11,Nolensville,Residential,0,1,504.03,2.12,1.21,41.31,92.66,1,0,0,49,33,5.0
1111,1566,451,2,2,2025-03-11,Franklin,Commercial,1,0,1237.63,2.47,2.7,94.48,285.25,1,0,0,24,227,5.0
1112,1567,1129,1,3,2025-03-11,Brentwood,Residential,0,1,352.79,2.41,2.02,58.48,78.27,1,0,0,39,20,4.4
1113,1568,1178,2,8,2025-03-11,Brentwood,Residential,0,0,391.39,2.41,2.44,65.97,90.86,1,0,0,38,212,4.5
1114,1569,175,5,5,2025-03-11,Nashville,Residential,1,0,202.84,1.28,1.16,41.74,30.93,1,0,0,28,155,4.6
1115,1570,1296,6,2,2025-03-11,Brentwood,Residential,0,0,884.66,3.25,4.2,146.89,340.77,1,0,0,46,191,5.0
1116,1571,62,5,5,2025-03-11,Nashville,Residential,0,0,220.39,1.27,1.51,54.42,33.06,1,0,1,31,285,4.5
1117,1572,406,4,5,2025-03-11,Nashville,Residential,0,0,2530.84,8.89,6.59,237.31,834.98,1,0,0,24,178,4.9
1118,1573,858,5,7,2025-03-11,Nashville,Residential,0,0,198.39,1.23,1.09,38.19,29.55,1,0,0,36,206,4.9
1119,1574,533,5,6,2025-03-11,Brentwood,Residential,0,0,265.43,1.27,1.12,34.66,44.74,1,0,0,39,270,5.0
1120,1575,571,4,7,2025-03-11,Nashville,Residential,0,0,2104.75,10.37,8.26,288.99,676.37,0,0,0,42,316,4.3
1121,1576,1019,1,2,2025-03-11,Franklin,Residential,1,1,432.68,2.47,2.08,72.87,100.39,1,0,0,8,20,4.6
1122,1577,234,1,7,2025-03-11,Brentwood,Commercial,0,0,756.45,2.43,2.55,89.3,171.2,1,1,0,31,276,4.3
1123,1579,687,6,4,2025-03-11,Nolensville,Residential,0,0,1338.4,3.26,3.15,88.15,537.6,1,0,0,20,186,4.7
1124,1580,791,5,6,2025-03-11,Nashville,Residential,1,0,160.99,1.51,1.48,45.88,20.58,1,0,0,43,299,4.8
1125,1581,1050,5,8,2025-03-11,Nashville,Residential,1,0,207.09,1.03,1.33,35.9,27.54,1,0,0,32,260,4.3
1126,1584,1043,1,2,2025-03-11,Nashville,Residential,0,0,453.67,2.22,2.82,98.57,96.96,1,0,0,38,180,4.8
1127,1585,937,5,7,2025-03-11,Franklin,Commercial,0,0,266.63,1.06,0.88,30.83,39.86,1,0,0,35,203,4.3
1128,1587,347,5,8,2025-03-11,Franklin,Residential,0,0,240.16,1.26,1.59,42.95,41.2,1,0,1,21,288,4.8
1129,1588,672,2,3,2025-03-12,Franklin,Residential,0,0,633.83,2.52,2.55,74.03,111.02,1,0,0,52,177,4.4
1130,1589,133,4,5,2025-03-12,Nolensville,Residential,0,0,3654.59,10.96,9.17,330.03,901.31,1,0,0,33,278,4.7
1131,1590,852,2,3,2025-03-12,Spring Hill,Residential,1,0,436.09,2.51,2.87,83.18,100.62,1,0,0,59,231,4.3
1132,1591,1051,5,1,2025-03-12,Brentwood,Residential,0,0,218.15,1.47,1.16,39.54,25.12,1,0,0,24,295,4.8
1133,1593,990,3,5,2025-03-12,Nashville,Residential,0,0,12636.96,14.25,13.64,491.16,5658.01,1,0,0,28,253,4.9
1134,1594,1351,3,7,2025-03-12,Nashville,Residential,0,0,6903.94,12.53,12.98,454.14,3685.38,1,0,0,50,175,4.8
1135,1595,231,2,5,2025-03-12,Brentwood,Residential,1,0,468.77,2.3,2.29,82.36,109.91,1,0,0,52,272,4.5
1136,1596,1341,5,1,2025-03-12,Spring Hill,Residential,1,0,165.41,1.21,1.12,38.24,25.78,1,0,0,38,330,4.3
1137,1600,690,1,1,2025-03-12,Nolensville,Residential,0,0,486.11,2.06,2.09,71.21,77.45,1,0,0,60,170,4.9
1138,1603,1224,6,5,2025-03-12,Nashville,Residential,0,0,1181.39,3.72,4.54,163.28,477.92,1,0,0,36,201,5.0
1139,1604,135,1,2,2025-03-12,Brentwood,Residential,0,0,403.14,1.92,1.83,64.06,98.86,1,0,0,47,235,4.7
1140,1605,56,3,7,2025-03-12,Spring Hill,Residential,0,0,10447.5,16.74,15.58,545.14,4645.11,1,0,0,33,269,4.3
1141,1606,148,2,7,2025-03-12,Nashville,Residential,0,0,534.27,2.3,2.32,81.17,113.53,1,0,0,35,185,4.8
1142,1608,797,1,7,2025-03-12,Nashville,Residential,1,0,446.51,2.02,1.81,63.44,88.07,1,0,0,58,312,5.0
1143,1609,1091,1,5,2025-03-12,Nolensville,Residential,1,1,526.15,2.33,1.49,53.68,129.14,1,0,0,53,49,4.4
1144,1610,1219,1,1,2025-03-12,Nashville,Residential,0,0,612.02,2.35,2.33,79.18,133.82,1,0,0,22,301,4.6
1145,1611,632,1,7,2025-03-12,Brentwood,Residential,0,1,316.76,1.46,1.31,45.81,63.43,1,0,0,33,20,4.8
1146,1613,1099,2,4,2025-03-13,Franklin,Residential,0,0,655.93,2.52,3.47,97.09,160.98,1,0,0,49,247,4.4
1147,1617,1151,2,6,2025-03-13,Nashville,Residential,1,0,342.58,2.6,2.75,85.13,92.62,1,0,0,45,208,4.9
1148,1618,772,1,8,2025-03-13,Brentwood,Commercial,0,0,780.78,2.56,2.9,78.25,179.08,1,0,0,52,114,4.3
1149,1621,739,2,8,2025-03-13,Nashville,Commercial,0,0,956.35,2.98,4.31,116.3,213.78,1,0,0,21,237,4.4
1150,1624,1332,5,7,2025-03-13,Franklin,Residential,0,0,139.47,1.07,1.19,41.51,24.4,1,0,1,21,130,4.3
1151,1626,1385,5,2,2025-03-13,Brentwood,Commercial,0,0,267.28,1.36,1.7,59.44,51.03,1,0,0,57,120,4.9
1152,1627,1303,7,6,2025-03-13,Franklin,Residential,0,0,885.18,5.04,5.28,163.68,243.05,1,0,0,51,296,4.8
1153,1628,372,4,7,2025-03-13,Franklin,Commercial,1,0,4675.07,11.48,10.35,362.16,1343.5,1,0,0,44,164,5.0
1154,1629,1091,2,2,2025-03-13,Nolensville,Residential,1,1,492.74,2.65,2.42,84.71,105.66,1,0,0,25,184,4.8
1155,1630,588,4,5,2025-03-13,Nashville,Residential,0,0,2652.11,10.2,13.41,482.88,635.97,1,0,0,30,225,4.7
1156,1632,1252,2,8,2025-03-13,Brentwood,Commercial,1,0,1109.4,2.64,2.92,78.74,288.08,0,0,0,49,286,4.3
1157,1633,1274,1,2,2025-03-13,Nashville,Residential,0,0,398.83,1.95,2.28,79.86,98.77,1,1,0,28,361,4.7
1158,1636,1244,5,5,2025-03-13,Nashville,Residential,1,0,195.03,1.23,0.88,31.55,28.96,1,0,0,38,294,5.0
1159,1637,1063,5,8,2025-03-14,Spring Hill,Residential,1,0,253.24,1.76,2.22,59.84,38.4,1,0,0,33,233,4.1
1160,1638,135,3,5,2025-03-14,Brentwood,Residential,0,0,15351.25,18.6,18.58,668.83,8691.92,1,0,0,27,234,4.7
1161,1639,1071,1,6,2025-03-14,Nashville,Residential,0,0,552.99,2.22,1.44,44.5,127.78,1,0,0,50,304,4.9
1162,1642,260,1,1,2025-03-14,Brentwood,Commercial,0,0,748.7,2.55,2.44,82.87,160.73,1,0,0,20,203,4.4
1163,1643,1182,1,8,2025-03-14,Nashville,Residential,1,0,610.51,2.22,2.41,65.03,156.56,0,1,0,32,258,3.8
1164,1644,1161,7,5,2025-03-14,Nashville,Residential,1,0,573.88,4.12,3.8,136.82,143.3,1,0,0,20,248,4.7
1165,1645,353,2,8,2025-03-14,Nashville,Residential,0,0,452.61,2.14,2.15,58.1,98.38,0,0,1,44,134,3.9
1166,1647,232,4,7,2025-03-14,Franklin,Residential,0,0,3452.3,9.14,10.69,374.21,1131.67,1,0,0,66,314,4.7
1167,1648,1127,1,8,2025-03-14,Franklin,Residential,0,0,372.14,2.56,3.02,81.53,75.49,0,1,0,32,259,3.8
1168,1649,962,2,4,2025-03-14,Spring Hill,Residential,0,1,472.48,2.52,2.19,61.36,104.78,0,1,0,19,229,4.3
1169,1650,1275,5,1,2025-03-14,Brentwood,Residential,1,0,159.0,1.09,0.79,26.88,23.47,1,0,0,54,192,5.0
1170,1652,1121,1,2,2025-03-14,Franklin,Residential,0,0,355.2,2.17,1.73,60.52,66.01,1,0,0,23,262,4.7
1171,1653,1251,1,1,2025-03-14,Franklin,Residential,1,0,516.04,2.2,1.71,58.2,125.64,1,0,0,38,204,5.0
1172,1656,10,5,2,2025-03-14,Franklin,Commercial,0,0,224.37,1.18,1.55,54.38,41.18,1,0,0,21,97,5.0
1173,1657,203,2,1,2025-03-14,Brentwood,Residential,0,0,428.67,2.3,2.03,68.94,77.96,1,0,0,34,223,5.0
1174,1658,288,4,7,2025-03-15,Nolensville,Residential,0,0,2931.93,10.63,4.99,174.73,949.08,0,1,0,47,173,4.4
1175,1659,704,1,8,2025-03-15,Nashville,Residential,0,1,511.89,2.57,3.08,83.13,127.62,0,1,0,46,137,3.8
1176,1660,1189,1,6,2025-03-15,Spring Hill,Commercial,1,1,760.29,1.83,1.92,59.4,228.73,1,0,0,53,46,4.9
1177,1662,539,1,7,2025-03-15,Franklin,Residential,1,0,363.55,2.13,1.99,69.61,80.48,1,0,0,29,258,4.5
1178,1663,1084,5,5,2025-03-15,Franklin,Residential,0,0,194.95,1.27,1.44,51.9,25.73,1,0,0,47,201,4.9
1179,1664,1023,2,5,2025-03-15,Franklin,Residential,0,0,547.51,1.96,1.96,70.73,117.77,1,0,1,57,292,4.8
1180,1665,1325,5,8,2025-03-15,Nashville,Residential,0,0,155.2,1.52,1.93,52.17,20.22,1,0,0,22,317,4.3
1181,1666,600,1,4,2025-03-15,Nolensville,Residential,0,0,495.65,2.59,2.27,63.52,89.19,1,0,0,51,165,4.4
1182,1667,662,6,1,2025-03-15,Franklin,Residential,0,0,851.29,3.56,2.48,84.46,335.04,1,0,0,37,192,4.8
1183,1668,181,2,4,2025-03-15,Nashville,Residential,0,0,517.18,2.27,1.84,51.61,136.42,1,0,0,43,196,4.5
1184,1669,1117,1,4,2025-03-16,Nashville,Residential,1,0,652.27,2.18,2.22,62.14,171.96,1,0,0,48,355,4.6
1185,1670,331,5,8,2025-03-16,Nashville,Residential,0,0,197.93,1.29,1.65,44.57,30.94,1,0,0,46,264,4.2
1186,1671,1063,5,3,2025-03-16,Spring Hill,Residential,1,0,206.96,1.45,1.42,41.18,30.6,1,0,0,49,200,4.4
1187,1672,250,6,4,2025-03-16,Nashville,Residential,0,0,997.21,3.54,2.82,78.98,456.71,0,0,0,45,273,4.6
1188,1673,1440,7,1,2025-03-16,Spring Hill,Residential,0,0,836.84,4.81,3.7,125.93,235.98,1,0,0,31,337,5.0
1189,1674,1017,7,6,2025-03-16,Spring Hill,Residential,0,0,1227.0,5.04,5.18,160.63,400.79,1,0,0,22,224,4.8
1190,1676,248,1,6,2025-03-16,Nashville,Residential,0,0,474.88,2.61,2.95,91.31,99.42,1,0,0,30,234,5.0
1191,1677,560,6,5,2025-03-16,Nashville,Residential,0,0,1571.21,2.95,2.59,93.39,508.45,1,0,0,49,168,4.7
1192,1678,1445,1,1,2025-03-16,Franklin,Residential,1,0,666.46,2.54,2.94,99.81,163.13,1,0,0,42,239,5.0
1193,1679,803,1,7,2025-03-16,Spring Hill,Residential,0,0,325.97,2.59,2.57,90.11,59.69,1,0,1,66,220,4.6
1194,1680,1336,3,7,2025-03-16,Spring Hill,Residential,0,0,8105.54,18.73,23.17,810.84,4888.16,1,0,0,35,250,4.7
1195,1681,605,5,7,2025-03-17,Franklin,Commercial,0,0,351.77,1.19,1.42,49.84,53.73,1,0,0,9,339,4.9
1196,1682,87,2,4,2025-03-17,Spring Hill,Residential,0,1,445.65,2.28,3.06,85.82,89.39,0,1,0,44,20,3.6
1197,1683,706,2,5,2025-03-17,Nolensville,Commercial,0,1,1237.84,2.38,2.52,90.58,201.79,1,0,1,58,149,4.5
1198,1685,548,5,6,2025-03-17,Spring Hill,Commercial,1,0,394.97,1.41,1.21,37.43,50.95,0,0,0,38,162,4.2
1199,1686,71,4,5,2025-03-17,Nashville,Residential,1,0,2165.71,10.77,11.72,422.09,610.3,0,0,0,32,215,4.7
1200,1688,1216,5,4,2025-03-17,Nolensville,Residential,0,0,197.09,1.43,1.28,35.7,26.27,1,0,0,45,197,4.5
1201,1689,1070,2,4,2025-03-17,Franklin,Residential,0,0,569.13,2.56,2.99,83.84,111.24,0,0,0,27,224,4.6
1202,1690,632,1,2,2025-03-17,Brentwood,Residential,0,1,361.54,2.26,2.23,78.18,78.61,1,0,1,58,150,4.9
1203,1691,6,5,2,2025-03-17,Nashville,Residential,0,0,156.4,1.41,1.35,47.4,27.12,1,0,0,29,159,4.8
1204,1692,1037,6,6,2025-03-17,Nashville,Residential,0,0,1290.04,3.5,3.49,108.33,408.9,1,0,0,40,317,4.8
1205,1693,494,5,1,2025-03-17,Nashville,Residential,0,0,166.06,1.39,0.96,32.68,25.09,1,0,0,24,204,4.5
1206,1695,166,1,6,2025-03-17,Nashville,Residential,0,0,551.0,2.09,2.53,78.3,131.67,1,0,0,17,189,4.9
1207,1696,6,1,3,2025-03-17,Nashville,Residential,0,0,505.62,2.62,2.7,78.43,110.01,0,1,0,52,254,4.2
1208,1697,336,3,7,2025-03-17,Spring Hill,Residential,0,0,12456.76,16.96,19.28,674.88,5852.03,1,0,0,57,290,4.8
1209,1698,24,5,6,2025-03-17,Brentwood,Residential,0,0,214.9,1.41,1.24,38.58,31.06,0,1,0,14,252,4.5
1210,1699,300,1,3,2025-03-17,Brentwood,Residential,0,1,411.8,2.48,2.79,80.94,99.45,0,1,0,32,99,3.7
1211,1700,1241,3,5,2025-03-18,Nolensville,Residential,0,0,10050.15,20.47,26.33,947.71,5155.54,1,0,0,34,338,4.7
1212,1704,476,3,5,2025-03-18,Nashville,Residential,1,0,7909.54,18.78,18.34,660.22,4108.79,1,0,0,34,230,4.5
1213,1705,1274,3,7,2025-03-18,Nashville,Residential,0,0,10023.8,18.93,22.58,790.35,5018.57,1,0,0,40,278,4.8
1214,1706,787,7,8,2025-03-18,Nashville,Commercial,0,0,2509.58,5.42,4.8,129.7,650.64,1,0,0,8,223,4.6
1215,1707,521,3,7,2025-03-18,Brentwood,Residential,0,0,8236.56,17.13,20.79,727.64,3814.84,0,1,0,64,228,4.3
1216,1709,175,1,7,2025-03-18,Nashville,Residential,1,0,363.47,2.01,2.14,74.89,85.96,1,0,0,38,225,4.5
1217,1710,1197,6,2,2025-03-18,Nashville,Residential,1,0,1018.63,3.8,3.48,121.63,481.04,1,0,0,69,295,5.0
1218,1711,1185,3,7,2025-03-18,Brentwood,Residential,1,0,8873.51,20.96,18.3,640.38,4114.41,1,0,0,51,315,4.9
1219,1715,212,1,8,2025-03-18,Nashville,Residential,0,1,441.3,2.2,1.89,50.99,99.23,0,1,0,18,55,3.6
1220,1716,489,1,6,2025-03-19,Nashville,Residential,0,1,515.88,2.7,2.96,91.87,114.25,1,0,0,42,25,5.0
1221,1719,650,1,6,2025-03-19,Franklin,Commercial,1,0,765.8,1.63,1.53,47.48,193.66,1,0,0,50,226,5.0
1222,1722,163,2,5,2025-03-19,Nashville,Residential,1,0,576.75,1.91,2.0,72.07,133.72,1,0,0,34,207,4.5
1223,1723,876,2,4,2025-03-19,Brentwood,Residential,0,0,547.7,2.49,3.26,91.17,100.34,1,0,1,66,143,4.9
1224,1725,169,2,3,2025-03-19,Franklin,Residential,0,0,526.09,2.3,2.54,73.7,100.36,1,0,0,47,269,4.6
1225,1726,1314,1,8,2025-03-20,Franklin,Residential,1,0,485.72,2.48,3.27,88.35,128.87,0,1,0,31,288,3.8
1226,1729,812,2,1,2025-03-20,Spring Hill,Commercial,1,0,1111.32,1.85,1.91,64.78,306.39,1,0,0,38,246,5.0
1227,1730,54,3,7,2025-03-20,Spring Hill,Residential,0,0,10656.82,20.35,22.4,784.11,5788.61,0,1,0,41,226,4.4
1228,1732,1241,5,1,2025-03-20,Nolensville,Residential,0,0,185.03,1.3,1.15,39.11,27.81,1,0,0,42,257,4.8
1229,1733,829,6,4,2025-03-20,Nashville,Residential,0,0,1394.48,3.42,3.96,110.86,408.93,1,0,0,32,178,4.6
1230,1735,821,2,7,2025-03-20,Spring Hill,Residential,1,0,393.91,2.52,3.35,117.32,101.13,0,1,0,73,167,3.9
1231,1737,1357,1,8,2025-03-20,Franklin,Residential,0,0,542.51,2.19,2.59,69.96,111.71,1,0,0,50,269,4.6
1232,1739,794,5,6,2025-03-20,Brentwood,Residential,1,0,214.7,1.13,1.26,39.01,27.45,1,0,0,37,181,4.5
1233,1740,1409,5,5,2025-03-20,Nashville,Residential,0,0,182.08,1.32,2.02,72.79,25.23,0,0,0,18,228,5.0
1234,1742,7,5,5,2025-03-20,Brentwood,Residential,0,0,240.57,1.17,1.08,38.89,39.22,1,0,1,57,237,4.9
1235,1743,52,7,3,2025-03-20,Nolensville,Residential,1,0,1186.23,5.29,5.03,145.73,251.01,0,1,0,26,245,3.8
1236,1744,160,7,4,2025-03-21,Franklin,Residential,0,0,1648.36,5.11,4.23,118.31,338.7,0,0,0,28,200,4.5
1237,1745,467,5,8,2025-03-21,Brentwood,Residential,0,0,144.67,1.37,1.64,44.37,23.58,1,0,1,43,231,4.1
1238,1746,696,5,6,2025-03-21,Spring Hill,Residential,0,0,225.21,1.38,1.13,34.91,37.12,1,0,0,36,400,4.9
1239,1748,796,5,2,2025-03-21,Nolensville,Residential,0,0,208.85,1.35,1.7,59.41,26.5,1,0,0,55,159,4.3
1240,1749,191,1,3,2025-03-21,Nolensville,Residential,0,0,378.54,2.21,3.02,87.69,85.85,1,0,0,36,262,4.9
1241,1750,1358,2,6,2025-03-21,Spring Hill,Residential,0,0,598.68,2.55,2.21,68.43,131.72,1,0,0,35,212,4.6
1242,1752,93,5,3,2025-03-21,Nolensville,Residential,0,0,189.15,1.23,1.43,41.42,19.48,1,0,1,59,221,4.8
1243,1753,1353,5,6,2025-03-21,Nashville,Residential,1,0,182.6,1.56,1.68,51.99,28.17,0,1,0,43,315,4.2
1244,1754,660,1,5,2025-03-21,Brentwood,Residential,0,1,507.12,2.24,2.23,80.23,91.78,1,0,0,41,59,4.5
1245,1755,73,5,8,2025-03-21,Franklin,Residential,0,0,216.32,1.09,1.17,31.67,33.18,1,0,0,46,227,4.5
1246,1756,754,7,4,2025-03-21,Nolensville,Residential,0,0,1218.26,3.42,3.86,108.1,257.08,1,0,0,37,306,4.4
1247,1758,114,1,8,2025-03-22,Spring Hill,Residential,0,1,512.37,1.97,2.32,62.57,104.65,1,0,0,55,20,4.1
1248,1759,677,5,7,2025-03-22,Spring Hill,Residential,0,0,163.35,1.4,1.68,58.88,22.33,1,0,0,49,248,4.5
1249,1761,1399,3,7,2025-03-22,Nolensville,Residential,0,0,7484.6,20.15,22.34,781.85,4134.32,1,0,0,13,222,4.6
1250,1763,734,5,7,2025-03-22,Nashville,Residential,0,0,156.65,1.15,1.17,40.97,26.2,1,0,0,29,225,4.3
1251,1765,969,2,4,2025-03-22,Brentwood,Residential,0,0,507.66,1.89,1.95,54.66,100.15,0,0,0,63,169,4.4
1252,1767,956,1,6,2025-03-22,Brentwood,Residential,0,1,713.04,2.39,1.99,61.84,148.31,1,0,0,13,43,5.0
1253,1768,1401,2,4,2025-03-22,Spring Hill,Residential,0,1,586.1,2.72,2.95,82.72,127.96,1,0,0,39,182,4.6
1254,1770,797,1,6,2025-03-23,Nashville,Residential,1,0,402.26,2.28,2.78,86.16,104.32,1,0,0,48,243,4.6
1255,1771,164,6,5,2025-03-23,Brentwood,Residential,1,0,1355.25,2.84,3.23,116.11,546.04,1,0,0,39,291,4.7
1256,1772,204,2,1,2025-03-23,Franklin,Residential,1,0,372.78,2.04,2.44,82.84,75.35,1,0,0,48,292,4.7
1257,1773,1023,5,1,2025-03-23,Franklin,Residential,0,0,185.99,1.11,0.68,23.29,28.22,1,0,0,59,331,5.0
1258,1774,698,3,7,2025-03-23,Spring Hill,Residential,0,0,9574.66,17.78,17.85,624.88,6028.75,1,0,0,32,180,4.2
1259,1775,1180,5,6,2025-03-23,Franklin,Residential,1,0,180.56,1.37,1.32,40.79,25.51,1,0,0,39,174,4.8
1260,1777,955,2,4,2025-03-23,Brentwood,Residential,0,0,379.26,2.42,2.68,75.15,88.45,1,0,0,73,296,4.5
1261,1778,1151,5,7,2025-03-23,Nashville,Residential,1,0,146.91,1.3,1.44,50.31,21.3,1,0,0,25,216,4.1
1262,1779,236,2,1,2025-03-23,Nashville,Residential,0,0,548.92,2.79,2.59,88.12,125.54,1,0,0,50,302,4.5
1263,1782,1155,4,7,2025-03-23,Nashville,Residential,0,0,3341.51,10.46,11.64,407.49,987.02,1,0,0,47,334,4.9
1264,1786,1127,7,4,2025-03-24,Franklin,Residential,0,0,1432.44,4.65,5.5,153.96,312.11,1,0,0,31,244,4.5
1265,1787,688,1,3,2025-03-24,Brentwood,Residential,0,0,310.27,2.04,1.37,39.66,73.83,1,0,0,57,256,4.1
1266,1788,422,2,8,2025-03-24,Spring Hill,Residential,1,1,461.17,2.69,2.32,62.69,109.41,1,0,0,48,82,4.5
1267,1789,405,3,7,2025-03-24,Franklin,Commercial,0,0,17019.73,18.22,15.5,542.66,9066.05,1,0,0,19,147,5.0
1268,1791,1345,2,4,2025-03-24,Spring Hill,Residential,0,0,421.33,2.37,2.43,67.95,97.5,0,1,1,8,201,3.7
1269,1792,1052,7,6,2025-03-24,Spring Hill,Residential,1,0,1013.75,4.48,4.72,146.31,249.07,1,0,0,60,222,4.8
1270,1795,395,5,4,2025-03-24,Brentwood,Commercial,1,0,356.71,1.19,1.53,42.79,54.8,1,0,0,54,225,4.3
1271,1796,153,1,6,2025-03-24,Franklin,Residential,1,0,508.35,2.37,2.07,64.3,120.07,1,0,0,37,208,5.0
1272,1797,524,5,7,2025-03-24,Nashville,Residential,0,0,170.23,1.2,1.36,47.56,25.1,1,0,0,35,290,3.9
1273,1799,1039,1,4,2025-03-24,Franklin,Residential,0,0,442.11,2.45,2.66,74.51,95.49,0,1,0,38,214,3.9
1274,1800,517,1,4,2025-03-24,Spring Hill,Residential,0,0,441.46,2.42,3.2,89.5,89.95,1,0,0,28,218,4.2
1275,1801,808,7,1,2025-03-25,Nolensville,Commercial,1,0,2156.6,4.47,3.66,124.36,549.67,1,0,0,55,234,4.7
1276,1802,28,1,7,2025-03-25,Franklin,Commercial,1,0,648.63,2.55,3.33,116.69,131.04,1,0,0,28,233,4.7
1277,1803,613,1,8,2025-03-25,Brentwood,Residential,0,0,395.91,2.09,2.11,56.99,94.8,1,0,0,17,130,4.2
1278,1804,1017,5,1,2025-03-25,Spring Hill,Residential,0,0,158.65,1.25,1.33,45.21,25.87,1,0,0,48,330,4.8
1279,1805,1166,1,3,2025-03-25,Nashville,Residential,0,0,336.52,1.53,1.6,46.45,76.24,1,0,0,43,272,4.6
1280,1806,537,1,7,2025-03-25,Brentwood,Residential,0,0,536.09,2.16,1.8,62.88,118.73,1,0,0,14,205,4.5
1281,1807,709,3,5,2025-03-25,Nolensville,Residential,0,0,13308.07,17.17,14.38,517.68,7366.62,1,0,0,49,183,4.5
1282,1808,716,1,8,2025-03-25,Nashville,Residential,1,0,515.27,2.14,2.05,55.47,141.39,0,1,0,23,241,3.6
1283,1809,760,5,5,2025-03-25,Nashville,Residential,0,0,183.38,1.05,1.0,35.94,28.97,1,0,1,23,178,4.6
1284,1810,1276,2,3,2025-03-25,Nashville,Residential,0,0,423.34,2.16,2.47,71.53,91.44,1,0,0,42,205,4.5
1285,1811,723,1,6,2025-03-25,Franklin,Residential,1,0,308.71,2.34,2.72,84.24,79.35,1,0,0,51,247,4.8
1286,1815,477,1,5,2025-03-26,Nashville,Residential,0,0,609.23,2.39,1.7,61.37,145.08,1,0,0,36,222,4.7
1287,1817,513,5,6,2025-03-26,Nashville,Residential,1,0,184.57,0.92,0.76,23.54,27.66,1,0,0,35,193,4.9
1288,1818,1246,5,4,2025-03-26,Spring Hill,Residential,1,0,238.37,1.5,1.48,41.4,36.84,1,0,0,17,289,4.8
1289,1819,1275,1,7,2025-03-26,Brentwood,Residential,1,1,476.96,2.34,2.31,80.79,120.56,1,0,0,21,114,4.9
1290,1820,238,4,7,2025-03-26,Franklin,Residential,0,0,2488.89,9.54,9.99,349.62,730.04,1,0,0,31,216,4.6
1291,1823,254,1,2,2025-03-26,Franklin,Residential,1,0,516.65,2.04,1.49,52.19,146.52,1,0,0,8,254,4.6
1292,1824,126,1,2,2025-03-26,Nashville,Residential,0,1,480.89,2.01,1.93,67.45,101.19,1,0,0,39,20,4.8
1293,1825,1009,1,2,2025-03-26,Nashville,Residential,0,1,738.14,2.61,2.31,80.88,169.93,1,0,1,46,20,4.7
1294,1828,1333,3,7,2025-03-26,Franklin,Residential,0,0,11081.05,14.71,14.93,522.58,6207.67,1,0,0,20,242,4.8
1295,1831,143,5,2,2025-03-26,Brentwood,Residential,0,0,245.47,1.48,1.48,51.95,34.93,1,0,0,25,144,5.0
1296,1832,489,1,1,2025-03-27,Nashville,Residential,0,0,421.05,2.25,2.26,76.71,98.82,1,0,0,17,136,4.9
1297,1834,850,2,1,2025-03-27,Brentwood,Residential,0,0,516.56,2.48,2.08,70.55,123.42,1,0,1,23,253,4.7
1298,1836,825,2,1,2025-03-27,Nashville,Residential,0,0,363.2,2.52,2.43,82.66,74.94,1,0,1,39,257,4.9
1299,1837,1103,5,3,2025-03-27,Nolensville,Residential,0,0,248.33,1.28,1.26,36.47,44.45,1,0,0,30,230,4.7
1300,1838,871,5,3,2025-03-27,Franklin,Commercial,0,0,348.36,1.54,1.3,37.84,59.0,1,0,0,17,182,4.7
1301,1839,1135,2,4,2025-03-27,Franklin,Residential,0,1,510.87,2.55,2.6,72.79,120.26,1,0,0,58,20,4.6
1302,1840,502,1,3,2025-03-27,Nolensville,Residential,0,0,552.53,2.39,2.66,77.25,113.42,1,0,0,26,283,4.7
1303,1841,334,4,7,2025-03-27,Brentwood,Residential,0,0,2280.83,10.75,11.63,406.88,790.77,1,0,0,31,241,4.7
1304,1842,1356,2,3,2025-03-27,Franklin,Residential,1,0,438.56,2.17,2.26,65.48,110.59,1,0,0,35,318,5.0
1305,1846,669,1,1,2025-03-27,Franklin,Residential,1,0,301.87,2.31,2.46,83.5,84.24,1,0,0,52,124,4.8
1306,1848,148,6,5,2025-03-27,Nashville,Residential,0,0,1676.29,4.06,3.13,112.86,512.55,0,0,0,38,299,4.8
1307,1850,709,5,4,2025-03-27,Nolensville,Residential,0,0,120.63,1.2,1.41,39.44,18.9,1,0,0,51,360,4.2
1308,1852,1182,6,3,2025-03-27,Nashville,Residential,1,0,950.81,3.77,4.03,117.0,390.28,1,0,0,48,273,4.8
1309,1857,163,1,4,2025-03-27,Nashville,Residential,1,0,435.6,2.08,2.28,63.76,112.31,1,0,0,32,236,4.6
1310,1859,1199,1,4,2025-03-27,Franklin,Residential,1,0,429.67,2.2,2.43,68.07,108.32,1,0,0,67,209,4.2
1311,1860,1359,5,4,2025-03-27,Nolensville,Residential,0,0,184.25,1.21,1.57,43.93,26.25,1,0,0,44,266,4.5
1312,1861,1427,5,7,2025-03-28,Nolensville,Residential,1,0,209.09,1.26,1.06,37.12,31.77,1,0,0,47,162,4.8
1313,1862,715,3,7,2025-03-28,Nashville,Residential,0,0,10168.15,13.01,14.83,519.18,6103.81,1,0,0,53,233,4.7
1314,1863,229,2,6,2025-03-28,Nashville,Residential,0,0,607.59,2.13,1.26,39.04,133.12,1,0,1,40,284,4.9
1315,1865,939,2,6,2025-03-28,Franklin,Residential,0,0,455.04,2.74,3.39,105.07,115.38,0,1,1,40,139,4.3
1316,1867,1158,5,6,2025-03-28,Nashville,Residential,1,0,196.19,1.57,1.46,45.16,29.43,0,0,0,15,262,4.9
1317,1868,353,1,8,2025-03-28,Nashville,Residential,0,0,445.24,2.64,3.07,82.78,94.77,1,0,0,26,273,4.2
1318,1869,748,5,6,2025-03-28,Franklin,Commercial,0,0,248.04,1.45,1.14,35.31,30.18,1,0,0,42,235,5.0
1319,1873,440,1,2,2025-03-28,Franklin,Residential,0,0,475.76,2.28,2.28,79.95,96.21,1,0,0,19,143,5.0
1320,1874,932,5,1,2025-03-28,Franklin,Residential,0,0,186.02,1.2,0.98,33.24,29.01,1,0,0,41,290,4.9
1321,1875,158,5,2,2025-03-29,Nolensville,Residential,0,0,200.44,1.33,1.18,41.47,24.34,1,0,0,55,200,4.5
1322,1876,219,1,2,2025-03-29,Nolensville,Residential,0,0,431.51,2.45,2.02,70.61,83.55,1,0,0,46,119,4.8
1323,1877,872,1,2,2025-03-29,Franklin,Residential,1,1,353.56,2.02,1.66,58.21,79.95,1,0,0,20,59,4.7
1324,1878,912,1,4,2025-03-29,Franklin,Residential,0,1,459.35,2.47,2.78,77.94,85.41,1,0,1,38,77,4.5
1325,1879,1125,2,1,2025-03-29,Brentwood,Residential,0,1,456.89,2.42,2.87,97.68,132.79,1,0,0,16,150,4.7
1326,1881,166,1,4,2025-03-29,Nashville,Residential,0,0,454.59,2.6,3.04,85.09,95.1,1,0,0,76,226,4.8
1327,1882,918,5,1,2025-03-29,Spring Hill,Commercial,1,0,307.71,1.67,1.83,62.13,49.32,1,0,0,53,287,4.8
1328,1883,1206,1,4,2025-03-29,Nashville,Residential,1,0,446.78,2.13,1.89,52.89,102.19,0,1,0,55,239,3.3
1329,1884,1349,1,2,2025-03-29,Nashville,Residential,0,0,423.92,1.56,1.31,45.75,102.67,1,0,0,47,291,5.0
1330,1886,1274,1,4,2025-03-29,Nashville,Residential,0,1,493.62,2.49,3.18,89.14,95.46,0,1,1,31,30,3.7
1331,1887,401,1,7,2025-03-29,Nashville,Residential,1,0,483.86,1.73,1.48,51.72,106.22,0,0,0,34,294,4.5
1332,1888,481,5,4,2025-03-29,Franklin,Residential,0,0,237.29,1.41,1.34,37.47,30.31,1,0,0,46,261,4.4
1333,1889,628,1,4,2025-03-29,Nolensville,Residential,1,0,376.38,2.46,3.07,85.97,101.83,1,0,0,45,348,4.2
1334,1890,977,5,8,2025-03-29,Spring Hill,Residential,0,0,155.07,1.4,1.94,52.31,24.58,1,0,0,36,314,4.6
1335,1894,1220,1,3,2025-03-30,Nashville,Residential,1,0,487.54,2.19,1.7,49.34,141.74,1,0,0,43,277,4.7
1336,1897,692,6,1,2025-03-30,Nashville,Commercial,0,0,1955.05,3.57,3.2,108.86,982.68,1,0,0,33,218,5.0
1337,1898,1167,1,4,2025-03-30,Nolensville,Residential,0,0,384.81,2.32,2.07,57.83,88.87,1,0,0,60,253,4.3
1338,1899,1137,1,1,2025-03-31,Spring Hill,Residential,0,0,567.43,2.29,1.85,63.03,101.08,1,0,0,49,276,4.8
1339,1900,44,1,5,2025-03-31,Brentwood,Residential,0,0,510.16,1.99,2.11,75.97,104.99,1,0,0,54,247,4.8
1340,1901,164,1,5,2025-03-31,Brentwood,Residential,1,0,438.26,2.28,1.94,69.66,106.69,1,0,0,34,244,4.6
1341,1902,203,5,8,2025-03-31,Brentwood,Residential,0,0,140.37,1.5,2.03,54.92,22.08,1,0,1,24,254,4.4
1342,1904,1125,1,3,2025-03-31,Brentwood,Residential,0,0,403.99,2.37,2.96,85.79,87.26,1,0,0,59,164,4.5
1343,1905,131,6,7,2025-03-31,Nolensville,Residential,1,0,1163.72,3.96,4.58,160.33,451.77,1,0,0,33,287,4.3
1344,1906,921,5,6,2025-03-31,Spring Hill,Residential,1,0,192.47,1.56,1.54,47.88,27.86,1,0,0,36,209,4.7
1345,1909,542,2,6,2025-03-31,Spring Hill,Residential,0,0,695.31,2.7,2.47,76.64,118.05,1,0,0,37,102,4.8
1346,1910,1208,1,3,2025-03-31,Brentwood,Residential,0,0,423.68,2.25,2.61,75.63,83.38,1,0,1,24,149,4.7
1347,1911,1310,2,7,2025-03-31,Nashville,Residential,0,0,357.26,2.65,2.29,80.12,79.25,1,0,0,27,205,4.7
1348,1912,1336,4,7,2025-04-01,Spring Hill,Residential,0,0,2496.99,9.0,7.93,277.61,818.16,1,0,0,43,185,4.6
1349,1913,104,1,4,2025-04-01,Nashville,Residential,0,0,459.52,2.0,2.43,68.15,83.84,1,0,0,26,155,4.7
1350,1914,595,1,7,2025-04-01,Nashville,Residential,1,1,496.58,2.26,1.86,65.19,130.58,1,0,0,41,140,4.7
1351,1915,877,4,7,2025-04-01,Spring Hill,Residential,0,0,2345.11,10.21,8.62,301.54,804.8,1,0,0,57,105,5.0
1352,1916,1100,6,7,2025-04-01,Franklin,Residential,1,0,924.27,3.76,3.63,126.94,420.31,1,0,0,22,133,4.6
1353,1917,1321,1,8,2025-04-01,Nashville,Residential,0,0,390.95,2.28,2.71,73.04,87.46,1,0,0,16,275,4.2
1354,1918,1237,1,3,2025-04-01,Nashville,Residential,1,0,384.41,2.06,2.42,70.07,85.39,1,0,0,42,341,4.6
1355,1919,350,2,7,2025-04-01,Nashville,Residential,1,1,512.61,2.31,2.42,84.59,117.78,1,0,0,56,111,4.6
1356,1920,1440,1,3,2025-04-01,Spring Hill,Residential,0,1,457.67,2.16,2.41,69.99,87.64,1,0,0,65,91,4.6
1357,1921,337,2,7,2025-04-01,Nashville,Commercial,1,0,967.49,2.56,2.51,87.74,265.83,1,0,0,36,260,4.8
1358,1922,857,2,7,2025-04-01,Nashville,Residential,0,0,400.99,2.18,2.52,88.18,72.34,1,0,0,30,131,4.6
1359,1923,298,2,8,2025-04-01,Nashville,Residential,0,0,605.54,2.38,1.96,52.99,131.25,1,0,0,25,287,4.3
1360,1924,341,3,7,2025-04-01,Spring Hill,Residential,1,0,8114.02,20.21,19.68,688.8,4232.41,1,0,0,37,220,4.5
1361,1927,1189,1,3,2025-04-01,Spring Hill,Commercial,1,1,965.8,2.66,2.81,81.4,245.37,1,0,0,21,62,4.3
1362,1928,1100,6,6,2025-04-01,Franklin,Residential,1,0,1022.21,3.52,2.78,86.21,380.92,1,0,0,29,347,4.8
1363,1929,962,2,2,2025-04-01,Spring Hill,Residential,0,0,532.69,2.71,2.64,92.33,106.05,1,0,0,57,248,4.8
1364,1930,635,5,8,2025-04-01,Spring Hill,Residential,1,0,150.35,1.44,1.52,41.05,21.67,1,1,0,34,201,3.7
1365,1931,1085,3,7,2025-04-01,Nashville,Residential,0,0,9622.02,17.92,15.86,555.21,5740.34,1,0,0,40,179,4.4
1366,1932,911,7,6,2025-04-02,Franklin,Commercial,0,0,1890.36,4.96,4.94,153.15,486.44,1,1,0,47,335,3.9
1367,1934,423,1,8,2025-04-02,Franklin,Commercial,1,0,533.24,1.95,2.17,58.66,118.99,1,0,0,28,238,3.9
1368,1935,1438,1,7,2025-04-02,Brentwood,Commercial,0,0,523.75,1.92,2.1,73.35,123.17,1,0,0,32,228,4.9
1369,1936,1169,2,4,2025-04-02,Spring Hill,Residential,0,0,514.04,1.71,1.66,46.59,116.99,1,0,0,36,222,4.6
1370,1937,871,5,3,2025-04-02,Franklin,Commercial,0,0,436.96,1.51,1.79,51.89,58.25,1,0,1,42,177,4.9
1371,1938,836,2,1,2025-04-02,Franklin,Residential,0,0,601.66,2.3,1.18,40.04,126.55,0,1,0,39,306,4.2
1372,1939,78,6,8,2025-04-02,Nashville,Commercial,0,0,2262.15,3.58,5.15,139.06,824.45,1,0,0,14,259,4.0
1373,1940,103,5,6,2025-04-02,Brentwood,Residential,1,0,134.25,1.47,1.59,49.14,18.41,1,0,0,17,355,4.8
1374,1941,1310,1,1,2025-04-02,Nashville,Residential,0,0,554.31,1.88,1.81,61.42,120.7,1,0,0,31,256,4.9
1375,1943,422,7,6,2025-04-02,Spring Hill,Residential,1,0,1025.42,4.19,4.59,142.17,250.68,1,0,0,36,289,4.7
1376,1945,336,2,8,2025-04-02,Spring Hill,Residential,0,0,476.13,2.41,2.56,69.24,97.53,1,0,1,46,204,4.2
1377,1946,127,4,5,2025-04-02,Nashville,Residential,0,0,2097.87,10.29,13.07,470.61,720.4,1,0,0,30,329,4.9
1378,1948,1065,3,5,2025-04-02,Nashville,Residential,0,0,9873.85,19.28,22.82,821.58,4675.82,1,0,0,27,219,4.5
1379,1949,353,5,8,2025-04-02,Nashville,Residential,0,0,164.6,1.2,1.3,34.97,23.65,1,0,0,41,258,4.1
1380,1952,1066,2,6,2025-04-03,Nashville,Residential,0,1,551.1,2.06,2.03,62.95,106.3,1,0,0,63,63,4.7
1381,1953,840,5,3,2025-04-03,Nolensville,Residential,0,0,148.12,1.13,1.14,32.96,20.32,1,0,1,40,280,4.2
1382,1954,483,5,6,2025-04-03,Nashville,Residential,0,0,170.45,1.32,1.26,39.07,24.73,1,0,1,50,156,5.0
1383,1955,892,4,5,2025-04-03,Nashville,Residential,0,0,1769.71,11.25,12.88,463.54,491.7,1,0,0,19,208,4.4
1384,1956,668,1,4,2025-04-03,Franklin,Residential,0,1,465.91,2.49,2.26,63.33,119.16,1,0,0,41,171,4.7
1385,1957,151,2,4,2025-04-03,Nolensville,Residential,0,0,674.81,2.42,2.46,68.81,158.84,0,0,0,48,206,4.8
1386,1958,433,2,7,2025-04-03,Spring Hill,Residential,0,1,607.61,2.35,3.11,108.98,119.24,1,0,0,57,64,4.8
1387,1959,906,1,4,2025-04-03,Spring Hill,Residential,0,0,565.74,1.98,2.09,58.52,113.71,1,0,0,36,219,5.0
1388,1961,1134,1,8,2025-04-03,Spring Hill,Residential,0,0,402.08,1.85,2.18,58.95,85.55,1,0,0,56,205,4.3
1389,1962,289,5,5,2025-04-03,Spring Hill,Residential,0,0,167.2,1.23,1.24,44.76,24.35,1,0,0,45,189,4.8
1390,1963,925,7,6,2025-04-03,Nolensville,Residential,1,0,1159.38,4.54,3.99,123.73,317.02,1,0,0,45,194,4.8
1391,1965,764,1,4,2025-04-03,Nashville,Residential,1,0,449.02,1.74,1.55,43.51,98.36,1,0,0,44,266,4.6
1392,1966,381,2,7,2025-04-03,Spring Hill,Residential,0,0,586.47,2.3,1.9,66.58,120.73,1,0,0,54,250,4.1
1393,1967,1434,5,2,2025-04-03,Nolensville,Commercial,1,0,292.78,1.04,1.14,39.95,42.91,1,0,0,58,232,5.0
1394,1968,408,1,2,2025-04-03,Franklin,Residential,0,1,422.48,1.95,2.22,77.69,85.68,1,0,0,8,219,4.9
1395,1969,669,5,4,2025-04-03,Franklin,Residential,1,0,224.94,1.3,1.62,45.48,32.05,0,0,0,40,268,4.5
1396,1970,653,2,8,2025-04-03,Franklin,Residential,0,0,587.49,2.55,3.72,100.35,105.79,1,0,1,55,302,3.9
1397,1972,1049,1,5,2025-04-03,Franklin,Residential,0,1,453.89,1.92,1.69,60.97,98.15,0,1,0,37,26,4.2
1398,1973,715,5,7,2025-04-03,Nashville,Residential,0,0,204.03,1.27,1.12,39.3,27.38,1,0,0,56,188,4.6
1399,1974,744,2,5,2025-04-03,Franklin,Residential,1,1,621.52,2.78,3.02,108.75,107.89,1,0,0,52,106,4.7
1400,1975,1209,1,3,2025-04-03,Nashville,Residential,1,0,469.7,2.26,2.71,78.47,110.83,1,0,0,51,223,4.8
1401,1976,996,1,2,2025-04-03,Brentwood,Residential,0,0,479.43,1.97,2.19,76.82,97.35,1,0,0,60,250,5.0
1402,1977,143,6,3,2025-04-03,Brentwood,Residential,0,0,1088.88,3.54,3.17,91.79,451.74,1,1,0,64,314,3.8
1403,1978,596,7,3,2025-04-03,Spring Hill,Residential,1,0,1153.25,4.41,4.25,123.2,351.28,1,0,0,52,305,4.3
1404,1979,1097,5,6,2025-04-03,Brentwood,Residential,1,0,224.31,1.26,1.62,50.12,28.13,1,0,0,16,290,5.0
1405,1980,1133,5,6,2025-04-04,Nashville,Residential,1,0,180.34,1.47,1.25,38.63,25.97,0,0,0,22,222,5.0
1406,1983,426,2,2,2025-04-04,Franklin,Residential,0,0,577.08,2.55,2.63,91.91,114.12,1,0,0,27,256,4.8
1407,1985,1281,1,4,2025-04-04,Franklin,Residential,0,0,570.58,2.09,1.61,44.99,95.73,1,0,0,46,182,4.3
1408,1986,1335,1,2,2025-04-04,Nolensville,Residential,0,0,701.45,2.3,2.11,73.7,152.95,1,0,0,39,197,5.0
1409,1989,183,1,6,2025-04-04,Franklin,Commercial,0,0,1125.22,2.22,2.18,67.48,246.64,1,0,0,27,183,4.5
1410,1990,604,4,7,2025-04-04,Brentwood,Residential,0,0,2260.9,9.86,9.5,332.47,687.55,0,1,0,54,238,4.3
1411,1991,754,5,2,2025-04-04,Nolensville,Residential,0,0,206.27,1.19,1.14,40.05,31.68,1,0,0,31,121,4.7
1412,1992,844,6,2,2025-04-04,Nashville,Residential,0,0,1067.83,3.51,3.75,131.37,354.91,1,0,0,26,219,4.9
1413,1993,812,1,2,2025-04-04,Spring Hill,Commercial,1,0,683.34,2.53,1.55,54.4,176.33,1,0,0,33,291,4.6
1414,1994,404,1,1,2025-04-05,Franklin,Residential,1,1,491.5,2.56,2.23,75.81,120.92,1,0,0,50,47,4.6
1415,1996,1399,1,6,2025-04-05,Nolensville,Residential,0,0,553.17,2.53,2.06,63.95,129.11,1,0,0,24,219,4.4
1416,1999,1319,2,4,2025-04-05,Brentwood,Residential,0,1,519.25,2.5,2.45,68.61,106.01,1,0,0,38,97,4.6
1417,2001,92,1,7,2025-04-06,Nashville,Residential,0,0,596.48,2.39,2.28,79.86,130.46,1,0,0,45,266,4.6
1418,2002,1126,5,1,2025-04-06,Nashville,Residential,0,0,212.23,0.98,0.98,33.27,27.81,1,0,0,29,177,4.6
1419,2004,396,2,4,2025-04-06,Nolensville,Residential,0,0,557.07,3.09,3.85,107.7,101.34,1,0,0,31,210,4.2
1420,2006,414,2,8,2025-04-06,Nashville,Residential,0,0,386.88,2.86,3.13,84.4,78.63,0,1,0,45,292,4.0
1421,2008,1410,5,7,2025-04-06,Nashville,Residential,0,0,206.49,1.38,0.98,34.33,37.11,0,1,1,47,169,3.8
1422,2009,583,5,2,2025-04-06,Brentwood,Residential,1,0,154.38,1.4,1.16,40.53,23.14,0,0,0,47,357,5.0
1423,2010,994,5,1,2025-04-06,Franklin,Residential,1,0,170.86,1.41,1.12,38.16,24.11,1,0,0,69,336,4.9
1424,2011,852,1,8,2025-04-07,Spring Hill,Residential,1,0,340.93,2.28,2.61,70.49,86.94,0,0,0,42,236,4.0
1425,2013,669,5,7,2025-04-07,Franklin,Residential,1,0,220.01,1.09,1.37,47.93,35.93,1,0,0,12,332,4.7
1426,2014,988,6,6,2025-04-07,Nashville,Residential,1,0,934.63,3.59,3.83,118.73,391.06,1,0,0,42,370,5.0
1427,2017,335,1,4,2025-04-07,Franklin,Residential,1,1,512.99,2.19,2.81,78.56,139.96,1,0,0,31,20,4.6
1428,2018,20,3,7,2025-04-07,Nashville,Commercial,0,0,15877.91,17.1,19.25,673.71,9387.98,1,0,0,54,177,4.7
1429,2022,1227,5,4,2025-04-07,Nashville,Residential,0,0,135.33,1.29,1.64,45.88,23.91,1,0,1,39,273,4.4
1430,2023,1161,1,1,2025-04-07,Nashville,Residential,1,0,461.15,2.62,2.67,90.75,112.26,1,0,0,39,328,4.9
1431,2024,1041,6,5,2025-04-08,Brentwood,Commercial,1,0,1741.39,3.57,3.96,142.73,692.14,1,0,0,20,341,4.9
1432,2025,1046,1,6,2025-04-08,Nashville,Residential,0,0,541.82,2.34,2.11,65.26,104.72,1,0,0,28,272,4.7
1433,2026,782,5,6,2025-04-08,Brentwood,Residential,0,0,205.21,1.5,1.66,51.56,30.52,1,0,0,9,281,5.0
1434,2027,793,5,4,2025-04-08,Nolensville,Commercial,0,0,439.79,1.27,1.69,47.2,75.51,1,0,0,35,239,4.6
1435,2028,201,2,1,2025-04-08,Nashville,Residential,0,0,416.91,2.59,2.1,71.48,92.54,1,0,0,33,278,4.7
1436,2030,438,6,2,2025-04-08,Nashville,Commercial,0,0,2191.41,4.5,4.12,144.17,888.55,1,0,0,50,280,5.0
1437,2031,1200,7,6,2025-04-08,Brentwood,Residential,0,0,959.65,3.8,4.59,142.24,307.98,1,0,0,31,207,5.0
1438,2032,97,2,4,2025-04-08,Spring Hill,Residential,0,0,425.51,2.53,2.29,64.06,112.39,1,0,0,25,254,4.6
1439,2033,1185,3,7,2025-04-08,Brentwood,Residential,1,0,9671.97,17.33,17.12,599.2,4810.49,1,0,0,16,218,4.9
1440,2034,1202,5,5,2025-04-08,Brentwood,Residential,0,0,187.75,1.14,1.1,39.69,30.21,1,0,0,50,200,4.6
1441,2036,6,6,5,2025-04-08,Nashville,Residential,0,0,1205.27,3.38,3.89,139.99,511.26,1,0,0,32,298,4.6
1442,2037,376,7,3,2025-04-08,Franklin,Residential,1,0,1271.98,4.98,3.91,113.44,310.0,1,0,0,41,209,4.2
1443,2038,554,1,6,2025-04-08,Nolensville,Residential,0,0,545.13,2.51,2.09,64.91,118.81,1,0,1,51,341,4.9
1444,2039,354,6,4,2025-04-08,Brentwood,Commercial,0,0,2860.98,2.83,3.18,88.92,1144.97,1,0,0,35,250,4.5
1445,2040,792,1,7,2025-04-09,Nolensville,Residential,0,1,560.04,2.2,1.49,52.02,132.32,1,0,0,58,183,4.4
1446,2042,908,5,6,2025-04-09,Nashville,Residential,1,0,149.73,1.2,1.15,35.55,24.15,1,0,0,31,204,5.0
1447,2043,415,5,7,2025-04-09,Nolensville,Residential,1,0,199.58,0.96,0.66,23.23,30.49,1,0,0,23,314,4.8
1448,2044,1441,2,5,2025-04-09,Nashville,Commercial,1,0,1086.45,2.53,2.87,103.3,256.04,0,1,0,19,279,4.0
1449,2046,335,5,7,2025-04-09,Franklin,Residential,1,0,233.8,1.13,1.23,43.13,35.81,1,0,0,39,254,4.3
1450,2047,1336,5,3,2025-04-09,Spring Hill,Residential,0,0,251.12,1.3,1.43,41.49,32.02,1,0,0,20,261,4.9
1451,2048,1174,6,3,2025-04-09,Franklin,Commercial,0,0,2219.74,2.8,2.45,71.04,881.18,1,0,0,29,228,4.9
1452,2049,15,5,5,2025-04-09,Nashville,Residential,0,0,239.48,1.33,1.54,55.47,30.76,1,0,0,24,267,4.8
1453,2050,1087,1,5,2025-04-09,Nashville,Commercial,0,0,1081.04,2.1,2.46,88.6,193.81,1,0,0,27,343,4.5
1454,2051,49,1,7,2025-04-10,Nashville,Residential,0,1,514.32,1.99,2.05,71.83,92.37,0,0,0,36,61,5.0
1455,2053,1404,5,5,2025-04-10,Nashville,Residential,0,0,212.49,1.35,1.49,53.78,28.53,1,0,1,33,273,4.8
1456,2056,278,1,2,2025-04-10,Nolensville,Residential,0,0,460.04,2.21,2.1,73.51,84.51,1,0,0,72,261,5.0
1457,2057,931,4,5,2025-04-10,Brentwood,Residential,1,0,2879.4,9.96,9.53,343.02,941.86,1,0,0,52,275,5.0
1458,2058,517,7,4,2025-04-10,Spring Hill,Residential,0,0,1054.42,5.26,4.78,133.8,329.51,1,0,0,28,168,4.7
1459,2059,891,5,1,2025-04-10,Nashville,Residential,0,0,145.3,1.2,1.32,44.75,23.49,1,0,0,35,171,4.5
1460,2060,106,1,7,2025-04-10,Spring Hill,Residential,0,1,663.81,2.32,1.8,62.99,146.21,1,0,0,28,20,4.6
1461,2061,1264,5,8,2025-04-10,Nolensville,Residential,0,0,206.42,1.29,1.25,33.68,32.38,1,0,0,42,329,4.3
1462,2062,501,5,8,2025-04-10,Nashville,Residential,0,0,194.01,1.3,1.57,42.4,27.54,1,0,0,31,219,4.7
1463,2063,1386,6,6,2025-04-10,Franklin,Residential,1,0,1258.01,3.08,3.91,121.17,538.61,1,0,0,42,186,4.7
1464,2065,57,3,5,2025-04-10,Franklin,Residential,0,0,11759.8,19.63,18.99,683.51,6030.84,1,0,0,46,210,4.6
1465,2067,999,1,7,2025-04-10,Spring Hill,Residential,0,0,413.14,2.05,2.78,97.19,88.82,1,0,0,31,192,4.6
1466,2068,459,2,7,2025-04-10,Nashville,Residential,0,0,506.58,2.64,2.81,98.44,127.06,1,0,0,55,285,4.7
1467,2069,574,5,1,2025-04-11,Brentwood,Residential,0,0,186.51,1.36,0.82,27.78,26.41,1,0,0,68,258,4.2
1468,2070,253,3,7,2025-04-11,Brentwood,Residential,0,0,8461.22,17.36,20.78,727.19,3921.29,1,0,0,44,107,4.6
1469,2073,773,5,4,2025-04-11,Brentwood,Residential,0,0,181.46,1.12,1.18,33.04,28.21,1,0,0,42,197,4.5
1470,2075,1217,1,7,2025-04-11,Brentwood,Residential,0,0,674.78,1.87,1.64,57.42,144.73,1,0,0,28,200,4.2
1471,2077,816,5,1,2025-04-11,Nashville,Commercial,0,0,319.92,1.25,1.08,36.64,53.45,1,0,0,50,237,4.7
1472,2078,649,1,5,2025-04-11,Nolensville,Residential,0,0,335.29,2.27,2.74,98.55,62.8,1,0,0,70,263,4.9
1473,2079,578,1,5,2025-04-11,Brentwood,Residential,0,0,378.86,2.22,2.52,90.88,99.88,0,1,0,57,254,4.2
1474,2080,615,5,2,2025-04-11,Spring Hill,Commercial,1,0,303.71,1.25,1.26,44.0,47.41,1,0,0,32,260,5.0
1475,2081,183,5,6,2025-04-11,Franklin,Commercial,0,0,378.85,1.38,1.25,38.73,65.88,1,0,0,31,254,4.7
1476,2082,1078,1,6,2025-04-11,Spring Hill,Residential,0,0,539.55,2.09,1.86,57.76,125.67,1,0,1,42,217,4.6
1477,2085,508,5,7,2025-04-12,Nolensville,Residential,0,0,218.66,1.28,1.47,51.53,32.84,0,1,0,41,228,3.9
1478,2086,1234,2,7,2025-04-12,Nashville,Residential,0,0,731.26,2.75,2.89,101.26,159.88,0,1,1,46,257,4.0
1479,2087,659,2,4,2025-04-12,Nolensville,Residential,0,1,493.98,2.43,2.44,68.27,102.7,0,1,0,42,128,4.0
1480,2088,1388,1,6,2025-04-12,Franklin,Residential,1,1,405.49,2.44,3.0,93.07,85.29,1,0,0,45,265,4.7
1481,2089,1330,2,8,2025-04-12,Nolensville,Residential,1,0,517.21,2.4,3.08,83.13,114.44,1,0,0,53,298,4.1
1482,2090,12,1,3,2025-04-12,Brentwood,Residential,0,0,480.49,2.22,2.3,66.61,104.56,1,0,0,36,364,4.4
1483,2091,904,1,8,2025-04-12,Nashville,Residential,0,0,634.27,2.56,2.4,64.85,126.29,1,0,0,27,226,4.6
1484,2092,942,1,6,2025-04-12,Franklin,Residential,0,1,619.98,2.27,2.74,84.95,146.1,1,0,0,30,51,4.9
1485,2093,493,3,7,2025-04-12,Nashville,Commercial,0,0,13334.31,19.47,17.88,625.88,6142.26,1,0,0,44,201,4.3
1486,2095,116,3,5,2025-04-13,Franklin,Residential,0,0,11491.94,20.99,21.02,756.78,6342.76,1,0,0,50,277,4.6
1487,2096,1230,5,8,2025-04-13,Spring Hill,Residential,1,0,176.61,1.21,1.64,44.17,23.59,0,1,0,34,180,3.3
1488,2097,23,1,6,2025-04-14,Franklin,Residential,0,1,353.71,2.43,2.55,79.2,71.57,1,0,0,39,61,4.6
1489,2100,960,1,2,2025-04-14,Nashville,Residential,0,0,437.67,2.47,2.51,87.97,87.05,1,0,0,38,248,5.0
1490,2101,412,6,4,2025-04-14,Franklin,Residential,0,0,1270.03,3.5,4.24,118.65,466.65,1,0,0,56,150,4.8
1491,2103,865,5,8,2025-04-14,Franklin,Residential,1,0,203.36,1.35,0.92,24.85,23.27,1,0,0,42,218,4.1
1492,2104,1355,1,4,2025-04-14,Spring Hill,Residential,0,0,551.55,2.46,2.43,68.13,124.62,1,1,1,23,172,4.1
1493,2106,937,1,5,2025-04-14,Franklin,Commercial,0,0,668.05,1.27,1.2,43.09,126.15,1,0,0,38,177,4.5
1494,2107,729,1,6,2025-04-14,Spring Hill,Residential,0,0,454.42,1.96,1.34,41.53,110.05,1,0,0,48,221,4.7
1495,2108,145,1,4,2025-04-14,Nashville,Commercial,0,0,1470.94,1.73,1.79,50.25,291.18,1,0,1,14,156,5.0
1496,2109,816,1,5,2025-04-14,Nashville,Commercial,0,0,713.6,1.99,1.78,64.06,170.76,1,0,0,38,191,4.5
1497,2111,1114,1,3,2025-04-14,Brentwood,Residential,0,0,417.66,1.96,2.26,65.65,103.31,1,0,0,44,237,4.8
1498,2112,798,1,4,2025-04-15,Nashville,Residential,1,0,395.92,2.41,2.34,65.39,106.44,1,0,0,27,318,4.3
1499,2113,1210,7,3,2025-04-15,Franklin,Residential,0,0,1140.8,4.3,3.69,106.96,351.12,1,0,0,47,232,4.6
1500,2114,1047,5,4,2025-04-15,Nashville,Residential,1,0,193.77,1.02,1.32,37.04,20.25,1,0,0,29,259,4.6
1501,2115,92,5,6,2025-04-15,Nashville,Residential,0,0,195.39,1.46,1.5,46.42,29.51,1,0,0,33,206,5.0
1502,2117,656,3,5,2025-04-15,Franklin,Residential,0,0,9378.71,18.87,21.92,789.14,6454.67,1,0,0,58,195,4.7
1503,2118,1033,1,4,2025-04-15,Brentwood,Residential,0,0,384.75,2.36,2.36,66.2,70.67,1,0,0,49,265,4.3
1504,2119,10,4,5,2025-04-15,Franklin,Commercial,0,0,3742.5,9.97,10.12,364.23,968.86,1,0,0,20,235,4.9
1505,2120,860,7,8,2025-04-15,Nashville,Residential,0,0,1081.09,5.06,5.48,147.93,194.97,1,0,0,8,223,4.1
1506,2121,639,5,8,2025-04-15,Nolensville,Residential,0,0,180.39,1.42,1.61,43.6,25.83,1,0,0,50,182,4.7
1507,2122,66,6,4,2025-04-15,Nashville,Residential,0,0,1205.75,3.66,3.64,101.96,479.11,1,0,0,35,330,4.5
1508,2123,514,3,5,2025-04-15,Franklin,Residential,1,0,18199.5,17.43,19.79,712.57,10015.78,1,0,0,34,102,4.7
1509,2125,1164,2,1,2025-04-16,Spring Hill,Residential,1,0,625.63,2.91,2.68,90.96,153.3,0,1,0,58,264,4.1
1510,2126,1439,5,1,2025-04-16,Spring Hill,Commercial,0,0,290.55,1.44,1.16,39.35,46.99,1,0,0,53,162,4.5
1511,2127,251,2,5,2025-04-16,Brentwood,Residential,0,0,552.75,2.25,2.05,73.64,105.9,1,0,0,56,222,5.0
1512,2128,1141,2,3,2025-04-16,Franklin,Residential,0,0,810.37,2.39,2.78,80.57,200.9,1,0,0,39,305,4.7
1513,2132,1126,6,3,2025-04-16,Nashville,Residential,0,0,1208.49,3.28,3.6,104.26,564.49,1,0,0,35,255,4.5
1514,2134,805,3,5,2025-04-16,Nolensville,Residential,1,0,10558.38,19.46,17.45,628.3,5024.83,1,0,0,40,267,5.0
1515,2135,541,5,3,2025-04-16,Nashville,Residential,0,0,166.65,1.18,1.18,34.33,28.71,1,1,0,37,300,3.8
1516,2136,455,5,4,2025-04-16,Spring Hill,Residential,1,0,191.16,1.33,1.66,46.47,22.59,1,0,0,38,277,4.8
1517,2137,1109,6,7,2025-04-16,Nashville,Residential,0,0,771.25,3.63,3.77,132.06,324.65,1,0,0,52,160,4.4
1518,2139,356,5,2,2025-04-17,Nolensville,Residential,0,0,201.82,1.19,1.18,41.16,32.48,1,0,0,53,262,5.0
1519,2140,39,1,3,2025-04-17,Nashville,Residential,1,0,418.7,2.29,2.04,59.28,123.42,1,0,0,30,233,4.6
1520,2141,746,5,5,2025-04-17,Franklin,Residential,0,0,243.2,1.43,1.33,47.92,39.96,1,0,0,40,195,4.7
1521,2142,933,5,2,2025-04-17,Franklin,Residential,0,0,172.01,1.14,1.0,34.87,27.0,1,0,1,16,232,5.0
1522,2143,588,2,7,2025-04-17,Nashville,Residential,0,1,446.98,2.98,2.47,86.49,103.78,1,0,0,58,121,4.4
1523,2144,1022,4,7,2025-04-17,Franklin,Residential,0,0,2293.87,10.76,11.88,415.97,744.94,1,0,0,54,348,4.8
1524,2145,1197,5,1,2025-04-17,Nashville,Residential,1,0,179.71,0.96,1.14,38.63,31.95,1,0,0,26,267,4.4
1525,2146,946,3,7,2025-04-17,Brentwood,Residential,1,0,10134.38,15.05,16.27,569.54,5833.25,1,0,0,31,282,4.7
1526,2147,1282,2,6,2025-04-17,Brentwood,Residential,0,0,589.77,2.15,2.03,63.04,141.64,1,0,0,8,168,4.2
1527,2148,1371,1,4,2025-04-17,Brentwood,Residential,1,0,433.05,2.17,2.44,68.28,105.94,0,1,0,42,250,4.0
1528,2149,919,7,4,2025-04-17,Franklin,Residential,1,0,1041.53,5.82,6.66,186.4,246.2,1,0,0,28,140,4.6
1529,2151,1450,1,4,2025-04-17,Brentwood,Residential,1,0,488.02,1.85,1.87,52.26,117.22,1,0,0,31,267,4.6
1530,2152,784,2,8,2025-04-17,Franklin,Residential,0,0,657.29,2.01,2.68,72.25,154.06,1,0,0,67,233,4.3
1531,2153,1313,1,7,2025-04-17,Franklin,Residential,0,0,479.99,2.3,1.99,69.77,105.52,1,0,0,30,224,4.6
1532,2154,1166,5,3,2025-04-17,Nashville,Residential,0,0,187.73,1.01,0.83,24.01,25.4,0,0,0,29,255,4.8
1533,2155,40,2,5,2025-04-17,Franklin,Residential,0,0,569.58,2.82,2.24,80.63,129.78,1,0,0,61,252,4.9
1534,2156,599,2,6,2025-04-18,Franklin,Commercial,0,1,914.39,2.48,2.78,86.14,215.24,1,0,0,47,87,4.9
1535,2157,1185,4,7,2025-04-18,Brentwood,Residential,1,0,3442.26,9.28,10.11,353.84,1025.4,0,1,0,35,340,4.0
1536,2158,558,2,1,2025-04-18,Nashville,Residential,0,0,474.57,2.55,2.13,72.49,91.21,1,0,1,47,337,5.0
1537,2159,548,4,7,2025-04-18,Spring Hill,Commercial,1,0,5664.8,8.79,8.7,304.37,1484.27,1,0,0,55,240,4.7
1538,2162,1402,7,4,2025-04-18,Brentwood,Residential,1,0,1146.96,4.64,5.06,141.68,290.09,1,0,0,34,180,4.7
1539,2164,1412,5,5,2025-04-18,Franklin,Residential,0,0,134.69,1.63,1.6,57.71,20.32,1,0,0,32,186,4.6
1540,2165,134,2,5,2025-04-18,Nashville,Residential,0,0,639.9,2.81,2.83,102.04,132.44,1,0,0,22,266,4.3
1541,2166,626,1,8,2025-04-18,Nashville,Residential,0,1,534.37,2.55,2.78,75.1,106.76,1,0,0,32,52,4.7
1542,2167,266,1,8,2025-04-18,Spring Hill,Residential,1,0,426.02,2.23,2.69,72.53,97.39,0,1,0,37,259,4.1
1543,2169,1368,1,2,2025-04-19,Nashville,Residential,1,0,486.46,2.49,1.68,58.86,109.74,1,0,0,66,215,4.4
1544,2170,1381,5,8,2025-04-19,Nolensville,Residential,0,0,131.66,1.4,1.43,38.71,21.63,0,1,0,58,213,4.1
1545,2171,1079,2,8,2025-04-19,Franklin,Residential,0,0,369.21,2.63,3.38,91.25,90.69,1,0,0,34,249,4.3
1546,2172,130,5,7,2025-04-19,Nolensville,Commercial,0,0,288.16,1.6,1.45,50.67,50.61,0,1,1,57,299,4.1
1547,2175,782,7,6,2025-04-19,Brentwood,Residential,0,0,1148.95,4.82,4.58,141.92,366.12,1,0,0,24,292,4.5
1548,2177,658,1,8,2025-04-19,Nashville,Residential,1,0,333.85,2.21,2.49,67.1,71.37,1,0,0,35,220,4.5
1549,2178,1325,1,7,2025-04-19,Nashville,Residential,0,0,529.23,2.17,2.25,78.65,131.82,1,0,0,32,261,4.9
1550,2179,159,6,3,2025-04-20,Nolensville,Residential,0,0,1406.07,3.85,3.2,92.79,381.69,1,0,0,27,235,4.8
1551,2180,24,5,5,2025-04-20,Brentwood,Residential,0,0,171.28,1.22,1.17,42.23,26.46,1,0,1,20,229,4.9
1552,2182,973,1,2,2025-04-20,Franklin,Residential,1,0,468.94,2.25,2.13,74.63,129.33,1,0,0,8,227,4.9
1553,2183,389,6,1,2025-04-20,Franklin,Residential,1,0,1184.07,3.03,1.88,63.86,483.67,1,0,0,46,356,4.8
1554,2184,36,6,2,2025-04-20,Spring Hill,Residential,1,0,1189.03,3.33,2.69,94.21,549.71,1,0,0,43,211,5.0
1555,2186,583,5,8,2025-04-20,Brentwood,Residential,1,0,149.13,1.39,1.87,50.48,23.62,0,1,0,52,318,3.8
1556,2187,709,5,5,2025-04-20,Nolensville,Residential,0,0,163.89,1.25,1.0,36.1,26.33,1,0,0,36,213,4.8
1557,2188,118,7,7,2025-04-20,Nolensville,Residential,0,0,1229.08,3.47,2.88,100.75,322.19,1,0,0,37,223,4.6
1558,2189,1321,5,2,2025-04-20,Nashville,Residential,0,0,211.39,1.56,1.24,43.3,30.62,1,0,0,46,152,4.9
1559,2190,340,5,4,2025-04-20,Franklin,Residential,0,0,153.47,1.35,1.45,40.52,21.31,1,0,0,43,209,4.8
1560,2191,277,6,2,2025-04-20,Nashville,Commercial,0,0,2196.91,3.48,2.61,91.23,877.97,1,0,0,39,238,4.9
1561,2193,568,1,5,2025-04-20,Nolensville,Commercial,1,0,632.18,2.23,2.45,88.34,145.31,1,0,0,45,147,4.8
1562,2195,305,6,4,2025-04-20,Nolensville,Residential,0,0,1297.13,3.31,4.16,116.43,612.08,0,0,0,42,284,4.0
1563,2196,1256,5,4,2025-04-20,Brentwood,Residential,0,0,156.66,1.34,1.25,35.0,24.66,1,0,0,41,195,4.7
1564,2197,203,4,7,2025-04-20,Brentwood,Residential,0,0,3404.37,9.3,7.64,267.23,1064.52,1,0,0,36,179,4.6
1565,2198,775,5,5,2025-04-20,Nashville,Residential,1,0,186.72,1.21,1.15,41.45,24.37,1,0,0,27,237,4.8
1566,2200,692,5,1,2025-04-21,Nashville,Commercial,0,0,344.39,1.52,1.17,39.62,55.27,1,0,0,23,306,4.6
1567,2201,460,5,1,2025-04-21,Franklin,Residential,0,0,143.4,1.27,1.38,46.96,23.6,0,1,0,60,248,3.8
1568,2203,903,5,6,2025-04-21,Spring Hill,Residential,1,0,217.23,1.44,1.76,54.48,31.55,1,0,0,55,133,4.7
1569,2204,1093,1,8,2025-04-21,Brentwood,Commercial,1,0,620.52,2.5,2.68,72.36,146.08,0,0,0,38,299,4.3
1570,2205,892,1,5,2025-04-21,Nashville,Residential,0,0,662.55,2.71,3.18,114.54,165.02,1,0,1,40,244,4.2
1571,2206,1151,1,1,2025-04-21,Nashville,Residential,1,0,410.1,1.8,1.83,62.37,104.27,1,0,0,14,200,5.0
1572,2207,562,1,7,2025-04-21,Spring Hill,Residential,1,1,533.62,2.25,2.02,70.75,125.14,1,0,0,31,125,4.2
1573,2209,1386,5,2,2025-04-21,Franklin,Residential,1,0,148.36,1.23,1.22,42.71,24.87,1,1,0,35,274,4.4
1574,2210,982,1,6,2025-04-21,Brentwood,Commercial,0,1,810.65,2.4,2.48,77.0,139.36,0,0,0,67,20,4.9
1575,2212,728,7,2,2025-04-21,Nashville,Residential,1,0,1255.06,4.18,5.95,208.15,316.28,1,0,0,45,134,4.7
1576,2214,1282,2,3,2025-04-21,Brentwood,Residential,0,1,444.54,2.29,1.82,52.73,96.09,1,0,0,37,47,4.6
1577,2219,1093,3,7,2025-04-21,Brentwood,Commercial,1,0,17249.08,16.98,15.81,553.45,9413.46,1,0,0,35,163,4.4
1578,2221,370,1,1,2025-04-22,Franklin,Residential,0,0,427.17,1.99,2.44,82.85,70.76,1,0,0,38,386,5.0
1579,2225,782,5,1,2025-04-22,Brentwood,Residential,0,0,210.97,1.6,1.28,43.38,25.94,1,0,0,38,219,4.9
1580,2226,179,1,4,2025-04-22,Nashville,Residential,0,0,523.86,2.42,2.43,67.92,117.73,1,0,0,34,201,4.6
1581,2227,1285,1,2,2025-04-22,Nolensville,Residential,0,1,516.19,1.97,1.74,60.93,115.58,1,0,0,56,188,4.9
1582,2228,187,5,4,2025-04-22,Franklin,Residential,0,0,285.8,1.32,1.58,44.2,39.75,1,0,0,42,251,4.7
1583,2229,448,5,8,2025-04-22,Nashville,Residential,0,0,196.16,1.37,1.69,45.67,32.06,1,0,0,12,244,4.6
1584,2230,80,5,3,2025-04-22,Nashville,Commercial,0,0,303.75,1.15,1.1,32.04,41.35,0,1,0,34,212,4.2
1585,2233,622,1,6,2025-04-22,Franklin,Residential,0,0,497.56,2.09,2.4,74.48,83.21,1,0,0,31,238,4.8
1586,2234,19,5,7,2025-04-22,Nashville,Residential,0,0,133.39,1.41,1.48,51.71,22.37,0,1,0,39,362,3.7
1587,2235,646,4,5,2025-04-22,Franklin,Residential,0,0,2834.81,10.71,9.23,332.44,991.27,1,0,0,38,309,4.9
1588,2236,8,5,7,2025-04-22,Nolensville,Residential,0,0,196.98,1.34,1.22,42.57,30.93,0,1,0,46,316,4.2
1589,2237,763,1,5,2025-04-22,Franklin,Residential,1,1,392.63,1.97,1.64,58.92,72.09,1,0,0,39,114,4.6
1590,2238,695,2,7,2025-04-23,Nolensville,Residential,0,0,684.18,1.93,2.14,74.9,126.76,1,0,0,52,261,4.5
1591,2239,426,7,3,2025-04-23,Franklin,Residential,0,0,1311.36,4.11,3.22,93.28,321.34,1,0,0,47,244,4.9
1592,2241,795,1,8,2025-04-23,Spring Hill,Residential,1,0,440.6,2.33,3.08,83.07,95.69,0,1,0,66,169,3.7
1593,2242,1226,5,2,2025-04-23,Nashville,Residential,0,0,208.33,1.59,1.55,54.21,33.9,1,0,0,55,273,5.0
1594,2243,266,5,4,2025-04-23,Spring Hill,Residential,1,0,197.41,1.41,1.65,46.17,27.31,1,1,0,20,292,4.2
1595,2244,1356,6,6,2025-04-23,Franklin,Residential,1,0,1036.33,3.53,4.02,124.69,455.59,1,0,0,42,239,5.0
1596,2245,762,1,1,2025-04-23,Nashville,Residential,1,0,624.79,2.59,1.97,66.91,144.74,1,0,0,30,273,4.7
1597,2246,1034,5,8,2025-04-23,Nashville,Residential,0,0,188.86,1.38,1.53,41.42,26.17,0,1,0,50,354,3.1
1598,2247,1081,6,8,2025-04-23,Brentwood,Residential,1,0,1085.82,2.92,3.28,88.53,555.22,1,0,0,55,305,4.3
1599,2248,322,5,3,2025-04-23,Franklin,Residential,0,0,139.66,1.24,1.24,36.0,22.74,1,0,0,45,257,4.3
1600,2250,266,2,5,2025-04-23,Spring Hill,Residential,1,1,518.68,2.59,2.3,82.81,134.01,1,0,0,37,98,4.5
1601,2252,1344,7,1,2025-04-23,Nashville,Residential,0,0,1006.64,4.98,4.02,136.83,268.91,0,1,0,35,159,4.4
1602,2254,388,2,6,2025-04-23,Brentwood,Residential,0,1,498.69,2.08,1.78,55.25,98.28,1,0,0,32,47,4.8
1603,2255,1091,3,5,2025-04-24,Nolensville,Residential,1,0,11258.34,15.98,13.26,477.47,6020.83,1,0,0,45,167,4.9
1604,2256,1146,2,1,2025-04-24,Nashville,Residential,0,0,694.54,2.3,2.34,79.56,157.76,1,0,0,11,212,4.7
1605,2257,798,2,7,2025-04-24,Nashville,Residential,1,1,388.45,2.76,2.54,88.95,87.75,1,0,0,23,108,4.7
1606,2258,1187,1,7,2025-04-24,Franklin,Residential,0,0,602.73,2.44,2.54,88.96,165.4,1,0,0,29,311,4.5
1607,2259,1300,5,5,2025-04-24,Brentwood,Residential,0,0,228.73,1.63,1.85,66.48,30.13,1,0,0,54,138,5.0
1608,2260,1023,1,8,2025-04-24,Franklin,Residential,0,0,573.59,2.1,2.52,68.15,98.02,1,0,0,50,311,4.2
1609,2263,105,5,3,2025-04-24,Brentwood,Residential,0,0,191.39,1.19,1.33,38.71,25.07,1,0,0,55,162,4.2
1610,2265,451,5,7,2025-04-24,Franklin,Commercial,1,0,403.81,1.42,1.76,61.62,50.74,1,0,0,27,228,4.6
1611,2268,715,2,5,2025-04-25,Nashville,Residential,0,0,616.56,2.63,3.08,110.85,125.75,0,0,0,41,247,4.0
1612,2270,622,1,4,2025-04-25,Franklin,Residential,0,0,501.6,2.69,2.64,74.03,76.87,1,0,0,34,271,4.5
1613,2271,1105,5,4,2025-04-25,Spring Hill,Residential,1,0,157.26,1.0,0.96,26.96,32.74,1,0,0,51,178,4.5
1614,2272,243,1,1,2025-04-25,Brentwood,Residential,1,0,385.54,2.12,1.89,64.1,100.81,1,0,0,54,311,4.7
1615,2273,1176,5,7,2025-04-25,Nolensville,Residential,0,0,143.01,1.25,1.31,45.88,19.18,1,0,0,36,221,4.4
1616,2275,1259,5,5,2025-04-25,Nashville,Residential,0,0,187.55,1.38,1.87,67.47,28.31,1,0,0,9,333,4.9
1617,2276,1444,7,4,2025-04-25,Brentwood,Residential,1,0,1000.46,4.53,4.97,139.19,224.62,0,1,0,11,231,4.6
1618,2277,260,1,6,2025-04-25,Brentwood,Commercial,0,0,828.12,1.97,2.08,64.48,214.02,1,0,0,8,280,4.9
1619,2278,708,7,2,2025-04-25,Nashville,Residential,0,0,1090.7,4.38,3.93,137.43,277.07,1,0,0,16,129,4.8
1620,2279,1214,2,8,2025-04-25,Nolensville,Residential,0,1,347.12,2.16,1.94,52.48,85.64,0,1,0,45,20,3.8
1621,2280,1423,5,3,2025-04-25,Nashville,Residential,0,0,206.84,0.98,0.96,27.86,25.69,0,0,0,57,215,5.0
1622,2281,766,6,3,2025-04-25,Spring Hill,Residential,1,0,1209.04,3.96,2.92,84.76,523.38,1,0,0,64,289,4.5
1623,2282,444,1,8,2025-04-26,Franklin,Residential,1,0,524.24,1.72,2.02,54.65,140.45,1,0,0,34,303,3.9
1624,2283,429,7,2,2025-04-26,Franklin,Residential,1,0,1148.1,4.06,4.28,149.7,255.1,1,0,0,49,342,4.8
1625,2284,490,1,7,2025-04-26,Spring Hill,Residential,0,0,549.99,2.22,2.2,77.11,117.75,0,0,0,53,268,5.0
1626,2286,16,4,7,2025-04-26,Brentwood,Residential,1,0,2222.5,9.11,9.23,323.07,807.17,1,0,0,37,207,4.4
1627,2289,104,1,2,2025-04-26,Nashville,Residential,0,1,400.59,2.25,2.4,84.07,74.16,0,1,0,45,46,4.0
1628,2292,1023,5,2,2025-04-26,Franklin,Residential,0,0,193.76,1.34,1.14,39.94,30.86,1,0,0,24,242,5.0
1629,2293,723,7,7,2025-04-26,Franklin,Residential,1,0,1176.79,4.63,3.82,133.76,283.72,1,0,0,35,161,4.5
1630,2294,464,5,1,2025-04-27,Nashville,Residential,1,0,160.55,1.39,1.36,46.16,20.23,1,0,0,21,300,4.9
1631,2295,1155,1,6,2025-04-27,Nashville,Residential,0,0,637.67,2.21,2.16,67.0,125.29,0,1,1,38,210,4.6
1632,2296,486,3,7,2025-04-27,Franklin,Commercial,0,0,17711.77,19.54,24.8,867.91,9681.71,0,0,0,40,251,4.8
1633,2298,3,1,3,2025-04-27,Nashville,Residential,0,0,419.98,2.29,2.18,63.15,75.45,1,0,0,49,285,4.8
1634,2299,961,5,6,2025-04-27,Nashville,Residential,0,0,224.39,1.13,1.56,48.51,36.17,1,1,0,49,255,4.0
1635,2301,1367,1,7,2025-04-27,Nashville,Residential,1,0,377.03,2.52,2.83,99.0,94.13,1,0,0,43,74,4.8
1636,2302,1177,1,5,2025-04-27,Nashville,Residential,0,0,661.08,2.32,2.24,80.47,150.85,1,0,0,48,264,4.9
1637,2303,573,5,1,2025-04-27,Nashville,Residential,0,0,157.13,1.5,2.05,69.83,24.9,1,0,0,19,80,4.6
1638,2306,1314,1,5,2025-04-27,Franklin,Residential,1,1,432.51,2.24,2.38,85.83,98.61,1,0,0,49,89,4.6
1639,2307,249,5,8,2025-04-27,Spring Hill,Residential,0,0,205.08,1.16,1.87,50.46,25.83,1,0,0,54,241,4.5
1640,2308,151,5,3,2025-04-27,Nolensville,Residential,0,0,205.54,1.23,1.17,33.91,32.75,1,0,0,53,317,4.6
1641,2309,165,1,4,2025-04-27,Franklin,Residential,0,0,589.04,1.95,2.49,69.7,118.49,1,0,0,58,205,4.1
1642,2311,925,2,6,2025-04-27,Nolensville,Residential,1,0,643.91,2.38,2.57,79.59,159.74,1,0,0,36,285,4.7
1643,2312,812,1,1,2025-04-28,Spring Hill,Commercial,1,0,913.17,2.16,1.61,54.77,226.69,1,0,0,36,239,4.7
1644,2313,214,2,4,2025-04-28,Brentwood,Residential,0,0,399.3,2.22,2.52,70.66,86.15,1,0,1,27,249,4.1
1645,2317,900,1,4,2025-04-28,Nashville,Residential,0,1,556.1,2.55,3.11,87.06,107.1,1,0,0,61,81,4.6
1646,2319,189,5,1,2025-04-28,Nashville,Residential,0,0,229.33,1.46,1.49,50.5,27.08,1,0,0,33,236,5.0
1647,2321,1179,1,3,2025-04-28,Spring Hill,Residential,1,0,503.19,2.11,2.71,78.58,96.1,1,0,0,66,291,4.7
1648,2322,956,4,5,2025-04-28,Brentwood,Residential,0,0,2651.26,10.0,8.42,302.94,727.54,0,0,0,52,303,4.7
1649,2323,293,1,4,2025-04-28,Nashville,Residential,0,0,540.27,2.35,2.44,68.22,121.37,1,0,0,40,241,4.3
1650,2326,766,4,5,2025-04-28,Spring Hill,Residential,1,0,2376.91,8.96,9.61,346.08,796.67,1,0,0,60,359,4.9
1651,2327,883,5,6,2025-04-28,Franklin,Residential,0,0,233.78,1.23,1.46,45.38,31.6,0,0,0,47,216,5.0
1652,2328,1347,1,2,2025-04-28,Nashville,Residential,0,0,514.72,2.18,2.68,93.95,101.63,1,0,0,32,172,4.7
1653,2330,459,1,3,2025-04-29,Nashville,Residential,0,0,641.98,2.11,2.08,60.35,133.79,1,0,0,44,292,4.6
1654,2331,180,1,7,2025-04-29,Nashville,Residential,0,0,481.1,2.59,2.73,95.6,107.63,0,1,0,76,287,4.2
1655,2332,1434,2,6,2025-04-29,Nolensville,Commercial,1,1,649.91,2.29,2.31,71.48,161.99,1,0,0,34,20,4.6
1656,2333,35,7,8,2025-04-29,Brentwood,Residential,0,0,1442.79,3.56,3.57,96.3,352.47,0,1,0,31,173,3.8
1657,2334,1353,1,5,2025-04-29,Nashville,Residential,1,0,371.23,2.01,2.12,76.4,96.45,1,0,0,16,338,4.4
1658,2335,185,7,6,2025-04-29,Spring Hill,Residential,0,0,1516.3,3.94,5.4,167.25,429.76,1,0,0,42,301,4.7
1659,2336,393,5,5,2025-04-29,Brentwood,Residential,0,0,176.92,1.23,1.22,43.77,24.67,1,0,0,61,244,5.0
1660,2340,626,1,6,2025-04-29,Nashville,Residential,0,1,530.78,2.17,2.53,78.49,121.2,1,0,0,43,114,4.8
1661,2344,1028,5,8,2025-04-29,Nolensville,Residential,0,0,201.94,1.19,1.11,29.9,31.72,1,0,0,22,283,4.1
1662,2345,202,5,6,2025-04-29,Spring Hill,Residential,0,0,178.88,1.35,1.2,37.11,27.85,1,0,0,45,275,4.6
1663,2346,448,1,5,2025-04-29,Nashville,Residential,0,0,349.47,2.16,2.36,84.96,75.95,1,0,0,32,288,4.6
1664,2347,516,1,2,2025-04-29,Spring Hill,Residential,1,0,374.23,2.24,1.53,53.38,93.41,1,0,0,53,348,5.0
1665,2348,1447,1,1,2025-04-29,Nashville,Commercial,0,1,878.89,2.54,2.57,87.24,226.2,1,0,0,31,163,4.4
1666,2350,479,7,8,2025-04-30,Franklin,Residential,0,0,827.56,4.61,4.09,110.33,209.93,1,0,0,40,145,4.4
1667,2351,447,4,7,2025-04-30,Spring Hill,Residential,0,0,3125.48,9.21,8.58,300.28,885.19,1,0,0,35,227,4.6
1668,2352,315,1,3,2025-04-30,Franklin,Residential,0,0,542.57,2.34,2.38,69.15,126.87,1,0,0,37,320,4.6
1669,2353,887,2,6,2025-04-30,Nashville,Commercial,0,0,1134.76,2.48,2.42,75.14,267.23,1,1,0,35,276,4.6
1670,2354,919,1,8,2025-04-30,Franklin,Residential,1,0,356.46,2.56,2.06,55.53,102.77,0,1,0,51,371,3.7
1671,2355,1236,5,5,2025-04-30,Nashville,Residential,1,0,169.41,1.21,0.92,33.2,24.14,1,0,0,45,161,5.0
1672,2360,296,6,2,2025-04-30,Franklin,Residential,0,0,1455.25,3.88,1.61,56.41,572.37,1,0,0,16,255,5.0
1673,2361,1266,1,5,2025-04-30,Nashville,Residential,0,0,353.26,2.75,2.62,94.32,65.84,1,0,0,27,294,4.7
1674,2364,441,5,7,2025-04-30,Spring Hill,Residential,0,0,162.18,1.48,1.39,48.51,30.24,1,0,1,26,271,3.9
1675,2365,610,4,5,2025-04-30,Franklin,Residential,0,0,2706.42,11.07,10.72,386.08,827.73,1,0,0,39,196,4.3
1676,2366,324,5,6,2025-05-01,Nashville,Residential,0,0,171.45,0.88,0.91,28.09,26.13,1,0,0,31,244,4.9
1677,2367,29,3,5,2025-05-01,Brentwood,Residential,1,0,11507.17,20.19,13.93,501.6,5301.22,1,0,0,57,275,4.9
1678,2368,152,1,5,2025-05-01,Nolensville,Residential,0,0,414.93,2.09,1.85,66.55,105.89,1,0,1,41,140,5.0
1679,2369,316,5,6,2025-05-01,Nolensville,Residential,0,0,223.4,1.45,0.84,26.08,30.82,1,0,1,40,265,5.0
1680,2371,165,2,6,2025-05-01,Franklin,Residential,0,1,524.74,2.91,3.94,122.07,114.53,1,0,0,44,143,5.0
1681,2372,1299,7,7,2025-05-01,Nashville,Residential,0,0,1133.75,5.5,6.35,222.41,281.23,1,0,0,45,289,4.7
1682,2373,1416,1,4,2025-05-01,Franklin,Residential,0,1,455.41,2.32,2.6,72.88,100.04,1,0,1,22,75,4.3
1683,2374,1319,1,8,2025-05-01,Brentwood,Residential,0,0,698.16,2.58,2.62,70.81,186.92,1,0,0,74,226,4.5
1684,2375,144,3,7,2025-05-01,Nashville,Residential,0,0,10654.32,18.35,20.06,702.07,6843.83,0,1,0,30,191,3.8
1685,2376,1193,5,2,2025-05-01,Nashville,Residential,0,0,208.55,1.19,1.34,46.87,31.0,1,0,0,58,255,5.0
1686,2377,95,2,5,2025-05-01,Nashville,Residential,1,0,465.26,2.15,1.33,47.84,103.87,1,0,0,25,202,4.7
1687,2380,994,5,6,2025-05-01,Franklin,Residential,1,0,241.0,1.49,1.94,60.03,31.06,0,0,0,49,230,4.7
1688,2381,971,1,8,2025-05-01,Nashville,Residential,1,1,364.41,2.49,2.82,76.03,74.17,1,0,0,36,141,4.3
1689,2382,502,5,4,2025-05-01,Nolensville,Residential,0,0,166.75,1.41,1.31,36.67,25.18,1,0,0,45,270,4.3
1690,2383,1414,1,5,2025-05-02,Brentwood,Residential,0,0,401.58,1.67,1.33,47.82,79.9,1,0,0,52,84,4.9
1691,2384,858,1,5,2025-05-02,Nashville,Residential,0,0,429.4,2.11,2.1,75.73,77.85,1,0,0,24,280,5.0
1692,2385,424,7,2,2025-05-02,Spring Hill,Residential,1,0,1325.52,4.11,3.71,129.76,294.25,1,0,0,62,339,4.8
1693,2386,1196,1,3,2025-05-02,Nashville,Commercial,1,0,851.14,2.23,1.99,57.62,190.91,1,0,0,43,181,5.0
1694,2387,823,7,3,2025-05-02,Brentwood,Residential,1,0,1207.61,4.23,3.28,95.23,301.25,1,0,0,25,196,4.7
1695,2389,792,1,7,2025-05-02,Nolensville,Residential,0,0,396.87,2.13,2.61,91.29,79.0,1,0,0,54,324,4.8
1696,2392,897,1,5,2025-05-02,Nashville,Residential,1,1,385.52,1.87,2.01,72.33,106.7,0,0,0,41,50,4.8
1697,2393,1157,2,5,2025-05-02,Nashville,Residential,1,0,463.64,3.46,2.38,85.61,88.42,1,0,0,15,242,4.8
1698,2397,968,2,6,2025-05-03,Nolensville,Residential,1,0,529.9,2.09,2.0,61.89,121.04,1,0,0,60,279,5.0
1699,2398,74,5,6,2025-05-03,Brentwood,Residential,1,0,256.18,1.08,1.22,37.76,37.08,1,0,0,36,262,4.8
1700,2399,927,1,8,2025-05-03,Nashville,Residential,1,0,472.14,2.22,2.18,58.93,110.38,1,0,0,29,154,4.1
1701,2400,320,5,4,2025-05-03,Nashville,Residential,0,0,169.93,1.43,1.72,48.04,26.5,1,0,0,17,308,4.4
1702,2401,1246,5,1,2025-05-03,Spring Hill,Residential,1,0,193.53,1.39,0.85,29.02,23.82,1,0,0,34,279,4.5
1703,2403,59,3,7,2025-05-03,Brentwood,Residential,1,0,11042.64,20.36,17.44,610.54,5877.63,1,0,0,58,244,3.9
1704,2405,721,5,5,2025-05-03,Spring Hill,Residential,0,0,211.5,1.43,1.32,47.52,27.9,1,0,0,42,199,5.0
1705,2407,72,1,4,2025-05-03,Spring Hill,Residential,0,1,637.98,2.56,2.81,78.76,130.3,1,0,1,35,25,4.4
1706,2409,889,1,1,2025-05-03,Nashville,Residential,1,1,435.43,2.21,2.34,79.61,98.31,1,0,0,16,111,4.5
1707,2412,530,5,3,2025-05-03,Franklin,Residential,0,0,206.32,1.35,1.69,48.88,33.71,1,0,0,36,155,4.7
1708,2413,352,2,1,2025-05-04,Nashville,Residential,1,1,703.36,2.33,2.45,83.23,149.55,1,0,0,22,38,4.3
1709,2414,764,3,5,2025-05-04,Nashville,Residential,1,0,11564.36,18.75,11.09,399.19,5596.95,1,0,0,17,242,4.7
1710,2416,137,5,5,2025-05-04,Franklin,Residential,0,0,126.69,1.43,1.41,50.69,16.87,1,0,0,61,232,5.0
1711,2418,19,7,6,2025-05-04,Nashville,Residential,0,0,1273.2,4.9,4.77,147.74,282.94,1,0,0,38,163,4.3
1712,2421,1160,6,7,2025-05-04,Brentwood,Commercial,0,0,2016.86,3.51,3.49,122.02,906.13,1,0,0,59,223,4.5
1713,2422,428,2,7,2025-05-04,Nashville,Residential,0,0,601.17,2.12,2.66,93.04,118.98,1,0,0,41,226,4.4
1714,2423,491,2,1,2025-05-04,Nashville,Residential,0,1,399.04,2.67,2.52,85.73,114.36,1,0,0,24,180,4.7
1715,2424,705,1,7,2025-05-04,Franklin,Residential,1,0,505.61,1.93,1.9,66.38,129.38,1,0,0,34,239,4.4
1716,2425,331,1,4,2025-05-04,Nashville,Residential,0,1,526.88,1.77,1.6,44.84,109.12,1,0,0,51,58,4.6
1717,2427,516,1,6,2025-05-04,Spring Hill,Residential,1,0,360.59,2.22,2.09,64.86,85.05,1,0,0,28,193,4.8
1718,2428,679,1,5,2025-05-04,Spring Hill,Residential,1,0,518.54,2.1,2.56,92.13,86.34,1,0,0,23,216,4.4
1719,2429,433,5,4,2025-05-04,Spring Hill,Residential,0,0,185.72,1.22,1.42,39.76,26.4,1,0,0,41,173,4.7
1720,2430,1187,4,7,2025-05-04,Franklin,Residential,0,0,2078.39,10.36,11.2,392.03,638.2,1,0,0,8,274,4.7
1721,2432,1105,7,7,2025-05-05,Spring Hill,Residential,1,0,1222.45,3.44,3.58,125.36,289.84,0,0,0,43,232,4.3
1722,2433,515,2,2,2025-05-05,Nashville,Residential,0,0,551.05,2.34,2.47,86.4,107.33,1,0,0,32,188,4.7
1723,2435,328,3,5,2025-05-05,Nashville,Residential,0,0,11920.66,16.09,16.21,583.72,5150.13,1,0,0,39,257,4.7
1724,2436,475,3,5,2025-05-05,Brentwood,Residential,1,0,15616.44,18.34,15.99,575.5,7001.27,1,0,0,48,255,4.5
1725,2437,560,7,8,2025-05-05,Nashville,Residential,0,0,1240.01,4.92,4.76,128.47,288.42,1,0,0,34,237,4.4
1726,2439,1076,2,5,2025-05-05,Nashville,Residential,0,0,654.67,2.27,2.02,72.81,142.66,0,0,0,35,221,4.4
1727,2440,45,4,7,2025-05-05,Brentwood,Residential,0,0,2573.24,9.95,9.79,342.81,716.02,1,0,0,8,255,4.5
1728,2441,898,6,2,2025-05-05,Franklin,Commercial,1,0,1768.37,3.89,4.37,152.84,703.48,1,0,0,8,345,5.0
1729,2442,779,5,5,2025-05-05,Nashville,Commercial,0,0,230.39,1.21,1.15,41.34,26.44,1,0,0,26,242,5.0
1730,2444,1179,1,8,2025-05-05,Spring Hill,Residential,1,0,520.35,1.97,2.06,55.6,142.56,1,0,0,53,262,4.6
1731,2445,313,5,6,2025-05-05,Brentwood,Commercial,1,0,350.2,1.19,0.86,26.6,57.68,0,0,0,24,72,4.9
1732,2446,1050,7,7,2025-05-05,Nashville,Residential,1,0,1204.54,4.4,4.16,145.49,269.91,1,0,0,52,162,4.2
1733,2448,647,4,7,2025-05-05,Nashville,Residential,1,0,2132.65,10.63,8.94,312.93,827.72,1,1,0,48,268,3.8
1734,2449,1314,7,8,2025-05-06,Franklin,Residential,1,0,1226.21,4.18,3.8,102.51,332.25,1,0,0,43,239,4.1
1735,2450,784,5,7,2025-05-06,Franklin,Residential,0,0,177.72,1.48,1.62,56.53,24.81,1,0,0,29,276,4.7
1736,2451,1387,6,6,2025-05-06,Franklin,Residential,0,0,1215.99,2.88,3.67,113.75,459.1,1,0,0,27,221,4.9
1737,2452,1081,3,5,2025-05-06,Brentwood,Residential,1,0,9413.53,18.0,18.09,651.24,6607.96,1,0,0,51,256,4.7
1738,2453,534,1,5,2025-05-06,Spring Hill,Residential,0,0,519.26,2.03,2.23,80.45,107.61,1,0,0,36,134,4.2
1739,2454,262,1,7,2025-05-06,Franklin,Residential,0,0,577.89,2.11,2.64,92.28,153.73,1,0,0,34,211,4.7
1740,2455,237,5,6,2025-05-06,Nashville,Residential,0,0,175.35,1.25,1.1,33.96,27.32,1,0,0,40,220,4.7
1741,2457,606,2,5,2025-05-06,Brentwood,Residential,0,1,483.68,2.06,2.11,75.98,121.33,0,1,1,32,96,4.4
1742,2458,94,2,4,2025-05-06,Nashville,Residential,0,0,397.63,2.04,2.27,63.52,82.1,1,0,0,63,184,4.1
1743,2460,242,2,1,2025-05-06,Brentwood,Commercial,0,1,1015.06,2.03,1.63,55.26,209.09,1,0,0,40,20,4.7
1744,2461,410,5,2,2025-05-06,Brentwood,Residential,0,0,246.75,1.3,1.03,36.22,33.52,1,0,0,32,264,5.0
1745,2462,25,5,8,2025-05-06,Nashville,Residential,0,0,150.72,1.21,1.87,50.45,23.11,1,0,0,39,204,4.4
1746,2463,279,5,3,2025-05-06,Spring Hill,Residential,0,0,233.2,1.27,1.72,49.95,37.23,1,0,0,31,235,4.3
1747,2464,1189,5,7,2025-05-07,Spring Hill,Commercial,1,0,195.48,1.18,0.77,27.04,35.9,1,0,0,47,246,4.7
1748,2466,1390,2,4,2025-05-07,Nashville,Residential,1,0,427.35,2.13,1.45,40.73,103.04,1,0,0,47,240,4.5
1749,2467,1434,1,3,2025-05-07,Nolensville,Commercial,1,0,950.47,2.52,2.08,60.29,205.57,1,0,0,22,230,4.9
1750,2468,265,5,5,2025-05-07,Brentwood,Residential,0,0,155.93,1.04,0.84,30.42,22.91,1,0,0,49,203,5.0
1751,2470,934,6,7,2025-05-07,Nashville,Residential,0,0,1369.83,3.32,3.27,114.5,502.13,1,1,0,44,233,4.3
1752,2471,570,6,6,2025-05-07,Nashville,Commercial,0,0,2418.41,2.93,2.75,85.21,862.16,1,0,0,29,280,5.0
1753,2472,698,7,8,2025-05-07,Spring Hill,Residential,0,0,873.36,4.56,4.59,124.02,282.71,1,0,0,45,316,4.3
1754,2474,200,6,5,2025-05-07,Nashville,Residential,0,0,760.02,3.33,2.22,80.1,345.72,1,0,0,20,315,5.0
1755,2476,246,1,2,2025-05-07,Nashville,Residential,0,0,426.59,2.05,1.56,54.72,88.94,1,0,0,30,300,4.9
1756,2477,1302,1,2,2025-05-08,Brentwood,Commercial,0,1,1116.6,2.35,2.46,85.97,233.6,1,0,1,32,76,4.7
1757,2478,1161,3,5,2025-05-08,Nashville,Residential,1,0,9997.24,18.15,16.7,601.37,5764.45,0,0,0,22,189,4.4
1758,2479,963,2,4,2025-05-08,Nolensville,Residential,1,0,609.68,2.51,2.21,61.85,164.11,0,0,0,28,179,4.1
1759,2480,181,1,2,2025-05-08,Nashville,Residential,0,1,615.47,1.91,1.86,65.24,124.95,1,0,0,25,20,4.3
1760,2481,954,2,4,2025-05-08,Franklin,Residential,1,0,368.92,2.34,2.34,65.56,94.11,1,0,0,42,244,4.5
1761,2482,287,5,1,2025-05-08,Franklin,Commercial,1,0,314.08,1.38,1.76,59.87,51.86,1,0,0,19,333,5.0
1762,2483,93,2,1,2025-05-08,Nolensville,Residential,0,0,556.0,2.19,1.92,65.36,100.08,1,0,0,42,274,4.8
1763,2484,1104,1,1,2025-05-08,Franklin,Residential,0,0,482.53,2.79,3.69,125.52,100.51,1,0,0,29,169,5.0
1764,2486,126,1,6,2025-05-08,Nashville,Residential,0,0,372.58,1.66,1.41,43.6,74.05,1,0,0,46,215,5.0
1765,2487,178,3,7,2025-05-08,Nashville,Residential,0,0,11373.79,16.92,17.83,624.02,6042.39,1,0,0,50,152,4.5
1766,2488,393,1,5,2025-05-08,Brentwood,Residential,0,1,500.95,1.98,1.8,64.75,113.65,1,0,0,40,95,4.5
1767,2489,1275,1,8,2025-05-08,Brentwood,Residential,1,0,352.68,2.16,2.26,61.15,92.09,1,0,0,38,242,4.0
1768,2491,620,5,3,2025-05-08,Franklin,Residential,1,0,182.81,1.15,1.26,36.62,28.74,1,0,0,32,284,4.8
1769,2493,506,2,3,2025-05-08,Nashville,Residential,0,0,769.55,2.17,2.23,64.53,171.61,1,0,0,48,182,5.0
1770,2495,354,6,4,2025-05-08,Brentwood,Commercial,0,0,2316.76,3.98,3.54,99.13,933.19,1,0,0,41,329,4.2
1771,2496,518,3,5,2025-05-08,Spring Hill,Residential,0,0,8424.47,16.43,15.87,571.48,3600.11,1,0,0,52,171,4.5
1772,2497,174,1,6,2025-05-08,Nashville,Residential,0,0,382.88,2.11,2.26,70.2,84.38,1,0,0,42,257,4.9
1773,2498,1216,7,5,2025-05-08,Nolensville,Residential,0,0,1230.66,4.51,3.89,140.12,292.29,1,0,0,29,258,4.8
1774,2499,86,5,2,2025-05-08,Franklin,Residential,1,0,167.92,1.37,1.18,41.44,25.68,1,0,0,23,158,4.6
1775,2500,47,2,3,2025-05-08,Franklin,Residential,0,1,517.0,2.63,3.56,103.21,121.25,1,0,0,44,31,4.8
1776,2501,131,1,5,2025-05-08,Nolensville,Residential,1,1,387.6,2.31,2.14,76.87,89.13,1,0,0,27,82,5.0
1777,2502,966,5,2,2025-05-08,Brentwood,Residential,0,0,173.59,1.18,1.53,53.38,25.73,1,0,0,42,212,4.9
1778,2503,414,1,6,2025-05-09,Nashville,Residential,0,0,432.63,2.0,2.04,63.39,99.04,1,0,0,35,289,4.6
1779,2504,1291,6,6,2025-05-09,Nashville,Commercial,0,0,1954.85,4.27,4.43,137.25,746.36,1,0,0,68,263,4.9
1780,2506,816,1,5,2025-05-09,Nashville,Commercial,0,0,678.12,2.24,2.33,83.84,149.5,0,1,0,26,209,3.7
1781,2507,23,1,7,2025-05-09,Franklin,Residential,0,0,486.33,2.33,2.55,89.12,113.55,1,0,0,47,203,4.6
1782,2508,1327,2,4,2025-05-09,Spring Hill,Residential,0,0,836.33,2.5,2.89,80.86,231.04,0,1,0,14,222,3.7
1783,2509,945,5,5,2025-05-09,Nolensville,Residential,0,0,196.55,1.41,1.67,60.11,26.81,1,0,0,47,266,4.3
1784,2510,1388,6,2,2025-05-09,Franklin,Residential,1,0,1133.0,3.41,3.36,117.63,416.01,1,0,0,63,197,5.0
1785,2512,1285,6,6,2025-05-09,Nolensville,Residential,0,0,1048.68,3.64,3.58,110.98,332.12,1,0,0,45,243,4.9
1786,2513,1313,7,7,2025-05-09,Franklin,Residential,0,0,1510.77,5.2,5.46,190.94,361.01,1,0,0,40,170,4.7
1787,2514,787,7,3,2025-05-09,Nashville,Commercial,0,0,2171.79,4.43,3.66,106.12,625.54,1,0,0,47,240,5.0
1788,2515,808,1,8,2025-05-09,Nolensville,Commercial,1,0,1100.47,2.14,2.47,66.7,184.04,0,1,0,56,231,3.4
1789,2516,1277,3,7,2025-05-09,Brentwood,Residential,1,0,7708.04,17.44,11.86,415.15,3818.86,1,0,0,34,224,4.5
1790,2517,766,3,5,2025-05-09,Spring Hill,Residential,1,0,9586.81,20.31,16.24,584.66,4686.65,1,0,0,48,264,5.0
1791,2518,644,5,7,2025-05-09,Spring Hill,Residential,1,0,151.85,1.56,1.7,59.41,22.65,1,0,0,38,298,4.5
1792,2519,791,1,7,2025-05-09,Nashville,Residential,1,0,440.87,1.84,1.94,67.83,93.4,1,0,0,40,198,4.3
1793,2520,244,5,1,2025-05-09,Spring Hill,Residential,0,0,223.22,1.22,0.72,24.34,30.07,1,0,0,35,250,4.7
1794,2521,322,5,3,2025-05-09,Franklin,Residential,0,0,173.39,1.5,1.53,44.51,28.2,1,0,0,26,281,4.6
1795,2522,1077,2,5,2025-05-09,Spring Hill,Residential,0,1,608.95,2.68,2.57,92.6,144.41,1,0,1,51,143,4.9
1796,2523,1214,5,7,2025-05-09,Nolensville,Residential,0,0,173.78,1.31,1.23,43.18,23.68,1,0,0,26,187,4.3
1797,2524,1447,5,4,2025-05-10,Nashville,Commercial,0,0,268.11,1.25,1.37,38.46,47.37,0,1,0,23,201,4.0
1798,2525,568,5,3,2025-05-10,Nolensville,Commercial,1,0,338.88,1.13,1.57,45.42,52.68,1,0,0,23,338,4.5
1799,2529,440,5,2,2025-05-10,Franklin,Residential,0,0,140.9,1.38,1.37,47.81,20.49,1,0,0,20,285,4.7
1800,2530,338,1,5,2025-05-10,Nashville,Residential,0,0,373.82,2.17,2.58,92.94,84.15,1,0,1,36,208,4.6
1801,2531,827,5,5,2025-05-10,Spring Hill,Commercial,0,0,331.62,1.28,1.26,45.31,42.56,1,0,0,35,297,4.9
1802,2533,1085,2,2,2025-05-10,Nashville,Residential,0,0,474.78,2.2,2.03,71.2,91.75,1,0,1,25,278,5.0
1803,2534,1212,1,1,2025-05-10,Nashville,Residential,0,1,764.23,2.05,1.92,65.32,172.01,1,0,0,25,41,4.5
1804,2536,369,1,3,2025-05-10,Franklin,Residential,0,0,592.02,2.15,1.96,56.94,144.28,0,0,1,53,101,4.5
1805,2537,1356,1,6,2025-05-10,Franklin,Residential,1,0,381.37,2.26,2.98,92.39,102.08,1,0,0,37,155,4.5
1806,2538,364,3,5,2025-05-10,Spring Hill,Residential,1,0,10321.7,17.92,16.76,603.26,4483.89,0,0,0,41,174,4.5
1807,2540,1236,5,7,2025-05-11,Nashville,Residential,1,0,178.38,1.33,1.36,47.44,28.58,1,0,0,48,184,4.8
1808,2541,325,7,3,2025-05-11,Brentwood,Residential,0,0,932.54,4.2,4.79,139.04,222.42,1,0,0,58,231,4.5
1809,2542,572,1,6,2025-05-11,Nolensville,Residential,0,0,390.26,2.57,1.99,61.54,89.39,1,0,1,46,153,4.7
1810,2545,718,5,6,2025-05-11,Nashville,Residential,1,0,189.82,1.33,1.4,43.27,32.43,1,0,0,50,252,4.7
1811,2547,483,1,7,2025-05-11,Nashville,Residential,0,0,358.84,1.83,2.31,80.76,57.37,1,0,0,46,312,5.0
1812,2548,180,5,8,2025-05-11,Nashville,Residential,0,0,221.99,1.26,1.26,34.06,37.01,1,0,0,36,110,4.0
1813,2550,955,1,2,2025-05-12,Brentwood,Residential,0,0,535.12,2.16,1.97,68.9,111.35,1,0,0,36,326,4.8
1814,2552,779,1,5,2025-05-12,Nashville,Commercial,0,0,1070.51,2.1,1.45,52.34,243.45,1,0,0,38,285,4.9
1815,2553,867,1,2,2025-05-12,Spring Hill,Residential,0,0,391.51,2.04,1.98,69.18,72.2,0,0,0,28,311,4.9
1816,2555,451,4,5,2025-05-12,Franklin,Commercial,1,0,6528.43,10.35,10.63,382.76,2240.66,1,0,0,20,177,4.6
1817,2556,675,1,8,2025-05-12,Spring Hill,Residential,0,0,535.44,2.01,1.73,46.61,110.99,0,0,0,44,202,4.4
1818,2557,1050,1,8,2025-05-12,Nashville,Residential,1,0,493.01,1.88,2.12,57.22,135.77,1,0,0,31,338,4.5
1819,2558,409,2,8,2025-05-12,Franklin,Residential,1,1,558.22,2.3,2.38,64.35,152.59,1,0,0,42,69,4.4
1820,2559,1113,2,3,2025-05-12,Nolensville,Residential,0,1,604.48,2.49,2.61,75.68,150.24,1,0,0,29,48,5.0
1821,2560,1179,5,5,2025-05-12,Spring Hill,Residential,1,0,196.19,1.14,0.8,28.94,33.43,1,0,0,55,219,4.5
1822,2561,862,1,4,2025-05-12,Nashville,Residential,0,0,471.01,2.21,2.82,79.01,105.53,1,0,0,60,225,4.5
1823,2562,693,2,3,2025-05-13,Franklin,Residential,1,0,773.31,2.02,1.76,51.09,189.75,1,0,0,66,241,4.7
1824,2565,268,1,7,2025-05-13,Nashville,Residential,1,0,479.75,2.28,2.5,87.58,90.5,1,0,0,45,269,4.8
1825,2566,1016,2,8,2025-05-13,Nashville,Residential,1,0,475.97,2.45,2.72,73.5,110.76,1,0,0,32,113,4.5
1826,2567,1441,6,5,2025-05-13,Nashville,Commercial,1,0,1767.22,3.11,2.59,93.16,833.63,1,0,0,35,191,4.7
1827,2568,976,5,4,2025-05-13,Spring Hill,Residential,0,0,208.32,1.35,1.5,42.13,30.26,0,1,1,25,258,3.9
1828,2569,1374,1,4,2025-05-13,Franklin,Residential,0,0,383.81,1.81,2.02,56.45,85.84,0,1,0,44,304,3.9
1829,2570,386,6,7,2025-05-13,Franklin,Residential,0,0,1448.6,3.22,2.69,94.04,597.54,0,0,0,35,305,4.8
1830,2572,1423,1,8,2025-05-13,Nashville,Residential,0,1,564.79,2.19,2.93,79.19,132.26,1,0,0,38,102,4.4
1831,2574,392,1,1,2025-05-13,Franklin,Residential,1,1,357.3,1.98,1.71,58.3,76.15,1,0,0,29,62,4.8
1832,2575,596,1,2,2025-05-13,Spring Hill,Residential,1,0,411.85,2.43,1.84,64.25,99.99,1,0,0,37,279,5.0
1833,2576,1413,4,7,2025-05-13,Brentwood,Residential,0,0,1677.41,11.65,12.07,422.56,537.99,0,0,0,47,239,4.6
1834,2578,1163,6,4,2025-05-13,Nolensville,Residential,0,0,1182.56,3.86,5.02,140.42,451.54,0,1,0,27,265,4.1
1835,2579,936,2,6,2025-05-13,Nashville,Residential,1,0,357.51,2.41,1.83,56.61,79.35,1,0,0,55,233,4.8
1836,2582,673,2,3,2025-05-13,Nolensville,Residential,0,0,510.16,1.5,1.3,37.77,110.51,1,0,0,29,370,4.6
1837,2584,999,5,4,2025-05-13,Spring Hill,Residential,0,0,174.91,1.58,1.84,51.43,24.61,1,0,0,34,149,4.9
1838,2586,1010,1,2,2025-05-13,Brentwood,Residential,0,0,536.64,2.13,2.25,78.64,120.39,1,0,0,21,291,4.9
1839,2587,1002,1,2,2025-05-13,Nolensville,Residential,0,1,439.9,2.87,2.67,93.29,85.15,1,0,0,55,110,5.0
1840,2590,797,5,8,2025-05-13,Nashville,Residential,1,0,152.56,1.2,1.54,41.64,26.88,1,0,0,27,217,4.5
1841,2592,1146,4,5,2025-05-13,Nashville,Residential,0,0,2426.31,7.71,6.96,250.72,869.73,1,0,0,26,314,4.6
1842,2593,879,6,1,2025-05-13,Franklin,Residential,0,0,1158.03,2.88,3.11,105.7,460.71,1,0,0,28,250,4.9
1843,2594,277,5,4,2025-05-14,Nashville,Commercial,0,0,236.12,1.24,1.29,36.01,45.63,1,0,0,45,209,4.8
1844,2595,500,1,7,2025-05-14,Nashville,Commercial,0,0,1047.44,2.45,2.17,76.11,190.54,0,1,1,20,193,3.8
1845,2596,552,5,4,2025-05-14,Nolensville,Residential,1,0,181.39,1.14,1.07,29.88,28.38,1,0,0,57,341,4.1
1846,2597,36,6,2,2025-05-14,Spring Hill,Residential,1,0,1164.01,3.69,4.26,149.04,554.83,1,0,0,59,245,5.0
1847,2598,745,1,3,2025-05-14,Spring Hill,Residential,0,0,366.34,2.46,2.3,66.7,59.28,1,0,1,49,326,4.6
1848,2600,186,2,7,2025-05-14,Nashville,Residential,0,1,360.64,2.54,2.59,90.79,74.39,1,0,0,44,194,4.8
1849,2601,567,3,7,2025-05-14,Franklin,Residential,0,0,10553.34,17.98,22.52,788.35,6085.04,1,1,0,33,253,3.5
1850,2602,999,5,2,2025-05-14,Spring Hill,Residential,0,0,199.34,1.04,0.88,30.65,32.13,1,0,1,31,282,5.0
1851,2604,889,1,1,2025-05-14,Nashville,Residential,1,1,598.83,2.08,1.73,58.71,143.77,1,0,0,21,101,4.8
1852,2607,609,6,1,2025-05-14,Nashville,Residential,0,0,1412.98,2.99,3.24,110.15,583.48,0,0,0,16,292,4.9
1853,2608,4,2,6,2025-05-14,Nashville,Residential,0,0,429.47,2.06,2.53,78.34,96.45,1,0,0,66,263,5.0
1854,2609,247,5,4,2025-05-14,Spring Hill,Residential,0,0,225.66,1.46,1.61,44.98,32.95,1,0,0,10,292,4.6
1855,2610,1395,6,5,2025-05-14,Nashville,Residential,0,0,1061.82,3.63,3.67,132.14,474.07,1,0,0,25,283,4.7
1856,2611,767,1,1,2025-05-14,Nashville,Residential,1,0,421.91,1.98,1.19,40.43,99.61,1,0,0,30,302,4.7
1857,2612,1307,2,3,2025-05-14,Nashville,Commercial,0,0,671.65,2.73,2.64,76.45,165.88,0,0,0,46,164,4.4
1858,2613,183,6,6,2025-05-14,Franklin,Commercial,0,0,1945.17,3.69,3.91,121.33,671.01,1,0,0,50,176,4.6
1859,2615,897,1,7,2025-05-15,Nashville,Residential,1,0,333.81,2.5,2.14,74.97,71.43,1,0,0,28,222,4.3
1860,2616,243,1,5,2025-05-15,Brentwood,Residential,1,0,543.58,2.47,1.41,50.78,100.9,1,0,0,40,253,4.7
1861,2617,541,7,7,2025-05-15,Nashville,Residential,0,0,1217.49,4.49,4.51,157.71,323.52,1,0,0,48,207,4.5
1862,2620,335,5,7,2025-05-15,Franklin,Residential,1,0,262.29,1.07,1.27,44.32,49.16,1,0,0,26,106,4.5
1863,2621,1338,2,5,2025-05-15,Nolensville,Commercial,0,0,912.58,2.49,2.42,87.0,180.86,1,0,0,51,271,4.7
1864,2622,1012,5,1,2025-05-15,Brentwood,Residential,0,0,219.23,1.43,1.01,34.33,33.05,1,0,0,33,163,4.7
1865,2624,1153,1,5,2025-05-15,Franklin,Residential,1,1,421.86,2.16,2.12,76.44,99.62,1,0,0,28,90,5.0
1866,2625,1192,5,1,2025-05-15,Brentwood,Residential,0,0,209.98,1.16,1.04,35.45,32.63,1,0,0,41,250,4.3
1867,2626,384,2,1,2025-05-15,Franklin,Residential,0,0,507.03,2.33,1.73,58.73,77.61,1,0,0,48,285,4.6
1868,2627,463,5,2,2025-05-15,Spring Hill,Residential,0,0,144.38,1.59,1.69,59.06,20.64,1,0,0,50,226,5.0
1869,2628,454,2,4,2025-05-15,Franklin,Residential,1,0,409.18,2.43,2.61,72.97,96.87,1,0,0,47,185,4.6
1870,2629,1273,1,8,2025-05-15,Nolensville,Residential,0,1,392.34,2.23,2.6,70.14,95.7,0,1,0,67,20,4.2
1871,2630,1249,1,6,2025-05-15,Nashville,Residential,0,0,664.82,2.51,2.11,65.51,142.28,1,0,1,45,334,5.0
1872,2631,381,1,1,2025-05-15,Spring Hill,Residential,0,0,607.85,2.34,1.83,62.33,114.16,1,0,0,41,146,4.3
1873,2632,986,1,4,2025-05-15,Franklin,Residential,0,0,448.41,1.95,2.39,66.85,92.47,1,0,0,52,240,4.8
1874,2633,1001,5,4,2025-05-15,Brentwood,Commercial,1,0,265.97,1.52,1.46,40.83,39.18,1,0,0,64,287,4.4
1875,2634,1052,6,7,2025-05-15,Spring Hill,Residential,1,0,782.75,2.94,3.13,109.7,309.88,1,0,0,25,235,4.8
1876,2635,1024,5,1,2025-05-15,Nashville,Residential,0,0,220.08,1.35,1.5,50.87,29.53,1,0,0,30,265,4.7
1877,2637,1361,2,3,2025-05-16,Nolensville,Residential,0,0,453.16,2.41,1.74,50.35,109.51,1,0,0,29,166,5.0
1878,2638,451,1,1,2025-05-16,Franklin,Commercial,1,0,704.28,2.29,2.46,83.56,181.45,1,0,0,64,197,4.6
1879,2639,688,5,6,2025-05-16,Brentwood,Residential,0,0,161.77,1.32,1.13,35.16,25.37,1,0,0,28,204,4.9
1880,2642,1423,2,3,2025-05-16,Nashville,Residential,0,0,447.51,2.39,2.84,82.49,95.36,1,0,0,48,197,4.8
1881,2645,772,6,4,2025-05-16,Brentwood,Commercial,0,0,1230.37,4.14,4.91,137.48,495.41,1,0,0,48,178,4.5
1882,2646,18,1,3,2025-05-16,Nashville,Residential,1,0,368.65,2.28,2.64,76.58,90.4,1,0,0,29,157,4.5
1883,2647,899,7,5,2025-05-16,Brentwood,Residential,1,0,1091.08,5.11,4.75,171.02,284.77,1,0,0,35,159,4.5
1884,2648,1449,7,8,2025-05-16,Franklin,Residential,0,0,1106.16,4.39,4.61,124.58,244.53,1,0,0,38,299,3.6
1885,2649,258,1,5,2025-05-16,Nashville,Residential,1,0,379.35,1.87,2.05,73.89,94.75,1,0,0,56,273,4.9
1886,2650,641,1,6,2025-05-16,Nashville,Residential,0,1,372.47,2.24,2.45,76.09,57.81,1,0,0,48,20,4.5
1887,2651,186,5,4,2025-05-16,Nashville,Residential,0,0,207.75,1.13,1.58,44.11,31.85,0,1,0,40,310,4.0
1888,2654,1213,5,4,2025-05-16,Nashville,Residential,0,0,250.28,1.27,1.83,51.37,36.19,1,0,0,58,190,4.8
1889,2655,1388,2,2,2025-05-16,Franklin,Residential,1,0,465.92,2.18,1.76,61.53,118.39,1,0,0,23,279,4.7
1890,2657,121,7,4,2025-05-16,Spring Hill,Commercial,0,0,1506.7,4.47,4.9,137.29,380.77,0,0,0,31,258,4.4
1891,2658,1187,5,3,2025-05-16,Franklin,Residential,0,0,261.64,1.27,1.22,35.43,37.36,1,0,1,61,283,4.0
1892,2659,1177,1,1,2025-05-17,Nashville,Residential,0,0,630.08,1.71,1.7,57.84,160.08,1,0,1,30,317,4.6
1893,2660,485,2,1,2025-05-17,Nashville,Residential,1,1,364.23,2.35,2.53,86.12,66.0,1,0,0,29,129,5.0
1894,2662,613,1,4,2025-05-17,Brentwood,Residential,0,0,585.5,2.17,2.31,64.65,124.04,1,0,1,63,249,4.9
1895,2664,1354,5,5,2025-05-17,Nashville,Residential,1,0,234.92,1.36,1.09,39.24,35.15,1,0,0,35,206,4.8
1896,2665,583,5,2,2025-05-17,Brentwood,Residential,1,0,248.89,1.33,1.38,48.13,33.16,1,0,0,58,263,4.7
1897,2666,1200,6,5,2025-05-17,Brentwood,Residential,0,0,1148.92,3.49,3.78,136.1,431.08,1,0,0,58,318,4.4
1898,2668,805,5,1,2025-05-17,Nolensville,Residential,1,0,169.33,1.68,1.12,37.96,28.24,1,0,0,52,160,5.0
1899,2670,503,1,5,2025-05-17,Nashville,Residential,0,1,513.79,2.21,2.41,86.8,125.26,1,0,0,39,131,4.7
1900,2671,124,5,3,2025-05-17,Nashville,Residential,0,0,168.51,1.22,1.24,35.92,25.66,1,0,0,34,232,4.5
1901,2672,134,5,2,2025-05-17,Nashville,Residential,0,0,168.82,1.33,1.06,37.26,26.12,1,0,0,28,159,4.7
1902,2673,154,2,3,2025-05-17,Nashville,Residential,0,0,393.98,2.31,2.41,69.85,93.65,1,0,0,19,166,4.4
1903,2675,738,2,4,2025-05-18,Nashville,Residential,1,0,479.54,2.94,2.91,81.47,137.56,1,0,0,38,203,4.4
1904,2676,235,6,5,2025-05-18,Franklin,Residential,0,0,1223.24,3.32,4.23,152.28,492.24,1,0,0,59,346,4.8
1905,2677,18,1,4,2025-05-18,Nashville,Residential,1,0,365.51,1.78,1.91,53.4,96.27,1,0,0,56,359,5.0
1906,2679,1184,5,5,2025-05-18,Franklin,Residential,1,0,256.45,1.17,0.88,31.62,35.22,1,0,0,36,181,4.8
1907,2681,951,6,8,2025-05-18,Franklin,Residential,0,0,1162.15,3.32,3.48,93.93,486.93,1,0,0,42,214,4.2
1908,2682,1027,1,7,2025-05-18,Nashville,Residential,0,1,477.72,2.17,2.06,72.23,117.87,1,0,1,60,98,4.9
1909,2683,1424,1,6,2025-05-18,Nashville,Residential,0,0,593.45,2.22,2.54,78.64,138.19,1,0,0,35,157,4.7
1910,2687,461,2,8,2025-05-18,Franklin,Residential,0,0,614.89,2.53,3.05,82.45,133.34,1,0,0,48,297,4.2
1911,2689,501,1,8,2025-05-18,Nashville,Residential,0,0,444.55,2.34,2.62,70.7,118.45,1,0,0,23,213,4.1
1912,2691,858,4,7,2025-05-18,Nashville,Residential,0,0,2680.86,11.22,15.72,550.32,807.48,1,0,0,35,404,4.4
1913,2692,696,2,3,2025-05-19,Spring Hill,Residential,0,0,613.16,2.36,1.71,49.7,128.36,0,1,1,54,359,4.1
1914,2693,646,1,4,2025-05-19,Franklin,Residential,0,0,558.91,2.49,3.02,84.68,143.5,1,0,0,42,261,4.3
1915,2694,1068,5,6,2025-05-19,Nolensville,Residential,0,0,177.47,1.26,1.28,39.61,21.66,1,0,0,27,263,4.3
1916,2696,620,1,2,2025-05-19,Franklin,Residential,1,1,473.69,1.95,2.47,86.39,120.75,0,1,0,26,65,4.6
1917,2698,7,1,8,2025-05-19,Brentwood,Residential,0,0,318.01,2.54,2.51,67.84,55.13,1,0,1,55,261,4.4
1918,2699,1362,5,8,2025-05-19,Franklin,Residential,0,0,168.48,1.06,1.26,34.12,17.92,1,0,0,28,217,4.5
1919,2700,23,1,2,2025-05-19,Franklin,Residential,0,1,517.98,1.94,1.93,67.54,121.18,1,0,1,31,35,4.7
1920,2701,1270,7,7,2025-05-19,Spring Hill,Residential,0,0,1061.22,4.2,3.21,112.19,267.64,1,0,0,42,316,4.9
1921,2702,1269,7,7,2025-05-19,Brentwood,Residential,0,0,1156.99,3.98,3.69,129.03,301.43,1,0,0,35,347,4.4
1922,2704,478,5,3,2025-05-19,Spring Hill,Residential,0,0,169.57,1.27,1.43,41.61,25.39,0,0,1,44,302,4.7
1923,2706,817,3,5,2025-05-19,Spring Hill,Residential,0,0,10417.75,20.6,19.45,700.28,4595.38,1,0,0,45,239,4.8
1924,2707,892,4,5,2025-05-19,Nashville,Residential,0,0,2789.53,9.94,7.91,284.88,785.01,1,0,0,40,243,5.0
1925,2708,1232,2,5,2025-05-19,Franklin,Residential,0,0,426.13,2.04,2.18,78.31,79.05,1,0,0,47,374,4.7
1926,2709,1303,1,6,2025-05-19,Franklin,Residential,0,0,520.56,1.55,1.64,50.91,86.36,1,0,0,75,238,4.7
1927,2710,1028,2,3,2025-05-19,Nolensville,Residential,0,0,386.83,2.32,2.02,58.6,90.95,1,0,0,23,232,4.6
1928,2713,558,5,4,2025-05-19,Nashville,Residential,0,0,176.11,1.22,1.52,42.59,28.54,1,0,0,50,88,4.5
1929,2714,573,1,2,2025-05-19,Nashville,Residential,0,0,587.63,2.52,2.51,87.76,124.48,1,0,0,43,272,5.0
1930,2718,718,1,6,2025-05-19,Nashville,Residential,1,0,494.91,2.51,2.27,70.41,97.12,1,0,0,36,208,4.4
1931,2719,103,6,2,2025-05-20,Brentwood,Residential,1,0,1202.04,2.93,3.08,107.64,411.49,1,0,0,42,237,4.9
1932,2720,1317,1,6,2025-05-20,Spring Hill,Residential,0,1,484.23,2.25,2.01,62.33,94.35,1,0,0,52,125,4.6
1933,2722,1371,2,2,2025-05-20,Brentwood,Residential,1,0,415.85,2.25,1.85,64.72,96.86,1,0,0,70,260,5.0
1934,2723,156,1,5,2025-05-20,Franklin,Residential,0,0,673.05,2.08,2.13,76.82,160.26,1,0,0,35,201,4.8
1935,2724,993,6,2,2025-05-20,Nolensville,Residential,0,0,1612.47,3.85,4.07,142.28,536.63,1,0,0,34,241,5.0
1936,2725,604,5,4,2025-05-20,Brentwood,Residential,0,0,187.35,1.46,1.58,44.12,26.7,1,0,0,57,330,4.1
1937,2726,368,5,8,2025-05-20,Nashville,Residential,0,0,147.06,1.21,1.7,45.87,26.61,1,0,0,35,308,4.0
1938,2727,1015,5,1,2025-05-20,Franklin,Residential,0,0,210.69,1.37,1.22,41.44,31.8,1,0,0,62,230,5.0
1939,2728,291,6,6,2025-05-20,Franklin,Residential,0,0,1165.31,2.78,3.1,95.95,510.88,1,0,0,31,257,4.6
1940,2729,647,3,5,2025-05-20,Nashville,Residential,1,0,9116.57,18.81,19.05,685.83,4939.21,0,0,0,37,129,4.5
1941,2730,1224,7,6,2025-05-20,Nashville,Residential,0,0,1033.58,5.5,4.93,152.78,230.95,1,0,0,30,280,5.0
1942,2731,840,1,2,2025-05-20,Nolensville,Residential,0,0,466.59,2.45,2.31,81.01,81.32,1,0,0,35,274,5.0
1943,2732,760,7,4,2025-05-20,Nashville,Residential,0,0,996.03,5.24,6.72,188.03,216.48,1,0,0,26,180,4.6
1944,2733,1416,1,5,2025-05-20,Franklin,Residential,0,0,426.4,2.47,3.08,110.93,108.64,1,0,0,52,226,4.8
1945,2734,1072,1,5,2025-05-20,Nashville,Commercial,0,1,730.06,2.28,1.83,65.95,163.24,1,0,1,8,108,4.9
1946,2735,48,2,6,2025-05-21,Brentwood,Residential,1,0,426.68,2.65,1.78,55.04,104.14,0,1,0,41,254,4.1
1947,2736,719,2,3,2025-05-21,Nashville,Residential,0,1,482.96,2.56,1.98,57.53,97.08,0,1,0,42,104,4.0
1948,2739,358,1,2,2025-05-21,Franklin,Residential,0,1,503.45,2.43,1.73,60.7,121.01,1,0,0,27,107,5.0
1949,2740,1245,3,5,2025-05-21,Nashville,Commercial,0,0,21712.37,18.93,21.65,779.45,11531.96,1,0,0,14,279,4.4
1950,2741,93,4,5,2025-05-21,Nolensville,Residential,0,0,2350.53,9.4,9.57,344.63,780.54,0,1,0,31,181,4.5
1951,2742,87,5,4,2025-05-21,Spring Hill,Residential,0,0,148.79,1.5,1.2,33.56,20.75,1,0,1,29,128,4.1
1952,2745,1047,2,5,2025-05-21,Nashville,Residential,1,1,557.68,2.2,2.03,73.04,116.89,0,1,0,41,23,3.7
1953,2747,495,5,6,2025-05-21,Brentwood,Residential,0,0,164.43,1.47,1.52,47.08,22.09,1,0,0,8,167,4.9
1954,2749,1322,5,7,2025-05-21,Nashville,Residential,0,0,213.8,1.37,1.31,45.87,36.22,1,0,0,59,213,4.8
1955,2750,412,5,6,2025-05-21,Franklin,Residential,0,0,171.18,1.29,1.03,31.89,23.83,1,0,0,47,147,5.0
1956,2751,180,7,2,2025-05-21,Nashville,Residential,0,0,1114.99,4.21,5.06,176.95,251.41,0,1,0,39,215,4.3
1957,2752,473,5,6,2025-05-21,Nashville,Residential,1,0,192.91,1.13,1.28,39.67,28.88,1,0,0,45,200,4.9
1958,2753,1179,1,6,2025-05-21,Spring Hill,Residential,1,1,339.88,2.47,2.92,90.38,85.89,1,0,0,34,79,4.7
1959,2754,995,1,8,2025-05-21,Nashville,Residential,0,1,381.36,1.98,1.96,53.02,86.24,1,0,0,29,40,4.3
1960,2755,966,2,4,2025-05-22,Brentwood,Residential,0,1,503.05,2.76,2.84,79.6,122.86,0,0,0,55,140,5.0
1961,2756,740,5,6,2025-05-22,Franklin,Residential,0,0,157.38,1.22,1.28,39.81,21.59,1,0,1,51,264,4.8
1962,2757,222,7,6,2025-05-22,Nolensville,Residential,0,0,918.06,3.92,3.85,119.48,204.88,0,0,0,13,140,5.0
1963,2758,946,5,5,2025-05-22,Brentwood,Residential,1,0,177.0,1.2,1.04,37.47,22.46,1,0,0,48,138,4.6
1964,2759,1124,1,5,2025-05-22,Nashville,Residential,1,0,642.62,2.41,2.37,85.37,161.74,1,0,0,34,272,4.7
1965,2760,1378,2,4,2025-05-22,Franklin,Residential,0,1,701.76,2.37,2.77,77.54,141.31,1,0,0,40,50,5.0
1966,2761,375,5,5,2025-05-22,Spring Hill,Residential,1,0,153.92,1.46,1.63,58.67,23.38,1,0,0,24,219,5.0
1967,2762,207,1,1,2025-05-22,Nashville,Residential,1,0,373.3,2.13,2.09,70.9,94.03,1,0,0,22,302,4.6
1968,2763,449,2,7,2025-05-22,Nashville,Residential,1,0,423.65,2.8,1.81,63.39,106.64,1,0,0,54,242,4.9
1969,2764,938,1,5,2025-05-22,Nashville,Residential,1,0,405.52,2.35,1.82,65.62,100.98,1,0,0,21,309,4.6
1970,2766,389,2,7,2025-05-22,Franklin,Residential,1,1,435.89,2.81,2.06,72.1,105.16,0,1,0,13,205,3.9
1971,2767,251,2,8,2025-05-22,Brentwood,Residential,0,0,544.99,2.26,2.51,67.65,135.19,1,0,0,52,332,4.0
1972,2769,704,4,5,2025-05-22,Nashville,Residential,0,0,3009.67,7.86,8.51,306.19,1010.07,1,0,0,35,180,4.8
1973,2770,198,5,7,2025-05-22,Nolensville,Residential,0,0,125.35,1.46,1.36,47.47,18.84,0,0,0,38,263,4.5
1974,2772,997,2,6,2025-05-22,Nashville,Residential,0,1,855.55,2.71,3.34,103.41,167.12,1,0,1,71,46,5.0
1975,2773,801,4,5,2025-05-22,Nashville,Residential,0,0,2818.69,10.58,7.1,255.53,798.35,0,1,0,32,262,4.4
1976,2779,1361,2,7,2025-05-23,Nolensville,Residential,0,0,599.83,2.42,2.91,102.0,119.72,1,0,0,24,222,5.0
1977,2781,220,2,7,2025-05-23,Nashville,Residential,0,0,616.03,2.2,2.04,71.32,127.38,1,0,0,57,253,4.4
1978,2782,102,3,5,2025-05-23,Nashville,Residential,0,0,6191.87,20.2,19.62,706.49,3250.69,1,0,0,32,239,4.6
1979,2784,181,1,1,2025-05-23,Nashville,Residential,0,0,316.61,1.94,1.78,60.4,56.94,0,0,1,28,232,4.7
1980,2785,489,2,8,2025-05-23,Nashville,Residential,0,0,614.62,3.1,3.39,91.65,140.83,1,0,0,35,275,4.4
1981,2786,629,5,1,2025-05-23,Brentwood,Residential,0,0,197.61,1.32,1.16,39.57,27.37,1,0,0,41,239,4.6
1982,2787,64,5,7,2025-05-23,Nashville,Residential,0,0,177.82,1.06,1.08,37.78,23.45,1,0,1,51,233,4.3
1983,2788,1190,5,7,2025-05-23,Spring Hill,Residential,0,0,175.78,0.99,1.08,37.66,21.61,1,0,0,30,308,4.6
1984,2790,1071,5,8,2025-05-23,Nashville,Residential,0,0,249.78,1.44,1.98,53.58,34.0,0,1,0,25,183,3.8
1985,2792,550,1,8,2025-05-24,Spring Hill,Residential,0,0,574.45,2.35,2.3,62.22,122.01,1,0,0,25,265,4.4
1986,2794,1331,5,6,2025-05-24,Franklin,Residential,0,0,184.43,1.42,1.53,47.3,32.3,1,0,0,44,237,4.6
1987,2796,1201,2,1,2025-05-24,Franklin,Residential,0,1,453.16,2.25,2.43,82.67,88.18,1,0,1,57,20,4.7
1988,2797,87,1,7,2025-05-24,Spring Hill,Residential,0,0,401.71,2.06,1.74,60.88,83.12,1,0,1,52,309,4.5
1989,2798,190,7,8,2025-05-24,Spring Hill,Residential,1,0,1212.59,4.13,4.98,134.59,289.08,1,0,0,66,199,4.3
1990,2799,1233,2,6,2025-05-24,Brentwood,Residential,1,1,496.05,2.42,2.43,75.35,106.58,1,0,0,20,41,4.8
1991,2800,845,5,1,2025-05-24,Brentwood,Residential,1,0,208.0,1.4,1.1,37.45,28.42,1,0,0,61,315,5.0
1992,2801,1373,5,7,2025-05-24,Brentwood,Commercial,0,0,360.53,1.44,1.76,61.72,59.79,0,1,1,39,329,3.8
1993,2802,432,1,8,2025-05-24,Nashville,Commercial,0,0,831.18,2.06,2.29,61.7,179.29,0,1,0,13,169,4.2
1994,2803,238,5,7,2025-05-24,Franklin,Residential,0,0,193.35,1.36,1.74,60.73,27.94,1,0,0,29,138,4.6
1995,2804,702,6,3,2025-05-24,Nashville,Residential,0,0,1065.72,3.13,4.12,119.52,468.96,1,0,0,47,184,5.0
1996,2808,1229,1,7,2025-05-25,Nashville,Residential,0,0,547.48,2.36,2.42,84.85,99.89,1,0,1,67,206,4.2
1997,2809,713,1,7,2025-05-25,Spring Hill,Residential,0,1,518.21,2.99,3.62,126.76,111.69,1,0,0,49,59,4.3
1998,2810,462,5,3,2025-05-25,Nashville,Commercial,1,0,265.09,1.46,1.71,49.45,35.07,1,0,0,31,20,4.4
1999,2811,813,5,1,2025-05-25,Nolensville,Residential,0,0,172.27,1.25,1.09,36.99,20.49,0,0,1,36,204,4.6
2000,2815,624,1,5,2025-05-25,Nashville,Commercial,0,1,879.03,2.06,1.77,63.56,191.45,1,0,0,28,73,4.8
2001,2817,1092,4,5,2025-05-25,Nashville,Residential,0,0,2957.88,10.2,11.18,402.3,897.93,1,0,0,28,245,4.7
2002,2818,191,1,5,2025-05-25,Nolensville,Residential,0,0,555.06,2.22,2.63,94.52,116.38,1,0,1,48,285,4.5
2003,2820,1103,5,1,2025-05-25,Nolensville,Residential,0,0,141.34,1.24,1.5,50.93,20.72,1,0,0,37,299,5.0
2004,2821,185,5,2,2025-05-26,Spring Hill,Residential,0,0,138.94,1.32,1.18,41.41,23.18,1,0,0,23,306,5.0
2005,2823,734,6,8,2025-05-26,Nashville,Residential,0,0,1219.02,3.29,2.45,66.02,410.63,1,0,0,23,198,4.0
2006,2825,744,2,7,2025-05-26,Franklin,Residential,1,0,469.92,2.06,2.51,87.72,107.64,1,0,0,8,280,4.4
2007,2827,469,3,7,2025-05-26,Brentwood,Residential,1,0,8807.12,18.34,19.88,695.93,4332.76,1,0,0,40,201,4.7
2008,2829,59,5,4,2025-05-26,Brentwood,Residential,1,0,248.25,1.21,1.06,29.61,23.17,0,1,0,39,263,3.8
2009,2831,1316,1,8,2025-05-26,Brentwood,Residential,0,1,404.32,2.16,2.36,63.72,77.01,0,0,1,54,167,4.0
2010,2832,51,1,8,2025-05-26,Spring Hill,Residential,1,0,431.8,2.22,2.37,64.01,125.51,1,0,0,48,223,4.6
2011,2833,617,5,8,2025-05-26,Franklin,Residential,0,0,158.68,1.15,1.18,31.93,21.01,1,0,0,55,163,4.3
2012,2834,1366,4,5,2025-05-26,Franklin,Residential,0,0,3318.39,11.1,9.9,356.35,1076.25,1,0,0,65,266,4.7
2013,2835,110,5,7,2025-05-26,Nolensville,Commercial,0,0,230.69,1.31,1.33,46.47,21.12,1,0,1,40,242,4.6
2014,2836,958,5,1,2025-05-26,Franklin,Residential,0,0,197.79,1.19,1.04,35.51,34.95,1,0,0,40,294,4.9
2015,2838,891,5,7,2025-05-26,Nashville,Residential,0,0,209.99,1.35,1.16,40.62,37.57,1,0,0,37,179,4.0
2016,2839,985,2,2,2025-05-26,Nashville,Residential,1,0,482.2,1.98,2.2,76.83,110.12,1,0,0,44,249,5.0
2017,2842,916,1,8,2025-05-26,Nashville,Residential,0,0,454.41,2.19,2.4,64.68,132.39,1,0,0,32,252,4.2
2018,2843,446,1,2,2025-05-26,Franklin,Residential,0,0,601.67,1.86,1.88,65.72,129.35,0,1,0,13,281,4.0
2019,2844,1033,1,3,2025-05-26,Brentwood,Residential,0,1,376.04,2.06,2.85,82.57,77.87,1,0,0,20,48,5.0
2020,2846,324,1,2,2025-05-26,Nashville,Residential,0,0,410.67,2.31,2.49,87.08,98.21,1,0,0,50,131,4.7
2021,2847,407,1,4,2025-05-26,Franklin,Residential,1,0,377.77,2.18,2.98,83.49,100.67,1,0,0,27,134,4.7
2022,2848,570,4,5,2025-05-26,Nashville,Commercial,0,0,3354.32,11.07,9.71,349.41,1125.31,1,0,0,28,271,4.6
2023,2849,1055,1,8,2025-05-26,Nashville,Residential,1,0,499.01,2.06,2.27,61.36,137.25,1,0,0,27,238,4.3
2024,2851,600,1,7,2025-05-26,Nolensville,Residential,0,0,354.24,2.31,2.19,76.63,59.41,1,0,0,51,315,4.2
2025,2852,645,1,2,2025-05-26,Nolensville,Residential,0,0,603.36,2.49,2.21,77.52,137.64,1,0,0,19,211,4.5
2026,2854,630,1,4,2025-05-26,Nashville,Residential,0,0,637.76,2.04,1.54,43.02,164.79,1,0,0,36,262,4.3
2027,2855,727,7,1,2025-05-26,Franklin,Residential,1,0,1093.75,4.19,2.61,88.8,242.63,1,0,0,57,226,4.7
2028,2857,646,1,7,2025-05-27,Franklin,Residential,0,0,467.61,2.39,1.96,68.47,112.82,1,0,0,26,237,4.7
2029,2858,1052,2,7,2025-05-27,Spring Hill,Residential,1,0,584.28,2.19,2.33,81.68,158.51,1,0,0,34,205,4.7
2030,2859,623,6,7,2025-05-27,Nashville,Residential,0,0,1003.54,3.11,3.65,127.82,448.5,1,0,0,46,180,4.6
2031,2863,1174,5,2,2025-05-27,Franklin,Commercial,0,0,342.49,1.13,1.22,42.83,58.05,1,0,0,18,248,4.7
2032,2865,823,5,6,2025-05-27,Brentwood,Residential,1,0,235.33,1.28,1.29,40.12,32.93,1,0,0,44,244,5.0
2033,2866,670,1,1,2025-05-27,Nashville,Residential,0,0,471.96,2.44,2.35,79.84,97.55,1,0,1,21,210,5.0
2034,2867,1254,2,1,2025-05-27,Brentwood,Residential,0,0,425.39,2.2,2.06,70.0,92.73,1,0,0,39,230,4.6
2035,2868,116,5,4,2025-05-27,Franklin,Residential,0,0,209.06,1.29,1.18,33.1,31.64,1,0,0,47,312,4.6
2036,2869,283,1,4,2025-05-27,Nashville,Residential,1,1,419.87,2.75,1.83,51.17,115.81,1,0,0,49,20,4.4
2037,2870,1253,5,1,2025-05-27,Franklin,Residential,1,0,237.17,0.89,1.04,35.39,40.2,1,0,0,39,194,4.6
2038,2871,1087,1,8,2025-05-27,Nashville,Commercial,0,0,1026.77,2.33,2.62,70.87,202.33,1,0,1,28,282,4.6
2039,2874,330,2,2,2025-05-27,Nashville,Residential,1,0,472.87,2.19,2.24,78.48,102.69,1,0,0,24,232,4.6
2040,2875,511,1,5,2025-05-27,Spring Hill,Residential,1,0,410.91,2.46,2.67,96.11,103.46,1,0,0,36,248,4.3
2041,2876,191,3,7,2025-05-27,Nolensville,Residential,0,0,8081.5,16.34,14.67,513.37,4356.27,1,0,0,33,352,4.4
2042,2877,507,6,7,2025-05-27,Brentwood,Residential,0,0,1245.0,3.46,3.8,133.06,499.64,1,0,0,27,194,4.2
2043,2879,610,6,1,2025-05-27,Franklin,Residential,0,0,1076.14,4.01,2.99,101.67,522.66,1,0,0,49,236,4.7
2044,2880,979,5,8,2025-05-27,Franklin,Residential,0,0,175.0,1.56,1.39,37.42,23.77,1,0,0,27,257,4.2
2045,2881,178,5,3,2025-05-27,Nashville,Residential,0,0,179.51,1.41,1.24,36.08,32.08,1,0,0,43,294,4.2
2046,2882,372,5,4,2025-05-27,Franklin,Commercial,1,0,328.05,1.33,1.31,36.8,50.43,1,0,0,53,316,4.3
2047,2883,1031,1,3,2025-05-28,Nashville,Residential,0,0,471.77,2.63,2.8,81.26,120.54,1,0,0,54,262,4.5
2048,2884,1019,7,8,2025-05-28,Franklin,Residential,1,0,1035.65,4.18,4.32,116.66,287.62,1,0,0,41,297,4.6
2049,2885,1114,3,7,2025-05-28,Brentwood,Residential,0,0,9738.11,16.99,15.79,552.58,4385.59,1,0,0,32,333,4.5
2050,2886,300,5,7,2025-05-28,Brentwood,Residential,0,0,129.53,1.51,1.24,43.28,22.73,1,0,0,59,253,4.8
2051,2887,248,5,4,2025-05-28,Nashville,Residential,0,0,198.76,1.6,1.89,52.93,24.65,1,0,0,48,263,4.0
2052,2888,231,6,5,2025-05-28,Brentwood,Residential,1,0,1417.59,3.85,3.79,136.6,635.8,1,0,0,65,273,4.4
2053,2890,1425,2,3,2025-05-28,Franklin,Residential,0,0,439.18,2.27,2.05,59.33,88.56,1,0,0,36,317,4.5
2054,2891,1288,2,8,2025-05-28,Spring Hill,Residential,0,1,675.98,2.84,3.79,102.22,152.22,1,0,1,61,87,4.1
2055,2892,569,5,7,2025-05-28,Nashville,Residential,0,0,188.18,1.37,1.04,36.35,27.99,1,0,0,51,362,4.5
2056,2893,377,2,5,2025-05-28,Spring Hill,Residential,0,1,413.74,1.95,1.76,63.51,85.06,1,0,0,53,50,4.6
2057,2894,363,6,5,2025-05-28,Nashville,Residential,1,0,1036.11,2.75,2.81,101.22,266.49,1,0,0,55,291,4.5
2058,2896,1411,1,8,2025-05-28,Nashville,Residential,0,0,408.57,1.97,1.94,52.34,100.06,1,0,0,39,209,3.7
2059,2897,639,7,4,2025-05-28,Nolensville,Residential,0,0,1331.26,4.99,6.4,179.14,334.89,1,0,0,24,304,4.4
2060,2899,726,4,7,2025-05-28,Brentwood,Residential,1,0,2707.34,9.56,7.31,255.84,985.33,1,0,0,31,211,4.9
2061,2901,644,5,3,2025-05-29,Spring Hill,Residential,1,0,154.81,1.4,1.47,42.57,25.91,1,0,0,53,160,4.7
2062,2902,54,1,4,2025-05-29,Spring Hill,Residential,0,0,700.23,2.03,2.23,62.55,146.71,1,0,0,16,174,4.3
2063,2904,436,3,5,2025-05-29,Nashville,Residential,1,0,9247.67,19.45,22.93,825.62,4050.89,1,0,0,47,230,4.8
2064,2907,406,1,5,2025-05-29,Nashville,Residential,0,0,597.04,2.27,2.02,72.68,144.16,1,0,0,30,155,4.5
2065,2909,586,1,5,2025-05-29,Nashville,Residential,0,1,561.59,1.74,1.57,56.67,135.04,1,0,0,33,108,4.5
2066,2910,954,1,1,2025-05-29,Franklin,Residential,1,0,415.72,2.06,2.46,83.75,116.58,1,0,0,46,267,4.7
2067,2911,1112,5,1,2025-05-29,Franklin,Residential,0,0,201.35,1.32,1.11,37.77,27.37,1,0,0,55,218,5.0
2068,2912,1343,1,4,2025-05-29,Brentwood,Residential,0,0,430.28,2.26,2.59,72.56,92.61,1,0,0,47,296,4.2
2069,2913,996,3,5,2025-05-29,Brentwood,Residential,0,0,9282.07,20.03,22.88,823.67,4629.03,1,0,0,44,301,5.0
2070,2914,345,1,8,2025-05-29,Nolensville,Residential,0,0,631.23,2.31,3.2,86.34,146.23,1,0,0,43,214,4.2
2071,2915,689,6,4,2025-05-29,Brentwood,Commercial,0,0,1973.09,3.89,4.08,114.14,776.5,1,0,0,77,275,4.6
2072,2917,74,6,1,2025-05-29,Brentwood,Residential,1,0,1127.62,4.3,5.11,173.9,504.3,1,0,0,33,228,5.0
2073,2918,1149,7,7,2025-05-29,Franklin,Residential,0,0,1197.24,4.45,2.96,103.57,251.11,1,0,0,14,200,4.6
2074,2919,1200,3,7,2025-05-29,Brentwood,Residential,0,0,12031.17,14.92,15.2,532.17,6966.4,1,0,0,45,226,4.5
2075,2921,1249,2,5,2025-05-29,Nashville,Residential,0,0,394.76,2.25,1.47,52.94,103.0,1,0,0,28,263,4.6
2076,2922,611,5,5,2025-05-29,Nashville,Residential,0,0,146.63,1.43,1.25,44.91,21.89,1,0,0,13,265,5.0
2077,2923,387,6,3,2025-05-30,Nashville,Residential,0,0,1313.44,3.78,3.08,89.34,494.34,1,0,0,55,219,4.2
2078,2924,1280,1,5,2025-05-30,Nashville,Residential,0,1,522.87,1.94,1.6,57.47,114.0,1,0,1,27,63,4.5
2079,2925,1219,2,7,2025-05-30,Nashville,Residential,0,1,540.0,2.6,2.63,92.01,161.37,1,0,0,38,167,4.8
2080,2927,800,2,6,2025-05-30,Nashville,Residential,0,0,378.75,2.65,2.56,79.47,95.64,1,0,0,61,239,5.0
2081,2928,80,5,5,2025-05-30,Nashville,Commercial,0,0,335.65,1.17,1.24,44.53,55.87,1,0,0,46,279,4.3
2082,2930,1249,6,5,2025-05-30,Nashville,Residential,0,0,1267.15,3.42,2.66,95.86,605.78,1,0,0,27,214,4.9
2083,2933,272,5,4,2025-05-30,Franklin,Residential,1,0,154.19,1.32,1.51,42.37,18.24,1,0,0,20,276,4.1
2084,2936,135,2,2,2025-05-30,Brentwood,Residential,0,0,655.94,2.68,2.79,97.79,148.72,1,0,0,45,146,4.5
2085,2937,498,1,7,2025-05-30,Nashville,Residential,0,0,499.69,1.82,1.75,61.16,114.46,1,0,0,13,347,4.4
2086,2938,398,2,3,2025-05-30,Nashville,Residential,1,0,477.47,2.02,2.9,83.97,124.31,1,0,0,53,209,4.7
2087,2939,1385,1,2,2025-05-30,Brentwood,Commercial,0,0,648.86,2.73,3.22,112.65,138.57,1,0,1,68,224,5.0
2088,2940,745,2,2,2025-05-30,Spring Hill,Residential,0,1,446.51,2.02,2.58,90.39,102.01,1,0,0,35,195,4.6
2089,2942,51,2,4,2025-05-30,Spring Hill,Residential,1,0,539.11,2.31,2.13,59.57,148.05,1,0,0,8,302,4.7
2090,2946,770,5,6,2025-05-30,Nolensville,Residential,0,0,142.06,1.13,1.09,33.87,22.62,1,0,1,47,301,4.6
2091,2948,786,1,8,2025-05-30,Franklin,Residential,0,0,669.05,2.47,2.49,67.11,144.71,0,1,1,45,272,3.4
2092,2949,420,2,3,2025-05-30,Nashville,Residential,0,0,751.57,2.84,2.64,76.61,150.22,1,0,1,22,170,4.9
2093,2950,160,4,5,2025-05-30,Franklin,Residential,0,0,2280.47,11.83,11.35,408.55,677.7,1,0,0,45,210,5.0
2094,2952,556,1,8,2025-05-30,Franklin,Residential,1,1,453.89,2.22,2.58,69.58,106.18,1,0,0,53,27,4.3
2095,2953,854,3,5,2025-05-30,Nashville,Residential,0,0,8925.19,16.55,13.87,499.15,4704.42,1,0,0,26,247,4.7
2096,2955,813,1,5,2025-05-31,Nolensville,Residential,0,1,476.01,2.24,2.02,72.73,79.29,1,0,1,40,116,4.4
2097,2956,871,1,1,2025-05-31,Franklin,Commercial,0,1,1120.59,1.99,2.04,69.28,210.41,1,0,1,46,136,5.0
2098,2957,1012,4,5,2025-05-31,Brentwood,Residential,0,0,1685.98,10.66,9.68,348.37,462.58,1,0,0,32,180,4.7
2099,2958,739,7,5,2025-05-31,Nashville,Commercial,0,0,2107.62,4.57,5.35,192.67,495.3,1,0,0,29,219,4.8
2100,2962,1234,1,6,2025-05-31,Nashville,Residential,0,0,557.34,1.89,2.0,61.97,139.5,1,0,0,50,247,4.6
2101,2964,345,7,1,2025-05-31,Nolensville,Residential,0,0,924.59,4.56,4.94,167.81,251.8,1,0,0,37,232,5.0
2102,2965,1166,5,2,2025-05-31,Nashville,Residential,0,0,146.48,1.21,1.06,37.21,23.77,1,0,0,44,257,5.0
2103,2966,910,1,6,2025-05-31,Nolensville,Residential,1,0,394.25,2.5,1.89,58.71,80.5,1,0,0,56,227,4.7
2104,2967,348,5,5,2025-05-31,Spring Hill,Residential,1,0,155.51,1.34,1.43,51.42,22.33,0,0,0,45,298,4.9
2105,2968,291,1,3,2025-05-31,Franklin,Residential,0,0,418.18,2.32,2.42,70.05,107.66,1,0,0,46,270,4.6
2106,2969,608,1,3,2025-06-01,Franklin,Residential,1,0,447.1,2.41,2.04,59.22,96.61,1,0,0,39,265,4.6
2107,2970,517,2,4,2025-06-01,Spring Hill,Residential,0,0,425.94,2.8,3.68,103.17,89.91,1,0,0,28,210,4.6
2108,2971,1433,2,2,2025-06-01,Nashville,Residential,1,1,408.25,2.14,2.06,72.22,87.32,1,0,0,51,32,4.8
2109,2972,710,5,7,2025-06-01,Brentwood,Residential,0,0,134.88,1.27,1.25,43.72,22.0,1,0,0,44,265,4.5
2110,2973,63,6,5,2025-06-01,Spring Hill,Residential,0,0,1192.45,3.95,5.17,186.25,466.53,1,0,0,36,412,4.3
2111,2976,1290,1,6,2025-06-01,Franklin,Residential,0,0,800.11,1.47,1.61,49.95,153.0,1,0,0,30,274,4.7
2112,2978,514,7,5,2025-06-01,Franklin,Residential,1,0,1034.1,3.95,3.11,111.91,275.55,1,0,0,57,234,5.0
2113,2979,1184,2,8,2025-06-01,Franklin,Residential,1,0,471.65,2.47,2.48,66.97,118.65,1,0,0,38,195,4.6
2114,2982,135,7,6,2025-06-01,Brentwood,Residential,0,0,1473.7,3.91,4.1,127.19,370.76,1,0,0,32,314,4.9
2115,2983,266,2,5,2025-06-01,Spring Hill,Residential,1,0,937.14,2.24,2.9,104.42,209.77,1,0,0,49,200,4.8
2116,2984,1336,6,5,2025-06-01,Spring Hill,Residential,0,0,1812.71,3.44,3.24,116.54,669.57,1,0,0,40,233,4.6
2117,2986,142,4,7,2025-06-02,Spring Hill,Residential,0,0,2917.27,10.9,9.03,316.09,914.32,1,0,0,43,266,4.8
2118,2988,1426,1,2,2025-06-02,Nashville,Residential,0,0,535.28,1.96,2.07,72.54,106.27,1,0,0,33,135,5.0
2119,2989,954,5,6,2025-06-02,Franklin,Residential,1,0,169.33,1.38,1.25,38.72,24.59,1,0,0,30,254,4.8
2120,2990,948,4,7,2025-06-02,Nashville,Residential,0,0,1700.09,10.02,9.65,337.71,613.99,1,0,0,35,236,4.4
2121,2991,395,2,8,2025-06-02,Brentwood,Commercial,1,0,853.35,2.58,3.48,93.85,203.62,1,0,0,53,308,4.8
2122,2992,1068,7,5,2025-06-02,Nolensville,Residential,0,0,925.82,4.77,5.25,188.86,212.01,1,0,0,38,368,4.8
2123,2994,1333,1,8,2025-06-02,Franklin,Residential,0,0,414.91,1.92,1.95,52.7,97.6,1,0,1,44,196,3.9
2124,2997,437,1,4,2025-06-02,Brentwood,Residential,1,0,344.53,1.96,1.73,48.46,97.44,1,0,0,43,305,4.8
2125,2998,218,7,4,2025-06-02,Nashville,Residential,1,0,1143.62,4.73,4.68,131.15,287.67,0,1,0,41,172,3.6
2126,3001,514,5,1,2025-06-02,Franklin,Residential,1,0,144.68,1.41,1.27,43.13,25.25,1,0,0,21,211,5.0
2127,3002,753,5,5,2025-06-02,Brentwood,Residential,1,0,212.09,1.15,1.21,43.46,30.36,1,0,0,64,296,4.7
2128,3004,1416,1,5,2025-06-02,Franklin,Residential,0,1,562.86,2.26,2.13,76.8,103.28,1,0,0,44,70,5.0
2129,3005,300,7,2,2025-06-02,Brentwood,Residential,0,0,943.24,4.73,4.31,150.78,250.21,1,0,0,44,247,4.7
2130,3006,454,2,7,2025-06-02,Franklin,Residential,1,0,386.45,2.55,2.57,89.98,81.11,1,0,0,27,326,4.5
2131,3007,20,4,5,2025-06-02,Nashville,Commercial,0,0,4311.22,9.47,8.63,310.78,1476.74,1,0,0,28,269,4.6
2132,3008,224,1,3,2025-06-02,Nolensville,Residential,0,0,405.58,2.32,1.93,55.93,94.37,1,0,0,45,145,4.5
2133,3009,802,2,5,2025-06-02,Brentwood,Residential,0,0,485.78,2.37,2.38,85.67,88.0,1,0,1,48,144,4.7
2134,3010,563,2,6,2025-06-02,Nashville,Commercial,0,1,662.83,2.67,2.62,81.12,147.77,1,0,0,35,170,4.3
2135,3013,658,1,1,2025-06-02,Nashville,Residential,1,0,384.51,2.21,2.04,69.47,92.09,1,0,0,34,191,4.8
2136,3014,1267,6,1,2025-06-02,Spring Hill,Residential,1,0,1703.32,3.8,4.13,140.35,614.87,1,0,0,28,217,4.4
2137,3016,1217,5,4,2025-06-03,Brentwood,Residential,0,0,259.74,1.23,1.25,35.07,36.03,1,0,0,48,266,4.5
2138,3017,1189,5,3,2025-06-03,Spring Hill,Commercial,1,0,275.19,1.28,1.37,39.62,45.16,1,0,0,39,324,4.6
2139,3019,144,2,3,2025-06-03,Nashville,Residential,0,0,503.3,2.39,2.37,68.62,109.06,1,0,1,24,307,4.6
2140,3021,1410,3,5,2025-06-03,Nashville,Residential,0,0,9025.37,15.94,14.06,506.19,5067.64,1,0,0,36,262,4.6
2141,3022,295,5,5,2025-06-03,Nolensville,Residential,0,0,227.85,1.38,1.33,47.87,31.56,1,0,0,44,329,4.3
2142,3023,508,1,3,2025-06-03,Nolensville,Residential,0,1,594.34,1.85,1.88,54.39,136.76,1,0,1,27,119,5.0
2143,3024,1316,1,5,2025-06-03,Brentwood,Residential,0,0,571.02,2.57,2.6,93.73,113.02,1,0,0,18,233,4.7
2144,3025,391,2,8,2025-06-03,Franklin,Residential,0,1,344.0,3.0,3.3,89.01,78.7,1,0,0,29,45,4.5
2145,3026,939,1,3,2025-06-03,Franklin,Residential,0,0,581.13,2.01,2.13,61.73,123.1,1,0,0,51,270,5.0
2146,3028,1086,2,5,2025-06-03,Nashville,Residential,0,0,454.61,2.81,3.77,135.63,104.45,1,0,0,12,262,4.4
2147,3029,543,5,4,2025-06-03,Brentwood,Residential,0,0,185.36,1.3,1.21,33.75,25.96,1,0,0,39,262,4.7
2148,3030,840,5,1,2025-06-03,Nolensville,Residential,0,0,172.75,1.16,0.94,31.82,29.03,1,0,0,41,160,4.9
2149,3031,1180,2,4,2025-06-03,Franklin,Residential,1,0,478.76,2.32,2.42,67.73,119.09,1,0,0,40,336,4.4
2150,3032,927,1,5,2025-06-03,Nashville,Residential,1,0,488.52,2.28,3.04,109.61,111.01,0,1,0,37,285,4.3
2151,3033,825,5,4,2025-06-03,Nashville,Residential,0,0,183.36,1.26,1.53,42.77,28.27,0,0,0,41,357,4.3
2152,3034,41,6,3,2025-06-03,Nolensville,Residential,0,0,853.52,3.3,3.13,90.71,361.01,0,0,0,33,258,4.6
2153,3035,467,5,5,2025-06-03,Brentwood,Residential,0,0,181.76,1.45,1.66,59.72,21.88,1,0,0,52,266,4.8
2154,3037,1219,1,7,2025-06-03,Nashville,Residential,0,0,459.14,2.32,2.31,80.96,99.5,1,0,1,53,261,4.5
2155,3038,692,1,8,2025-06-03,Nashville,Commercial,0,1,801.36,1.89,2.49,67.27,215.74,1,0,1,17,20,4.7
2156,3039,202,6,1,2025-06-03,Spring Hill,Residential,0,0,1243.73,3.28,3.25,110.57,547.16,1,0,0,41,120,4.8
2157,3040,903,1,1,2025-06-04,Spring Hill,Residential,1,0,544.17,2.54,2.39,81.3,143.29,1,0,0,56,260,5.0
2158,3041,537,5,8,2025-06-04,Brentwood,Residential,0,0,208.09,1.37,1.34,36.17,32.5,1,0,0,36,219,4.4
2159,3042,615,5,4,2025-06-04,Spring Hill,Commercial,1,0,242.94,1.25,1.24,34.85,31.58,1,0,0,8,186,4.2
2160,3044,162,3,7,2025-06-04,Nolensville,Residential,0,0,8891.4,17.03,13.35,467.25,4738.3,1,0,0,24,126,4.1
2161,3046,758,5,1,2025-06-04,Nashville,Commercial,0,0,374.21,1.14,0.72,24.63,66.37,1,0,1,11,247,4.7
2162,3047,150,1,1,2025-06-04,Brentwood,Residential,1,0,455.57,2.06,2.59,88.18,105.98,1,0,0,34,280,4.7
2163,3049,989,1,3,2025-06-04,Brentwood,Commercial,0,0,798.26,2.68,2.36,68.53,157.04,1,0,0,30,244,4.6
2164,3050,228,5,6,2025-06-04,Franklin,Residential,0,0,161.52,1.05,1.32,41.03,22.98,1,0,0,26,173,4.7
2165,3051,168,7,4,2025-06-04,Franklin,Residential,0,0,955.44,3.96,3.49,97.84,226.83,1,0,0,41,183,4.2
2166,3053,160,2,8,2025-06-04,Franklin,Residential,0,0,495.78,2.42,2.88,77.81,82.81,1,0,0,57,167,4.3
2167,3054,852,5,7,2025-06-04,Spring Hill,Residential,1,0,199.84,1.31,1.27,44.62,26.57,1,0,0,56,189,4.2
2168,3055,143,5,1,2025-06-04,Brentwood,Residential,0,0,152.8,1.37,1.59,54.07,24.12,1,0,0,19,172,4.4
2169,3057,1181,6,8,2025-06-04,Nashville,Residential,0,0,925.59,3.67,4.25,114.84,377.1,0,1,0,48,211,3.8
2170,3058,139,5,7,2025-06-04,Franklin,Residential,0,0,237.34,1.47,1.67,58.34,37.03,1,0,1,36,98,4.8
2171,3059,1109,3,5,2025-06-04,Nashville,Residential,0,0,6080.29,17.86,15.37,553.43,2870.63,1,0,0,28,145,4.7
2172,3060,588,1,3,2025-06-04,Nashville,Residential,0,0,588.32,2.58,2.06,59.64,124.48,1,0,0,58,232,4.7
2173,3061,1356,5,3,2025-06-04,Franklin,Residential,1,0,187.8,1.62,1.37,39.81,26.27,1,0,0,52,283,4.3
2174,3064,95,6,7,2025-06-04,Nashville,Residential,1,0,1190.71,3.58,3.61,126.51,417.83,1,0,0,51,320,4.2
2175,3065,103,2,2,2025-06-04,Brentwood,Residential,1,0,419.02,2.98,2.57,90.0,106.77,1,0,0,36,277,5.0
2176,3067,1028,5,2,2025-06-04,Nolensville,Residential,0,0,231.71,1.65,1.23,43.0,35.11,1,0,0,28,280,4.9
2177,3068,474,5,2,2025-06-04,Brentwood,Residential,1,0,191.92,1.34,1.58,55.36,31.2,1,0,0,44,222,4.6
2178,3070,922,2,5,2025-06-05,Nashville,Residential,0,1,683.99,2.62,2.3,82.95,155.36,1,0,0,12,137,4.7
2179,3072,1136,1,1,2025-06-05,Nolensville,Commercial,0,1,809.5,2.28,1.92,65.27,172.88,1,0,0,43,156,5.0
2180,3074,1115,4,7,2025-06-05,Spring Hill,Residential,0,0,2581.35,9.35,7.8,272.89,804.33,1,0,0,34,185,4.5
2181,3075,1077,2,8,2025-06-05,Spring Hill,Residential,0,0,434.16,2.06,2.68,72.47,88.31,1,0,0,62,233,4.5
2182,3076,887,1,4,2025-06-05,Nashville,Commercial,0,0,858.45,2.32,2.7,75.73,192.81,1,0,0,38,286,4.6
2183,3078,180,1,1,2025-06-05,Nashville,Residential,0,1,436.33,2.62,2.04,69.2,77.87,1,0,1,35,99,4.8
2184,3080,118,2,5,2025-06-05,Nolensville,Residential,0,0,435.97,2.7,2.26,81.34,96.83,1,0,1,42,162,4.6
2185,3081,1339,2,6,2025-06-05,Franklin,Residential,0,0,546.07,2.04,1.8,55.9,127.69,1,0,0,43,139,4.9
2186,3082,150,1,6,2025-06-05,Brentwood,Residential,1,0,571.04,2.39,1.86,57.62,115.78,1,0,0,27,152,4.6
2187,3083,915,1,4,2025-06-05,Nashville,Residential,0,0,355.47,2.54,2.98,83.39,78.61,1,0,1,31,234,4.7
2188,3084,743,5,1,2025-06-05,Nashville,Residential,0,0,154.74,1.17,0.99,33.63,24.21,0,1,0,41,240,4.2
2189,3085,630,1,1,2025-06-05,Nashville,Residential,0,0,503.67,2.09,2.06,69.95,114.14,1,0,0,36,230,4.8
2190,3087,49,5,2,2025-06-05,Nashville,Residential,0,0,237.61,1.31,1.56,54.54,36.1,1,0,0,44,134,4.8
2191,3088,670,5,6,2025-06-05,Nashville,Residential,0,0,228.26,1.27,1.33,41.14,29.32,1,0,0,53,308,4.6
2192,3089,720,1,3,2025-06-05,Nashville,Residential,0,0,439.11,2.09,2.06,59.79,96.4,0,1,0,56,252,3.8
2193,3091,425,1,3,2025-06-05,Nashville,Residential,0,0,581.33,2.06,2.1,60.92,117.08,1,0,0,43,188,4.7
2194,3092,1348,1,7,2025-06-05,Franklin,Residential,0,0,615.18,2.26,2.15,75.38,146.11,1,0,0,19,202,4.7
2195,3093,1150,2,3,2025-06-05,Franklin,Commercial,0,0,697.23,2.23,2.02,58.52,114.67,1,0,0,30,239,4.7
2196,3097,634,5,5,2025-06-06,Spring Hill,Residential,0,0,190.69,1.6,1.28,46.01,20.39,1,0,0,28,216,5.0
2197,3098,997,1,6,2025-06-06,Nashville,Residential,0,1,466.01,2.2,2.37,73.49,110.94,1,0,1,48,69,4.4
2198,3099,1033,3,7,2025-06-06,Brentwood,Residential,0,0,7591.31,18.8,26.14,915.04,3604.21,1,0,0,42,214,5.0
2199,3100,777,5,8,2025-06-06,Nolensville,Residential,0,0,172.58,1.34,1.49,40.13,25.28,1,0,0,47,229,4.5
2200,3103,720,2,1,2025-06-06,Nashville,Residential,0,0,390.28,1.74,1.77,60.06,71.11,1,0,0,31,315,5.0
2201,3105,955,5,5,2025-06-06,Brentwood,Residential,0,0,237.38,1.38,1.23,44.39,34.29,1,0,0,62,278,4.8
2202,3107,510,5,5,2025-06-06,Franklin,Residential,1,0,227.44,1.15,0.94,33.94,23.94,1,0,0,29,264,4.7
2203,3108,550,5,7,2025-06-06,Spring Hill,Residential,0,0,169.11,1.06,0.95,33.14,24.91,0,1,0,44,317,3.8
2204,3110,1143,5,7,2025-06-06,Brentwood,Residential,0,0,166.45,1.33,1.35,47.15,24.26,0,0,0,41,272,4.9
2205,3111,150,5,4,2025-06-06,Brentwood,Residential,1,0,185.53,1.33,1.06,29.68,25.56,1,0,0,41,131,4.4
2206,3112,420,4,5,2025-06-06,Nashville,Residential,0,0,2371.04,10.69,7.93,285.48,637.13,1,0,0,49,338,4.6
2207,3113,418,1,7,2025-06-06,Nolensville,Residential,0,0,401.59,1.81,1.58,55.21,79.78,1,1,0,36,126,4.2
2208,3114,1280,3,7,2025-06-06,Nashville,Residential,0,0,13868.96,16.52,16.04,561.34,6674.2,1,0,0,49,233,4.5
2209,3115,926,4,5,2025-06-06,Franklin,Residential,1,0,2479.34,10.17,10.26,369.42,688.16,1,0,0,37,299,4.9
2210,3116,782,1,2,2025-06-06,Brentwood,Residential,0,1,469.23,2.01,2.08,72.74,91.1,1,0,0,34,251,4.6
2211,3118,821,1,3,2025-06-06,Spring Hill,Residential,1,0,415.02,1.99,1.58,45.9,109.8,1,0,0,46,241,4.6
2212,3121,919,2,1,2025-06-06,Franklin,Residential,1,0,470.45,2.5,2.07,70.28,114.81,1,0,0,50,273,4.7
2213,3123,659,2,1,2025-06-07,Nolensville,Residential,0,0,459.0,2.05,2.23,75.81,107.86,1,0,1,43,360,4.9
2214,3125,628,1,6,2025-06-07,Nolensville,Residential,1,0,521.14,2.5,2.37,73.56,105.8,1,0,0,36,191,4.5
2215,3126,1211,2,2,2025-06-07,Nolensville,Residential,0,1,583.16,2.41,2.06,72.03,110.54,1,0,0,25,20,4.7
2216,3127,589,6,8,2025-06-07,Spring Hill,Residential,1,0,1184.1,4.13,4.42,119.23,503.67,0,0,0,29,192,4.2
2217,3128,1201,5,5,2025-06-07,Franklin,Residential,0,0,158.59,1.54,1.44,52.01,22.97,1,0,1,45,239,4.5
2218,3129,1310,3,5,2025-06-07,Nashville,Residential,0,0,8862.11,19.57,18.67,672.08,3924.13,1,0,0,35,215,4.5
2219,3130,496,1,2,2025-06-07,Nashville,Residential,0,0,440.99,1.9,1.47,51.39,103.26,1,0,0,46,222,4.6
2220,3134,314,7,3,2025-06-07,Brentwood,Residential,0,0,1480.87,3.68,2.69,78.02,391.18,1,0,0,28,283,4.5
2221,3135,780,3,7,2025-06-07,Nashville,Residential,0,0,9159.9,20.52,24.38,853.35,4905.42,1,0,0,42,193,4.9
2222,3137,377,1,6,2025-06-08,Spring Hill,Residential,0,0,459.86,1.63,1.54,47.81,114.77,0,0,0,37,311,5.0
2223,3138,1363,5,3,2025-06-08,Brentwood,Residential,0,0,130.38,1.28,1.16,33.76,17.6,1,0,1,15,309,4.9
2224,3139,1209,6,5,2025-06-08,Nashville,Residential,1,0,1353.55,2.99,3.47,124.92,483.19,0,1,0,13,309,3.9
2225,3140,620,1,5,2025-06-08,Franklin,Residential,1,0,454.42,2.19,1.87,67.39,97.8,1,0,0,44,221,4.8
2226,3143,394,1,6,2025-06-08,Franklin,Residential,0,1,582.26,2.2,2.13,65.94,108.55,1,0,0,29,130,4.8
2227,3145,174,1,7,2025-06-08,Nashville,Residential,0,0,399.88,1.72,1.78,62.17,77.79,1,0,0,54,285,5.0
2228,3146,103,1,3,2025-06-08,Brentwood,Residential,1,0,401.23,2.44,2.74,79.44,92.07,1,0,0,39,399,5.0
2229,3147,1026,1,8,2025-06-08,Nashville,Residential,1,0,364.65,2.06,2.12,57.25,93.09,1,0,0,35,254,4.6
2230,3150,753,1,8,2025-06-09,Brentwood,Residential,1,0,419.16,2.76,2.44,65.87,105.2,1,0,0,33,281,4.5
2231,3151,73,1,5,2025-06-09,Franklin,Residential,0,0,336.79,2.19,1.94,69.81,78.24,1,0,0,55,287,4.9
2232,3152,111,5,1,2025-06-09,Nashville,Residential,0,0,199.89,1.17,0.97,33.07,33.07,1,0,1,13,179,4.8
2233,3153,1408,5,5,2025-06-09,Nashville,Residential,1,0,129.46,1.45,1.76,63.51,19.47,1,0,0,45,273,4.9
2234,3154,654,3,5,2025-06-09,Nolensville,Residential,1,0,9911.11,19.74,14.33,515.91,4629.53,1,0,0,45,235,4.6
2235,3157,1209,6,2,2025-06-09,Nashville,Residential,1,0,1311.0,3.1,2.9,101.4,548.96,1,0,0,45,232,5.0
2236,3158,922,1,2,2025-06-09,Nashville,Residential,0,0,482.81,1.82,1.4,48.87,106.38,1,0,0,44,220,4.8
2237,3161,202,4,7,2025-06-09,Spring Hill,Residential,0,0,2505.88,7.32,8.28,289.82,858.6,1,0,0,36,134,4.4
2238,3162,1361,5,7,2025-06-09,Nolensville,Residential,0,0,220.25,1.15,1.06,37.22,32.26,1,0,0,34,276,4.3
2239,3163,248,2,5,2025-06-09,Nashville,Residential,0,0,384.53,2.44,2.29,82.26,70.12,1,0,1,34,278,4.7
2240,3164,1034,5,7,2025-06-09,Nashville,Residential,0,0,159.12,1.31,0.97,34.12,25.05,0,1,1,43,136,3.9
2241,3167,1406,2,5,2025-06-10,Nashville,Residential,1,0,425.5,3.0,3.24,116.5,109.46,1,0,0,16,277,5.0
2242,3171,855,2,1,2025-06-10,Spring Hill,Commercial,1,0,646.33,1.98,2.05,69.78,178.4,1,0,0,30,223,4.7
2243,3172,1181,5,1,2025-06-10,Nashville,Residential,0,0,167.29,1.38,1.66,56.41,23.17,1,0,0,26,126,4.8
2244,3173,1225,1,8,2025-06-10,Nashville,Commercial,1,0,538.5,2.57,2.23,60.17,128.79,1,0,0,52,268,4.5
2245,3175,1111,7,8,2025-06-10,Franklin,Residential,1,0,1217.02,4.42,5.04,135.96,285.38,1,0,0,42,255,4.4
2246,3178,804,2,3,2025-06-11,Nashville,Residential,0,0,633.16,2.63,2.81,81.43,159.16,1,0,0,42,252,4.4
2247,3179,738,1,5,2025-06-11,Nashville,Residential,1,0,349.58,2.34,1.91,68.72,67.81,1,0,0,30,159,4.8
2248,3180,1402,5,7,2025-06-11,Brentwood,Residential,1,0,180.93,1.15,1.35,47.23,25.61,1,0,0,37,135,4.7
2249,3181,1427,2,7,2025-06-11,Nolensville,Residential,1,0,529.57,2.17,2.58,90.41,135.25,1,0,0,60,239,4.7
2250,3182,242,1,4,2025-06-11,Brentwood,Commercial,0,0,1024.39,2.33,3.09,86.6,217.79,0,1,0,69,237,4.4
2251,3183,649,1,5,2025-06-11,Nolensville,Residential,0,0,417.22,2.14,1.89,68.12,96.67,1,0,0,36,214,4.9
2252,3185,109,2,8,2025-06-11,Franklin,Residential,1,0,416.69,2.27,2.95,79.56,99.51,0,0,0,61,398,4.3
2253,3187,489,1,3,2025-06-11,Nashville,Residential,0,1,468.04,2.17,1.99,57.61,94.37,1,0,1,42,20,4.7
2254,3188,1209,5,5,2025-06-11,Nashville,Residential,1,0,195.18,1.07,1.04,37.53,24.69,1,0,0,11,238,4.9
2255,3189,1343,5,1,2025-06-11,Brentwood,Residential,0,0,228.77,1.38,1.21,41.29,34.49,1,0,0,38,217,5.0
2256,3190,418,1,1,2025-06-11,Nolensville,Residential,0,1,649.68,2.22,2.26,76.9,126.49,1,0,0,37,85,5.0
2257,3191,655,4,5,2025-06-11,Nolensville,Residential,0,0,2243.53,9.55,9.21,331.58,710.71,1,0,0,40,236,4.7
2258,3192,268,2,7,2025-06-11,Nashville,Residential,1,0,490.39,2.52,2.16,75.74,128.7,1,0,0,38,227,4.9
2259,3193,566,1,2,2025-06-11,Brentwood,Residential,0,1,580.47,2.18,1.66,58.03,111.52,1,0,1,39,103,4.9
2260,3194,334,1,8,2025-06-11,Brentwood,Residential,0,1,593.16,2.09,2.53,68.22,110.93,0,0,0,38,110,4.0
2261,3195,1026,1,2,2025-06-11,Nashville,Residential,1,0,428.28,2.31,1.62,56.64,93.1,1,0,0,24,275,4.6
2262,3196,116,1,6,2025-06-11,Franklin,Residential,0,1,552.55,1.94,1.74,54.0,115.18,1,0,1,34,75,5.0
2263,3199,531,4,5,2025-06-11,Nashville,Commercial,0,0,4889.21,12.32,12.57,452.38,1389.94,1,0,0,34,196,4.5
2264,3201,144,2,5,2025-06-11,Nashville,Residential,0,0,643.06,2.42,2.58,92.98,140.98,1,0,0,20,348,4.1
2265,3202,655,2,4,2025-06-11,Nolensville,Residential,0,0,436.28,2.57,3.28,91.88,95.2,1,0,0,57,222,4.8
2266,3203,340,1,7,2025-06-11,Franklin,Residential,0,1,675.11,2.7,2.67,93.41,158.7,1,0,0,56,147,5.0
2267,3204,676,5,1,2025-06-11,Nashville,Commercial,0,0,304.66,1.25,1.39,47.09,41.24,1,0,0,42,127,5.0
2268,3207,1250,3,5,2025-06-11,Nashville,Residential,0,0,8596.01,15.5,16.03,577.0,4628.38,1,0,0,55,308,4.8
2269,3208,607,4,5,2025-06-11,Nolensville,Residential,0,0,2892.7,10.93,8.49,305.79,954.87,0,1,0,33,234,3.9
2270,3211,65,1,3,2025-06-11,Spring Hill,Residential,0,0,481.43,2.16,2.26,65.41,120.06,0,1,0,59,229,3.8
2271,3213,970,6,5,2025-06-12,Nashville,Residential,1,0,1454.5,4.89,4.95,178.22,464.37,1,0,0,26,231,4.5
2272,3215,1346,1,3,2025-06-12,Spring Hill,Residential,0,0,460.35,2.14,2.68,77.76,100.31,0,1,0,51,325,3.7
2273,3216,552,3,7,2025-06-12,Nolensville,Residential,1,0,8863.19,20.8,19.04,666.37,5783.77,1,0,0,35,243,4.5
2274,3218,1392,5,6,2025-06-12,Nashville,Residential,0,0,187.77,1.03,0.72,22.39,29.19,0,1,0,52,279,4.1
2275,3221,1210,5,2,2025-06-12,Franklin,Residential,0,0,106.19,1.02,0.97,33.97,19.1,1,0,1,27,267,4.5
2276,3222,174,1,1,2025-06-12,Nashville,Residential,0,0,423.7,2.37,2.75,93.55,114.43,1,0,0,17,264,4.7
2277,3223,198,5,1,2025-06-12,Nolensville,Residential,0,0,180.98,1.0,0.94,31.89,23.48,1,0,1,52,261,4.4
2278,3224,745,2,3,2025-06-12,Spring Hill,Residential,0,0,457.37,3.01,2.33,67.46,93.3,1,0,0,43,295,4.7
2279,3229,597,5,2,2025-06-12,Nolensville,Residential,0,0,171.33,1.54,1.56,54.67,25.65,1,0,0,35,291,4.9
2280,3230,574,6,6,2025-06-12,Brentwood,Residential,0,0,882.98,3.3,3.31,102.71,356.31,1,0,0,51,252,4.9
2281,3231,326,1,8,2025-06-12,Spring Hill,Residential,0,1,397.41,1.98,1.66,44.81,91.36,1,0,0,49,113,4.4
2282,3232,330,1,6,2025-06-12,Nashville,Residential,1,0,353.93,2.1,2.23,69.26,101.28,1,0,0,43,273,4.8
2283,3233,524,5,1,2025-06-12,Nashville,Residential,0,0,210.33,1.46,1.32,44.96,28.06,1,0,0,40,247,4.8
2284,3234,185,1,7,2025-06-12,Spring Hill,Residential,0,0,503.71,2.27,2.67,93.32,103.24,1,0,1,40,355,4.5
2285,3236,164,1,5,2025-06-12,Brentwood,Residential,1,0,404.8,2.23,2.14,77.01,113.76,1,0,0,44,181,4.8
2286,3237,581,1,4,2025-06-12,Spring Hill,Commercial,0,0,869.15,2.77,2.47,69.14,198.89,0,1,0,19,272,3.6
2287,3238,117,5,5,2025-06-12,Nashville,Residential,0,0,259.67,1.2,1.22,44.07,28.66,1,0,0,32,242,4.5
2288,3239,469,5,8,2025-06-13,Brentwood,Residential,1,0,136.77,1.09,0.83,22.43,20.28,1,0,0,54,232,4.2
2289,3240,597,5,7,2025-06-13,Nolensville,Residential,0,0,202.74,1.48,1.42,49.86,29.3,1,0,0,40,260,4.4
2290,3241,967,3,7,2025-06-13,Nashville,Residential,0,0,8889.59,13.5,17.49,612.09,5510.07,1,0,0,62,292,5.0
2291,3242,1010,1,6,2025-06-13,Brentwood,Residential,0,1,362.0,2.79,2.98,92.23,85.32,1,0,0,20,51,4.1
2292,3243,941,5,6,2025-06-13,Nashville,Residential,1,0,173.53,1.44,1.15,35.59,22.86,1,0,0,58,372,4.7
2293,3244,1006,1,3,2025-06-13,Spring Hill,Residential,0,1,718.19,2.34,2.76,80.07,137.47,1,0,1,67,29,5.0
2294,3245,1163,6,8,2025-06-13,Nolensville,Residential,0,0,1164.02,3.33,2.92,78.71,447.61,1,0,0,57,321,4.4
2295,3246,430,1,2,2025-06-13,Spring Hill,Residential,0,0,572.06,2.18,2.28,79.94,149.54,1,0,0,45,313,4.7
2296,3247,1430,1,4,2025-06-13,Nashville,Residential,0,0,606.6,2.13,2.26,63.25,141.28,1,0,0,42,188,4.6
2297,3248,6,2,4,2025-06-13,Nashville,Residential,0,0,751.76,2.65,3.24,90.6,161.7,0,1,0,58,325,4.0
2298,3249,233,1,6,2025-06-13,Franklin,Residential,0,0,432.99,2.37,2.55,78.98,92.77,1,0,1,41,133,5.0
2299,3250,1222,5,4,2025-06-13,Franklin,Residential,1,0,169.43,1.45,1.73,48.51,23.93,1,0,0,29,205,4.4
2300,3251,663,5,7,2025-06-13,Nashville,Residential,1,0,243.46,1.59,1.58,55.38,40.05,1,0,0,32,243,4.7
2301,3252,1010,2,2,2025-06-13,Brentwood,Residential,0,0,649.95,2.53,2.72,95.19,122.24,1,0,0,50,274,5.0
2302,3253,35,5,8,2025-06-13,Brentwood,Residential,0,0,233.18,1.53,1.72,46.55,32.14,1,0,1,51,247,4.5
2303,3254,383,6,1,2025-06-13,Nolensville,Residential,0,0,828.11,3.81,5.18,176.14,355.43,1,0,0,57,242,5.0
2304,3255,56,4,7,2025-06-13,Spring Hill,Residential,0,0,3045.18,10.65,10.3,360.39,995.88,1,0,0,47,288,4.3
2305,3256,728,1,2,2025-06-13,Nashville,Residential,1,0,484.07,2.57,2.63,92.16,107.84,1,0,0,14,258,4.8
2306,3257,115,2,4,2025-06-13,Franklin,Residential,1,0,436.89,2.55,2.37,66.3,83.1,1,0,0,36,226,4.3
2307,3259,850,5,7,2025-06-13,Brentwood,Residential,0,0,204.05,1.28,1.59,55.6,34.78,0,1,0,56,245,4.3
2308,3260,727,5,1,2025-06-13,Franklin,Residential,1,0,163.57,1.42,1.53,52.19,24.93,1,0,0,31,224,4.7
2309,3263,202,7,8,2025-06-14,Spring Hill,Residential,0,0,1073.95,4.85,4.89,132.09,259.82,1,0,0,14,309,4.2
2310,3264,33,2,2,2025-06-14,Nashville,Residential,0,0,448.85,2.55,2.71,94.69,87.1,1,0,1,27,237,5.0
2311,3265,1203,5,4,2025-06-14,Nolensville,Residential,0,0,196.46,1.25,1.88,52.61,31.43,1,0,0,47,256,4.3
2312,3268,693,2,8,2025-06-14,Franklin,Residential,1,0,531.49,2.66,3.77,101.84,113.9,1,0,0,44,304,4.0
2313,3271,1229,5,2,2025-06-14,Nashville,Residential,0,0,184.08,1.33,1.67,58.34,28.96,1,0,0,40,245,5.0
2314,3272,957,1,1,2025-06-14,Brentwood,Residential,0,0,561.58,1.7,1.95,66.39,126.02,1,0,1,44,210,5.0
2315,3273,686,3,5,2025-06-14,Nashville,Residential,0,0,12474.8,15.27,13.53,487.1,6153.66,0,0,0,55,208,4.5
2316,3274,573,1,8,2025-06-14,Nashville,Residential,0,0,509.33,1.99,2.61,70.35,108.12,1,0,1,46,174,4.7
2317,3275,499,5,2,2025-06-15,Franklin,Residential,0,0,168.48,1.18,1.18,41.29,21.11,1,0,0,17,346,4.6
2318,3277,1052,1,3,2025-06-15,Spring Hill,Residential,1,0,506.19,2.02,2.01,58.25,120.21,1,0,0,30,285,4.0
2319,3278,1296,1,1,2025-06-15,Brentwood,Residential,0,0,684.2,2.11,1.91,64.98,166.66,1,0,0,29,251,4.6
2320,3279,729,1,7,2025-06-15,Spring Hill,Residential,0,1,473.7,2.65,2.74,95.92,85.74,1,0,0,36,54,4.4
2321,3282,358,5,1,2025-06-15,Franklin,Residential,0,0,187.27,1.27,1.1,37.34,24.26,1,0,0,39,221,4.9
2322,3283,1165,5,7,2025-06-15,Nolensville,Residential,1,0,269.0,1.34,1.66,58.21,33.06,1,0,0,50,242,4.7
2323,3284,1395,5,6,2025-06-15,Nashville,Residential,0,0,224.31,1.32,1.22,37.71,31.82,1,0,0,54,185,4.9
2324,3285,504,1,3,2025-06-15,Nashville,Residential,0,0,550.09,1.91,1.97,57.23,119.91,1,0,0,54,285,5.0
2325,3286,386,1,6,2025-06-15,Franklin,Residential,0,0,445.85,2.21,2.44,75.69,75.61,1,0,0,48,301,4.7
2326,3287,1016,6,3,2025-06-15,Nashville,Residential,1,0,844.14,2.93,3.57,103.46,371.12,1,0,0,32,173,4.2
2327,3289,651,5,5,2025-06-15,Brentwood,Residential,0,0,212.91,1.32,1.55,55.92,33.18,1,0,1,33,194,4.7
2328,3291,581,1,3,2025-06-15,Spring Hill,Commercial,0,1,890.14,2.16,2.58,74.77,208.14,0,0,0,40,130,4.2
2329,3292,743,1,1,2025-06-15,Nashville,Residential,0,0,657.73,2.35,2.33,79.14,146.33,1,0,0,31,204,5.0
2330,3293,1136,1,7,2025-06-15,Nolensville,Commercial,0,0,854.71,2.39,2.24,78.5,168.79,0,0,0,49,253,4.3
2331,3294,218,2,8,2025-06-15,Nashville,Residential,1,1,423.9,2.57,2.53,68.35,94.7,1,0,0,33,104,4.2
2332,3295,1166,5,8,2025-06-15,Nashville,Residential,0,0,246.14,1.3,1.28,34.54,41.06,1,0,0,24,301,4.1
2333,3296,517,5,2,2025-06-15,Spring Hill,Residential,0,0,197.07,1.06,1.03,35.89,26.83,1,0,0,39,235,5.0
2334,3297,49,1,5,2025-06-15,Nashville,Residential,0,0,448.93,2.46,2.9,104.23,82.62,1,0,0,26,306,4.8
2335,3299,958,1,6,2025-06-16,Franklin,Residential,0,1,672.32,2.64,2.65,82.28,141.7,1,0,0,35,61,4.5
2336,3300,906,6,8,2025-06-16,Spring Hill,Residential,0,0,1104.98,3.5,3.9,105.31,532.39,1,1,0,34,212,4.2
2337,3301,1165,1,5,2025-06-16,Nolensville,Residential,1,1,566.94,2.21,2.27,81.67,139.55,1,1,0,50,132,3.8
2338,3302,1155,1,1,2025-06-16,Nashville,Residential,0,0,552.57,2.69,2.53,86.05,116.41,1,0,0,15,283,4.7
2339,3303,832,5,8,2025-06-16,Franklin,Residential,0,0,102.04,0.94,1.1,29.72,14.13,1,0,0,38,230,4.7
2340,3305,1311,1,2,2025-06-16,Nashville,Residential,0,1,494.5,2.1,2.22,77.76,99.19,1,0,0,54,20,4.9
2341,3308,1444,2,4,2025-06-16,Brentwood,Residential,1,0,359.39,2.99,2.84,79.41,84.99,1,0,0,37,207,4.3
2342,3310,406,1,4,2025-06-16,Nashville,Residential,0,1,468.96,1.99,1.68,46.97,110.99,0,1,1,48,96,4.4
2343,3311,626,1,6,2025-06-16,Nashville,Residential,0,0,380.7,2.69,3.11,96.29,81.81,0,1,0,24,246,3.7
2344,3313,805,5,1,2025-06-16,Nolensville,Residential,1,0,171.06,1.38,1.5,51.04,26.79,1,0,0,53,155,4.7
2345,3314,588,2,2,2025-06-16,Nashville,Residential,0,0,709.75,2.23,2.34,81.84,160.13,1,0,0,28,219,5.0
2346,3315,739,2,2,2025-06-16,Nashville,Commercial,0,1,962.2,2.42,2.0,70.07,168.93,1,0,0,46,31,4.3
2347,3316,1325,2,2,2025-06-16,Nashville,Residential,0,0,663.15,2.24,1.81,63.41,146.14,1,0,0,75,305,4.9
2348,3318,845,3,5,2025-06-16,Brentwood,Residential,1,0,10788.14,17.24,15.97,574.93,5922.17,1,0,0,47,224,4.4
2349,3319,755,1,2,2025-06-16,Spring Hill,Residential,0,1,509.28,2.23,2.19,76.59,122.13,1,0,1,34,20,5.0
2350,3320,706,1,2,2025-06-16,Nolensville,Commercial,0,0,721.2,2.27,2.26,79.19,167.6,1,0,1,60,167,4.7
2351,3321,1333,1,3,2025-06-16,Franklin,Residential,0,1,418.41,2.27,2.57,74.55,90.62,0,1,0,37,20,3.9
2352,3323,703,1,6,2025-06-16,Nolensville,Residential,1,1,418.57,2.61,2.53,78.28,119.4,1,0,0,58,90,4.9
2353,3324,1155,1,5,2025-06-16,Nashville,Residential,0,0,478.52,2.59,2.66,95.7,120.06,1,0,0,11,245,4.3
2354,3325,888,1,4,2025-06-16,Nashville,Residential,1,0,441.69,2.44,2.83,79.32,127.71,1,0,0,58,214,4.7
2355,3327,648,1,8,2025-06-16,Brentwood,Residential,0,0,451.18,2.53,2.81,75.89,93.68,0,1,0,44,236,4.0
2356,3328,419,6,2,2025-06-16,Nashville,Commercial,1,0,1798.81,4.12,3.41,119.18,668.63,1,0,0,25,316,4.9
2357,3329,510,5,5,2025-06-16,Franklin,Residential,1,0,158.17,1.14,1.02,36.7,23.42,1,0,0,34,252,4.9
2358,3331,634,1,5,2025-06-17,Spring Hill,Residential,0,0,423.6,2.05,1.54,55.62,92.71,0,1,0,30,257,4.2
2359,3332,1270,5,1,2025-06-17,Spring Hill,Residential,0,0,205.84,0.99,0.83,28.31,27.58,1,0,0,28,231,4.8
2360,3333,119,6,7,2025-06-17,Nashville,Residential,0,0,1502.82,4.12,3.94,137.73,613.8,1,0,0,51,109,4.9
2361,3334,726,1,4,2025-06-17,Brentwood,Residential,1,1,455.92,2.21,2.02,56.62,92.12,1,0,0,38,29,4.7
2362,3335,556,1,7,2025-06-17,Franklin,Residential,1,0,490.15,1.83,2.12,74.28,110.73,0,1,0,26,220,3.8
2363,3336,982,5,8,2025-06-17,Brentwood,Commercial,0,0,335.52,1.35,1.8,48.63,49.55,1,0,0,59,244,4.1
2364,3337,1334,2,3,2025-06-17,Brentwood,Residential,0,0,736.53,2.33,2.85,82.6,127.78,1,0,0,43,241,4.6
2365,3339,283,5,1,2025-06-17,Nashville,Residential,1,0,211.9,1.27,1.66,56.3,30.43,1,0,0,30,215,4.9
2366,3340,473,1,7,2025-06-17,Nashville,Residential,1,0,424.9,2.47,1.95,68.12,125.58,1,0,0,36,216,4.6
2367,3341,299,3,7,2025-06-17,Nashville,Residential,0,0,8262.13,15.51,13.07,457.61,4363.85,1,0,0,35,311,4.6
2368,3343,558,5,3,2025-06-17,Nashville,Residential,0,0,186.42,1.42,1.17,33.93,29.42,1,0,0,43,331,4.7
2369,3345,1160,1,5,2025-06-17,Brentwood,Commercial,0,0,1061.24,1.99,1.61,58.0,165.48,1,0,1,27,193,4.6
2370,3346,121,5,4,2025-06-17,Spring Hill,Commercial,0,0,354.49,1.34,1.22,34.05,50.79,1,1,1,8,266,4.2
2371,3347,750,1,8,2025-06-17,Franklin,Residential,0,0,333.14,2.25,2.25,60.84,69.39,1,0,0,53,268,4.3
2372,3348,758,2,5,2025-06-17,Nashville,Commercial,0,1,890.49,1.95,1.88,67.58,182.16,1,0,0,28,20,5.0
2373,3350,827,5,5,2025-06-17,Spring Hill,Commercial,0,0,360.78,1.49,1.36,48.96,56.49,1,0,0,33,253,4.5
2374,3351,254,2,3,2025-06-17,Franklin,Residential,1,0,547.22,2.41,2.52,73.19,135.37,1,0,0,54,257,4.6
2375,3352,151,1,4,2025-06-17,Nolensville,Residential,0,0,382.94,2.12,2.29,64.14,105.89,1,0,0,50,255,4.3
2376,3353,53,7,6,2025-06-17,Franklin,Residential,0,0,958.78,4.23,5.17,160.31,271.24,1,0,0,41,236,4.7
2377,3354,1277,6,2,2025-06-17,Brentwood,Residential,1,0,1190.43,3.39,3.34,116.87,474.35,1,0,0,34,180,4.7
2378,3355,68,1,8,2025-06-17,Nashville,Residential,1,0,324.02,2.35,2.4,64.81,62.8,0,1,0,19,114,4.1
2379,3357,1146,4,7,2025-06-18,Nashville,Residential,0,0,2651.04,10.28,8.65,302.81,728.38,1,0,0,47,161,4.8
2380,3358,101,7,7,2025-06-18,Franklin,Residential,0,0,1065.07,4.92,4.71,164.96,310.56,1,0,0,26,206,4.6
2381,3360,544,6,5,2025-06-18,Nashville,Residential,0,0,1393.08,3.45,3.6,129.6,642.23,1,0,0,32,184,4.9
2382,3361,730,3,5,2025-06-18,Brentwood,Residential,0,0,8707.47,17.87,13.6,489.52,4532.36,1,0,0,21,178,4.6
2383,3362,217,1,5,2025-06-18,Brentwood,Residential,1,1,441.21,1.55,1.72,61.84,110.29,1,0,0,61,98,4.9
2384,3363,1009,1,7,2025-06-18,Nashville,Residential,0,0,379.86,1.99,1.8,63.08,87.08,1,0,0,27,242,4.5
2385,3364,498,5,4,2025-06-18,Nashville,Residential,0,0,263.24,1.58,1.78,49.86,40.46,1,0,0,55,219,4.6
2386,3365,559,2,6,2025-06-18,Franklin,Residential,0,0,394.48,2.24,1.81,56.15,98.96,1,0,0,35,199,4.7
2387,3366,136,1,6,2025-06-18,Spring Hill,Commercial,1,0,825.44,2.42,2.01,62.46,228.8,1,0,0,50,277,4.5
2388,3367,389,3,7,2025-06-18,Franklin,Residential,1,0,8725.65,21.49,17.68,618.75,4884.7,1,0,0,21,247,4.5
2389,3369,1390,1,1,2025-06-18,Nashville,Residential,1,1,296.47,2.19,2.16,73.31,71.23,0,1,0,8,183,4.9
2390,3370,545,5,7,2025-06-18,Franklin,Residential,1,0,177.08,1.44,1.84,64.57,29.4,1,0,0,46,155,4.3
2391,3371,1253,2,7,2025-06-18,Franklin,Residential,1,0,646.44,2.28,3.35,117.42,144.36,1,0,0,18,193,4.5
2392,3375,680,2,2,2025-06-18,Nashville,Residential,0,0,362.45,2.39,2.37,83.08,82.49,1,0,0,47,208,4.7
2393,3377,1010,2,8,2025-06-18,Brentwood,Residential,0,1,427.82,2.73,3.13,84.38,103.78,0,1,0,65,57,3.7
2394,3378,162,2,7,2025-06-18,Nolensville,Residential,0,0,599.15,2.41,2.64,92.43,115.82,1,0,0,26,276,4.4
2395,3381,1061,1,2,2025-06-18,Nashville,Residential,0,0,478.91,1.72,1.7,59.47,100.43,1,0,1,40,258,5.0
2396,3384,1293,2,6,2025-06-18,Nashville,Residential,0,0,608.78,2.21,1.71,53.04,133.8,0,1,0,41,241,4.5
2397,3386,768,2,1,2025-06-19,Nashville,Residential,1,1,671.27,2.66,3.11,105.74,184.9,0,0,0,26,86,4.4
2398,3387,240,5,4,2025-06-19,Franklin,Residential,1,0,174.98,1.12,1.21,33.88,26.96,1,0,0,43,219,5.0
2399,3389,232,5,7,2025-06-19,Franklin,Residential,0,0,158.28,1.21,1.12,39.34,22.67,1,0,0,43,313,4.5
2400,3391,1130,7,3,2025-06-19,Spring Hill,Residential,0,0,901.6,4.22,5.02,145.52,236.2,1,0,0,47,274,4.7
2401,3392,1247,6,1,2025-06-19,Franklin,Commercial,0,0,1815.58,2.97,2.84,96.54,642.88,1,0,0,47,178,4.3
2402,3393,1195,1,6,2025-06-19,Nolensville,Residential,0,0,571.49,1.95,2.07,64.19,114.37,1,0,0,55,280,5.0
2403,3394,361,6,1,2025-06-19,Nolensville,Commercial,0,0,1993.79,3.55,3.69,125.38,806.84,1,0,0,57,153,5.0
2404,3397,1073,6,8,2025-06-19,Spring Hill,Commercial,0,0,1906.03,3.41,3.74,101.03,730.91,1,0,0,41,134,4.0
2405,3398,1205,1,3,2025-06-19,Brentwood,Residential,1,1,431.86,2.37,1.6,46.42,119.77,1,0,0,53,77,4.2
2406,3400,186,5,3,2025-06-19,Nashville,Residential,0,0,200.23,1.19,1.3,37.83,29.98,1,0,0,70,305,4.8
2407,3401,1019,1,3,2025-06-19,Franklin,Residential,1,0,387.26,2.77,3.34,96.9,100.8,0,1,0,51,178,3.9
2408,3403,215,1,2,2025-06-19,Brentwood,Residential,0,0,388.1,2.75,2.29,80.31,80.29,1,0,0,52,250,5.0
2409,3404,583,7,8,2025-06-19,Brentwood,Residential,1,0,1469.26,3.92,5.35,144.54,278.74,0,1,0,24,174,4.0
2410,3405,49,3,5,2025-06-19,Nashville,Residential,0,0,9456.9,15.78,10.65,383.23,5271.6,0,1,0,30,254,4.0
2411,3406,1066,5,5,2025-06-19,Nashville,Residential,0,0,175.98,1.16,1.11,39.99,24.79,0,1,0,38,222,4.1
2412,3408,1288,3,7,2025-06-19,Spring Hill,Residential,0,0,8719.17,21.11,17.78,622.26,4820.54,1,0,0,47,351,4.7
2413,3409,1398,1,1,2025-06-19,Nolensville,Residential,0,1,449.58,1.56,1.42,48.17,99.98,1,0,1,57,52,4.9
2414,3410,1128,4,7,2025-06-19,Nashville,Residential,0,0,2675.36,11.43,11.93,417.47,731.56,0,1,0,41,349,3.9
2415,3412,668,1,2,2025-06-19,Franklin,Residential,0,0,502.1,2.08,1.84,64.4,116.32,1,0,0,37,167,4.8
2416,3413,829,5,6,2025-06-20,Nashville,Residential,0,0,172.33,1.12,1.11,34.45,23.97,1,0,1,54,360,5.0
2417,3414,644,1,5,2025-06-20,Spring Hill,Residential,1,0,542.64,2.77,2.34,84.36,148.12,1,0,0,25,306,4.4
2418,3415,539,1,5,2025-06-20,Franklin,Residential,1,1,521.73,1.99,2.34,84.34,117.64,0,0,0,32,94,4.0
2419,3416,157,1,5,2025-06-20,Nolensville,Residential,1,1,377.26,2.45,2.55,91.76,91.39,0,1,0,42,20,4.0
2420,3417,134,4,7,2025-06-20,Nashville,Residential,0,0,2269.34,10.11,7.73,270.55,717.51,1,0,0,55,166,4.6
2421,3418,838,1,2,2025-06-20,Franklin,Residential,0,0,616.08,1.99,1.78,62.46,178.49,1,0,1,29,297,4.4
2422,3419,1258,2,5,2025-06-20,Franklin,Residential,0,0,454.97,2.55,2.67,96.03,83.64,1,0,1,40,291,4.8
2423,3420,249,2,8,2025-06-20,Spring Hill,Residential,0,0,476.92,2.28,2.97,80.12,96.3,1,0,1,59,208,4.4
2424,3421,828,5,1,2025-06-20,Spring Hill,Residential,1,0,228.98,1.4,1.03,35.16,35.12,1,0,0,42,102,4.5
2425,3422,121,1,8,2025-06-20,Spring Hill,Commercial,0,0,954.95,2.3,2.69,72.63,229.98,1,0,0,15,242,3.8
2426,3423,137,1,1,2025-06-20,Franklin,Residential,0,0,459.23,2.38,1.82,62.04,125.45,1,0,0,52,362,4.3
2427,3424,450,2,3,2025-06-20,Nashville,Residential,0,1,406.2,2.5,2.27,65.96,92.56,1,0,1,54,124,4.8
2428,3425,1007,1,1,2025-06-20,Nashville,Commercial,0,0,967.64,1.84,1.32,44.84,188.04,1,0,1,47,215,4.4
2429,3426,849,5,4,2025-06-20,Brentwood,Residential,1,0,166.86,1.47,1.22,34.26,19.87,1,0,0,28,231,4.5
2430,3427,898,5,2,2025-06-20,Franklin,Commercial,1,0,241.7,1.46,1.27,44.28,36.97,1,0,0,32,336,4.8
2431,3428,1300,5,4,2025-06-20,Brentwood,Residential,0,0,294.43,0.92,0.88,24.57,36.66,1,0,0,50,273,4.2
2432,3429,879,1,2,2025-06-20,Franklin,Residential,0,0,471.2,2.58,2.8,98.09,103.6,1,0,0,24,294,4.7
2433,3430,554,1,5,2025-06-20,Nolensville,Residential,0,0,635.5,2.16,1.91,68.66,146.59,1,0,0,56,242,4.7
2434,3431,66,1,4,2025-06-20,Nashville,Residential,0,0,469.03,2.63,2.96,82.85,96.92,1,0,0,45,227,4.3
2435,3432,896,7,2,2025-06-20,Nashville,Residential,0,0,1095.71,4.27,3.75,131.23,287.96,1,0,0,25,182,5.0
2436,3434,524,2,5,2025-06-20,Nashville,Residential,0,0,378.68,2.06,2.1,75.74,73.35,1,0,0,26,176,4.8
2437,3435,224,1,8,2025-06-20,Nolensville,Residential,0,0,584.97,2.12,2.94,79.39,165.08,1,0,0,40,230,4.5
2438,3436,533,6,6,2025-06-20,Brentwood,Residential,0,0,1730.43,3.95,3.31,102.65,787.61,0,0,0,24,281,4.9
2439,3438,282,2,2,2025-06-21,Nashville,Residential,1,0,468.2,2.19,2.09,73.32,96.1,1,0,0,54,248,4.6
2440,3439,10,7,8,2025-06-21,Franklin,Commercial,0,0,1274.58,5.35,6.07,164.01,405.89,0,0,0,32,216,4.6
2441,3441,796,6,3,2025-06-21,Nolensville,Residential,0,0,1269.35,3.58,3.25,94.13,633.01,1,0,0,28,239,4.5
2442,3445,1306,5,1,2025-06-21,Nashville,Residential,0,0,178.5,1.15,0.63,21.58,29.99,1,0,0,28,170,4.8
2443,3446,791,1,2,2025-06-21,Nashville,Residential,1,1,447.2,2.22,1.25,43.75,80.24,1,0,0,43,159,4.4
2444,3447,787,1,6,2025-06-21,Nashville,Commercial,0,0,857.64,1.76,1.9,58.92,188.94,1,0,0,60,240,4.9
2445,3448,165,4,7,2025-06-21,Franklin,Residential,0,0,2442.76,11.45,8.41,294.26,770.26,1,0,0,28,200,4.6
2446,3449,737,2,1,2025-06-21,Spring Hill,Residential,1,0,571.11,1.72,1.56,53.06,150.1,0,0,0,59,283,4.5
2447,3450,727,1,2,2025-06-21,Franklin,Residential,1,1,586.23,2.14,2.89,101.31,125.74,1,0,0,20,20,4.5
2448,3451,6,4,7,2025-06-21,Nashville,Residential,0,0,2552.57,11.74,13.68,478.7,777.83,1,0,0,42,219,4.6
2449,3452,49,5,1,2025-06-21,Nashville,Residential,0,0,136.37,1.45,1.27,43.23,17.82,1,0,0,38,187,4.7
2450,3454,657,5,4,2025-06-22,Brentwood,Residential,0,0,171.82,1.53,1.51,42.27,27.34,1,0,0,39,266,4.6
2451,3455,1030,5,7,2025-06-22,Nashville,Residential,0,0,177.32,1.55,1.21,42.44,29.04,1,0,0,54,216,4.7
2452,3456,348,1,7,2025-06-22,Spring Hill,Residential,1,0,304.53,2.8,2.79,97.6,74.57,1,0,0,38,114,4.8
2453,3458,882,3,5,2025-06-22,Brentwood,Residential,0,0,10587.42,16.66,17.48,629.4,5906.32,1,0,0,35,144,4.8
2454,3460,308,3,5,2025-06-22,Brentwood,Residential,0,0,9580.38,17.62,11.74,422.67,3628.11,1,0,0,39,239,4.6
2455,3462,1447,7,5,2025-06-22,Nashville,Commercial,0,0,1910.29,4.78,4.85,174.53,348.47,1,0,0,26,344,4.5
2456,3463,381,3,7,2025-06-22,Spring Hill,Residential,0,0,10427.32,18.19,22.94,802.96,5951.77,1,0,0,54,152,5.0
2457,3464,37,6,6,2025-06-22,Nashville,Residential,1,0,913.01,3.16,2.92,90.52,309.03,1,0,0,33,212,4.6
2458,3469,808,1,5,2025-06-22,Nolensville,Commercial,1,0,648.14,2.37,2.3,82.9,185.17,1,1,0,43,190,4.5
2459,3471,972,1,6,2025-06-22,Spring Hill,Residential,1,0,492.18,2.07,1.55,48.06,116.19,1,0,0,28,182,5.0
2460,3472,244,5,8,2025-06-22,Spring Hill,Residential,0,0,215.16,1.47,1.62,43.8,38.87,1,0,0,57,263,4.6
2461,3473,132,1,5,2025-06-22,Nashville,Residential,0,0,331.35,2.4,2.32,83.36,58.31,1,0,0,8,235,4.4
2462,3474,1141,5,7,2025-06-23,Franklin,Residential,0,0,130.58,1.25,1.07,37.48,18.92,1,0,0,30,237,4.8
2463,3475,1015,3,5,2025-06-23,Franklin,Residential,0,0,8741.63,16.05,21.44,771.74,6012.57,0,1,0,68,167,4.6
2464,3477,82,5,6,2025-06-23,Spring Hill,Residential,0,0,193.64,1.49,1.33,41.14,25.04,1,0,0,35,275,4.5
2465,3478,1045,1,4,2025-06-23,Brentwood,Residential,1,0,479.16,2.38,2.53,70.82,110.33,0,0,0,38,177,4.8
2466,3480,359,2,3,2025-06-23,Nolensville,Residential,0,0,576.9,2.48,1.81,52.43,144.19,1,0,0,11,244,4.1
2467,3482,725,4,7,2025-06-23,Nashville,Commercial,1,0,5493.22,10.47,11.21,392.44,1463.12,1,0,0,15,264,4.9
2468,3485,383,5,3,2025-06-23,Nolensville,Residential,0,0,164.83,1.31,1.3,37.7,28.35,1,0,0,17,258,4.8
2469,3488,290,2,8,2025-06-23,Nashville,Residential,1,0,442.45,2.61,3.32,89.74,106.61,1,0,0,17,257,4.3
2470,3490,1196,5,2,2025-06-23,Nashville,Commercial,1,0,325.2,1.25,0.89,31.19,58.12,0,0,0,26,226,5.0
2471,3491,837,5,6,2025-06-23,Brentwood,Residential,0,0,224.04,1.19,1.25,38.83,40.0,1,0,0,15,232,4.8
2472,3492,764,1,6,2025-06-23,Nashville,Residential,1,0,490.32,2.74,2.59,80.28,143.74,1,0,0,31,242,4.9
2473,3494,799,4,7,2025-06-23,Franklin,Residential,0,0,2614.64,11.36,10.91,381.86,938.88,1,0,0,20,260,4.5
2474,3496,138,1,5,2025-06-23,Franklin,Residential,0,0,417.39,2.41,2.24,80.61,95.99,1,0,1,23,341,4.7
2475,3497,1388,1,2,2025-06-23,Franklin,Residential,1,0,556.6,1.84,1.57,54.82,126.99,1,0,0,48,231,5.0
2476,3499,410,2,8,2025-06-23,Brentwood,Residential,0,1,651.92,2.46,1.97,53.22,141.48,1,0,0,56,54,4.4
2477,3501,1033,2,3,2025-06-24,Brentwood,Residential,0,0,545.57,2.47,2.3,66.75,114.32,1,0,0,40,121,4.9
2478,3502,1410,7,1,2025-06-24,Nashville,Residential,0,0,1165.69,5.06,5.85,199.0,294.16,1,0,0,34,121,4.4
2479,3503,382,5,6,2025-06-24,Franklin,Residential,0,0,213.99,1.24,1.11,34.31,30.26,1,0,0,43,253,4.8
2480,3504,926,5,4,2025-06-24,Franklin,Residential,1,0,244.8,1.43,1.26,35.41,36.77,1,0,0,60,346,4.6
2481,3505,415,4,7,2025-06-24,Nolensville,Residential,1,0,1753.05,8.24,7.74,270.89,624.51,0,0,0,46,296,4.4
2482,3506,439,5,3,2025-06-24,Brentwood,Commercial,0,0,330.95,1.37,1.49,43.22,33.6,1,0,0,57,141,4.3
2483,3508,64,2,8,2025-06-24,Nashville,Residential,0,0,547.36,2.28,2.33,62.85,129.97,1,0,0,35,244,4.0
2484,3509,1158,5,7,2025-06-24,Nashville,Residential,1,0,135.91,0.98,0.66,22.93,19.17,1,0,0,41,190,4.9
2485,3510,101,1,8,2025-06-24,Franklin,Residential,0,1,351.62,2.24,2.62,70.78,71.96,0,1,0,68,99,3.8
2486,3511,367,5,5,2025-06-24,Nashville,Residential,0,0,184.66,1.28,1.07,38.62,21.78,1,0,0,30,186,4.8
2487,3514,423,3,5,2025-06-24,Franklin,Commercial,1,0,19314.54,15.53,14.0,503.92,9690.78,1,0,0,36,218,4.9
2488,3515,1290,2,2,2025-06-24,Franklin,Residential,0,0,594.73,2.15,1.58,55.28,116.93,1,0,0,21,296,4.8
2489,3516,209,5,7,2025-06-24,Franklin,Residential,1,0,236.63,1.41,1.38,48.46,34.13,1,0,0,8,254,4.4
2490,3517,1282,7,1,2025-06-24,Brentwood,Residential,0,0,1239.98,5.57,4.25,144.66,345.23,1,0,0,35,310,4.7
2491,3519,201,2,5,2025-06-24,Nashville,Residential,0,0,584.43,2.68,2.3,82.9,96.28,1,0,0,18,154,4.6
2492,3520,701,5,6,2025-06-24,Franklin,Residential,1,0,207.01,1.38,1.34,41.66,29.82,1,0,0,39,289,5.0
2493,3522,1004,5,1,2025-06-24,Spring Hill,Residential,1,0,174.6,1.56,1.56,53.14,25.58,1,0,0,56,250,4.9
2494,3523,739,1,1,2025-06-25,Nashville,Commercial,0,1,684.4,1.9,1.7,57.65,200.03,1,0,1,45,126,4.8
2495,3524,738,1,2,2025-06-25,Nashville,Residential,1,0,406.02,2.08,2.02,70.65,74.65,1,0,0,57,232,4.7
2496,3526,825,1,6,2025-06-25,Nashville,Residential,0,0,440.22,2.19,1.7,52.55,107.54,1,1,0,50,251,4.7
2497,3527,1132,2,2,2025-06-25,Franklin,Residential,0,1,413.14,2.06,1.99,69.51,105.91,1,0,0,23,136,4.7
2498,3528,939,5,8,2025-06-25,Franklin,Residential,0,0,165.69,1.36,1.62,43.73,25.17,1,0,0,62,188,4.0
2499,3530,843,1,3,2025-06-25,Franklin,Residential,0,0,348.7,2.19,2.13,61.64,81.97,1,0,1,41,302,4.8
2500,3531,400,6,3,2025-06-25,Nashville,Residential,0,0,778.27,3.18,2.57,74.47,315.41,1,0,0,51,186,4.4
2501,3532,212,7,2,2025-06-25,Nashville,Residential,0,0,887.18,5.56,4.89,171.1,263.08,1,0,0,37,245,5.0
2502,3535,1191,2,4,2025-06-25,Franklin,Residential,0,0,505.35,1.95,2.09,58.45,121.97,1,0,0,49,220,4.7
2503,3537,763,2,1,2025-06-25,Franklin,Residential,1,1,503.23,2.57,2.83,96.11,120.22,0,0,0,49,96,4.7
2504,3538,1222,5,7,2025-06-25,Franklin,Residential,1,0,131.4,0.97,1.05,36.76,19.73,1,0,0,36,167,4.7
2505,3539,801,2,8,2025-06-25,Nashville,Residential,0,0,493.82,2.39,2.99,80.61,119.31,1,0,0,12,299,4.7
2506,3540,80,1,4,2025-06-25,Nashville,Commercial,0,1,820.84,2.34,2.25,62.91,224.51,1,0,0,46,20,4.7
2507,3541,643,5,1,2025-06-25,Franklin,Residential,1,0,177.44,1.3,1.21,41.18,29.88,1,0,0,48,168,4.9
2508,3542,546,2,2,2025-06-25,Franklin,Residential,0,1,530.06,2.48,3.12,109.09,96.56,1,0,0,16,146,4.9
2509,3543,574,5,7,2025-06-25,Brentwood,Residential,0,0,225.19,1.35,1.48,51.84,30.59,1,0,0,56,231,4.5
2510,3545,1137,1,3,2025-06-25,Spring Hill,Residential,0,0,535.2,2.07,2.17,62.83,136.86,1,0,1,47,200,4.7
2511,3546,383,5,5,2025-06-25,Nolensville,Residential,0,0,222.47,1.22,1.29,46.28,36.79,1,0,0,46,325,4.9
2512,3547,1296,2,1,2025-06-25,Brentwood,Residential,0,0,398.47,2.26,2.33,79.1,81.48,1,0,0,39,194,5.0
2513,3548,1315,2,3,2025-06-25,Brentwood,Residential,1,1,410.21,2.81,2.45,71.15,94.93,1,0,0,26,116,4.4
2514,3549,127,6,7,2025-06-25,Nashville,Residential,0,0,962.1,2.92,3.21,112.29,396.9,1,0,0,63,310,4.6
2515,3550,334,5,4,2025-06-25,Brentwood,Residential,0,0,195.0,1.0,0.91,25.49,23.66,1,0,0,48,277,4.3
2516,3552,376,4,7,2025-06-25,Franklin,Residential,1,0,1860.1,10.56,12.88,450.64,511.71,0,1,0,24,273,4.1
2517,3553,1009,1,3,2025-06-25,Nashville,Residential,0,0,482.49,2.06,2.09,60.59,94.44,1,0,0,19,292,4.8
2518,3554,67,5,1,2025-06-26,Spring Hill,Residential,0,0,176.26,1.4,1.23,41.71,24.5,1,0,0,45,294,5.0
2519,3556,686,1,2,2025-06-26,Nashville,Residential,0,0,437.83,1.95,2.19,76.6,102.37,1,0,0,43,260,4.8
2520,3557,511,2,6,2025-06-26,Spring Hill,Residential,1,0,380.43,2.77,3.1,96.24,81.61,1,0,0,44,220,4.7
2521,3558,834,7,3,2025-06-26,Franklin,Residential,0,0,922.52,5.02,5.46,158.33,203.76,1,0,0,51,180,4.8
2522,3559,1443,2,5,2025-06-26,Spring Hill,Residential,1,0,414.74,2.37,2.13,76.55,105.52,1,0,0,35,214,4.7
2523,3560,338,4,7,2025-06-26,Nashville,Residential,0,0,2698.53,8.2,10.13,354.54,874.87,1,0,0,71,342,4.6
2524,3561,290,2,5,2025-06-26,Nashville,Residential,1,1,476.61,2.95,3.51,126.47,108.45,1,0,0,25,90,4.5
2525,3562,1182,1,6,2025-06-26,Nashville,Residential,1,1,356.29,2.48,2.81,87.18,94.83,0,1,0,56,134,4.1
2526,3564,499,1,5,2025-06-26,Franklin,Residential,0,0,411.67,1.96,1.72,61.82,95.58,1,0,1,31,295,4.8
2527,3565,416,5,8,2025-06-26,Nashville,Residential,1,0,166.31,1.48,2.1,56.63,26.81,1,0,0,8,171,3.7
2528,3568,316,7,6,2025-06-26,Nolensville,Residential,0,0,1628.38,5.66,5.6,173.71,352.05,1,0,0,23,138,4.3
2529,3571,1106,5,8,2025-06-26,Nolensville,Residential,0,0,216.49,1.06,1.08,29.16,29.12,1,0,1,42,170,4.3
2530,3573,682,6,6,2025-06-26,Nashville,Residential,1,0,1349.88,2.85,3.07,95.2,535.48,1,0,0,42,256,4.7
2531,3575,878,1,3,2025-06-27,Brentwood,Residential,0,0,528.21,2.05,1.62,46.91,101.02,1,0,0,26,228,4.2
2532,3576,1397,5,8,2025-06-27,Spring Hill,Residential,0,0,186.58,1.43,1.71,46.24,31.02,1,0,0,40,270,4.5
2533,3577,687,1,1,2025-06-27,Nolensville,Residential,0,0,405.84,2.69,2.2,74.83,84.75,1,0,0,53,145,5.0
2534,3578,704,5,8,2025-06-27,Nashville,Residential,0,0,199.34,1.25,1.33,35.96,25.99,1,0,0,33,196,4.0
2535,3580,1248,6,3,2025-06-27,Nolensville,Residential,1,0,1197.67,3.78,2.86,83.01,395.4,1,0,0,34,207,4.5
2536,3581,720,2,5,2025-06-27,Nashville,Residential,0,0,579.12,2.58,2.2,79.12,126.09,1,0,0,33,232,4.7
2537,3582,455,5,2,2025-06-27,Spring Hill,Residential,1,0,210.26,1.22,1.12,39.11,33.13,1,0,0,66,250,4.9
2538,3584,1007,1,4,2025-06-27,Nashville,Commercial,0,0,796.55,2.23,2.91,81.6,177.57,1,0,0,24,250,4.5
2539,3586,70,1,4,2025-06-27,Brentwood,Residential,0,1,532.13,2.41,2.17,60.9,104.32,0,1,0,30,139,3.9
2540,3587,444,5,4,2025-06-27,Franklin,Residential,1,0,201.79,1.23,1.4,39.14,28.24,1,1,0,46,212,3.9
2541,3589,391,1,3,2025-06-27,Franklin,Residential,0,0,379.09,2.15,1.44,41.67,87.82,1,0,1,39,142,4.8
2542,3590,1151,1,6,2025-06-27,Nashville,Residential,1,0,483.35,2.15,2.25,69.72,112.2,0,0,0,55,244,5.0
2543,3593,576,6,4,2025-06-27,Spring Hill,Residential,0,0,1363.35,3.51,3.16,88.58,528.83,1,0,0,40,144,4.5
2544,3594,1203,2,8,2025-06-27,Nolensville,Residential,0,1,497.03,2.83,3.53,95.29,100.97,1,0,0,32,60,4.1
2545,3595,1355,2,1,2025-06-27,Spring Hill,Residential,0,0,334.0,2.38,2.08,70.85,82.19,0,0,1,46,176,4.6
2546,3596,35,4,5,2025-06-27,Brentwood,Residential,0,0,2081.97,9.86,11.3,406.75,685.02,1,0,0,44,114,4.6
2547,3597,527,1,6,2025-06-27,Franklin,Residential,0,0,453.02,2.12,2.31,71.7,92.09,1,0,0,39,170,5.0
2548,3598,584,1,3,2025-06-27,Nolensville,Residential,0,0,443.73,2.44,2.14,62.01,129.67,1,0,0,27,251,4.7
2549,3599,513,5,3,2025-06-27,Nashville,Residential,1,0,287.03,1.37,1.43,41.4,37.15,1,0,0,50,200,4.3
2550,3601,841,1,3,2025-06-27,Nolensville,Residential,1,0,478.21,2.04,1.87,54.23,109.99,0,0,0,16,305,4.6
2551,3604,576,4,7,2025-06-27,Spring Hill,Residential,0,0,2528.9,11.8,9.7,339.62,953.85,1,0,0,52,319,4.6
2552,3606,173,5,2,2025-06-28,Spring Hill,Residential,1,0,221.05,1.18,0.92,32.31,29.71,1,0,0,43,310,5.0
2553,3607,1228,2,2,2025-06-28,Nolensville,Residential,0,0,428.77,2.57,2.24,78.26,104.49,1,0,1,19,364,4.9
2554,3609,1158,4,7,2025-06-28,Nashville,Residential,1,0,2883.92,7.4,6.11,213.88,1085.39,1,0,0,35,305,5.0
2555,3610,419,1,6,2025-06-28,Nashville,Commercial,1,1,854.1,1.88,1.44,44.51,235.44,1,0,0,46,100,5.0
2556,3611,585,3,5,2025-06-28,Nashville,Residential,0,0,12196.54,15.44,14.42,518.95,5909.02,1,0,0,52,283,4.6
2557,3612,807,1,8,2025-06-28,Nashville,Commercial,0,1,1000.57,2.37,2.15,57.97,220.97,0,1,0,8,112,3.1
2558,3613,825,3,7,2025-06-28,Nashville,Residential,0,0,12671.09,18.45,14.29,500.07,6835.27,1,0,0,51,311,4.9
2559,3614,993,1,5,2025-06-28,Nolensville,Residential,0,0,487.71,2.47,2.58,92.86,132.06,1,0,0,53,324,4.5
2560,3615,1269,4,5,2025-06-28,Brentwood,Residential,0,0,2419.36,10.34,10.49,377.77,702.15,0,1,0,63,195,4.2
2561,3616,1143,1,2,2025-06-28,Brentwood,Residential,0,0,390.77,2.04,2.04,71.55,73.31,1,0,0,40,213,5.0
2562,3617,1021,5,7,2025-06-28,Franklin,Residential,0,0,192.9,1.3,1.52,53.32,26.1,1,0,1,40,327,4.6
2563,3618,280,1,5,2025-06-28,Brentwood,Residential,0,0,571.01,2.68,2.47,88.93,128.2,1,0,1,45,233,4.7
2564,3619,476,5,1,2025-06-28,Nashville,Residential,1,0,151.76,1.43,1.48,50.46,24.52,1,0,0,13,227,5.0
2565,3620,1172,2,4,2025-06-28,Nashville,Residential,0,1,449.41,2.76,2.56,71.68,96.37,1,0,1,52,20,4.9
2566,3621,422,2,6,2025-06-28,Spring Hill,Residential,1,0,415.79,2.47,2.58,79.96,97.43,1,0,0,38,201,4.8
2567,3622,503,6,1,2025-06-28,Nashville,Residential,0,0,1246.41,3.56,3.01,102.24,483.71,0,0,0,9,245,4.6
2568,3623,54,1,5,2025-06-28,Spring Hill,Residential,0,0,438.71,1.82,1.49,53.51,73.99,1,0,0,35,311,4.8
2569,3624,418,1,8,2025-06-29,Nolensville,Residential,0,0,481.15,2.56,2.77,74.68,102.99,0,1,1,30,374,3.3
2570,3626,866,5,8,2025-06-29,Spring Hill,Residential,0,0,237.78,1.54,1.7,45.92,37.25,1,0,0,18,232,4.5
2571,3630,52,4,7,2025-06-29,Nolensville,Residential,1,0,3247.04,9.15,10.11,353.71,1110.47,1,0,0,24,245,5.0
2572,3631,1185,6,3,2025-06-29,Brentwood,Residential,1,0,1052.34,4.27,3.72,107.93,361.13,1,0,0,40,265,4.2
2573,3632,1132,7,1,2025-06-29,Franklin,Residential,0,0,1148.23,3.83,3.74,127.07,314.39,1,0,0,63,291,4.9
2574,3633,941,5,3,2025-06-29,Nashville,Residential,1,0,183.34,1.47,1.51,43.89,25.94,1,0,0,32,324,4.3
2575,3634,740,1,6,2025-06-29,Franklin,Residential,0,0,438.8,2.43,1.8,55.88,105.02,1,0,0,26,272,5.0
2576,3635,585,2,5,2025-06-29,Nashville,Residential,0,0,470.73,2.3,2.54,91.61,117.23,0,0,0,36,283,4.8
2577,3636,496,1,8,2025-06-29,Nashville,Residential,0,1,648.07,2.55,3.36,90.76,118.47,0,0,0,50,52,3.9
2578,3637,1163,6,3,2025-06-29,Nolensville,Residential,0,0,1052.73,3.57,4.09,118.52,394.04,1,0,0,27,206,4.7
2579,3638,1430,1,4,2025-06-29,Nashville,Residential,0,0,490.33,2.33,2.85,79.83,116.71,1,0,0,23,305,4.4
2580,3640,1201,6,4,2025-06-29,Franklin,Residential,0,0,1247.38,4.05,4.91,137.42,554.87,0,1,0,16,234,4.0
2581,3644,871,2,4,2025-06-29,Franklin,Commercial,0,0,831.69,2.42,3.07,85.88,175.84,0,1,0,29,212,3.7
2582,3647,405,6,4,2025-06-30,Franklin,Commercial,0,0,1410.43,3.43,3.35,93.72,484.02,1,0,0,43,220,4.3
2583,3648,677,3,7,2025-06-30,Spring Hill,Residential,0,0,8958.13,17.48,17.36,607.66,4776.49,0,1,0,22,252,3.9
2584,3649,1383,1,2,2025-06-30,Nashville,Residential,0,0,333.38,2.4,2.05,71.76,75.49,1,0,0,44,297,4.9
2585,3650,971,5,8,2025-06-30,Nashville,Residential,1,0,249.39,1.44,1.65,44.43,36.53,1,0,0,37,345,4.3
2586,3651,1319,1,1,2025-06-30,Brentwood,Residential,0,1,468.04,1.86,2.04,69.3,110.36,1,0,0,39,52,4.7
2587,3653,959,5,7,2025-06-30,Franklin,Residential,0,0,178.94,1.16,0.82,28.76,23.92,1,0,0,28,301,4.8
2588,3656,460,1,1,2025-06-30,Franklin,Residential,0,0,426.82,2.06,2.23,75.9,96.39,1,0,0,49,234,4.7
2589,3659,1020,5,8,2025-06-30,Brentwood,Commercial,0,0,265.71,1.26,1.29,34.85,39.89,1,0,1,43,269,4.5
2590,3660,448,5,4,2025-06-30,Nashville,Residential,0,0,171.04,1.36,1.05,29.48,24.76,1,0,0,37,212,4.7
2591,3661,635,4,5,2025-06-30,Spring Hill,Residential,1,0,1776.2,11.48,7.7,277.1,610.2,1,0,0,51,320,4.4
2592,3662,670,1,8,2025-06-30,Nashville,Residential,0,0,619.85,2.73,3.96,106.89,161.42,1,0,0,33,208,4.3
2593,3663,799,5,5,2025-06-30,Franklin,Residential,0,0,180.81,1.09,0.93,33.62,24.69,1,0,1,31,287,4.5
2594,3664,503,5,1,2025-06-30,Nashville,Residential,0,0,166.07,1.16,0.99,33.79,21.77,1,0,0,33,303,4.7
2595,3665,17,2,4,2025-06-30,Franklin,Residential,0,0,384.46,2.2,2.46,68.95,80.67,0,1,0,51,238,4.0
2596,3666,554,2,5,2025-06-30,Nolensville,Residential,0,1,477.45,2.73,2.01,72.18,106.29,1,0,0,45,135,4.4
2597,3667,565,1,7,2025-06-30,Franklin,Residential,0,0,537.94,2.46,2.53,88.55,110.58,1,0,1,41,265,4.6
2598,3668,104,2,6,2025-07-01,Nashville,Residential,0,1,611.34,2.46,2.58,79.95,144.97,1,0,0,66,31,4.8
2599,3669,1345,6,5,2025-07-01,Spring Hill,Residential,0,0,1017.23,2.97,2.23,80.34,424.55,1,0,0,15,170,4.5
2600,3670,266,7,1,2025-07-01,Spring Hill,Residential,1,0,1039.34,4.76,5.59,189.94,280.96,1,0,0,65,275,4.7
2601,3672,973,2,7,2025-07-01,Franklin,Residential,1,0,360.87,2.41,1.74,60.81,78.43,1,0,0,16,308,4.5
2602,3673,192,6,7,2025-07-01,Brentwood,Commercial,1,0,2255.71,3.74,3.98,139.35,885.99,1,0,0,38,212,4.4
2603,3675,921,4,5,2025-07-01,Spring Hill,Residential,1,0,2463.85,12.33,13.41,482.73,617.35,1,0,0,40,247,4.8
2604,3676,1202,1,5,2025-07-01,Brentwood,Residential,0,0,543.95,1.85,2.02,72.72,119.0,1,0,0,58,216,4.6
2605,3677,795,5,2,2025-07-01,Spring Hill,Residential,1,0,190.05,1.3,1.28,44.8,26.3,1,0,0,64,206,4.9
2606,3679,1082,7,1,2025-07-01,Brentwood,Residential,0,0,1184.21,4.53,2.69,91.43,334.89,1,0,0,54,267,5.0
2607,3680,850,1,2,2025-07-01,Brentwood,Residential,0,1,724.42,2.19,1.83,64.11,151.13,1,0,0,38,119,4.6
2608,3681,571,5,5,2025-07-01,Nashville,Residential,0,0,280.72,1.51,1.47,52.93,38.64,1,0,0,42,253,4.9
2609,3682,1070,5,3,2025-07-01,Franklin,Residential,0,0,163.43,1.27,1.24,35.88,28.11,1,0,0,13,173,4.5
2610,3683,699,1,3,2025-07-01,Spring Hill,Residential,0,0,413.7,2.18,2.43,70.57,73.5,1,0,0,39,185,4.9
2611,3684,28,1,7,2025-07-01,Franklin,Commercial,1,0,804.31,2.33,3.04,106.3,172.56,1,0,0,21,206,4.5
2612,3685,291,1,7,2025-07-01,Franklin,Residential,0,0,458.34,2.27,1.6,56.05,101.14,1,0,0,31,237,4.9
2613,3686,1360,1,5,2025-07-01,Franklin,Residential,1,0,383.65,2.16,2.01,72.34,123.1,0,1,0,16,250,4.4
2614,3687,118,2,7,2025-07-01,Nolensville,Residential,0,1,521.71,2.27,2.06,72.26,120.71,1,0,1,33,20,4.5
2615,3688,977,5,3,2025-07-01,Spring Hill,Residential,0,0,206.85,1.13,1.12,32.47,38.1,1,0,0,62,264,4.8
2616,3689,731,1,8,2025-07-01,Nashville,Residential,0,1,427.29,2.27,2.38,64.22,84.17,1,0,0,38,27,4.6
2617,3690,1030,2,3,2025-07-01,Nashville,Residential,0,0,392.4,2.28,2.65,76.74,84.92,0,1,1,52,313,4.2
2618,3696,57,2,1,2025-07-02,Franklin,Residential,0,0,574.1,2.61,2.41,81.77,120.55,1,0,0,55,65,4.2
2619,3697,488,2,8,2025-07-02,Franklin,Residential,1,0,600.55,1.96,1.77,47.83,145.13,1,0,0,21,93,4.1
2620,3701,463,2,3,2025-07-02,Spring Hill,Residential,0,0,492.63,2.08,1.83,53.01,93.44,1,0,0,51,222,4.5
2621,3702,1234,4,5,2025-07-02,Nashville,Residential,0,0,3668.57,9.66,8.64,310.92,1250.75,1,0,0,17,111,4.5
2622,3703,625,1,5,2025-07-02,Brentwood,Residential,0,0,608.35,2.63,2.07,74.45,124.89,1,0,0,56,243,4.7
2623,3705,1397,5,7,2025-07-02,Spring Hill,Residential,0,0,166.79,1.33,1.37,47.91,24.47,1,0,0,58,234,4.5
2624,3709,1258,2,8,2025-07-02,Franklin,Residential,0,0,680.15,2.63,2.59,69.99,143.81,0,1,0,37,178,3.6
2625,3710,226,4,5,2025-07-02,Brentwood,Residential,0,0,2529.47,13.08,10.75,387.02,702.71,1,0,0,24,302,4.9
2626,3711,1297,1,6,2025-07-02,Nashville,Residential,1,1,378.75,1.92,2.23,69.04,92.26,1,0,0,42,107,5.0
2627,3712,535,5,8,2025-07-02,Brentwood,Residential,1,0,239.21,1.09,1.39,37.49,35.44,1,0,0,27,276,4.8
2628,3713,170,5,7,2025-07-02,Nashville,Residential,0,0,186.85,1.22,0.96,33.49,27.06,1,0,1,41,240,4.8
2629,3716,1299,7,8,2025-07-02,Nashville,Residential,0,0,1824.39,5.09,5.17,139.53,409.3,1,0,0,34,299,3.7
2630,3717,614,1,3,2025-07-02,Franklin,Residential,0,0,519.08,2.04,2.01,58.2,98.24,1,0,1,50,237,4.9
2631,3718,643,5,2,2025-07-02,Franklin,Residential,1,0,215.63,1.34,1.2,42.12,29.81,1,0,0,17,271,5.0
2632,3719,1041,1,6,2025-07-02,Brentwood,Commercial,1,0,660.37,2.57,2.51,77.88,159.35,1,0,0,52,267,4.9
2633,3720,1359,4,7,2025-07-02,Nolensville,Residential,0,0,2408.26,9.56,9.85,344.8,817.59,1,0,0,31,284,4.5
2634,3721,958,2,5,2025-07-02,Franklin,Residential,0,1,574.52,2.58,3.3,118.63,122.83,0,1,0,42,136,4.0
2635,3722,998,7,3,2025-07-02,Franklin,Residential,1,0,807.22,3.56,3.54,102.56,197.79,1,0,0,47,234,5.0
2636,3723,600,1,8,2025-07-02,Nolensville,Residential,0,0,393.81,1.88,1.66,44.86,85.56,1,0,1,11,199,4.5
2637,3725,399,3,7,2025-07-02,Franklin,Residential,0,0,10192.25,15.53,13.75,481.19,6995.1,1,0,0,16,338,5.0
2638,3726,1308,5,1,2025-07-02,Nashville,Residential,0,0,200.66,1.46,0.85,28.9,25.24,1,0,1,22,148,4.7
2639,3728,28,1,8,2025-07-03,Franklin,Commercial,1,0,729.45,2.48,3.12,84.16,164.7,1,0,0,33,239,4.5
2640,3729,299,2,7,2025-07-03,Nashville,Residential,0,1,566.94,1.95,1.77,61.8,123.21,1,0,0,27,52,4.8
2641,3730,1183,5,1,2025-07-03,Spring Hill,Residential,1,0,165.48,1.05,1.19,40.54,20.97,1,0,0,46,240,4.9
2642,3732,1069,1,7,2025-07-03,Spring Hill,Residential,1,0,344.06,2.09,2.4,83.89,90.44,1,0,0,50,249,4.6
2643,3733,1393,5,4,2025-07-03,Nashville,Residential,1,0,275.66,1.04,1.0,27.98,37.72,1,0,0,35,179,4.2
2644,3734,625,6,4,2025-07-03,Brentwood,Residential,0,0,1158.26,3.15,3.27,91.55,466.72,0,1,0,41,159,4.3
2645,3737,1367,5,8,2025-07-03,Nashville,Residential,1,0,116.8,1.19,1.26,34.11,18.59,1,1,0,8,269,3.6
2646,3741,196,5,2,2025-07-03,Franklin,Residential,1,0,155.05,1.41,1.16,40.65,28.68,1,0,0,45,311,4.8
2647,3742,800,4,7,2025-07-03,Nashville,Residential,0,0,3097.73,8.9,9.08,317.93,900.29,1,0,0,21,178,4.4
2648,3743,1107,7,5,2025-07-03,Nashville,Residential,1,0,895.18,4.98,2.76,99.52,199.52,1,0,0,35,187,4.8
2649,3744,116,6,1,2025-07-03,Franklin,Residential,0,0,1142.53,3.48,2.64,89.63,516.96,0,1,0,46,213,3.8
2650,3748,1347,3,5,2025-07-03,Nashville,Residential,0,0,10664.94,19.99,22.3,802.75,5930.91,0,0,0,27,164,5.0
2651,3749,1235,7,5,2025-07-03,Franklin,Residential,1,0,955.66,4.95,4.82,173.51,228.46,1,0,0,41,127,4.8
2652,3750,1349,1,2,2025-07-03,Nashville,Residential,0,0,437.51,2.03,2.3,80.58,74.4,1,0,0,37,266,4.8
2653,3751,767,6,8,2025-07-03,Nashville,Residential,1,0,1509.31,3.44,3.66,98.89,538.61,1,0,0,41,184,4.4
2654,3752,781,1,5,2025-07-03,Spring Hill,Residential,1,0,370.46,2.39,2.17,78.22,94.87,1,0,0,39,96,4.6
2655,3753,1030,5,3,2025-07-04,Nashville,Residential,0,0,194.32,1.28,1.22,35.4,27.76,1,0,0,35,197,4.5
2656,3754,1310,1,1,2025-07-04,Nashville,Residential,0,1,502.29,2.38,2.44,82.84,90.41,1,0,0,32,44,4.9
2657,3757,424,1,4,2025-07-04,Spring Hill,Residential,1,0,353.58,1.83,1.94,54.25,86.7,1,0,0,29,270,4.3
2658,3758,207,1,7,2025-07-04,Nashville,Residential,1,0,599.04,1.99,2.34,82.01,153.55,1,0,0,46,259,5.0
2659,3761,101,1,2,2025-07-04,Franklin,Residential,0,1,521.17,2.42,2.27,79.53,103.15,1,0,0,11,76,4.6
2660,3763,1147,5,4,2025-07-04,Nashville,Residential,0,0,169.9,1.21,1.26,35.21,23.4,1,0,0,53,309,4.9
2661,3765,198,3,7,2025-07-04,Nolensville,Residential,0,0,10004.22,16.98,23.02,805.71,4865.29,1,0,0,60,274,4.6
2662,3766,924,2,8,2025-07-04,Nashville,Commercial,0,0,1045.07,2.64,2.98,80.36,241.04,1,0,1,15,259,4.7
2663,3767,313,3,5,2025-07-04,Brentwood,Commercial,1,0,15348.59,18.16,17.7,637.07,8525.36,1,1,0,50,306,3.7
2664,3768,699,7,8,2025-07-04,Spring Hill,Residential,0,0,1107.62,4.07,5.08,137.23,240.3,1,0,0,30,219,4.5
2665,3772,286,7,4,2025-07-04,Spring Hill,Residential,0,0,1041.38,4.86,5.36,150.08,272.04,1,0,0,30,191,4.7
2666,3773,1278,2,3,2025-07-04,Franklin,Residential,1,0,511.14,2.4,2.43,70.58,144.85,1,0,0,12,212,4.2
2667,3775,935,1,4,2025-07-04,Brentwood,Residential,0,1,756.05,2.15,2.11,59.04,152.31,0,0,0,22,44,4.8
2668,3776,1397,3,7,2025-07-04,Spring Hill,Residential,0,0,8781.4,17.36,18.98,664.43,4363.56,1,0,0,49,324,4.7
2669,3777,947,1,7,2025-07-04,Spring Hill,Residential,0,0,593.72,2.4,2.8,98.16,138.08,1,0,0,26,160,5.0
2670,3778,620,1,6,2025-07-04,Franklin,Residential,1,1,359.45,2.13,2.26,70.0,83.92,1,0,0,34,20,4.8
2671,3779,1068,6,1,2025-07-04,Nolensville,Residential,0,0,851.13,4.0,2.21,75.23,330.95,1,0,0,34,213,4.6
2672,3780,283,5,3,2025-07-04,Nashville,Residential,1,0,117.05,1.16,0.87,25.16,20.75,1,0,0,33,144,4.6
2673,3782,403,1,8,2025-07-05,Nashville,Residential,0,0,488.33,2.03,2.07,55.9,109.2,1,0,0,32,292,4.0
2674,3783,1352,3,7,2025-07-05,Franklin,Residential,0,0,8348.82,16.37,16.21,567.4,4302.23,1,0,0,31,200,4.8
2675,3784,1341,2,2,2025-07-05,Spring Hill,Residential,1,0,440.64,2.12,2.72,95.17,89.41,1,0,0,49,172,5.0
2676,3785,560,2,3,2025-07-05,Nashville,Residential,0,0,548.81,2.36,2.53,73.47,124.75,1,0,0,59,164,4.9
2677,3787,497,1,7,2025-07-05,Nashville,Commercial,0,1,802.51,2.5,2.29,80.09,194.53,1,0,0,32,107,4.6
2678,3788,665,5,6,2025-07-05,Nashville,Residential,0,0,180.35,1.43,1.32,40.87,27.83,1,0,0,50,201,4.5
2679,3789,109,1,7,2025-07-05,Franklin,Residential,1,0,508.93,2.11,2.26,78.97,128.74,1,0,0,22,230,4.4
2680,3792,1400,4,5,2025-07-05,Nashville,Residential,0,0,3604.47,10.98,8.67,312.01,1167.97,1,0,0,30,228,5.0
2681,3796,790,1,4,2025-07-05,Franklin,Residential,0,1,458.84,2.14,2.47,69.29,94.63,1,0,0,44,142,4.9
2682,3797,980,4,7,2025-07-05,Franklin,Commercial,1,0,4124.38,11.88,10.8,377.86,1199.85,1,0,0,30,114,4.7
2683,3798,600,5,2,2025-07-05,Nolensville,Residential,0,0,222.03,1.25,1.41,49.3,30.82,1,0,1,57,161,4.9
2684,3799,571,5,6,2025-07-05,Nashville,Residential,0,0,188.41,1.32,1.32,41.0,29.37,1,0,1,49,320,4.5
2685,3802,328,1,3,2025-07-05,Nashville,Residential,0,0,472.44,2.39,2.4,69.47,97.62,1,0,0,27,228,4.1
2686,3803,980,4,5,2025-07-05,Franklin,Commercial,1,0,4879.06,10.36,8.83,318.03,1245.01,1,0,0,40,264,4.9
2687,3804,757,2,3,2025-07-05,Brentwood,Residential,0,1,456.08,2.07,1.75,50.86,94.74,1,0,0,54,36,4.9
2688,3805,331,7,5,2025-07-05,Nashville,Residential,0,0,1634.1,4.42,3.94,141.84,402.29,1,0,0,14,208,4.3
2689,3806,1278,6,8,2025-07-05,Franklin,Residential,1,0,1135.07,3.87,3.72,100.56,444.21,1,0,0,58,327,4.2
2690,3808,344,5,1,2025-07-06,Brentwood,Residential,0,0,168.32,1.59,1.04,35.21,27.55,1,0,1,35,240,4.4
2691,3810,64,2,6,2025-07-06,Nashville,Residential,0,0,399.31,2.43,2.08,64.58,80.48,1,0,0,57,105,4.8
2692,3812,1062,1,7,2025-07-06,Nolensville,Residential,0,1,364.31,2.03,1.88,65.65,82.06,1,0,0,51,155,4.7
2693,3813,421,1,6,2025-07-06,Franklin,Residential,0,0,580.1,1.81,1.93,59.77,107.45,1,0,0,57,254,4.8
2694,3814,1217,2,4,2025-07-06,Brentwood,Residential,0,0,379.51,3.02,2.48,69.34,74.47,1,0,0,35,229,4.3
2695,3816,2,6,3,2025-07-06,Nashville,Residential,0,0,773.83,2.67,2.96,85.83,307.79,1,0,0,51,188,4.8
2696,3817,859,2,8,2025-07-06,Brentwood,Residential,0,0,704.73,2.68,2.67,72.1,166.2,1,0,0,40,214,4.2
2697,3818,1078,4,7,2025-07-06,Spring Hill,Residential,0,0,3012.9,10.35,11.74,410.83,1031.47,1,0,0,28,202,4.4
2698,3819,1284,5,3,2025-07-06,Spring Hill,Residential,0,0,251.33,1.11,0.95,27.5,34.31,1,0,0,40,388,4.6
2699,3820,714,1,8,2025-07-06,Nashville,Residential,0,0,449.71,2.35,3.07,82.92,87.87,1,0,0,18,182,4.4
2700,3821,1347,5,4,2025-07-06,Nashville,Residential,0,0,207.61,1.08,0.91,25.59,28.92,1,0,0,39,277,4.3
2701,3823,404,7,1,2025-07-06,Franklin,Residential,1,0,1229.27,5.07,4.17,141.64,294.68,0,1,0,31,272,4.1
2702,3824,544,7,4,2025-07-06,Nashville,Residential,0,0,1182.32,4.35,5.26,147.16,244.51,1,0,0,31,177,4.6
2703,3826,286,3,5,2025-07-07,Spring Hill,Residential,0,0,9202.25,18.6,16.66,599.62,5485.98,1,0,0,47,274,4.5
2704,3827,464,1,5,2025-07-07,Nashville,Residential,1,0,317.19,2.47,2.28,82.05,69.37,1,0,0,19,233,4.4
2705,3828,500,6,5,2025-07-07,Nashville,Commercial,0,0,2730.17,3.47,3.21,115.67,1135.62,0,0,0,34,346,5.0
2706,3830,342,5,6,2025-07-07,Franklin,Residential,0,0,197.82,1.39,1.35,41.74,29.55,1,0,0,37,210,4.5
2707,3831,327,3,5,2025-07-07,Brentwood,Residential,0,0,12124.48,13.84,17.6,633.57,5705.91,1,0,0,67,271,4.6
2708,3832,1293,2,1,2025-07-07,Nashville,Residential,0,0,506.24,2.23,1.83,62.05,96.44,1,0,0,22,209,4.7
2709,3834,570,6,8,2025-07-07,Nashville,Commercial,0,0,2541.1,3.26,4.01,108.27,951.62,1,0,0,36,205,4.4
2710,3835,59,2,4,2025-07-07,Brentwood,Residential,1,0,404.89,2.37,2.36,65.96,111.39,1,0,0,43,349,3.6
2711,3837,1071,1,3,2025-07-07,Nashville,Residential,0,0,476.99,2.33,2.35,68.27,106.63,1,0,0,49,214,4.9
2712,3838,148,2,4,2025-07-07,Nashville,Residential,0,0,431.62,2.45,3.12,87.43,101.49,1,0,1,67,244,4.5
2713,3839,897,7,3,2025-07-07,Nashville,Residential,1,0,893.41,4.02,4.62,134.04,228.95,1,0,0,43,157,4.3
2714,3841,1135,5,4,2025-07-07,Franklin,Residential,0,0,212.26,1.21,1.33,37.11,31.9,1,0,0,25,319,4.4
2715,3842,1017,6,3,2025-07-07,Spring Hill,Residential,0,0,1586.97,3.67,4.25,123.2,697.4,1,0,0,22,340,4.3
2716,3843,398,2,4,2025-07-07,Nashville,Residential,1,0,425.24,2.54,2.94,82.33,111.47,1,0,0,36,210,4.7
2717,3844,787,2,6,2025-07-07,Nashville,Commercial,0,0,847.42,2.57,2.64,81.85,160.46,1,0,0,35,278,5.0
2718,3846,1367,5,3,2025-07-07,Nashville,Residential,1,0,209.43,1.39,0.95,27.49,34.23,1,0,0,22,315,4.7
2719,3847,1199,4,5,2025-07-07,Franklin,Residential,1,0,2166.66,10.18,8.24,296.7,1047.54,1,0,0,47,289,4.4
2720,3848,91,2,7,2025-07-07,Brentwood,Residential,1,1,427.34,2.22,1.81,63.23,86.74,1,0,0,73,79,4.3
2721,3849,1307,2,6,2025-07-07,Nashville,Commercial,0,0,1028.21,2.43,2.69,83.37,210.68,1,0,0,49,85,5.0
2722,3850,436,4,7,2025-07-07,Nashville,Residential,1,0,2340.25,8.48,9.23,323.11,821.43,1,0,0,41,226,4.5
2723,3855,679,4,7,2025-07-08,Spring Hill,Residential,1,0,2503.17,8.87,7.09,248.14,883.28,1,0,0,32,215,4.9
2724,3856,475,5,6,2025-07-08,Brentwood,Residential,1,0,196.93,1.27,1.08,33.41,24.09,1,0,0,43,218,4.8
2725,3857,1352,2,7,2025-07-08,Franklin,Residential,0,0,569.78,2.06,1.34,47.0,118.32,1,0,0,23,77,4.7
2726,3858,203,1,3,2025-07-08,Brentwood,Residential,0,0,604.89,2.19,2.32,67.2,138.44,1,0,1,40,289,4.2
2727,3861,140,6,1,2025-07-08,Spring Hill,Residential,1,0,812.28,3.79,3.3,112.15,285.69,0,1,0,36,331,4.3
2728,3862,696,6,4,2025-07-08,Spring Hill,Residential,0,0,1273.22,4.0,4.14,115.97,471.37,1,0,0,29,212,4.3
2729,3863,738,1,8,2025-07-08,Nashville,Residential,1,0,414.42,2.29,2.13,57.52,78.24,1,0,0,50,181,3.7
2730,3864,899,1,6,2025-07-08,Brentwood,Residential,1,0,439.4,2.42,1.41,43.57,140.28,1,0,0,29,226,4.5
2731,3865,400,1,3,2025-07-08,Nashville,Residential,0,1,385.58,2.75,2.62,75.85,76.47,1,0,0,60,142,4.9
2732,3866,737,4,7,2025-07-08,Spring Hill,Residential,1,0,2956.29,12.17,13.65,477.66,892.57,1,0,0,44,239,4.6
2733,3867,1369,6,4,2025-07-08,Nashville,Residential,1,0,945.51,3.53,3.51,98.26,417.69,1,0,0,33,248,4.8
2734,3868,702,5,2,2025-07-08,Nashville,Residential,0,0,181.48,1.32,1.27,44.32,30.27,1,0,0,46,196,4.9
2735,3869,455,1,6,2025-07-08,Spring Hill,Residential,1,0,545.55,2.11,2.0,61.92,147.86,0,1,0,35,306,4.5
2736,3872,1436,7,8,2025-07-08,Nashville,Residential,0,0,1205.07,4.14,3.32,89.68,344.9,1,0,0,42,322,4.3
2737,3873,351,1,5,2025-07-08,Brentwood,Residential,0,0,544.79,2.45,2.08,75.03,131.87,0,0,0,45,286,4.7
2738,3875,730,6,4,2025-07-09,Brentwood,Residential,0,0,1014.2,3.55,3.61,101.21,485.02,1,0,0,42,149,4.2
2739,3876,687,2,1,2025-07-09,Nolensville,Residential,0,0,703.76,2.4,2.04,69.22,151.3,1,0,0,41,225,4.9
2740,3877,811,2,1,2025-07-09,Nolensville,Residential,1,0,524.56,2.25,2.09,70.95,113.38,1,0,0,27,306,4.8
2741,3878,956,4,5,2025-07-09,Brentwood,Residential,0,0,3215.06,8.57,6.68,240.4,1021.66,1,0,0,40,242,4.2
2742,3880,1051,2,4,2025-07-09,Brentwood,Residential,0,0,688.19,2.5,1.98,55.48,149.94,1,0,0,61,262,4.9
2743,3881,1014,5,8,2025-07-09,Nashville,Residential,0,0,233.36,1.23,1.17,31.48,41.22,1,0,0,38,217,4.6
2744,3882,1303,2,4,2025-07-09,Franklin,Residential,0,0,496.31,2.73,3.11,87.04,94.19,1,0,0,43,238,4.3
2745,3884,969,7,3,2025-07-09,Brentwood,Residential,0,0,981.75,4.36,4.74,137.42,208.04,1,0,0,54,230,4.7
2746,3885,1042,1,5,2025-07-09,Spring Hill,Residential,0,0,551.36,2.06,2.23,80.35,107.58,0,1,0,45,203,4.0
2747,3886,1261,5,2,2025-07-09,Franklin,Residential,1,0,178.78,1.59,1.34,46.83,25.85,1,0,0,45,312,4.8
2748,3887,1252,2,1,2025-07-09,Brentwood,Commercial,1,0,635.39,2.21,2.13,72.54,161.45,1,0,0,34,159,4.8
2749,3889,1343,5,7,2025-07-09,Brentwood,Residential,0,0,209.7,1.27,1.11,39.0,27.93,1,0,1,29,191,4.9
2750,3890,715,5,6,2025-07-09,Nashville,Residential,0,0,165.27,0.91,1.07,33.19,24.32,1,0,0,41,247,4.5
2751,3892,744,5,3,2025-07-09,Franklin,Residential,1,0,192.74,1.46,1.58,45.81,26.85,1,0,0,40,259,3.8
2752,3893,1291,5,2,2025-07-09,Nashville,Commercial,0,0,274.95,1.19,1.09,37.98,42.79,1,0,0,40,282,4.7
2753,3895,1442,1,4,2025-07-09,Franklin,Commercial,1,0,908.74,2.01,2.07,57.86,211.36,0,1,0,69,225,3.7
2754,3896,877,1,4,2025-07-09,Spring Hill,Residential,0,1,561.24,2.36,2.54,71.08,95.71,0,1,0,40,133,3.7
2755,3897,738,4,5,2025-07-09,Nashville,Residential,1,0,2238.66,11.13,11.41,410.74,607.12,1,0,0,19,215,4.7
2756,3899,121,2,1,2025-07-10,Spring Hill,Commercial,0,0,1025.69,1.7,1.86,63.38,227.07,1,0,1,25,311,4.5
2757,3900,729,2,3,2025-07-10,Spring Hill,Residential,0,0,614.15,2.18,2.54,73.8,126.49,1,0,0,65,282,4.5
2758,3902,1077,6,4,2025-07-10,Spring Hill,Residential,0,0,1111.53,3.3,4.03,112.92,469.48,1,0,0,23,182,4.6
2759,3903,268,1,5,2025-07-10,Nashville,Residential,1,0,421.65,2.32,1.83,65.87,91.12,1,0,0,8,188,4.6
2760,3904,312,2,6,2025-07-10,Franklin,Residential,0,0,451.92,2.85,2.71,84.14,97.9,1,0,1,53,298,5.0
2761,3906,114,1,2,2025-07-10,Spring Hill,Residential,0,1,419.04,1.95,2.42,84.53,99.53,1,0,0,70,96,5.0
2762,3907,1248,2,4,2025-07-10,Nolensville,Residential,1,0,642.99,2.4,2.9,81.22,142.57,0,1,0,31,295,3.4
2763,3908,574,5,1,2025-07-10,Brentwood,Residential,0,0,166.38,1.08,0.9,30.73,25.3,1,0,0,54,295,4.7
2764,3910,765,5,5,2025-07-10,Nolensville,Residential,0,0,253.51,1.44,1.43,51.46,40.61,1,0,0,41,141,5.0
2765,3912,850,2,2,2025-07-10,Brentwood,Residential,0,0,580.39,2.71,2.76,96.61,112.64,1,0,0,47,274,5.0
2766,3913,295,1,2,2025-07-10,Nolensville,Residential,0,0,604.14,2.21,2.74,95.85,140.83,1,0,0,46,343,5.0
2767,3914,958,6,5,2025-07-10,Franklin,Residential,0,0,1104.39,2.73,2.7,97.26,485.42,1,0,0,41,266,4.8
2768,3915,111,2,6,2025-07-10,Nashville,Residential,0,0,577.64,2.21,2.42,74.92,112.82,1,0,0,50,324,4.5
2769,3917,100,1,1,2025-07-10,Nashville,Residential,0,1,617.12,1.99,2.34,79.61,132.76,1,0,0,24,27,4.5
2770,3918,737,1,5,2025-07-10,Spring Hill,Residential,1,0,452.41,2.11,1.93,69.44,127.11,1,0,0,22,240,4.8
2771,3919,526,2,4,2025-07-10,Franklin,Residential,0,1,387.53,2.34,2.37,66.4,105.0,1,0,0,34,95,4.6
2772,3920,973,6,7,2025-07-10,Franklin,Residential,1,0,1193.27,2.81,2.41,84.26,536.08,1,0,0,34,323,4.8
2773,3921,1298,1,3,2025-07-10,Brentwood,Residential,1,0,493.42,1.72,1.46,42.29,141.26,1,1,0,37,357,4.0
2774,3922,964,6,6,2025-07-10,Franklin,Residential,1,0,1254.33,3.83,4.06,125.91,543.62,1,0,0,34,256,4.6
2775,3923,1374,7,5,2025-07-10,Franklin,Residential,0,0,920.51,4.23,3.79,136.33,243.17,1,0,0,33,299,4.6
2776,3924,644,5,5,2025-07-10,Spring Hill,Residential,1,0,224.88,1.33,1.06,38.23,38.43,1,0,0,56,179,4.4
2777,3925,28,6,3,2025-07-10,Franklin,Commercial,1,0,1854.21,3.59,3.15,91.47,761.03,1,0,0,46,163,4.4
2778,3926,1229,5,8,2025-07-10,Nashville,Residential,0,0,176.66,1.34,1.58,42.78,27.64,1,0,1,34,240,4.2
2779,3927,1069,1,2,2025-07-10,Spring Hill,Residential,1,0,365.13,2.3,1.51,52.98,82.47,1,0,0,17,275,5.0
2780,3929,1306,1,5,2025-07-11,Nashville,Residential,0,0,521.57,2.17,1.93,69.41,114.41,1,0,1,28,271,4.6
2781,3930,1305,6,4,2025-07-11,Franklin,Residential,0,0,1127.0,4.01,3.84,107.49,398.24,0,1,0,46,225,3.6
2782,3932,439,1,3,2025-07-11,Brentwood,Commercial,0,0,664.57,1.95,2.48,71.83,130.52,1,0,0,41,239,4.7
2783,3933,1428,5,6,2025-07-11,Franklin,Residential,1,0,226.66,1.59,1.77,54.81,31.31,1,0,0,45,50,4.6
2784,3934,407,1,6,2025-07-11,Franklin,Residential,1,0,490.28,2.17,1.54,47.61,105.84,0,1,0,43,159,4.3
2785,3936,272,5,4,2025-07-11,Franklin,Residential,1,0,185.4,1.18,1.1,30.74,27.32,1,0,0,44,264,4.5
2786,3938,606,2,2,2025-07-11,Brentwood,Residential,0,0,507.5,2.6,2.52,88.22,134.57,1,0,0,56,257,4.9
2787,3939,822,1,4,2025-07-11,Franklin,Residential,0,0,467.98,2.45,2.12,59.36,95.39,1,0,0,52,299,4.4
2788,3940,1078,5,1,2025-07-11,Spring Hill,Residential,0,0,260.36,1.13,1.1,37.46,46.36,1,0,0,57,135,5.0
2789,3941,46,5,2,2025-07-11,Spring Hill,Residential,0,0,190.1,1.28,1.18,41.13,30.95,1,0,0,31,168,5.0
2790,3942,1358,2,4,2025-07-11,Spring Hill,Residential,0,1,521.53,2.33,2.5,69.9,116.68,1,0,0,44,20,4.6
2791,3943,1291,2,4,2025-07-11,Nashville,Commercial,0,0,1080.93,2.51,1.71,47.8,235.54,1,0,0,44,315,4.4
2792,3944,1215,1,6,2025-07-11,Nashville,Commercial,1,0,718.66,1.58,1.73,53.7,174.02,1,0,0,43,287,4.8
2793,3945,694,5,4,2025-07-11,Spring Hill,Residential,0,0,200.39,1.25,1.13,31.53,25.23,0,0,1,20,194,4.5
2794,3946,1440,7,6,2025-07-11,Spring Hill,Residential,0,0,1309.58,3.89,3.17,98.4,318.75,1,0,0,35,253,4.6
2795,3947,381,5,5,2025-07-11,Spring Hill,Residential,0,0,291.89,1.4,1.6,57.5,46.75,1,0,0,33,229,4.6
2796,3948,140,1,7,2025-07-11,Spring Hill,Residential,1,0,549.69,1.96,2.0,70.02,137.92,1,0,0,40,284,4.7
2797,3950,245,5,2,2025-07-11,Franklin,Residential,0,0,205.7,1.54,1.39,48.76,35.61,1,0,1,32,236,4.8
2798,3952,1069,2,4,2025-07-11,Spring Hill,Residential,1,0,613.33,2.26,2.43,68.01,127.54,1,0,0,19,311,4.4
2799,3953,1200,3,7,2025-07-11,Brentwood,Residential,0,0,8745.39,20.32,26.51,927.94,4066.01,1,0,0,25,245,4.5
2800,3954,344,1,6,2025-07-11,Brentwood,Residential,0,0,536.11,2.25,2.39,73.94,94.64,1,0,0,19,198,4.7
2801,3957,523,6,5,2025-07-11,Nolensville,Commercial,1,0,1867.03,3.58,2.74,98.65,556.17,1,0,0,61,150,4.8
2802,3958,224,1,5,2025-07-11,Nolensville,Residential,0,1,332.93,1.97,1.72,62.03,75.11,1,0,0,46,78,4.8
2803,3960,182,1,8,2025-07-12,Brentwood,Residential,0,0,657.08,1.91,2.25,60.85,149.34,0,0,0,46,243,4.1
2804,3962,1382,6,4,2025-07-12,Brentwood,Residential,1,0,1609.78,3.34,2.95,82.65,553.34,1,0,0,52,204,4.8
2805,3965,228,6,5,2025-07-12,Franklin,Residential,0,0,1232.18,3.24,3.45,124.26,463.8,1,1,0,37,342,3.8
2806,3966,727,1,7,2025-07-12,Franklin,Residential,1,0,351.61,1.95,1.98,69.45,101.58,1,0,0,28,299,4.5
2807,3967,228,1,3,2025-07-12,Franklin,Residential,0,0,489.8,1.97,1.93,56.1,126.82,1,0,1,39,184,4.9
2808,3968,1104,3,5,2025-07-12,Franklin,Residential,0,0,10134.67,12.94,8.23,296.31,5546.27,1,0,0,30,172,4.7
2809,3970,731,5,3,2025-07-12,Nashville,Residential,0,0,166.37,1.33,1.48,42.94,22.91,1,0,1,26,245,4.5
2810,3971,258,1,6,2025-07-12,Nashville,Residential,1,0,469.8,2.28,2.27,70.52,109.93,1,0,0,33,216,4.9
2811,3974,1375,1,3,2025-07-12,Spring Hill,Residential,0,0,363.75,2.07,2.22,64.45,99.72,1,0,0,61,249,4.6
2812,3976,115,5,2,2025-07-12,Franklin,Residential,1,0,181.78,1.15,0.91,32.0,25.26,1,0,0,58,202,5.0
2813,3977,902,1,7,2025-07-12,Spring Hill,Residential,1,0,529.13,2.39,2.1,73.38,140.8,1,0,0,33,272,4.6
2814,3978,1085,5,4,2025-07-12,Nashville,Residential,0,0,216.34,1.34,1.04,28.99,26.49,0,1,0,49,236,4.2
2815,3979,468,4,7,2025-07-12,Nashville,Residential,0,0,2681.84,9.66,10.01,350.21,875.61,1,1,0,45,313,4.5
2816,3980,1338,5,3,2025-07-12,Nolensville,Commercial,0,0,313.49,1.37,1.35,39.24,36.09,1,0,0,45,250,4.7
2817,3984,1272,6,4,2025-07-13,Nolensville,Commercial,0,0,2294.23,3.64,4.07,114.1,1126.18,1,0,0,58,219,4.3
2818,3985,300,5,2,2025-07-13,Brentwood,Residential,0,0,209.87,1.19,0.98,34.42,27.45,1,0,0,47,272,4.9
2819,3988,1106,2,7,2025-07-13,Nolensville,Residential,0,0,449.22,2.29,1.91,66.92,96.72,1,0,0,44,228,4.4
2820,3989,887,1,5,2025-07-13,Nashville,Commercial,0,0,758.22,2.48,2.75,99.02,146.59,1,0,0,39,274,4.7
2821,3990,178,7,7,2025-07-13,Nashville,Residential,0,0,868.92,5.47,4.8,168.08,166.96,1,0,0,41,290,5.0
2822,3991,1281,6,5,2025-07-13,Franklin,Residential,0,0,1396.2,4.13,4.71,169.43,459.59,1,0,0,51,297,4.7
2823,3993,834,7,1,2025-07-13,Franklin,Residential,0,0,981.88,4.18,3.85,130.87,227.91,1,0,0,27,326,5.0
2824,3996,1069,7,8,2025-07-13,Spring Hill,Residential,1,0,1073.27,3.68,4.07,109.9,234.93,1,0,0,39,247,4.5
2825,3997,839,5,3,2025-07-13,Nashville,Residential,0,0,234.85,1.27,1.45,41.94,42.97,1,0,0,35,201,4.6
2826,3998,619,2,6,2025-07-14,Nashville,Residential,1,0,387.68,2.58,3.08,95.52,93.28,1,0,0,55,292,4.6
2827,3999,933,2,2,2025-07-14,Franklin,Residential,0,0,480.58,2.66,2.22,77.54,116.55,1,0,0,40,240,4.8
2828,4000,1339,1,2,2025-07-14,Franklin,Residential,0,0,348.89,1.9,1.56,54.49,72.84,1,0,0,9,211,4.7
2829,4003,681,1,7,2025-07-14,Brentwood,Residential,1,0,331.64,2.4,2.8,97.92,80.59,1,0,0,35,245,5.0
2830,4005,299,6,8,2025-07-14,Nashville,Residential,0,0,1413.45,3.67,3.99,107.67,607.82,1,0,0,23,302,4.4
2831,4006,150,5,3,2025-07-14,Brentwood,Residential,1,0,139.7,1.29,1.43,41.38,24.19,0,0,0,44,130,4.5
2832,4008,1376,1,4,2025-07-14,Nashville,Residential,1,1,616.12,1.85,1.79,50.02,165.47,1,0,0,44,180,4.7
2833,4009,958,2,7,2025-07-14,Franklin,Residential,0,0,470.39,1.92,1.62,56.59,95.86,1,0,0,40,284,4.5
2834,4010,186,2,3,2025-07-14,Nashville,Residential,0,1,605.56,2.22,2.22,64.5,145.37,1,0,0,49,34,4.9
2835,4011,24,2,4,2025-07-14,Brentwood,Residential,0,0,458.06,2.78,3.7,103.7,97.96,1,0,0,42,234,5.0
2836,4012,718,2,7,2025-07-14,Nashville,Residential,1,0,552.09,2.31,2.12,74.08,97.13,1,0,0,54,221,4.5
2837,4013,993,6,1,2025-07-14,Nolensville,Residential,0,0,1502.17,3.02,3.0,101.97,633.57,1,0,0,62,290,4.8
2838,4014,812,1,4,2025-07-14,Spring Hill,Commercial,1,1,792.01,2.34,2.67,74.74,170.07,1,0,0,32,91,4.3
2839,4017,547,2,4,2025-07-14,Brentwood,Residential,0,1,537.84,2.27,2.68,75.04,117.6,1,0,1,46,55,4.9
2840,4018,725,2,2,2025-07-14,Nashville,Commercial,1,0,889.7,2.4,2.77,96.95,223.64,0,0,0,32,208,4.9
2841,4020,1415,3,5,2025-07-14,Brentwood,Residential,1,0,12346.85,14.86,15.1,543.74,5636.97,1,0,0,34,182,4.5
2842,4021,209,5,5,2025-07-14,Franklin,Residential,1,0,183.44,1.3,1.54,55.33,27.79,1,0,0,62,259,4.7
2843,4022,282,1,1,2025-07-14,Nashville,Residential,1,0,357.72,2.79,3.36,114.3,82.93,1,0,0,23,213,4.7
2844,4024,265,1,7,2025-07-14,Brentwood,Residential,0,0,410.39,2.16,2.0,69.83,76.11,1,1,0,53,193,4.3
2845,4027,885,5,2,2025-07-14,Spring Hill,Commercial,1,0,417.08,1.38,1.03,35.92,65.58,1,0,0,39,223,5.0
2846,4028,185,2,5,2025-07-14,Spring Hill,Residential,0,0,611.01,2.71,2.84,102.16,146.76,1,0,0,56,284,4.5
2847,4030,1326,5,4,2025-07-14,Nolensville,Residential,0,0,181.88,1.51,1.57,44.06,26.65,1,0,0,39,319,4.5
2848,4033,279,5,7,2025-07-15,Spring Hill,Residential,0,0,201.88,1.54,1.87,65.5,26.15,1,0,0,36,209,4.4
2849,4034,319,2,1,2025-07-15,Nashville,Commercial,1,0,758.32,1.71,1.74,59.2,189.82,1,0,0,8,178,4.3
2850,4035,1227,5,4,2025-07-15,Nashville,Residential,0,0,213.12,1.36,1.35,37.84,29.3,1,0,0,47,252,4.9
2851,4037,491,6,3,2025-07-15,Nashville,Residential,0,0,1291.04,3.12,3.76,109.17,577.12,1,0,0,37,225,4.4
2852,4038,1097,2,8,2025-07-15,Brentwood,Residential,1,0,546.71,2.68,2.79,75.26,116.53,1,0,0,49,295,3.8
2853,4039,1383,1,1,2025-07-15,Nashville,Residential,0,1,514.91,1.94,1.6,54.57,109.13,1,0,0,40,88,4.6
2854,4042,918,5,5,2025-07-15,Spring Hill,Commercial,1,0,408.51,1.23,1.2,43.22,55.08,1,0,0,31,210,4.3
2855,4043,1050,3,5,2025-07-15,Nashville,Residential,1,0,9156.48,21.7,22.32,803.41,4171.83,1,0,0,16,161,4.6
2856,4046,1389,2,4,2025-07-15,Spring Hill,Residential,0,0,513.19,2.33,2.02,56.64,117.11,1,0,0,39,232,4.5
2857,4047,1251,1,2,2025-07-15,Franklin,Residential,1,1,466.09,1.88,2.16,75.62,105.84,1,0,0,26,116,4.8
2858,4048,545,5,2,2025-07-15,Franklin,Residential,1,0,251.78,1.0,1.2,41.9,34.31,1,0,0,30,188,4.5
2859,4050,1265,5,2,2025-07-15,Franklin,Residential,0,0,149.56,0.85,0.87,30.31,19.12,1,0,1,23,224,4.7
2860,4051,1364,5,3,2025-07-15,Nashville,Residential,1,0,159.05,1.24,0.81,23.61,24.93,1,0,0,60,218,4.8
2861,4052,692,2,5,2025-07-15,Nashville,Commercial,0,0,1038.24,2.05,1.57,56.68,226.97,1,0,0,32,210,5.0
2862,4053,823,2,3,2025-07-15,Brentwood,Residential,1,0,431.62,2.65,2.66,77.11,112.68,1,0,0,61,192,4.5
2863,4054,377,5,4,2025-07-15,Spring Hill,Residential,0,0,168.08,1.36,1.59,44.41,24.31,1,0,0,14,247,4.6
2864,4056,1146,1,8,2025-07-15,Nashville,Residential,0,1,557.67,2.33,2.48,66.92,140.77,1,0,0,38,23,4.6
2865,4058,263,1,6,2025-07-15,Nolensville,Commercial,0,0,1467.73,1.98,1.45,45.09,363.31,1,0,0,51,258,5.0
2866,4060,340,1,6,2025-07-16,Franklin,Residential,0,0,462.47,2.35,2.69,83.47,94.66,1,0,0,27,268,4.9
2867,4062,407,1,5,2025-07-16,Franklin,Residential,1,0,356.6,2.52,2.01,72.24,75.89,1,0,0,28,260,4.0
2868,4063,235,4,5,2025-07-16,Franklin,Residential,0,0,3220.59,10.35,10.43,375.37,947.16,0,0,0,41,278,4.7
2869,4064,919,2,2,2025-07-16,Franklin,Residential,1,0,416.91,2.25,2.06,72.14,93.14,1,0,0,44,284,4.7
2870,4067,670,1,3,2025-07-16,Nashville,Residential,0,0,574.75,2.13,2.62,76.07,136.14,1,0,0,49,63,4.4
2871,4069,1196,2,7,2025-07-16,Nashville,Commercial,1,0,1050.51,2.26,2.62,91.81,240.75,1,0,0,48,251,4.9
2872,4070,566,2,2,2025-07-16,Brentwood,Residential,0,0,445.52,2.42,2.64,92.24,106.09,1,0,0,51,255,4.8
2873,4073,1030,1,5,2025-07-16,Nashville,Residential,0,0,502.87,2.57,1.71,61.73,116.82,1,0,0,19,200,4.6
2874,4074,1179,5,2,2025-07-16,Spring Hill,Residential,1,0,294.22,1.34,1.3,45.35,49.53,1,0,0,40,225,4.9
2875,4077,1115,5,6,2025-07-16,Spring Hill,Residential,0,0,216.45,1.56,1.39,43.24,32.95,1,0,0,67,300,5.0
2876,4078,662,7,6,2025-07-16,Franklin,Residential,0,0,1101.21,4.84,2.59,80.15,294.57,1,0,0,39,151,4.9
2877,4079,1095,5,5,2025-07-16,Franklin,Commercial,0,0,334.82,1.28,1.44,51.81,49.18,1,0,0,34,181,4.9
2878,4080,1265,5,2,2025-07-16,Franklin,Residential,0,0,172.08,1.05,0.94,32.87,23.12,1,0,0,22,272,4.9
2879,4081,1028,3,7,2025-07-16,Nolensville,Residential,0,0,8468.55,19.96,12.79,447.73,4565.89,1,0,0,52,250,4.6
2880,4082,1233,4,5,2025-07-16,Brentwood,Residential,1,0,2885.09,8.93,8.12,292.42,788.7,1,0,0,52,274,4.7
2881,4084,1290,2,3,2025-07-16,Franklin,Residential,0,0,470.22,2.27,2.54,73.56,107.05,1,0,0,26,178,4.8
2882,4087,427,1,2,2025-07-17,Nolensville,Residential,1,0,447.43,2.24,2.28,79.91,100.63,1,0,0,33,243,5.0
2883,4088,1075,5,7,2025-07-17,Nashville,Residential,0,0,169.0,1.37,1.16,40.6,25.91,1,0,0,53,225,4.8
2884,4089,824,1,7,2025-07-17,Nashville,Residential,0,0,479.51,2.11,2.38,83.19,104.98,1,0,0,46,202,4.7
2885,4090,841,4,5,2025-07-17,Nolensville,Residential,1,0,2843.77,11.53,12.5,449.96,983.21,0,1,0,39,247,4.1
2886,4092,364,4,7,2025-07-17,Spring Hill,Residential,1,0,2893.71,9.27,10.24,358.24,885.52,1,0,0,46,197,4.5
2887,4096,753,1,4,2025-07-17,Brentwood,Residential,1,1,482.55,2.41,2.51,70.25,107.78,1,1,0,25,85,3.7
2888,4098,1397,2,1,2025-07-17,Spring Hill,Residential,0,0,597.3,2.52,2.18,74.22,123.2,1,0,0,31,308,4.9
2889,4099,585,2,1,2025-07-17,Nashville,Residential,0,0,493.19,2.68,2.52,85.6,110.72,1,0,0,28,231,4.7
2890,4100,812,1,1,2025-07-17,Spring Hill,Commercial,1,0,650.92,2.0,2.03,69.0,117.0,1,0,0,45,173,4.8
2891,4101,4,2,6,2025-07-17,Nashville,Residential,0,0,621.6,2.32,2.21,68.53,137.86,1,0,0,40,258,4.6
2892,4103,79,6,3,2025-07-17,Franklin,Residential,0,0,1789.69,3.51,3.68,106.63,723.78,1,0,0,52,289,5.0
2893,4104,641,1,7,2025-07-17,Nashville,Residential,0,0,455.52,2.2,2.69,94.15,111.51,0,1,0,39,179,3.7
2894,4105,130,1,8,2025-07-17,Nolensville,Commercial,0,1,744.49,1.66,2.3,62.13,174.88,0,1,0,40,151,3.7
2895,4107,194,4,7,2025-07-17,Spring Hill,Residential,0,0,1822.92,10.18,12.18,426.13,595.08,1,0,0,59,312,4.8
2896,4109,890,2,3,2025-07-18,Nolensville,Residential,0,0,607.46,2.1,1.86,53.82,128.63,1,1,0,41,275,3.6
2897,4110,868,5,7,2025-07-18,Nashville,Residential,0,0,187.72,1.43,1.47,51.34,24.81,1,0,0,52,255,4.4
2898,4111,633,3,7,2025-07-18,Brentwood,Residential,1,0,12041.51,18.26,23.19,811.81,5717.22,1,0,0,37,272,5.0
2899,4114,275,5,1,2025-07-18,Nashville,Residential,0,0,115.1,1.5,1.36,46.25,12.97,1,0,0,52,229,5.0
2900,4116,1041,1,1,2025-07-18,Brentwood,Commercial,1,0,806.02,2.39,2.09,71.07,201.19,1,0,0,46,278,4.5
2901,4117,1199,5,8,2025-07-18,Franklin,Residential,1,0,161.64,1.41,1.56,42.15,24.45,0,0,0,33,253,4.8
2902,4118,564,1,6,2025-07-18,Brentwood,Residential,0,0,498.22,2.28,2.52,77.97,111.25,1,0,1,8,257,4.3
2903,4119,1108,2,2,2025-07-18,Franklin,Residential,0,1,528.57,2.16,2.5,87.67,127.46,1,0,1,27,22,4.8
2904,4120,275,7,7,2025-07-18,Nashville,Residential,0,0,1078.93,4.52,4.85,169.84,277.78,1,0,0,38,208,4.6
2905,4121,336,1,3,2025-07-18,Spring Hill,Residential,0,1,537.08,1.86,2.04,59.22,113.5,1,0,0,29,20,4.6
2906,4122,566,2,4,2025-07-18,Brentwood,Residential,0,0,505.33,2.36,2.63,73.51,106.81,1,0,0,51,209,4.7
2907,4123,94,1,7,2025-07-18,Nashville,Residential,0,0,394.52,2.33,2.11,73.89,91.49,1,0,0,18,271,4.0
2908,4124,1087,5,8,2025-07-18,Nashville,Commercial,0,0,358.46,1.29,1.72,46.52,64.86,1,0,0,21,260,4.6
2909,4125,106,3,5,2025-07-18,Spring Hill,Residential,0,0,12966.8,14.54,15.59,561.38,7479.81,0,0,0,28,284,5.0
2910,4127,162,2,8,2025-07-18,Nolensville,Residential,0,0,622.65,2.19,2.61,70.44,155.51,1,0,0,36,287,4.2
2911,4129,1384,7,1,2025-07-19,Franklin,Residential,0,0,1067.26,4.81,3.55,120.78,296.19,1,0,0,31,215,4.3
2912,4130,751,5,8,2025-07-19,Franklin,Residential,1,0,197.81,1.11,1.14,30.89,30.24,1,0,0,41,316,4.2
2913,4131,141,6,1,2025-07-19,Nashville,Residential,0,0,1353.35,3.23,2.52,85.53,516.42,1,0,0,26,297,4.6
2914,4132,54,1,5,2025-07-19,Spring Hill,Residential,0,0,489.32,2.71,2.51,90.29,95.87,1,0,0,58,271,4.5
2915,4137,74,3,7,2025-07-19,Brentwood,Residential,1,0,10329.74,19.86,19.09,668.02,4666.23,1,0,0,37,147,4.9
2916,4139,292,1,2,2025-07-19,Franklin,Residential,1,1,455.53,2.1,2.08,72.81,109.15,0,0,0,29,20,4.9
2917,4140,616,2,7,2025-07-19,Brentwood,Residential,0,0,638.09,2.66,2.39,83.78,132.12,1,0,1,51,252,4.7
2918,4143,1232,1,8,2025-07-19,Franklin,Residential,0,0,465.34,2.34,2.42,65.31,90.69,0,1,0,56,186,3.2
2919,4144,1138,2,8,2025-07-19,Nashville,Residential,0,0,376.87,2.22,2.93,79.03,80.59,1,0,0,18,235,3.9
2920,4147,433,2,8,2025-07-20,Spring Hill,Residential,0,0,463.45,2.83,2.53,68.32,98.9,1,0,0,38,219,3.8
2921,4148,1337,1,7,2025-07-20,Franklin,Residential,1,0,540.54,2.13,2.16,75.44,128.48,1,0,0,19,131,4.8
2922,4149,910,5,7,2025-07-20,Nolensville,Residential,1,0,219.15,1.37,1.56,54.65,32.63,0,1,0,29,263,3.8
2923,4150,1252,3,5,2025-07-20,Brentwood,Commercial,1,0,26401.22,20.54,22.68,816.46,10319.8,1,0,0,39,235,4.4
2924,4151,257,2,4,2025-07-20,Nashville,Residential,0,0,266.84,2.39,3.07,86.1,57.53,1,0,0,36,230,4.3
2925,4153,793,4,7,2025-07-20,Nolensville,Commercial,0,0,4520.12,10.26,11.24,393.35,1407.93,1,0,0,30,314,4.6
2926,4154,1310,1,6,2025-07-20,Nashville,Residential,0,0,481.72,2.37,2.11,65.53,91.66,1,0,0,28,137,5.0
2927,4155,99,5,4,2025-07-20,Spring Hill,Residential,1,0,169.4,1.14,0.98,27.51,24.87,0,0,0,34,227,4.4
2928,4158,569,1,5,2025-07-20,Nashville,Residential,0,1,484.82,1.87,1.98,71.39,123.64,1,0,0,8,20,4.9
2929,4161,291,2,5,2025-07-20,Franklin,Residential,0,0,656.03,2.13,2.02,72.77,146.62,1,0,1,42,270,5.0
2930,4165,964,1,8,2025-07-20,Franklin,Residential,1,0,391.56,3.1,3.31,89.48,122.4,1,0,0,43,204,4.3
2931,4166,571,1,8,2025-07-20,Nashville,Residential,0,0,584.35,2.14,2.28,61.43,115.06,1,0,0,39,263,4.1
2932,4167,790,1,4,2025-07-20,Franklin,Residential,0,0,545.7,2.28,2.39,66.98,105.8,1,0,0,22,249,4.5
2933,4168,317,4,5,2025-07-20,Brentwood,Residential,0,0,2807.62,8.03,8.97,322.87,675.91,0,1,0,47,187,4.3
2934,4169,77,1,2,2025-07-20,Nashville,Residential,1,1,404.58,2.25,2.57,89.84,97.29,1,0,0,51,20,5.0
2935,4170,437,3,7,2025-07-20,Brentwood,Residential,1,0,9554.42,15.76,17.51,612.71,5058.23,1,0,0,39,299,4.8
2936,4171,1368,5,1,2025-07-20,Nashville,Residential,1,0,180.18,1.24,1.42,48.29,25.21,1,0,0,18,255,4.7
2937,4172,333,2,4,2025-07-20,Nashville,Residential,0,1,556.3,1.86,1.75,48.92,118.83,0,0,0,47,194,4.5
2938,4173,662,4,5,2025-07-21,Franklin,Residential,0,0,2751.61,10.2,9.43,339.65,973.79,1,0,0,38,254,4.6
2939,4174,1083,5,5,2025-07-21,Nolensville,Residential,0,0,197.79,1.27,1.21,43.4,28.61,1,0,0,51,287,4.8
2940,4175,1029,4,7,2025-07-21,Brentwood,Commercial,0,0,4422.79,9.82,11.78,412.36,1472.45,1,0,0,38,279,4.1
2941,4176,535,7,4,2025-07-21,Brentwood,Residential,1,0,1637.64,4.05,5.05,141.35,427.93,1,0,0,45,289,4.6
2942,4177,228,5,7,2025-07-21,Franklin,Residential,0,0,191.62,1.59,1.44,50.29,27.51,1,0,0,32,242,4.6
2943,4178,217,4,5,2025-07-21,Brentwood,Residential,1,0,2884.72,10.78,9.82,353.41,783.33,0,1,0,36,248,4.0
2944,4180,1151,1,1,2025-07-21,Nashville,Residential,1,0,752.14,2.17,2.12,72.06,171.31,1,0,0,31,185,4.9
2945,4181,57,5,8,2025-07-21,Franklin,Residential,0,0,172.9,1.47,1.58,42.76,27.13,0,0,0,30,190,4.5
2946,4182,973,7,3,2025-07-21,Franklin,Residential,1,0,968.25,4.12,3.33,96.57,233.89,1,0,0,49,181,4.4
2947,4183,893,1,1,2025-07-21,Brentwood,Commercial,1,1,1143.92,1.85,1.49,50.56,236.23,1,0,0,65,48,4.7
2948,4184,333,5,2,2025-07-21,Nashville,Residential,0,0,212.92,1.54,1.6,55.85,37.05,1,0,1,37,155,5.0
2949,4185,1073,1,6,2025-07-21,Spring Hill,Commercial,0,1,925.63,2.33,2.53,78.34,205.71,1,0,0,39,204,4.8
2950,4187,83,2,7,2025-07-21,Nolensville,Residential,0,0,648.7,1.92,2.02,70.85,141.85,0,1,0,36,259,3.9
2951,4188,1322,6,8,2025-07-21,Nashville,Residential,0,0,1325.35,3.82,4.94,133.43,464.2,1,0,0,25,213,4.1
2952,4191,793,2,1,2025-07-21,Nolensville,Commercial,0,0,1236.49,2.4,2.78,94.59,200.16,0,1,0,42,247,4.4
2953,4194,460,2,4,2025-07-22,Franklin,Residential,0,0,540.09,2.38,2.08,58.27,116.59,0,1,0,37,284,4.0
2954,4196,372,2,3,2025-07-22,Franklin,Commercial,1,1,1011.55,2.21,2.6,75.5,259.57,1,0,0,44,83,4.9
2955,4198,786,3,7,2025-07-22,Franklin,Residential,0,0,8994.31,21.2,24.05,841.82,4353.49,1,0,0,38,293,4.5
2956,4199,905,6,4,2025-07-22,Nashville,Residential,0,0,1618.45,3.72,3.77,105.54,640.75,1,0,0,34,342,4.4
2957,4200,502,5,6,2025-07-22,Nolensville,Residential,0,0,205.98,1.31,1.4,43.32,29.24,1,0,0,36,247,4.5
2958,4201,1181,7,3,2025-07-22,Nashville,Residential,0,0,1085.64,4.74,4.71,136.72,176.18,1,0,0,33,320,4.6
2959,4202,138,6,6,2025-07-22,Franklin,Residential,0,0,1134.15,3.65,3.39,105.05,378.83,1,0,0,19,255,4.7
2960,4203,659,5,4,2025-07-22,Nolensville,Residential,0,0,211.16,1.4,1.45,40.5,27.03,1,0,0,47,240,4.3
2961,4204,552,5,7,2025-07-22,Nolensville,Residential,1,0,237.45,1.15,0.99,34.73,36.91,1,0,0,37,237,4.9
2962,4208,972,5,8,2025-07-22,Spring Hill,Residential,1,0,189.52,1.24,1.41,37.96,19.73,0,1,0,45,332,3.8
2963,4209,43,1,7,2025-07-22,Franklin,Residential,0,0,635.54,2.44,2.65,92.89,163.26,1,0,1,38,259,4.3
2964,4211,496,5,2,2025-07-22,Nashville,Residential,0,0,218.75,1.45,0.99,34.63,36.75,1,0,0,52,269,4.8
2965,4212,514,2,5,2025-07-22,Franklin,Residential,1,1,532.78,2.6,1.92,69.01,121.16,1,0,0,36,101,4.8
2966,4213,196,2,2,2025-07-22,Franklin,Residential,1,0,462.15,2.82,2.19,76.74,120.69,0,1,0,13,227,4.0
2967,4214,366,4,5,2025-07-22,Nolensville,Residential,0,0,2814.63,11.3,10.66,383.59,926.07,1,0,0,61,179,5.0
2968,4217,1226,6,1,2025-07-23,Nashville,Residential,0,0,866.6,2.67,2.79,94.82,311.71,1,0,0,28,344,4.6
2969,4219,81,2,6,2025-07-23,Franklin,Residential,0,0,694.27,2.84,2.46,76.15,98.11,1,0,1,36,240,4.6
2970,4221,359,4,7,2025-07-23,Nolensville,Residential,0,0,1969.4,7.9,9.29,324.99,774.34,0,0,0,63,189,4.8
2971,4222,1398,2,2,2025-07-23,Nolensville,Residential,0,0,467.43,2.76,2.78,97.31,103.23,1,0,1,39,292,5.0
2972,4223,20,6,7,2025-07-23,Nashville,Commercial,0,0,1917.59,3.51,3.42,119.87,857.92,1,0,0,43,268,4.6
2973,4224,373,6,8,2025-07-23,Spring Hill,Residential,0,0,909.83,3.62,4.09,110.34,312.55,1,0,0,46,263,4.3
2974,4225,254,3,5,2025-07-23,Franklin,Residential,1,0,9201.34,19.09,18.76,675.35,4907.72,1,0,0,53,340,4.9
2975,4227,118,1,6,2025-07-23,Nolensville,Residential,0,0,524.05,2.08,1.78,55.2,117.97,1,0,1,27,220,5.0
2976,4228,91,1,6,2025-07-23,Brentwood,Residential,1,0,649.62,2.17,2.73,84.68,140.85,0,0,0,27,364,4.3
2977,4229,1125,3,5,2025-07-23,Brentwood,Residential,0,0,9687.42,17.03,17.69,636.99,5045.88,1,0,0,41,185,5.0
2978,4231,1216,1,6,2025-07-23,Nolensville,Residential,0,0,531.31,2.17,2.33,72.22,115.01,1,0,1,40,164,4.5
2979,4232,820,1,8,2025-07-23,Nashville,Residential,1,0,392.25,2.44,2.94,79.49,100.31,1,0,0,26,216,4.2
2980,4234,865,5,6,2025-07-23,Franklin,Residential,1,0,202.76,1.37,1.41,43.86,31.28,1,0,0,48,302,4.7
2981,4235,931,6,4,2025-07-23,Brentwood,Residential,1,0,1300.24,3.68,3.64,102.05,603.59,1,1,0,48,257,4.1
2982,4238,943,5,1,2025-07-23,Nolensville,Residential,1,0,189.08,1.22,0.97,33.06,25.6,1,0,0,49,238,5.0
2983,4239,1344,5,2,2025-07-23,Nashville,Residential,0,0,177.4,1.35,1.6,56.15,28.98,1,0,1,60,177,5.0
2984,4240,534,4,5,2025-07-23,Spring Hill,Residential,0,0,1901.52,11.45,9.71,349.48,649.33,1,0,0,37,322,4.8
2985,4242,1425,1,7,2025-07-24,Franklin,Residential,0,0,411.23,2.32,2.29,80.31,86.17,1,0,0,39,221,5.0
2986,4243,937,6,8,2025-07-24,Franklin,Commercial,0,0,1842.65,2.78,2.65,71.49,779.69,1,0,0,39,299,4.1
2987,4244,974,1,4,2025-07-24,Spring Hill,Residential,0,1,434.04,2.01,2.3,64.47,77.54,1,0,0,26,54,4.8
2988,4245,1066,5,1,2025-07-24,Nashville,Residential,0,0,216.05,1.16,1.33,45.24,33.58,1,0,0,18,247,4.9
2989,4247,1366,1,4,2025-07-24,Franklin,Residential,0,1,378.5,1.99,1.63,45.66,86.43,1,0,0,51,120,4.3
2990,4249,541,1,4,2025-07-24,Nashville,Residential,0,0,511.77,2.02,2.08,58.21,135.51,1,0,0,29,276,4.3
2991,4250,502,5,6,2025-07-24,Nolensville,Residential,0,0,206.88,1.15,1.11,34.34,30.28,1,0,0,42,301,4.6
2992,4252,566,5,3,2025-07-24,Brentwood,Residential,0,0,199.14,1.23,1.06,30.84,37.62,1,0,0,48,160,5.0
2993,4254,308,5,2,2025-07-24,Brentwood,Residential,0,0,168.46,1.15,1.28,44.87,24.15,1,0,0,56,189,5.0
2994,4255,422,5,7,2025-07-24,Spring Hill,Residential,1,0,215.34,1.26,1.35,47.37,38.47,1,0,0,40,159,4.5
2995,4256,470,2,1,2025-07-24,Brentwood,Commercial,0,0,886.37,2.61,2.39,81.34,189.74,1,0,0,24,205,4.3
2996,4257,108,5,2,2025-07-24,Nashville,Residential,1,0,181.72,1.12,1.12,39.3,31.51,1,0,0,40,229,5.0
2997,4262,279,1,6,2025-07-24,Spring Hill,Residential,0,0,465.51,1.97,1.73,53.71,86.46,1,0,0,16,233,4.9
2998,4263,1109,5,1,2025-07-24,Nashville,Residential,0,0,147.37,1.19,0.84,28.4,23.09,1,0,1,53,235,5.0
2999,4264,1005,3,7,2025-07-24,Brentwood,Residential,0,0,8436.51,18.93,19.51,682.75,3397.53,1,0,0,55,332,4.2
3000,4265,863,5,5,2025-07-24,Brentwood,Commercial,0,0,397.27,1.45,1.3,46.71,55.1,1,0,0,37,224,4.9
3001,4266,431,1,7,2025-07-24,Franklin,Residential,0,0,397.99,2.06,2.44,85.43,66.11,1,0,0,33,312,5.0
3002,4269,155,1,4,2025-07-24,Spring Hill,Residential,1,0,471.54,2.03,2.26,63.29,120.54,1,0,0,30,313,4.3
3003,4271,802,2,7,2025-07-25,Brentwood,Residential,0,0,637.98,2.87,2.47,86.31,157.44,1,0,1,67,318,4.7
3004,4274,1404,4,7,2025-07-25,Nashville,Residential,0,0,2239.93,9.02,7.86,275.23,736.77,1,0,0,30,203,4.8
3005,4275,1260,3,5,2025-07-25,Spring Hill,Residential,0,0,9132.55,20.72,20.45,736.05,4521.82,0,0,0,53,319,4.5
3006,4277,1257,1,2,2025-07-25,Franklin,Residential,0,0,626.3,2.11,1.85,64.84,119.99,1,0,0,36,187,4.7
3007,4278,286,1,5,2025-07-25,Spring Hill,Residential,0,0,516.3,2.09,1.22,43.96,103.79,1,0,0,48,274,4.5
3008,4280,1239,5,8,2025-07-25,Franklin,Residential,1,0,216.51,0.95,1.17,31.67,27.28,1,0,0,40,295,4.1
3009,4281,287,5,7,2025-07-25,Franklin,Commercial,1,0,346.92,1.33,1.48,51.85,56.79,1,0,0,28,220,4.4
3010,4282,1380,1,4,2025-07-25,Nolensville,Residential,0,1,417.02,2.7,3.23,90.53,89.25,1,0,0,43,135,4.1
3011,4283,118,2,6,2025-07-25,Nolensville,Residential,0,0,512.86,2.22,1.69,52.29,128.59,1,0,1,49,160,5.0
3012,4284,1289,1,5,2025-07-25,Franklin,Commercial,0,0,821.63,1.95,2.12,76.3,194.59,1,0,0,50,196,4.9
3013,4285,38,5,6,2025-07-25,Franklin,Residential,0,0,196.61,1.41,1.82,56.43,32.86,1,0,0,35,156,4.5
3014,4286,549,1,3,2025-07-25,Nashville,Residential,0,0,462.16,1.73,1.53,44.43,105.78,1,0,0,23,240,4.8
3015,4287,56,5,8,2025-07-25,Spring Hill,Residential,0,0,240.53,1.41,1.85,50.0,29.5,1,0,0,36,274,4.7
3016,4289,1427,5,8,2025-07-25,Nolensville,Residential,1,0,225.8,1.12,1.34,36.19,35.91,0,0,0,29,294,3.8
3017,4290,976,5,8,2025-07-25,Spring Hill,Residential,0,0,262.95,1.41,1.54,41.58,34.59,0,1,0,43,207,4.0
3018,4292,1058,5,4,2025-07-25,Nashville,Residential,1,0,291.97,1.27,1.51,42.21,40.93,0,1,0,45,263,4.1
3019,4294,72,4,7,2025-07-26,Spring Hill,Residential,0,0,3103.09,7.92,10.49,367.13,865.74,1,0,0,41,224,4.7
3020,4295,1286,2,1,2025-07-26,Brentwood,Residential,0,0,489.15,2.12,1.81,61.44,118.84,1,1,0,48,252,4.1
3021,4297,1156,6,5,2025-07-26,Franklin,Residential,1,0,865.18,4.04,3.05,109.83,446.05,1,0,0,30,323,4.5
3022,4298,677,1,8,2025-07-26,Spring Hill,Residential,0,0,600.31,2.03,2.2,59.51,141.77,0,0,0,24,168,4.4
3023,4299,393,2,7,2025-07-26,Brentwood,Residential,0,0,383.6,2.12,2.13,74.58,62.86,1,0,1,39,156,4.4
3024,4300,651,5,8,2025-07-26,Brentwood,Residential,0,0,155.18,1.2,1.41,38.0,23.56,1,0,0,63,197,4.3
3025,4304,559,5,7,2025-07-26,Franklin,Residential,0,0,204.39,1.49,1.32,46.2,28.05,1,0,0,16,228,4.5
3026,4305,322,5,7,2025-07-26,Franklin,Residential,0,0,119.38,1.52,1.62,56.74,16.23,1,0,0,27,262,4.4
3027,4307,375,1,4,2025-07-26,Spring Hill,Residential,1,0,320.91,2.2,2.92,81.83,77.58,1,0,0,30,244,4.2
3028,4308,938,4,7,2025-07-26,Nashville,Residential,1,0,3200.46,8.17,10.33,361.51,1142.23,1,0,0,31,248,4.2
3029,4310,891,2,3,2025-07-26,Nashville,Residential,0,0,474.2,2.69,2.67,77.49,102.5,1,0,0,48,252,4.8
3030,4311,804,5,7,2025-07-26,Nashville,Residential,0,0,156.42,1.25,1.14,39.76,24.11,1,0,1,37,202,4.8
3031,4312,211,5,2,2025-07-27,Nashville,Residential,0,0,163.31,1.17,1.16,40.73,19.82,1,0,0,45,120,4.7
3032,4313,757,1,6,2025-07-27,Brentwood,Residential,0,0,392.02,2.03,2.54,78.72,82.26,1,0,0,30,214,4.4
3033,4314,1180,5,2,2025-07-27,Franklin,Residential,1,0,251.64,1.02,0.87,30.32,34.58,1,0,0,31,326,4.8
3034,4316,679,1,6,2025-07-27,Spring Hill,Residential,1,0,447.71,2.65,2.25,69.68,99.29,1,0,0,39,256,4.7
3035,4317,1422,5,5,2025-07-27,Nolensville,Residential,0,0,184.77,1.58,1.51,54.31,33.02,1,0,1,64,301,4.9
3036,4318,329,1,4,2025-07-27,Spring Hill,Residential,0,0,469.19,2.44,1.82,50.96,110.43,1,0,0,32,177,4.1
3037,4319,125,3,7,2025-07-27,Franklin,Residential,1,0,9283.03,15.03,13.85,484.8,5538.78,1,0,0,37,263,4.5
3038,4320,832,1,5,2025-07-27,Franklin,Residential,0,1,403.34,2.51,1.83,65.83,86.03,1,0,0,35,68,4.9
3039,4324,444,4,7,2025-07-27,Franklin,Residential,1,0,1890.58,10.74,9.96,348.57,579.24,1,0,0,8,233,4.4
3040,4325,946,5,7,2025-07-27,Brentwood,Residential,1,0,189.46,1.3,1.2,41.86,27.86,0,1,0,24,160,3.7
3041,4326,1246,6,5,2025-07-27,Spring Hill,Residential,1,0,1304.08,3.7,3.82,137.51,496.68,1,0,0,37,252,5.0
3042,4327,279,2,2,2025-07-27,Spring Hill,Residential,0,0,534.67,2.17,1.78,62.33,131.25,1,0,0,46,174,4.6
3043,4328,1319,1,4,2025-07-27,Brentwood,Residential,0,0,566.21,1.86,1.88,52.71,144.44,1,0,0,52,263,4.7
3044,4329,850,2,3,2025-07-27,Brentwood,Residential,0,0,553.31,2.12,2.35,68.09,132.36,1,0,0,37,237,4.5
3045,4330,272,6,7,2025-07-27,Franklin,Residential,1,0,1357.33,3.1,2.98,104.14,543.73,1,0,0,44,184,4.8
3046,4331,1028,1,6,2025-07-28,Nolensville,Residential,0,1,616.27,2.4,2.51,77.83,155.77,1,0,0,53,49,4.6
3047,4332,350,3,7,2025-07-28,Nashville,Residential,1,0,7144.0,15.36,18.86,660.17,3902.52,1,0,0,17,236,4.7
3048,4335,1054,2,7,2025-07-28,Franklin,Residential,1,0,423.42,2.34,2.42,84.54,96.07,1,0,0,37,355,4.3
3049,4340,781,5,5,2025-07-28,Spring Hill,Residential,1,0,168.6,1.27,0.91,32.6,26.28,1,0,0,28,228,4.6
3050,4341,1419,3,5,2025-07-28,Brentwood,Commercial,0,0,12534.18,18.44,18.43,663.59,6905.4,1,0,0,58,246,4.7
3051,4346,955,5,7,2025-07-28,Brentwood,Residential,0,0,207.8,1.31,1.43,49.97,28.96,1,0,0,65,267,4.4
3052,4347,854,6,4,2025-07-28,Nashville,Residential,0,0,1473.68,3.1,3.38,94.55,609.65,1,0,0,60,108,4.5
3053,4350,110,7,8,2025-07-28,Nolensville,Commercial,0,0,2280.41,4.72,6.21,167.77,557.71,1,0,0,38,262,4.1
3054,4351,667,2,8,2025-07-28,Nolensville,Commercial,0,0,802.36,2.31,2.38,64.29,139.09,1,0,0,36,251,4.5
3055,4352,1266,1,7,2025-07-28,Nashville,Residential,0,0,582.09,2.34,2.54,88.82,143.09,0,0,0,27,208,4.7
3056,4353,1433,3,5,2025-07-28,Nashville,Residential,1,0,8193.37,20.08,25.32,911.55,4491.69,1,0,0,28,375,4.6
3057,4354,796,6,7,2025-07-28,Nolensville,Residential,0,0,1091.73,3.7,2.99,104.52,452.95,1,0,0,33,137,4.7
3058,4355,1331,6,6,2025-07-28,Franklin,Residential,0,0,1789.15,3.28,3.11,96.35,735.01,1,0,0,66,241,4.9
3059,4356,1179,7,4,2025-07-28,Spring Hill,Residential,1,0,1443.58,4.53,4.96,138.8,369.29,1,0,0,26,175,4.5
3060,4358,1254,7,3,2025-07-28,Brentwood,Residential,0,0,1206.02,4.19,4.81,139.47,331.78,1,0,0,38,231,4.4
3061,4359,320,4,7,2025-07-28,Nashville,Residential,0,0,1437.79,13.0,13.14,459.94,473.64,1,0,0,67,199,4.8
3062,4360,741,1,5,2025-07-28,Nashville,Residential,1,0,527.59,2.15,2.06,74.04,120.21,1,0,0,8,227,4.4
3063,4362,64,7,8,2025-07-28,Nashville,Residential,0,0,1178.4,4.56,3.62,97.72,258.57,1,0,0,19,206,4.3
3064,4363,390,2,4,2025-07-28,Franklin,Residential,0,1,540.18,2.2,2.57,71.95,137.71,1,0,0,28,20,4.3
3065,4364,198,5,1,2025-07-28,Nolensville,Residential,0,0,191.29,1.4,1.63,55.56,25.11,1,0,0,40,223,4.6
3066,4365,479,5,4,2025-07-28,Franklin,Residential,0,0,137.89,1.29,1.36,38.02,22.21,1,0,0,41,128,4.5
3067,4366,26,3,5,2025-07-28,Nashville,Residential,1,0,7088.44,17.09,18.6,669.64,3391.74,0,0,0,23,389,4.5
3068,4367,1249,1,5,2025-07-28,Nashville,Residential,0,1,472.05,2.62,3.0,107.82,89.01,1,0,0,20,20,4.9
3069,4368,82,1,8,2025-07-29,Spring Hill,Residential,0,0,641.9,2.07,2.56,69.01,153.22,1,0,0,42,257,4.4
3070,4370,773,2,4,2025-07-29,Brentwood,Residential,0,1,563.27,2.37,2.16,60.49,116.74,1,0,0,62,61,4.5
3071,4371,1349,1,7,2025-07-29,Nashville,Residential,0,0,439.55,2.02,2.51,87.75,85.84,1,0,0,33,271,5.0
3072,4372,1315,1,1,2025-07-29,Brentwood,Residential,1,0,444.53,2.11,2.54,86.52,84.3,1,0,0,29,232,4.6
3073,4373,1051,1,3,2025-07-29,Brentwood,Residential,0,1,422.5,2.03,1.21,34.98,88.77,1,0,1,51,20,4.5
3074,4374,1121,1,6,2025-07-29,Franklin,Residential,0,0,480.42,2.45,1.97,61.01,136.76,1,0,1,47,319,4.9
3075,4375,558,1,6,2025-07-29,Nashville,Residential,0,0,369.45,2.12,2.52,77.99,93.11,1,0,0,23,190,4.8
3076,4377,1405,1,6,2025-07-29,Nashville,Residential,1,0,500.88,2.07,2.49,77.12,133.41,1,0,0,27,200,4.6
3077,4378,91,1,1,2025-07-29,Brentwood,Residential,1,1,410.51,1.78,1.53,52.02,93.86,1,0,0,26,130,5.0
3078,4379,142,1,2,2025-07-29,Spring Hill,Residential,0,1,453.07,2.39,2.31,80.77,99.84,1,0,1,20,20,4.8
3079,4382,111,5,2,2025-07-29,Nashville,Residential,0,0,158.42,1.51,1.48,51.77,25.21,1,0,1,51,264,4.8
3080,4385,958,2,2,2025-07-29,Franklin,Residential,0,0,513.45,1.97,1.8,62.91,113.28,1,0,0,12,281,5.0
3081,4386,1150,2,1,2025-07-29,Franklin,Commercial,0,1,803.94,3.24,3.51,119.37,162.9,0,1,0,24,99,3.7
3082,4388,108,5,5,2025-07-29,Nashville,Residential,1,0,157.09,1.08,1.34,48.37,24.06,1,0,0,35,312,4.7
3083,4389,892,6,6,2025-07-29,Nashville,Residential,0,0,1133.97,4.35,3.64,112.78,437.79,1,0,0,31,217,4.6
3084,4392,652,2,1,2025-07-30,Nashville,Residential,0,0,539.13,2.65,2.58,87.6,113.74,1,0,0,29,208,4.5
3085,4393,251,5,8,2025-07-30,Brentwood,Residential,0,0,211.15,1.21,1.08,29.16,29.41,0,0,0,57,149,4.2
3086,4394,1252,7,2,2025-07-30,Brentwood,Commercial,1,0,1806.63,4.3,4.2,146.88,404.88,1,0,0,23,278,5.0
3087,4395,1164,1,1,2025-07-30,Spring Hill,Residential,1,1,460.59,1.93,1.7,57.89,121.72,1,0,0,46,83,4.8
3088,4398,660,2,8,2025-07-30,Brentwood,Residential,0,0,497.94,2.69,2.74,73.94,105.19,1,0,0,38,228,4.6
3089,4400,320,4,5,2025-07-30,Nashville,Residential,0,0,2749.66,9.37,10.14,364.93,857.83,1,0,0,45,319,5.0
3090,4401,139,5,7,2025-07-30,Franklin,Residential,0,0,216.33,1.34,1.32,46.16,34.4,1,0,0,33,169,4.3
3091,4402,299,6,1,2025-07-30,Nashville,Residential,0,0,1011.47,3.23,2.88,97.93,459.38,1,0,0,21,272,4.7
3092,4403,763,5,2,2025-07-30,Franklin,Residential,1,0,197.71,1.39,1.18,41.34,32.8,1,0,0,30,322,4.7
3093,4406,261,2,4,2025-07-30,Nolensville,Residential,1,0,586.05,2.57,3.29,92.06,126.31,1,0,0,36,183,4.6
3094,4407,690,2,5,2025-07-30,Nolensville,Residential,0,1,512.8,2.46,2.6,93.63,131.91,1,0,0,19,76,4.5
3095,4408,937,5,3,2025-07-30,Franklin,Commercial,0,0,395.58,1.4,1.23,35.69,50.23,1,0,0,68,206,4.1
3096,4410,178,2,3,2025-07-30,Nashville,Residential,0,1,370.34,2.36,2.26,65.44,83.38,1,0,0,19,164,4.7
3097,4411,1395,5,5,2025-07-30,Nashville,Residential,0,0,222.13,1.18,1.42,50.95,27.74,1,0,0,27,171,4.5
3098,4412,40,3,5,2025-07-30,Franklin,Residential,0,0,6839.6,18.35,21.16,761.91,3969.38,0,1,0,8,319,4.3
3099,4414,967,1,2,2025-07-30,Nashville,Residential,0,0,404.85,2.27,2.56,89.57,81.75,1,0,0,27,293,4.5
3100,4415,723,2,6,2025-07-30,Franklin,Residential,1,0,542.68,2.85,3.43,106.36,131.37,1,0,0,19,243,4.2
3101,4416,1229,3,7,2025-07-30,Nashville,Residential,0,0,10297.27,19.03,16.73,585.58,5411.5,1,0,0,54,170,4.6
3102,4418,1064,2,1,2025-07-30,Franklin,Residential,0,0,643.86,2.6,2.87,97.55,171.13,1,0,0,37,200,4.8
3103,4419,878,5,2,2025-07-30,Brentwood,Residential,0,0,179.09,1.2,1.03,36.03,25.97,1,0,1,48,238,4.5
3104,4420,929,5,6,2025-07-30,Brentwood,Residential,0,0,146.39,1.27,1.07,33.03,18.02,1,0,1,20,236,5.0
3105,4422,730,1,1,2025-07-31,Brentwood,Residential,0,1,343.06,1.98,1.46,49.77,63.42,1,0,0,37,140,4.8
3106,4423,1166,1,5,2025-07-31,Nashville,Residential,0,0,496.97,1.73,1.5,53.94,101.13,1,0,0,56,208,4.9
3107,4424,1257,3,5,2025-07-31,Franklin,Residential,0,0,9247.14,18.85,19.1,687.52,5589.08,1,0,0,59,205,4.3
3108,4425,459,5,5,2025-07-31,Nashville,Residential,0,0,149.48,1.21,1.29,46.47,22.6,1,0,1,8,271,5.0
3109,4427,504,2,8,2025-07-31,Nashville,Residential,0,1,653.91,2.43,2.52,68.13,153.32,0,0,0,8,79,4.5
3110,4428,186,1,4,2025-07-31,Nashville,Residential,0,1,712.57,2.01,2.14,59.85,145.99,1,0,0,35,20,4.8
3111,4429,70,2,8,2025-07-31,Brentwood,Residential,0,0,545.51,2.34,2.49,67.3,112.64,1,0,1,43,163,4.3
3112,4430,872,5,7,2025-07-31,Franklin,Residential,1,0,187.42,1.4,1.58,55.16,33.17,1,0,0,33,320,4.8
3113,4431,298,1,7,2025-07-31,Nashville,Residential,0,0,480.2,2.27,1.86,65.22,118.8,1,0,0,35,272,4.6
3114,4432,624,5,2,2025-07-31,Nashville,Commercial,0,0,305.42,1.11,1.41,49.43,50.0,1,0,0,46,196,4.9
3115,4433,827,6,3,2025-07-31,Spring Hill,Commercial,0,0,2196.17,3.21,3.43,99.59,738.68,1,0,0,50,261,4.3
3116,4436,1255,1,8,2025-07-31,Nashville,Residential,1,1,365.31,2.09,1.9,51.36,81.2,1,0,0,29,65,3.9
3117,4437,1076,1,5,2025-07-31,Nashville,Residential,0,0,595.88,1.88,1.65,59.47,128.55,1,0,0,38,160,4.7
3118,4440,894,1,8,2025-07-31,Brentwood,Residential,1,0,311.91,2.09,2.44,65.85,80.78,0,1,0,62,274,4.1
3119,4441,781,2,2,2025-07-31,Spring Hill,Residential,1,0,531.25,2.64,1.67,58.34,139.2,1,0,0,53,202,4.6
3120,4442,473,6,4,2025-07-31,Nashville,Residential,1,0,1164.64,4.0,4.57,128.0,486.36,1,0,0,73,284,4.6
3121,4443,372,4,5,2025-07-31,Franklin,Commercial,1,0,4616.29,11.51,10.26,369.5,1406.5,1,0,0,29,288,4.7
3122,4444,1421,1,3,2025-07-31,Nashville,Residential,0,1,506.32,2.15,2.09,60.56,84.27,1,0,1,40,148,4.9
3123,4445,111,5,8,2025-07-31,Nashville,Residential,0,0,136.84,1.28,1.16,31.33,21.87,1,0,0,19,225,4.3
3124,4446,1240,5,5,2025-07-31,Nashville,Residential,1,0,201.5,1.36,1.69,60.9,31.21,0,0,0,34,249,4.6
3125,4447,774,3,5,2025-07-31,Franklin,Residential,0,0,7525.13,16.33,15.27,549.76,3344.32,1,0,0,22,207,4.6
3126,4448,1257,1,2,2025-07-31,Franklin,Residential,0,0,359.56,2.17,2.01,70.5,61.33,1,0,0,34,307,4.4
3127,4449,1077,1,1,2025-07-31,Spring Hill,Residential,0,0,353.5,2.09,2.63,89.36,89.35,0,1,1,39,257,4.1
3128,4450,77,1,7,2025-08-01,Nashville,Residential,1,0,408.47,2.48,2.51,87.68,89.92,1,0,0,57,334,4.8
3129,4451,456,3,5,2025-08-01,Nashville,Residential,1,0,9226.38,19.18,25.57,920.68,4302.89,1,0,0,8,295,4.5
3130,4452,263,2,8,2025-08-01,Nolensville,Commercial,0,0,863.0,2.68,3.45,93.04,187.57,1,0,0,42,187,4.8
3131,4453,515,6,2,2025-08-01,Nashville,Residential,0,0,1211.86,3.68,3.65,127.66,601.57,1,0,0,28,145,4.8
3132,4454,1356,5,4,2025-08-01,Franklin,Residential,1,0,212.58,1.28,1.38,38.67,27.55,0,1,0,32,242,4.3
3133,4455,740,1,3,2025-08-01,Franklin,Residential,0,0,378.73,2.03,2.11,61.26,80.35,0,1,0,47,190,3.9
3134,4456,1285,2,8,2025-08-01,Nolensville,Residential,0,1,703.37,2.59,4.01,108.37,124.92,1,0,0,35,20,4.1
3135,4458,1330,4,5,2025-08-01,Nolensville,Residential,1,0,2319.34,8.31,9.13,328.62,825.97,0,1,0,33,259,4.0
3136,4459,477,1,4,2025-08-01,Nashville,Residential,0,0,483.73,2.17,2.14,59.87,113.12,1,0,1,44,221,4.3
3137,4460,97,2,2,2025-08-01,Spring Hill,Residential,0,0,551.43,2.24,1.78,62.3,111.99,1,0,0,43,233,5.0
3138,4461,565,1,3,2025-08-01,Franklin,Residential,0,0,441.55,1.89,1.82,52.71,98.93,1,0,0,33,180,4.6
3139,4463,1225,4,5,2025-08-01,Nashville,Commercial,1,0,5151.74,7.39,5.3,190.81,1641.88,1,0,0,22,255,4.5
3140,4464,977,2,4,2025-08-01,Spring Hill,Residential,0,1,541.0,2.64,3.17,88.83,109.71,1,0,0,14,65,4.6
3141,4465,1206,1,5,2025-08-01,Nashville,Residential,1,0,444.33,2.64,2.41,86.68,107.58,1,0,0,20,274,4.4
3142,4466,1322,5,3,2025-08-01,Nashville,Residential,0,0,163.67,1.27,1.07,30.95,25.71,1,0,0,32,309,4.6
3143,4468,366,3,5,2025-08-01,Nolensville,Residential,0,0,12087.71,18.34,13.31,479.03,6219.78,1,0,0,24,320,4.9
3144,4469,225,1,1,2025-08-01,Spring Hill,Residential,1,0,451.25,2.3,2.35,80.02,120.5,1,0,0,46,361,4.8
3145,4470,1188,1,3,2025-08-01,Spring Hill,Residential,0,1,458.77,2.42,2.52,73.1,96.08,1,0,0,37,20,4.1
3146,4471,1129,3,5,2025-08-01,Brentwood,Residential,0,0,8995.43,16.2,15.49,557.76,4685.69,1,0,0,44,243,4.9
3147,4472,823,6,4,2025-08-01,Brentwood,Residential,1,0,927.43,3.3,3.07,85.94,363.65,1,0,0,26,333,3.9
3148,4473,1118,2,4,2025-08-01,Nashville,Residential,0,0,604.68,1.99,1.73,48.39,139.4,1,0,0,38,143,4.2
3149,4474,1368,3,5,2025-08-01,Nashville,Residential,1,0,9735.42,20.56,15.11,544.01,5410.62,1,0,0,22,255,4.7
3150,4476,803,1,7,2025-08-01,Spring Hill,Residential,0,0,534.79,2.21,2.16,75.59,107.7,1,0,0,62,273,4.1
3151,4477,41,2,7,2025-08-02,Nolensville,Residential,0,0,661.86,2.56,2.38,83.47,173.73,0,1,0,42,248,4.4
3152,4478,223,1,5,2025-08-02,Spring Hill,Residential,0,1,308.78,2.04,2.14,77.0,74.33,1,0,1,41,105,4.5
3153,4480,1176,2,2,2025-08-02,Nolensville,Residential,0,1,603.73,2.76,1.74,60.84,144.33,1,0,0,50,32,4.9
3154,4481,574,7,6,2025-08-02,Brentwood,Residential,0,0,1164.24,3.81,3.32,102.96,257.97,1,0,0,21,299,4.7
3155,4482,276,1,2,2025-08-02,Nashville,Residential,0,0,458.13,2.34,2.2,76.88,106.59,1,0,0,24,259,5.0
3156,4485,328,1,4,2025-08-02,Nashville,Residential,0,0,366.96,2.07,2.27,63.55,82.76,1,0,0,68,316,4.7
3157,4486,118,5,8,2025-08-02,Nolensville,Residential,0,0,166.3,1.29,1.12,30.18,30.05,0,1,0,70,226,3.6
3158,4487,1309,5,2,2025-08-02,Nolensville,Residential,1,0,202.03,1.3,1.05,36.79,22.63,1,0,0,41,277,4.6
3159,4488,437,5,3,2025-08-02,Brentwood,Residential,1,0,193.73,1.28,1.22,35.51,26.79,1,0,0,61,189,4.9
3160,4489,670,1,5,2025-08-02,Nashville,Residential,0,1,338.33,1.94,1.63,58.83,78.52,1,0,0,33,133,4.6
3161,4492,684,7,1,2025-08-03,Nashville,Residential,0,0,855.93,3.93,4.05,137.7,219.03,1,0,0,28,285,4.6
3162,4494,575,5,7,2025-08-03,Franklin,Residential,0,0,154.28,1.44,1.28,44.63,22.77,1,0,1,28,231,4.6
3163,4496,517,1,2,2025-08-03,Spring Hill,Residential,0,0,537.56,1.9,1.92,67.27,113.59,1,0,0,46,271,5.0
3164,4497,43,6,2,2025-08-03,Franklin,Residential,0,0,1108.06,2.61,3.04,106.54,453.82,1,0,0,35,183,5.0
3165,4498,119,1,3,2025-08-03,Nashville,Residential,0,1,301.91,2.18,2.21,64.19,80.3,1,0,0,38,56,4.2
3166,4499,1319,5,1,2025-08-03,Brentwood,Residential,0,0,245.97,1.29,1.12,37.98,32.02,1,0,0,48,217,4.7
3167,4500,1341,1,1,2025-08-03,Spring Hill,Residential,1,0,384.34,2.06,2.14,72.62,116.22,1,0,0,51,309,5.0
3168,4503,1287,5,3,2025-08-03,Franklin,Residential,0,0,227.06,1.09,1.22,35.32,26.73,1,0,0,33,196,4.7
3169,4504,690,1,8,2025-08-03,Nolensville,Residential,0,0,441.73,2.29,2.39,64.62,112.95,1,0,1,39,298,4.0
3170,4505,376,2,6,2025-08-03,Franklin,Residential,1,0,562.0,2.53,2.46,76.36,118.12,0,0,0,45,224,5.0
3171,4506,736,1,7,2025-08-04,Brentwood,Residential,0,1,489.75,2.19,2.0,69.98,107.84,1,0,0,48,161,4.3
3172,4508,392,1,1,2025-08-04,Franklin,Residential,1,0,510.09,1.92,1.73,58.69,107.58,1,0,0,33,297,4.9
3173,4511,1376,1,8,2025-08-04,Nashville,Residential,1,0,269.96,2.05,2.54,68.67,72.51,1,0,0,34,238,3.9
3174,4512,475,2,7,2025-08-04,Brentwood,Residential,1,1,509.99,2.2,2.18,76.24,106.16,1,0,0,27,94,4.9
3175,4513,764,1,7,2025-08-04,Nashville,Residential,1,0,602.62,2.19,2.02,70.72,171.27,1,0,0,59,233,4.6
3176,4514,1174,1,7,2025-08-04,Franklin,Commercial,0,0,804.93,1.72,1.5,52.33,161.3,1,0,0,41,248,4.6
3177,4515,1280,5,7,2025-08-04,Nashville,Residential,0,0,166.55,1.26,1.68,58.8,27.9,1,0,1,44,224,4.4
3178,4516,131,5,4,2025-08-04,Nolensville,Residential,1,0,166.66,1.39,1.25,34.87,22.15,1,0,0,48,252,4.0
3179,4517,835,4,7,2025-08-04,Nashville,Residential,0,0,2146.33,9.92,9.0,314.83,810.77,1,0,0,35,370,4.7
3180,4518,1197,5,4,2025-08-04,Nashville,Residential,1,0,187.37,0.84,1.03,28.86,29.05,0,1,0,31,259,3.9
3181,4519,844,2,3,2025-08-04,Nashville,Residential,0,1,462.68,2.25,2.45,71.05,96.98,1,0,0,52,69,4.5
3182,4520,501,2,5,2025-08-04,Nashville,Residential,0,0,569.19,2.1,1.08,39.03,127.12,1,0,0,41,271,4.8
3183,4522,730,2,5,2025-08-04,Brentwood,Residential,0,0,685.49,2.5,2.16,77.71,143.87,1,0,0,52,189,4.6
3184,4523,1189,2,6,2025-08-04,Spring Hill,Commercial,1,0,1150.62,2.77,3.43,106.26,237.0,0,1,0,27,205,3.9
3185,4526,260,1,1,2025-08-05,Brentwood,Commercial,0,0,930.14,2.12,2.49,84.74,199.81,1,0,0,33,195,4.7
3186,4527,644,5,2,2025-08-05,Spring Hill,Residential,1,0,198.8,1.4,1.61,56.5,30.49,1,0,0,23,160,4.8
3187,4528,1237,5,5,2025-08-05,Nashville,Residential,1,0,221.03,1.36,1.18,42.33,31.8,1,0,0,38,234,4.7
3188,4529,693,1,7,2025-08-05,Franklin,Residential,1,0,319.69,1.91,1.77,62.05,80.72,1,0,0,25,196,4.7
3189,4532,674,1,4,2025-08-05,Nolensville,Residential,0,0,471.54,2.22,2.09,58.55,88.13,1,0,0,38,352,4.2
3190,4533,972,5,3,2025-08-05,Spring Hill,Residential,1,0,240.28,1.36,1.45,41.95,38.95,1,0,0,47,284,4.6
3191,4534,1367,3,7,2025-08-05,Nashville,Residential,1,0,10750.09,19.61,17.06,597.12,6350.85,1,0,0,44,230,4.9
3192,4535,1163,2,3,2025-08-05,Nolensville,Residential,0,0,489.63,2.43,2.23,64.81,109.24,1,0,0,35,225,4.5
3193,4536,1239,5,4,2025-08-05,Franklin,Residential,1,0,155.64,1.19,1.12,31.47,28.04,1,0,0,42,164,4.9
3194,4539,1094,5,6,2025-08-05,Nashville,Residential,1,0,176.31,1.2,0.84,26.05,25.54,1,0,0,50,229,4.4
3195,4541,1205,7,5,2025-08-05,Brentwood,Residential,1,0,1027.54,4.74,4.89,175.92,241.94,1,0,0,24,227,4.7
3196,4542,11,1,5,2025-08-05,Nashville,Residential,0,0,595.31,2.67,2.94,105.68,133.0,0,0,0,33,219,4.3
3197,4543,212,7,6,2025-08-05,Nashville,Residential,0,0,708.66,4.37,4.53,140.46,194.8,1,0,0,45,178,4.8
3198,4544,423,4,5,2025-08-06,Franklin,Commercial,1,0,3813.78,8.48,8.29,298.39,1176.22,0,1,0,47,314,4.5
3199,4547,33,2,5,2025-08-06,Nashville,Residential,0,1,670.17,2.38,2.1,75.65,142.52,1,0,0,34,104,4.7
3200,4548,708,6,7,2025-08-06,Nashville,Residential,0,0,1310.05,2.89,2.23,78.2,562.15,1,0,0,45,258,4.2
3201,4549,372,1,8,2025-08-06,Franklin,Commercial,1,0,882.04,2.22,3.05,82.38,227.39,0,1,0,62,288,3.7
3202,4550,1230,2,8,2025-08-06,Spring Hill,Residential,1,1,391.66,2.58,3.14,84.83,86.61,1,0,0,27,114,4.2
3203,4551,1150,1,7,2025-08-06,Franklin,Commercial,0,0,976.52,1.59,1.85,64.88,190.61,1,0,0,53,214,4.3
3204,4552,1278,1,6,2025-08-06,Franklin,Residential,1,0,352.91,2.32,2.27,70.27,81.4,1,0,0,46,149,4.8
3205,4554,612,5,7,2025-08-06,Nashville,Residential,0,0,157.15,1.15,1.17,40.84,23.91,0,1,0,11,246,4.2
3206,4555,840,7,2,2025-08-06,Nolensville,Residential,0,0,1126.32,4.6,4.04,141.23,299.12,1,0,0,26,262,5.0
3207,4559,706,2,8,2025-08-06,Nolensville,Commercial,0,0,758.93,2.28,1.88,50.85,173.38,0,0,0,57,238,3.9
3208,4560,1420,2,3,2025-08-06,Spring Hill,Residential,0,0,629.17,2.32,1.98,57.47,139.93,1,0,1,30,246,4.8
3209,4561,1136,1,1,2025-08-06,Nolensville,Commercial,0,0,839.56,2.32,1.28,43.52,196.72,1,0,0,38,244,4.4
3210,4565,291,3,7,2025-08-07,Franklin,Residential,0,0,11106.04,15.06,20.17,705.92,5723.12,1,0,0,26,209,4.7
3211,4566,341,3,5,2025-08-07,Spring Hill,Residential,1,0,12116.16,19.02,17.73,638.4,6496.46,1,0,0,40,220,4.9
3212,4569,1393,2,3,2025-08-07,Nashville,Residential,1,1,447.54,2.29,2.05,59.38,105.74,0,0,0,42,51,4.5
3213,4570,1048,1,1,2025-08-07,Spring Hill,Commercial,0,0,795.91,1.99,2.57,87.43,188.22,1,0,0,46,246,4.7
3214,4571,988,5,4,2025-08-07,Nashville,Residential,1,0,197.08,1.31,1.27,35.58,26.09,1,0,0,48,246,4.7
3215,4573,56,5,3,2025-08-07,Spring Hill,Residential,0,0,261.18,1.27,1.07,30.91,40.04,1,0,0,55,271,4.4
3216,4574,291,1,1,2025-08-07,Franklin,Residential,0,0,496.6,2.06,1.66,56.3,93.87,1,0,0,42,283,4.8
3217,4576,471,7,6,2025-08-07,Spring Hill,Residential,0,0,1065.35,4.34,4.14,128.29,255.87,0,0,0,21,217,4.9
3218,4577,514,2,5,2025-08-07,Franklin,Residential,1,0,466.31,2.47,2.15,77.32,116.1,1,0,0,34,190,4.7
3219,4578,684,5,8,2025-08-07,Nashville,Residential,0,0,230.7,1.62,2.02,54.42,38.41,0,0,0,34,206,4.4
3220,4580,965,4,7,2025-08-07,Spring Hill,Residential,0,0,1989.63,9.5,9.89,346.09,578.62,1,0,0,31,224,4.4
3221,4581,166,3,7,2025-08-07,Nashville,Residential,0,0,7777.68,19.21,16.92,592.03,4282.32,1,0,0,50,237,4.6
3222,4582,965,1,1,2025-08-07,Spring Hill,Residential,0,1,638.12,2.3,1.97,67.13,139.3,1,0,1,53,120,5.0
3223,4584,796,6,1,2025-08-07,Nolensville,Residential,0,0,1742.47,3.0,2.68,91.06,767.32,0,1,0,40,328,4.1
3224,4585,1197,2,4,2025-08-07,Nashville,Residential,1,0,436.71,2.88,3.3,92.44,119.66,1,0,0,41,191,4.3
3225,4586,486,1,8,2025-08-07,Franklin,Commercial,0,0,851.34,2.38,2.44,65.92,166.71,0,1,0,27,179,3.7
3226,4587,633,4,5,2025-08-07,Brentwood,Residential,1,0,2774.07,11.33,9.84,354.31,739.99,1,0,0,42,184,4.9
3227,4588,922,3,7,2025-08-07,Nashville,Residential,0,0,10232.79,15.99,20.03,701.02,5939.84,1,0,0,52,255,4.4
3228,4589,567,1,1,2025-08-07,Franklin,Residential,0,0,611.79,2.39,2.1,71.51,150.79,1,0,0,41,266,5.0
3229,4590,95,2,2,2025-08-07,Nashville,Residential,1,0,449.9,2.26,1.25,43.78,103.72,1,0,0,41,252,4.9
3230,4592,112,4,5,2025-08-08,Nashville,Commercial,1,0,2975.61,10.05,11.45,412.07,876.72,1,0,0,26,265,4.7
3231,4593,1355,5,6,2025-08-08,Spring Hill,Residential,0,0,175.28,1.4,1.15,35.64,24.67,1,0,0,29,225,4.8
3232,4594,650,5,3,2025-08-08,Franklin,Commercial,1,0,444.92,1.41,1.32,38.4,69.3,0,1,0,48,277,4.1
3233,4597,88,1,6,2025-08-08,Nolensville,Commercial,0,1,755.24,1.93,2.06,63.88,158.17,1,0,0,53,85,5.0
3234,4598,30,6,6,2025-08-08,Franklin,Residential,0,0,1814.93,3.98,4.27,132.46,767.91,1,0,0,69,266,4.5
3235,4601,408,6,5,2025-08-08,Franklin,Residential,0,0,1244.69,3.37,3.41,122.8,575.23,1,0,0,41,238,5.0
3236,4603,1243,3,7,2025-08-08,Franklin,Residential,0,0,9691.32,19.87,13.56,474.51,4473.16,1,0,0,31,303,4.3
3237,4604,87,5,2,2025-08-08,Spring Hill,Residential,0,0,234.06,1.39,1.25,43.86,33.66,1,0,0,67,171,5.0
3238,4605,235,2,2,2025-08-08,Franklin,Residential,0,0,450.56,2.45,2.83,99.21,89.4,1,0,0,22,188,5.0
3239,4606,748,1,7,2025-08-08,Franklin,Commercial,0,1,655.89,2.26,2.35,82.38,141.25,1,0,0,14,168,4.4
3240,4609,14,5,7,2025-08-08,Franklin,Residential,0,0,138.98,1.43,1.35,47.08,27.3,0,0,0,51,226,4.4
3241,4611,1212,1,3,2025-08-09,Nashville,Residential,0,0,482.61,2.05,2.08,60.3,116.16,1,0,0,34,149,4.2
3242,4613,845,1,4,2025-08-09,Brentwood,Residential,1,1,666.68,2.26,2.24,62.86,161.99,0,1,0,50,230,4.5
3243,4614,1255,1,2,2025-08-09,Nashville,Residential,1,0,578.0,2.18,1.94,68.01,146.39,1,0,0,38,215,4.6
3244,4615,1188,5,5,2025-08-09,Spring Hill,Residential,0,0,192.97,1.02,0.75,26.86,30.83,1,0,1,48,260,4.5
3245,4616,1262,5,8,2025-08-09,Franklin,Commercial,0,0,425.97,1.43,1.52,40.96,66.04,1,0,0,20,205,4.3
3246,4617,112,7,6,2025-08-09,Nashville,Commercial,1,0,2172.35,4.06,4.84,150.16,619.99,1,0,0,29,189,4.8
3247,4619,897,5,1,2025-08-09,Nashville,Residential,1,0,178.94,1.48,1.38,46.94,27.27,1,0,0,30,281,5.0
3248,4621,44,5,5,2025-08-09,Brentwood,Residential,0,0,169.81,1.28,1.37,49.26,24.7,1,0,0,38,106,4.9
3249,4624,1362,2,2,2025-08-09,Franklin,Residential,0,0,483.82,2.27,2.75,96.18,114.6,1,0,0,29,228,5.0
3250,4625,710,2,4,2025-08-09,Brentwood,Residential,0,0,499.04,2.71,2.95,82.67,113.89,1,0,0,39,257,4.3
3251,4626,235,5,2,2025-08-09,Franklin,Residential,0,0,236.56,0.89,1.11,38.71,29.57,1,0,0,27,328,5.0
3252,4627,235,5,5,2025-08-09,Franklin,Residential,0,0,211.36,1.48,1.01,36.29,29.4,1,0,0,39,311,4.4
3253,4628,719,2,7,2025-08-09,Nashville,Residential,0,0,495.85,2.1,1.91,66.91,100.56,1,0,0,43,211,5.0
3254,4629,494,5,3,2025-08-10,Nashville,Residential,0,0,181.46,1.56,1.73,50.16,26.41,1,0,0,37,266,4.5
3255,4631,139,2,6,2025-08-10,Franklin,Residential,0,0,499.83,2.58,2.79,86.58,96.23,1,0,0,68,271,4.6
3256,4632,832,1,7,2025-08-10,Franklin,Residential,0,1,711.36,2.32,2.34,81.89,149.49,1,0,0,27,177,4.6
3257,4633,385,1,2,2025-08-10,Nolensville,Residential,0,1,546.35,2.08,1.78,62.27,128.18,1,0,0,42,41,4.8
3258,4634,725,1,2,2025-08-10,Nashville,Commercial,1,0,660.53,2.43,1.73,60.62,176.11,1,0,0,31,318,5.0
3259,4635,1149,5,4,2025-08-10,Franklin,Residential,0,0,233.25,1.2,1.06,29.58,32.94,1,0,0,47,230,4.5
3260,4636,1072,5,8,2025-08-10,Nashville,Commercial,0,0,359.67,1.33,1.32,35.7,44.29,0,1,0,24,262,3.6
3261,4637,418,1,7,2025-08-10,Nolensville,Residential,0,0,542.04,2.35,2.52,88.36,120.96,1,0,0,39,258,4.6
3262,4638,503,1,6,2025-08-10,Nashville,Residential,0,0,432.83,2.19,1.99,61.81,95.66,1,0,1,54,240,4.8
3263,4640,1110,1,4,2025-08-10,Brentwood,Commercial,1,1,901.16,2.32,2.39,66.79,236.53,1,0,0,33,20,4.6
3264,4641,174,1,7,2025-08-10,Nashville,Residential,0,0,546.94,2.53,3.02,105.61,118.25,1,0,0,70,172,4.6
3265,4642,1227,3,5,2025-08-10,Nashville,Residential,0,0,13195.28,14.53,14.42,518.99,7294.63,1,0,0,12,263,4.6
3266,4644,306,5,1,2025-08-10,Brentwood,Residential,0,0,176.83,1.27,1.48,50.47,26.2,1,0,0,30,168,4.7
3267,4645,533,1,3,2025-08-10,Brentwood,Residential,0,0,476.89,2.62,2.18,63.36,95.4,1,0,0,40,141,4.6
3268,4646,412,6,3,2025-08-10,Franklin,Residential,0,0,931.74,3.13,3.84,111.25,288.66,1,0,0,62,153,4.3
3269,4647,584,3,5,2025-08-11,Nolensville,Residential,0,0,8617.47,16.41,12.08,434.75,4622.12,1,0,0,36,233,5.0
3270,4648,1321,1,6,2025-08-11,Nashville,Residential,0,0,389.5,2.41,2.16,66.85,85.77,1,0,0,39,251,4.8
3271,4649,692,1,6,2025-08-11,Nashville,Commercial,0,0,1083.59,2.18,2.19,67.79,211.68,1,0,0,55,289,4.9
3272,4650,745,2,7,2025-08-11,Spring Hill,Residential,0,0,630.45,2.34,2.08,72.71,156.05,1,0,0,44,228,4.9
3273,4651,1233,2,8,2025-08-11,Brentwood,Residential,1,0,485.5,2.83,3.41,92.06,104.12,1,0,0,38,248,4.4
3274,4652,877,5,1,2025-08-11,Spring Hill,Residential,0,0,184.13,1.09,1.07,36.43,25.97,1,0,0,50,233,5.0
3275,4653,119,5,7,2025-08-11,Nashville,Residential,0,0,169.21,1.45,1.7,59.35,28.04,1,0,0,8,239,4.5
3276,4654,793,4,5,2025-08-11,Nolensville,Commercial,0,0,4321.11,11.76,8.79,316.55,1212.75,1,0,0,32,205,4.7
3277,4655,121,4,7,2025-08-11,Spring Hill,Commercial,0,0,5241.87,10.37,10.59,370.5,1793.24,1,0,0,52,256,4.4
3278,4658,1425,1,6,2025-08-11,Franklin,Residential,0,0,440.83,1.8,1.55,47.9,95.27,1,0,0,34,255,4.7
3279,4659,1016,2,2,2025-08-11,Nashville,Residential,1,0,635.96,1.61,1.57,55.04,158.81,1,0,0,28,267,5.0
3280,4660,957,2,5,2025-08-11,Brentwood,Residential,0,0,602.1,2.71,2.67,95.98,99.71,1,0,0,47,186,4.7
3281,4661,649,2,4,2025-08-11,Nolensville,Residential,0,0,432.8,2.73,2.94,82.28,94.06,1,0,0,39,262,4.6
3282,4662,1059,6,3,2025-08-11,Nashville,Residential,0,0,1322.37,4.07,3.35,97.28,570.21,1,0,0,36,245,4.5
3283,4665,267,5,5,2025-08-11,Nashville,Residential,1,0,235.09,1.45,1.58,56.97,34.7,1,0,0,20,285,4.7
3284,4666,1015,1,5,2025-08-11,Franklin,Residential,0,0,505.42,2.56,2.74,98.57,117.17,1,0,1,49,263,5.0
3285,4667,204,5,6,2025-08-11,Franklin,Residential,1,0,171.28,1.48,1.48,45.76,25.08,0,1,0,40,261,4.3
3286,4668,679,1,4,2025-08-11,Spring Hill,Residential,1,0,447.89,1.89,1.77,49.69,102.22,1,0,0,41,199,5.0
3287,4669,41,4,5,2025-08-11,Nolensville,Residential,0,0,3006.51,11.14,8.01,288.47,1173.19,1,0,0,36,211,4.4
3288,4670,678,5,5,2025-08-11,Nashville,Residential,0,0,203.92,1.46,1.81,65.25,23.68,1,0,1,33,233,4.9
3289,4672,978,1,6,2025-08-11,Nashville,Residential,0,1,470.6,2.19,2.04,63.31,84.49,1,0,1,18,20,5.0
3290,4674,1023,1,6,2025-08-12,Franklin,Residential,0,0,508.96,2.46,2.51,77.71,97.55,1,0,0,32,214,5.0
3291,4675,317,1,3,2025-08-12,Brentwood,Residential,0,0,378.13,2.24,1.35,39.2,108.29,1,0,0,69,162,4.5
3292,4676,403,2,3,2025-08-12,Nashville,Residential,0,0,622.2,2.08,1.86,53.93,127.91,0,1,0,51,152,4.1
3293,4677,246,3,5,2025-08-12,Nashville,Residential,0,0,10797.56,20.88,21.06,758.26,5831.75,1,0,0,26,212,4.8
3294,4679,896,3,5,2025-08-12,Nashville,Residential,0,0,9774.56,18.36,20.56,740.21,5791.4,1,0,0,37,107,4.8
3295,4681,799,5,3,2025-08-12,Franklin,Residential,0,0,197.94,1.32,1.13,32.77,26.93,1,0,0,41,270,4.8
3296,4682,929,4,5,2025-08-12,Brentwood,Residential,0,0,2872.09,8.56,11.18,402.32,651.59,1,0,0,46,230,5.0
3297,4683,5,3,7,2025-08-12,Brentwood,Residential,1,0,9179.59,17.63,19.14,669.97,6082.91,1,0,0,45,293,4.4
3298,4684,1180,3,5,2025-08-12,Franklin,Residential,1,0,7492.86,16.58,10.18,366.47,3815.86,0,1,0,23,295,4.6
3299,4685,63,2,6,2025-08-12,Spring Hill,Residential,0,0,725.83,2.43,2.0,61.9,164.33,1,0,0,44,159,4.6
3300,4686,1365,6,1,2025-08-12,Nashville,Residential,0,0,1197.17,3.45,2.82,95.92,499.22,1,0,0,21,275,4.8
3301,4687,1080,5,7,2025-08-12,Spring Hill,Residential,0,0,192.66,1.43,1.47,51.56,29.23,1,0,0,27,208,4.4
3302,4688,235,6,5,2025-08-12,Franklin,Residential,0,0,1310.64,3.55,4.09,147.28,692.78,1,0,0,50,150,4.0
3303,4690,389,6,6,2025-08-13,Franklin,Residential,1,0,979.39,3.85,5.11,158.26,368.93,0,1,0,35,275,4.3
3304,4691,1311,1,2,2025-08-13,Nashville,Residential,0,1,398.56,2.23,2.45,85.73,76.79,1,0,0,51,149,4.6
3305,4692,1086,6,8,2025-08-13,Nashville,Residential,0,0,781.99,4.04,5.46,147.5,304.71,1,0,0,18,237,4.2
3306,4694,657,1,2,2025-08-13,Brentwood,Residential,0,0,464.2,1.98,1.44,50.39,103.9,1,0,0,63,235,4.1
3307,4695,91,1,7,2025-08-13,Brentwood,Residential,1,0,548.52,2.22,2.42,84.77,108.32,1,0,0,30,250,4.3
3308,4698,789,3,5,2025-08-13,Nolensville,Residential,0,0,9061.96,15.07,17.29,622.57,4637.4,1,0,0,46,296,4.6
3309,4700,1217,5,5,2025-08-13,Brentwood,Residential,0,0,161.35,1.15,1.14,41.22,24.43,1,0,0,45,231,4.7
3310,4701,768,5,2,2025-08-13,Nashville,Residential,1,0,169.09,1.12,0.76,26.64,25.78,1,0,0,50,240,4.5
3311,4702,1298,5,5,2025-08-13,Brentwood,Residential,1,0,215.44,1.27,1.11,39.87,32.92,1,0,0,33,284,4.7
3312,4704,249,5,8,2025-08-13,Spring Hill,Residential,0,0,188.16,1.29,1.46,39.32,30.28,1,0,0,49,323,4.5
3313,4705,307,2,1,2025-08-13,Brentwood,Residential,0,1,492.74,2.86,2.6,88.3,96.79,1,0,0,46,196,5.0
3314,4707,6,7,4,2025-08-13,Nashville,Residential,0,0,1232.28,4.57,4.83,135.25,310.92,1,0,0,29,152,4.5
3315,4709,430,4,7,2025-08-13,Spring Hill,Residential,0,0,2485.75,11.1,13.7,479.46,751.99,1,0,0,46,250,4.9
3316,4711,1135,7,3,2025-08-13,Franklin,Residential,0,0,1431.3,3.97,3.74,108.59,387.47,0,0,0,67,133,4.2
3317,4712,1073,1,4,2025-08-13,Spring Hill,Commercial,0,0,884.22,2.8,2.62,73.35,155.4,1,0,0,41,209,4.4
3318,4713,255,4,7,2025-08-13,Franklin,Residential,1,0,2453.46,12.38,12.2,427.12,802.38,1,0,0,25,331,4.4
3319,4714,253,1,4,2025-08-13,Brentwood,Residential,0,0,501.66,2.2,1.92,53.72,99.52,1,0,0,59,233,4.6
3320,4715,159,1,1,2025-08-13,Nolensville,Residential,0,0,437.97,2.16,2.38,81.04,103.7,1,0,1,44,260,4.8
3321,4716,1317,5,3,2025-08-13,Spring Hill,Residential,0,0,172.51,1.55,1.13,32.8,33.35,1,0,0,23,230,4.6
3322,4719,1074,1,7,2025-08-14,Nashville,Residential,0,1,480.73,2.14,2.12,74.16,106.96,1,0,0,41,51,4.7
3323,4720,1190,7,3,2025-08-14,Spring Hill,Residential,0,0,1615.94,3.95,4.01,116.43,426.56,1,0,0,38,257,4.6
3324,4723,139,5,1,2025-08-14,Franklin,Residential,0,0,203.14,1.26,0.71,24.23,33.38,1,0,0,42,308,5.0
3325,4724,1141,6,7,2025-08-14,Franklin,Residential,0,0,946.08,3.21,3.28,114.68,386.07,1,0,0,22,272,4.5
3326,4725,376,6,7,2025-08-14,Franklin,Residential,1,0,1545.77,3.44,3.18,111.43,539.49,1,0,0,19,259,4.5
3327,4726,103,1,6,2025-08-14,Brentwood,Residential,1,1,401.16,1.99,2.14,66.4,102.99,0,0,0,20,91,4.2
3328,4727,67,2,4,2025-08-14,Spring Hill,Residential,0,1,626.35,2.7,2.98,83.36,122.59,0,0,0,20,100,4.6
3329,4730,762,3,7,2025-08-14,Nashville,Residential,1,0,9088.9,14.27,16.93,592.59,5245.61,1,0,0,38,255,4.6
3330,4731,1399,3,7,2025-08-14,Nolensville,Residential,0,0,13117.0,17.47,21.66,758.1,6924.32,1,0,0,41,271,4.8
3331,4734,141,1,7,2025-08-14,Nashville,Residential,0,0,547.52,2.06,2.57,90.12,106.91,1,0,1,47,326,4.0
3332,4735,1093,1,4,2025-08-14,Brentwood,Commercial,1,0,778.96,2.2,2.05,57.26,201.38,1,0,0,26,251,4.6
3333,4740,139,5,1,2025-08-15,Franklin,Residential,0,0,157.01,1.42,1.22,41.63,21.09,1,0,0,39,259,4.7
3334,4742,1420,5,4,2025-08-15,Spring Hill,Residential,0,0,163.54,0.93,1.1,30.86,23.61,1,0,0,25,256,4.6
3335,4744,606,7,7,2025-08-15,Brentwood,Residential,0,0,1207.76,4.37,3.68,128.83,304.16,0,0,0,57,286,4.7
3336,4747,768,5,2,2025-08-15,Nashville,Residential,1,0,211.23,1.27,1.19,41.71,33.75,1,0,0,49,221,5.0
3337,4748,402,2,8,2025-08-15,Franklin,Residential,0,0,487.04,2.37,3.39,91.6,101.86,1,0,0,42,259,4.1
3338,4750,1333,7,3,2025-08-15,Franklin,Residential,0,0,1217.17,5.02,5.24,151.96,286.06,1,1,0,32,147,3.9
3339,4752,921,2,6,2025-08-15,Spring Hill,Residential,1,1,366.33,2.92,3.56,110.41,96.02,1,0,0,53,131,5.0
3340,4754,1046,5,4,2025-08-15,Nashville,Residential,0,0,199.63,1.08,1.3,36.31,28.26,0,1,1,26,141,3.9
3341,4755,1196,1,4,2025-08-15,Nashville,Commercial,1,0,725.29,2.34,2.78,77.79,208.78,1,0,0,39,208,4.5
3342,4756,457,5,2,2025-08-15,Nashville,Residential,0,0,210.11,1.26,1.55,54.33,31.53,1,0,0,50,253,4.8
3343,4757,590,1,7,2025-08-15,Franklin,Residential,1,0,421.38,2.14,2.28,79.71,106.55,1,0,0,21,223,4.6
3344,4759,1279,3,5,2025-08-16,Nashville,Residential,0,0,8970.88,19.02,22.06,794.15,4904.66,1,0,0,10,252,4.3
3345,4761,7,5,7,2025-08-16,Brentwood,Residential,0,0,174.14,1.31,1.44,50.28,23.81,0,0,0,41,314,4.8
3346,4762,1145,1,3,2025-08-16,Nashville,Residential,0,0,518.72,2.5,2.0,57.89,94.39,1,0,0,25,223,4.4
3347,4763,490,5,1,2025-08-16,Spring Hill,Residential,0,0,183.99,1.3,0.79,26.72,24.29,1,0,1,35,288,4.9
3348,4764,1042,2,4,2025-08-16,Spring Hill,Residential,0,0,597.79,2.12,2.04,56.99,123.91,1,0,1,35,156,4.4
3349,4765,1331,5,6,2025-08-16,Franklin,Residential,0,0,208.55,1.43,1.69,52.48,32.07,1,0,1,55,198,5.0
3350,4767,996,5,8,2025-08-16,Brentwood,Residential,0,0,162.09,1.18,1.09,29.36,23.89,1,0,0,50,138,4.5
3351,4768,791,5,7,2025-08-16,Nashville,Residential,1,0,183.64,1.07,0.95,33.24,24.87,1,0,0,34,275,4.7
3352,4769,707,1,8,2025-08-16,Franklin,Residential,0,1,334.84,2.64,2.82,76.09,82.26,1,0,0,26,129,4.3
3353,4771,274,5,4,2025-08-16,Brentwood,Residential,0,0,241.11,1.35,1.6,44.87,37.4,1,0,0,35,217,4.1
3354,4774,1216,4,7,2025-08-16,Nolensville,Residential,0,0,2987.52,8.28,10.99,384.77,873.87,1,0,0,50,247,4.6
3355,4775,83,1,6,2025-08-17,Nolensville,Residential,0,0,607.16,1.91,1.98,61.43,136.43,1,0,0,35,217,4.6
3356,4776,1101,1,3,2025-08-17,Franklin,Commercial,1,0,543.68,2.31,1.95,56.42,131.01,1,0,0,68,303,4.3
3357,4779,1170,2,8,2025-08-17,Franklin,Residential,1,0,484.75,2.29,2.58,69.57,117.26,1,0,0,62,240,4.2
3358,4780,605,3,7,2025-08-17,Franklin,Commercial,0,0,16898.66,23.56,20.07,702.47,7131.79,1,0,0,36,143,4.9
3359,4781,1388,3,7,2025-08-17,Franklin,Residential,1,0,13711.23,21.77,20.29,709.99,7096.75,1,0,0,35,232,4.7
3360,4782,1077,4,7,2025-08-17,Spring Hill,Residential,0,0,2253.14,9.76,11.46,401.13,603.32,1,0,0,55,201,4.7
3361,4783,1407,2,6,2025-08-17,Nashville,Residential,0,0,477.46,2.9,2.28,70.57,113.36,1,0,0,38,211,4.7
3362,4784,317,5,6,2025-08-17,Brentwood,Residential,0,0,190.06,1.2,1.18,36.71,24.94,1,0,0,63,262,5.0
3363,4785,1309,1,7,2025-08-17,Nolensville,Residential,1,0,477.77,1.94,2.31,80.95,118.12,1,0,0,29,298,4.4
3364,4786,1413,1,1,2025-08-17,Brentwood,Residential,0,0,365.62,2.47,2.43,82.55,78.49,1,1,0,42,202,3.6
3365,4787,619,6,6,2025-08-17,Nashville,Residential,1,0,1020.28,3.41,3.94,122.0,422.18,1,0,0,54,206,4.3
3366,4788,635,5,2,2025-08-17,Spring Hill,Residential,1,0,210.26,1.31,1.47,51.43,29.1,0,0,0,45,263,4.8
3367,4789,819,2,4,2025-08-17,Brentwood,Residential,0,0,603.45,2.44,3.08,86.16,128.89,1,0,0,35,225,4.1
3368,4791,356,5,6,2025-08-17,Nolensville,Residential,0,0,187.09,1.29,0.87,26.94,22.08,1,0,0,42,266,5.0
3369,4792,300,2,2,2025-08-17,Brentwood,Residential,0,0,381.56,2.56,2.93,102.67,103.52,1,0,0,43,319,4.9
3370,4794,1090,5,7,2025-08-18,Brentwood,Residential,0,0,186.3,1.28,1.37,47.83,25.94,1,0,0,48,238,4.2
3371,4795,1320,1,2,2025-08-18,Nolensville,Commercial,0,0,1035.18,2.67,2.5,87.35,180.72,1,0,1,46,262,5.0
3372,4796,280,6,1,2025-08-18,Brentwood,Residential,0,0,1254.37,3.26,3.14,106.59,518.58,1,0,0,53,210,4.6
3373,4800,1328,1,8,2025-08-18,Nashville,Residential,0,1,512.0,2.12,2.44,65.81,103.19,0,1,0,25,36,3.7
3374,4801,645,5,8,2025-08-18,Nolensville,Residential,0,0,150.18,1.51,1.46,39.4,21.57,1,0,0,23,210,4.6
3375,4803,409,2,7,2025-08-18,Franklin,Residential,1,1,469.57,2.1,2.44,85.53,119.25,1,0,0,40,92,4.3
3376,4804,1403,2,2,2025-08-18,Spring Hill,Residential,0,0,675.48,2.7,2.37,83.05,162.91,1,0,1,59,220,4.4
3377,4805,752,2,5,2025-08-18,Nolensville,Residential,0,0,362.31,2.82,1.65,59.46,88.7,1,0,0,59,308,4.7
3378,4807,217,4,5,2025-08-18,Brentwood,Residential,1,0,2676.2,11.83,12.98,467.1,744.36,0,0,0,42,213,5.0
3379,4808,1400,5,7,2025-08-18,Nashville,Residential,0,0,200.55,1.63,1.71,59.8,29.17,1,0,0,46,160,4.6
3380,4810,1358,5,6,2025-08-18,Spring Hill,Residential,0,0,190.78,1.28,1.13,35.1,31.74,1,0,0,35,141,4.5
3381,4811,518,1,7,2025-08-18,Spring Hill,Residential,0,0,525.83,2.17,2.2,76.94,110.49,0,1,0,22,377,4.0
3382,4812,1051,1,8,2025-08-18,Brentwood,Residential,0,0,658.65,2.68,3.15,84.96,122.64,1,0,0,26,278,4.6
3383,4813,1224,2,1,2025-08-18,Nashville,Residential,0,0,592.24,2.56,2.61,88.81,143.4,0,1,0,40,281,4.2
3384,4815,186,7,3,2025-08-18,Nashville,Residential,0,0,847.34,4.89,4.42,128.18,232.24,1,0,0,29,261,5.0
3385,4820,1440,5,5,2025-08-19,Spring Hill,Residential,0,0,249.54,1.2,1.05,37.79,31.19,1,0,1,60,237,4.3
3386,4821,483,1,2,2025-08-19,Nashville,Residential,0,0,515.62,2.23,2.05,71.79,91.99,1,0,0,58,380,4.8
3387,4822,460,2,6,2025-08-19,Franklin,Residential,0,0,479.83,2.72,3.02,93.68,121.28,1,0,0,66,249,4.8
3388,4823,808,6,8,2025-08-19,Nolensville,Commercial,1,0,2148.19,3.23,3.54,95.49,869.15,1,0,0,34,193,4.4
3389,4824,1299,1,7,2025-08-19,Nashville,Residential,0,0,606.12,2.31,2.28,79.93,119.92,1,0,0,37,221,4.6
3390,4825,676,1,5,2025-08-19,Nashville,Commercial,0,0,905.48,2.17,1.78,64.0,172.36,1,0,0,24,222,4.7
3391,4826,108,5,2,2025-08-19,Nashville,Residential,1,0,185.24,1.36,1.36,47.77,30.17,1,0,0,44,348,5.0
3392,4827,1060,2,2,2025-08-19,Nashville,Residential,0,0,578.84,2.31,2.13,74.68,99.88,1,0,0,33,316,5.0
3393,4828,1268,5,5,2025-08-19,Nashville,Residential,0,0,225.77,1.39,0.93,33.44,38.6,1,0,1,32,130,4.7
3394,4829,82,2,8,2025-08-19,Spring Hill,Residential,0,0,509.95,2.1,1.92,51.78,108.59,1,0,1,24,214,3.9
3395,4830,217,1,1,2025-08-19,Brentwood,Residential,1,0,436.66,2.07,1.91,64.98,93.87,0,0,0,34,169,4.5
3396,4831,1244,1,5,2025-08-19,Nashville,Residential,1,0,397.35,1.98,1.36,48.99,103.95,1,0,0,33,234,4.5
3397,4833,899,4,7,2025-08-19,Brentwood,Residential,1,0,2114.58,9.24,13.28,464.8,697.98,1,0,0,40,281,4.5
3398,4835,344,4,7,2025-08-19,Brentwood,Residential,0,0,2822.77,10.33,11.11,388.96,1053.85,1,0,0,61,264,4.5
3399,4836,604,5,5,2025-08-19,Brentwood,Residential,0,0,193.0,1.33,1.24,44.55,22.22,1,0,0,42,289,4.7
3400,4837,797,1,1,2025-08-19,Nashville,Residential,1,0,463.3,2.12,2.35,80.04,97.92,1,0,0,26,158,5.0
3401,4839,64,5,7,2025-08-19,Nashville,Residential,0,0,171.04,1.27,0.88,30.63,23.81,1,0,0,48,294,4.2
3402,4840,1175,1,8,2025-08-19,Spring Hill,Residential,0,0,456.29,2.09,2.76,74.51,113.26,0,1,0,52,239,3.9
3403,4841,783,5,4,2025-08-19,Nashville,Residential,0,0,163.15,1.25,1.16,32.57,25.64,1,0,0,41,265,4.6
3404,4842,1268,6,5,2025-08-19,Nashville,Residential,0,0,1041.49,4.16,3.86,139.05,419.84,1,0,0,23,291,4.3
3405,4843,1346,5,6,2025-08-20,Spring Hill,Residential,0,0,185.91,1.7,1.84,56.91,29.31,1,0,1,38,134,5.0
3406,4844,831,5,8,2025-08-20,Nashville,Residential,0,0,193.12,1.15,1.55,41.92,26.99,0,1,0,18,230,3.6
3407,4845,1006,7,8,2025-08-20,Spring Hill,Residential,0,0,967.71,5.05,5.39,145.64,241.77,1,0,0,50,268,3.9
3408,4847,1091,5,8,2025-08-20,Nolensville,Residential,1,0,235.43,1.56,1.81,48.83,37.23,0,1,0,53,193,4.2
3409,4849,982,3,7,2025-08-20,Brentwood,Commercial,0,0,18179.25,15.3,16.7,584.44,9078.13,0,1,0,30,351,4.8
3410,4851,988,1,4,2025-08-20,Nashville,Residential,1,0,657.62,1.96,1.98,55.55,154.95,0,1,0,46,245,3.9
3411,4852,221,7,2,2025-08-20,Nashville,Residential,1,0,1103.97,4.98,6.08,212.88,280.36,1,0,0,56,245,5.0
3412,4853,390,1,8,2025-08-20,Franklin,Residential,0,0,459.1,2.15,2.65,71.5,119.25,1,0,0,41,173,4.4
3413,4854,1082,4,7,2025-08-20,Brentwood,Residential,0,0,3100.87,8.48,8.52,298.14,937.64,1,0,0,62,204,4.8
3414,4857,1016,2,8,2025-08-20,Nashville,Residential,1,0,657.06,2.71,2.79,75.25,128.16,1,0,0,17,300,4.4
3415,4859,1333,5,8,2025-08-20,Franklin,Residential,0,0,251.37,1.21,1.24,33.44,36.49,0,1,0,24,264,3.6
3416,4860,1247,1,2,2025-08-20,Franklin,Commercial,0,0,807.49,2.38,1.87,65.29,171.98,1,0,0,11,292,5.0
3417,4861,750,7,1,2025-08-20,Franklin,Residential,0,0,963.9,2.65,1.97,67.05,224.2,0,1,0,26,219,4.2
3418,4862,1042,2,7,2025-08-20,Spring Hill,Residential,0,1,400.8,2.6,2.64,92.24,70.11,1,0,0,33,137,4.1
3419,4864,214,7,3,2025-08-21,Brentwood,Residential,0,0,1041.87,5.09,5.73,166.08,284.86,1,0,0,35,189,4.7
3420,4865,192,6,7,2025-08-21,Brentwood,Commercial,1,0,2047.47,3.06,3.32,116.28,747.58,1,0,0,34,193,5.0
3421,4867,472,1,7,2025-08-21,Franklin,Commercial,0,0,921.69,1.94,1.93,67.55,204.84,1,0,0,38,187,4.5
3422,4868,287,2,3,2025-08-21,Franklin,Commercial,1,1,625.32,2.16,2.67,77.46,148.0,1,0,0,22,36,4.4
3423,4872,1291,4,7,2025-08-21,Nashville,Commercial,0,0,4810.33,9.2,8.29,290.17,1488.41,0,1,0,63,191,4.3
3424,4873,1435,3,7,2025-08-21,Nashville,Residential,1,0,10105.22,18.75,17.89,626.31,5262.1,1,0,0,55,204,4.3
3425,4874,1368,5,8,2025-08-21,Nashville,Residential,1,0,205.42,1.75,1.93,52.04,35.91,1,0,0,11,233,4.0
3426,4875,554,1,7,2025-08-21,Nolensville,Residential,0,0,522.61,1.81,1.65,57.59,86.68,1,0,0,59,265,4.6
3427,4876,1417,1,1,2025-08-21,Franklin,Residential,0,0,579.85,1.92,2.21,75.03,128.42,0,0,0,43,257,4.6
3428,4879,750,5,1,2025-08-21,Franklin,Residential,0,0,224.57,1.29,0.87,29.46,29.22,1,0,0,42,254,4.9
3429,4880,1125,1,1,2025-08-21,Brentwood,Residential,0,0,377.63,1.86,2.01,68.18,94.12,1,0,0,46,268,5.0
3430,4882,329,3,7,2025-08-22,Spring Hill,Residential,0,0,8800.96,17.79,19.95,698.13,4600.72,1,0,0,43,176,5.0
3431,4883,506,5,1,2025-08-22,Nashville,Residential,0,0,197.87,1.34,1.26,42.87,32.45,0,1,0,11,345,4.6
3432,4885,995,6,5,2025-08-22,Nashville,Residential,0,0,1222.65,2.79,3.8,136.88,527.77,1,0,0,39,184,4.6
3433,4886,597,2,2,2025-08-22,Nolensville,Residential,0,1,532.5,2.3,2.08,72.91,96.27,1,0,0,35,97,5.0
3434,4888,1333,1,8,2025-08-22,Franklin,Residential,0,1,417.33,2.72,2.77,74.72,86.15,1,0,0,50,163,4.6
3435,4889,393,1,4,2025-08-22,Brentwood,Residential,0,0,508.09,1.95,2.28,63.84,116.69,1,0,0,25,291,4.3
3436,4890,920,2,3,2025-08-22,Spring Hill,Residential,0,0,506.38,1.95,1.64,47.62,114.21,1,0,0,33,199,4.6
3437,4891,873,1,1,2025-08-22,Nashville,Residential,0,0,494.28,2.16,2.45,83.34,86.68,1,0,1,45,164,4.5
3438,4893,1432,3,5,2025-08-22,Nashville,Residential,0,0,12152.67,18.74,16.48,593.2,5813.38,1,0,0,13,229,4.7
3439,4894,806,5,8,2025-08-22,Spring Hill,Residential,1,0,211.91,1.15,1.18,31.86,32.14,1,0,0,56,270,4.1
3440,4895,1243,1,5,2025-08-22,Franklin,Residential,0,0,555.33,1.83,1.67,60.26,99.77,1,0,1,39,252,4.7
3441,4897,768,6,5,2025-08-22,Nashville,Residential,1,0,1225.33,4.25,4.95,178.14,442.04,1,0,0,15,187,4.8
3442,4899,1094,1,6,2025-08-22,Nashville,Residential,1,0,562.75,2.11,2.05,63.7,127.69,1,0,0,62,371,4.9
3443,4901,548,1,1,2025-08-23,Spring Hill,Commercial,1,0,734.85,2.07,2.25,76.57,192.74,1,0,0,23,204,4.8
3444,4903,123,5,2,2025-08-23,Nashville,Residential,1,0,141.09,1.31,1.44,50.39,23.15,1,0,0,38,185,4.6
3445,4905,124,2,6,2025-08-23,Nashville,Residential,0,0,606.1,2.44,2.93,90.81,125.41,1,0,0,35,310,4.5
3446,4906,153,2,7,2025-08-23,Franklin,Residential,1,1,441.86,2.21,2.41,84.3,107.18,1,0,0,32,142,5.0
3447,4908,376,1,7,2025-08-23,Franklin,Residential,1,0,406.32,2.34,2.99,104.52,89.45,1,0,0,34,167,4.4
3448,4909,599,1,4,2025-08-23,Franklin,Commercial,0,0,704.27,2.26,2.36,66.19,143.08,1,0,0,45,243,4.3
3449,4911,624,6,2,2025-08-23,Nashville,Commercial,0,0,1930.77,3.56,3.44,120.32,803.14,1,0,0,32,229,4.8
3450,4912,35,1,4,2025-08-23,Brentwood,Residential,0,0,538.51,2.41,2.49,69.6,114.55,1,0,1,25,196,4.7
3451,4913,133,2,3,2025-08-23,Nolensville,Residential,0,0,590.78,2.75,2.82,81.92,122.31,1,0,0,9,339,5.0
3452,4915,1092,1,1,2025-08-23,Nashville,Residential,0,1,325.36,1.71,1.48,50.18,75.01,1,0,1,30,48,4.5
3453,4916,521,6,1,2025-08-23,Brentwood,Residential,0,0,941.18,2.79,3.17,107.94,335.17,1,0,0,36,185,4.4
3454,4917,187,1,6,2025-08-23,Franklin,Residential,0,0,539.27,2.15,2.13,66.12,118.51,1,0,0,14,217,5.0
3455,4920,849,2,2,2025-08-23,Brentwood,Residential,1,1,560.44,2.51,2.56,89.51,117.97,1,0,0,44,113,4.8
3456,4921,618,1,5,2025-08-23,Nashville,Residential,0,1,395.44,2.22,2.56,92.29,98.9,1,0,0,46,28,4.8
3457,4923,444,1,2,2025-08-23,Franklin,Residential,1,0,345.35,2.34,2.13,74.55,83.07,1,0,0,36,242,4.9
3458,4924,436,1,2,2025-08-23,Nashville,Residential,1,0,393.93,1.99,2.34,82.04,72.55,1,0,0,38,316,4.8
3459,4925,311,6,3,2025-08-24,Franklin,Residential,0,0,1389.59,3.16,2.69,77.95,524.16,1,0,0,51,207,4.3
3460,4927,60,1,1,2025-08-24,Franklin,Residential,1,0,446.48,2.54,2.34,79.71,102.44,1,0,0,38,265,5.0
3461,4928,1412,1,2,2025-08-24,Franklin,Residential,0,0,322.96,1.93,1.29,45.27,57.77,1,0,0,33,335,4.8
3462,4930,875,5,5,2025-08-24,Franklin,Residential,0,0,139.14,1.03,1.11,40.04,24.39,1,0,0,57,200,4.9
3463,4931,697,2,4,2025-08-24,Nashville,Residential,0,0,549.82,1.99,2.28,63.95,100.85,1,0,0,42,321,4.3
3464,4932,1413,1,6,2025-08-24,Brentwood,Residential,0,1,444.83,2.46,1.95,60.32,125.7,1,0,0,35,28,5.0
3465,4934,1251,3,5,2025-08-24,Franklin,Residential,1,0,7890.0,14.94,12.81,461.15,4111.59,1,0,0,42,265,4.0
3466,4935,918,3,7,2025-08-24,Spring Hill,Commercial,1,0,27834.93,17.41,18.23,638.1,17223.04,1,0,0,62,299,4.6
3467,4936,1301,6,2,2025-08-24,Spring Hill,Residential,1,0,1119.74,4.08,4.6,160.93,419.81,1,0,0,45,156,4.8
3468,4937,649,1,1,2025-08-25,Nolensville,Residential,0,1,575.56,2.54,1.77,60.1,121.15,0,0,0,42,51,4.8
3469,4938,93,2,2,2025-08-25,Nolensville,Residential,0,0,517.81,2.23,1.74,61.0,107.87,1,0,0,34,291,4.7
3470,4940,1033,2,4,2025-08-25,Brentwood,Residential,0,0,449.71,2.28,2.96,82.97,101.15,1,0,0,24,217,4.4
3471,4943,702,1,1,2025-08-25,Nashville,Residential,0,0,393.75,1.5,1.12,37.94,93.79,1,0,0,51,240,5.0
3472,4945,1385,6,1,2025-08-25,Brentwood,Commercial,0,0,2178.44,3.52,2.83,96.21,917.1,1,0,0,32,115,4.7
3473,4946,913,1,8,2025-08-25,Nolensville,Residential,0,1,593.31,2.07,2.59,69.8,126.41,0,1,0,37,27,3.7
3474,4947,140,7,4,2025-08-25,Spring Hill,Residential,1,0,1518.01,4.84,5.21,145.9,362.43,1,0,0,16,156,4.4
3475,4950,117,1,6,2025-08-25,Nashville,Residential,0,1,438.49,2.18,2.5,77.46,98.86,0,1,0,31,57,4.0
3476,4951,390,1,3,2025-08-25,Franklin,Residential,0,0,418.42,1.96,1.81,52.58,99.03,0,0,0,36,245,4.3
3477,4952,5,3,7,2025-08-25,Brentwood,Residential,1,0,7272.75,21.26,17.73,620.4,4248.83,1,0,0,49,125,4.6
3478,4954,558,5,5,2025-08-25,Nashville,Residential,0,0,126.85,1.3,1.33,47.81,21.1,1,0,0,28,306,4.7
3479,4955,241,1,3,2025-08-25,Nashville,Residential,0,0,642.39,2.21,2.02,58.44,122.66,1,0,1,57,178,4.6
3480,4957,7,2,1,2025-08-25,Brentwood,Residential,0,0,403.11,2.52,2.07,70.36,80.58,1,0,0,34,231,4.3
3481,4958,1331,2,4,2025-08-26,Franklin,Residential,0,1,563.79,1.93,2.43,67.92,112.96,1,0,1,60,30,4.5
3482,4960,810,1,6,2025-08-26,Nashville,Residential,0,0,501.48,1.83,2.19,67.95,95.19,1,0,0,41,277,5.0
3483,4962,1273,5,6,2025-08-26,Nolensville,Residential,0,0,230.97,1.24,1.4,43.38,37.58,1,0,0,43,251,5.0
3484,4963,82,5,4,2025-08-26,Spring Hill,Residential,0,0,165.49,1.6,2.46,68.83,22.24,1,0,1,18,331,4.6
3485,4965,403,5,6,2025-08-26,Nashville,Residential,0,0,139.27,1.17,1.34,41.69,22.63,1,0,0,29,213,4.6
3486,4967,1279,2,7,2025-08-26,Nashville,Residential,0,0,431.37,2.57,3.33,116.69,98.79,1,0,1,37,233,4.5
3487,4968,400,5,1,2025-08-26,Nashville,Residential,0,0,191.01,1.02,0.9,30.68,30.57,1,0,0,16,270,4.6
3488,4970,475,5,4,2025-08-26,Brentwood,Residential,1,0,212.45,1.43,1.43,40.1,33.25,1,0,0,27,253,4.3
3489,4971,1086,1,6,2025-08-26,Nashville,Residential,0,1,444.14,1.96,1.68,52.04,88.86,1,0,0,71,189,5.0
3490,4972,564,1,2,2025-08-26,Brentwood,Residential,0,0,315.28,2.07,2.02,70.77,67.96,1,0,1,40,275,4.9
3491,4973,1298,1,6,2025-08-26,Brentwood,Residential,1,0,360.03,2.11,2.09,64.83,89.23,1,0,0,32,189,5.0
3492,4974,286,3,5,2025-08-26,Spring Hill,Residential,0,0,10441.82,17.23,13.88,499.59,6206.65,1,0,0,40,201,4.6
3493,4975,501,5,7,2025-08-26,Nashville,Residential,0,0,285.73,1.36,1.19,41.77,40.04,1,0,0,39,191,4.9
3494,4976,1077,1,6,2025-08-26,Spring Hill,Residential,0,1,666.42,2.76,2.58,79.86,136.3,1,0,1,57,128,4.6
3495,4977,1273,2,6,2025-08-26,Nolensville,Residential,0,0,544.86,2.42,2.14,66.26,150.32,1,0,1,61,197,4.8
3496,4978,1312,3,5,2025-08-26,Brentwood,Residential,0,0,10654.52,14.92,13.6,489.53,5174.6,1,0,0,33,280,4.6
3497,4979,824,5,1,2025-08-26,Nashville,Residential,0,0,188.71,1.11,1.0,34.06,29.05,1,0,0,29,247,4.7
3498,4981,1044,1,3,2025-08-26,Spring Hill,Residential,0,0,576.02,2.11,2.26,65.56,107.4,1,0,0,39,297,4.8
3499,4983,1395,1,8,2025-08-27,Nashville,Residential,0,1,443.98,2.3,2.18,58.87,99.41,1,0,0,27,40,4.0
3500,4985,427,7,5,2025-08-27,Nolensville,Residential,1,0,1168.09,5.26,5.38,193.76,307.54,1,0,0,58,327,5.0
3501,4987,1272,5,5,2025-08-27,Nolensville,Commercial,0,0,351.01,1.28,0.81,29.28,42.64,0,1,0,28,314,3.9
3502,4988,672,3,5,2025-08-27,Franklin,Residential,0,0,10663.66,17.98,20.36,732.89,6310.26,1,0,0,21,194,4.5
3503,4989,953,1,2,2025-08-27,Brentwood,Residential,1,0,423.68,2.05,1.88,65.87,113.77,1,0,0,37,151,4.8
3504,4991,474,2,2,2025-08-27,Brentwood,Residential,1,1,464.67,2.34,1.76,61.51,86.94,1,0,0,55,239,4.5
3505,4994,863,7,6,2025-08-27,Brentwood,Commercial,0,0,1478.93,3.98,3.73,115.57,334.63,0,0,0,34,181,4.9
3506,4996,441,3,5,2025-08-27,Spring Hill,Residential,0,0,12779.15,16.01,15.7,565.16,6961.38,1,0,0,54,292,4.8
3507,4997,1116,5,3,2025-08-27,Nashville,Residential,1,0,191.76,1.19,0.97,28.1,25.78,1,0,0,31,284,4.5
3508,4998,198,5,1,2025-08-27,Nolensville,Residential,0,0,179.2,1.39,1.36,46.24,26.74,1,0,0,45,241,5.0
3509,4999,950,1,7,2025-08-27,Nashville,Commercial,0,0,834.5,2.61,2.98,104.35,176.48,1,0,0,31,251,4.8
3510,5000,510,1,8,2025-08-27,Franklin,Residential,1,1,370.92,1.77,2.16,58.29,116.35,1,0,0,26,205,4.1
3511,5001,710,1,6,2025-08-27,Brentwood,Residential,0,1,646.32,2.02,2.77,85.75,134.59,1,0,0,13,83,5.0
3512,5002,1037,6,3,2025-08-27,Nashville,Residential,0,0,1384.74,4.3,4.22,122.28,555.47,0,1,0,26,58,4.0
3513,5003,1438,1,1,2025-08-27,Brentwood,Commercial,0,0,1004.55,1.78,1.48,50.34,263.07,1,0,1,37,203,4.3
3514,5004,69,1,7,2025-08-28,Nashville,Residential,1,0,585.65,2.3,2.29,80.3,134.57,1,0,0,40,217,4.5
3515,5006,1232,1,6,2025-08-28,Franklin,Residential,0,0,395.53,2.5,2.9,89.88,98.61,1,1,1,43,261,4.6
3516,5007,1311,4,7,2025-08-28,Nashville,Residential,0,0,1734.82,8.96,10.15,355.4,557.49,0,0,0,41,149,4.7
3517,5008,757,1,1,2025-08-28,Brentwood,Residential,0,0,605.69,1.54,1.31,44.63,117.04,1,0,0,55,329,5.0
3518,5010,283,2,7,2025-08-28,Nashville,Residential,1,1,464.9,2.32,2.51,87.86,120.8,1,0,0,61,69,4.5
3519,5011,1288,7,7,2025-08-28,Spring Hill,Residential,0,0,1114.55,4.28,4.89,171.02,301.3,0,0,0,35,257,4.2
3520,5012,751,5,2,2025-08-28,Franklin,Residential,1,0,209.06,1.47,0.99,34.74,31.26,1,0,0,11,226,5.0
3521,5013,448,3,7,2025-08-28,Nashville,Residential,0,0,10371.75,16.65,15.63,546.91,5039.33,1,0,0,55,185,4.7
3522,5015,1406,5,8,2025-08-28,Nashville,Residential,1,0,167.25,1.11,1.26,33.99,28.44,1,0,0,39,223,4.2
3523,5016,26,1,6,2025-08-28,Nashville,Residential,1,0,498.37,2.35,2.56,79.42,110.35,1,0,0,40,265,5.0
3524,5017,74,2,4,2025-08-28,Brentwood,Residential,1,0,477.1,2.4,2.23,62.47,112.22,1,0,0,33,219,4.6
3525,5018,1134,5,7,2025-08-28,Spring Hill,Residential,0,0,197.58,1.48,1.53,53.67,26.76,0,1,1,37,246,4.0
3526,5020,518,5,1,2025-08-28,Spring Hill,Residential,0,0,158.17,1.5,1.03,34.99,24.09,1,0,1,41,277,4.7
3527,5021,1050,5,5,2025-08-28,Nashville,Residential,1,0,174.38,0.94,0.46,16.68,27.44,1,0,0,63,166,4.9
3528,5022,341,5,5,2025-08-28,Spring Hill,Residential,1,0,139.98,1.08,0.76,27.53,19.84,1,0,0,33,274,4.5
3529,5023,1283,5,6,2025-08-28,Franklin,Residential,0,0,135.21,1.42,1.37,42.48,16.53,1,0,1,35,354,4.8
3530,5024,1056,7,7,2025-08-28,Franklin,Residential,0,0,1127.21,5.27,5.36,187.53,233.88,1,0,0,25,210,4.8
3531,5026,408,5,1,2025-08-29,Franklin,Residential,0,0,165.95,1.23,1.06,36.13,21.66,1,0,0,58,193,4.9
3532,5027,883,1,2,2025-08-29,Franklin,Residential,0,0,506.9,2.31,2.46,86.16,127.13,1,0,0,9,268,5.0
3533,5028,342,2,8,2025-08-29,Franklin,Residential,0,0,487.12,2.02,1.21,32.57,101.48,1,0,0,47,335,4.5
3534,5029,1450,1,6,2025-08-29,Brentwood,Residential,1,0,542.94,2.37,2.32,72.05,132.44,1,0,0,42,285,5.0
3535,5030,1341,3,5,2025-08-29,Spring Hill,Residential,1,0,7629.64,16.33,16.64,599.02,4332.29,1,0,0,55,125,4.1
3536,5031,901,5,7,2025-08-29,Brentwood,Residential,0,0,225.22,1.16,1.2,41.94,32.56,1,0,0,60,309,4.5
3537,5032,2,1,4,2025-08-29,Nashville,Residential,0,0,722.92,2.42,2.87,80.37,162.56,1,0,1,43,307,4.8
3538,5033,362,5,2,2025-08-29,Spring Hill,Residential,1,0,178.64,1.28,1.17,40.93,28.82,1,0,0,37,142,4.6
3539,5034,1241,7,1,2025-08-29,Nolensville,Residential,0,0,1113.59,5.24,6.35,215.8,309.29,1,0,0,44,274,5.0
3540,5035,929,2,3,2025-08-29,Brentwood,Residential,0,1,631.35,2.46,2.63,76.13,117.03,0,0,1,35,87,4.8
3541,5036,1362,7,1,2025-08-29,Franklin,Residential,0,0,1478.44,4.82,5.19,176.6,372.87,1,0,0,47,235,5.0
3542,5037,1018,3,7,2025-08-29,Nolensville,Commercial,0,0,12480.23,16.11,16.18,566.34,6486.19,1,0,0,69,193,4.3
3543,5038,595,1,1,2025-08-29,Nashville,Residential,1,0,420.33,1.96,2.4,81.63,96.98,1,0,0,28,245,5.0
3544,5039,197,2,6,2025-08-29,Brentwood,Residential,0,0,451.33,2.37,2.1,65.24,100.1,1,0,0,42,284,5.0
3545,5040,1033,5,5,2025-08-30,Brentwood,Residential,0,0,153.89,1.32,1.46,52.45,23.01,1,0,0,46,242,4.4
3546,5041,427,5,8,2025-08-30,Nolensville,Residential,1,0,153.19,1.36,1.68,45.33,29.34,1,0,0,60,267,4.5
3547,5042,671,3,5,2025-08-30,Nashville,Residential,1,0,10381.16,14.85,10.51,378.24,4898.31,1,0,0,30,226,4.7
3548,5044,1194,1,7,2025-08-30,Nashville,Residential,0,0,412.14,2.31,2.42,84.85,95.92,1,0,0,21,214,4.5
3549,5045,114,5,4,2025-08-30,Spring Hill,Residential,0,0,231.69,1.7,1.63,45.64,33.15,1,0,0,28,191,4.7
3550,5046,644,3,7,2025-08-30,Spring Hill,Residential,1,0,10117.04,17.58,18.85,659.81,6192.05,1,0,0,52,247,4.8
3551,5048,1420,5,1,2025-08-30,Spring Hill,Residential,0,0,221.79,1.23,1.28,43.43,28.92,1,0,1,18,190,4.9
3552,5049,976,2,6,2025-08-30,Spring Hill,Residential,0,0,398.63,2.38,2.65,82.12,85.59,1,0,1,32,265,4.6
3553,5050,110,3,7,2025-08-30,Nolensville,Commercial,0,0,16779.69,22.27,22.17,775.79,9578.66,1,0,0,32,154,4.7
3554,5051,284,1,6,2025-08-30,Franklin,Residential,1,0,406.64,2.08,2.31,71.64,96.71,1,0,0,53,273,5.0
3555,5052,464,2,5,2025-08-30,Nashville,Residential,1,1,489.72,2.66,2.44,87.72,119.19,0,0,0,16,91,4.9
3556,5055,621,5,1,2025-08-31,Nashville,Residential,0,0,182.09,1.5,1.72,58.64,34.58,1,0,0,29,215,4.6
3557,5057,1291,1,6,2025-08-31,Nashville,Commercial,0,1,909.52,2.22,2.76,85.56,236.69,1,0,0,52,103,5.0
3558,5058,24,2,2,2025-08-31,Brentwood,Residential,0,0,648.75,2.23,1.61,56.4,145.24,1,0,0,52,232,4.9
3559,5060,419,7,6,2025-08-31,Nashville,Commercial,1,0,1606.78,4.8,4.79,148.45,354.31,1,0,0,32,318,5.0
3560,5061,833,7,7,2025-08-31,Franklin,Residential,0,0,1183.96,3.76,3.44,120.26,302.2,1,0,0,50,283,4.3
3561,5062,387,1,6,2025-08-31,Nashville,Residential,0,1,619.81,2.56,2.97,92.08,140.63,0,1,1,38,106,4.5
3562,5063,206,5,1,2025-08-31,Nashville,Residential,1,0,242.18,1.17,1.37,46.55,39.73,1,0,0,29,322,5.0
3563,5065,35,1,8,2025-08-31,Brentwood,Residential,0,1,620.02,2.01,1.9,51.21,142.83,0,1,0,45,131,3.6
3564,5067,1150,1,8,2025-08-31,Franklin,Commercial,0,0,711.87,1.84,2.49,67.35,159.05,1,0,1,65,258,4.3
3565,5068,1233,5,7,2025-08-31,Brentwood,Residential,1,0,196.71,1.38,1.65,57.66,27.51,1,0,0,42,264,4.8
3566,5070,655,4,7,2025-08-31,Nolensville,Residential,0,0,2462.18,9.97,10.87,380.47,758.1,1,0,0,66,198,4.8
3567,5072,1371,5,8,2025-09-01,Brentwood,Residential,1,0,226.76,1.47,1.39,37.57,34.03,0,0,0,43,219,3.9
3568,5073,677,2,6,2025-09-01,Spring Hill,Residential,0,1,588.57,2.39,2.49,77.06,132.24,1,0,0,53,101,5.0
3569,5074,333,1,3,2025-09-01,Nashville,Residential,0,0,430.18,1.94,1.9,55.07,73.67,1,0,0,39,227,4.5
3570,5075,545,6,6,2025-09-01,Franklin,Residential,1,0,1544.49,3.59,3.33,103.23,649.41,0,0,0,21,122,4.7
3571,5078,1430,5,3,2025-09-01,Nashville,Residential,0,0,186.82,1.34,1.21,35.22,26.54,0,1,0,52,317,3.7
3572,5079,1085,5,5,2025-09-01,Nashville,Residential,0,0,191.01,1.41,1.59,57.29,30.12,1,0,0,42,276,4.9
3573,5082,1388,5,6,2025-09-01,Franklin,Residential,1,0,155.12,1.32,1.34,41.43,22.78,1,0,0,38,259,4.7
3574,5083,250,1,4,2025-09-01,Nashville,Residential,0,0,376.22,2.03,2.41,67.47,75.77,1,0,0,59,250,4.6
3575,5084,1060,7,1,2025-09-01,Nashville,Residential,0,0,1404.21,3.65,2.89,98.38,378.29,1,0,0,31,300,5.0
3576,5085,1381,6,8,2025-09-01,Nolensville,Residential,0,0,1384.37,3.71,5.17,139.72,516.15,0,0,0,66,188,4.5
3577,5086,442,2,7,2025-09-01,Nolensville,Residential,1,0,497.22,2.64,2.88,100.7,130.9,1,0,0,48,199,4.7
3578,5088,811,6,5,2025-09-01,Nolensville,Residential,1,0,1065.21,3.9,3.99,143.71,426.93,1,0,0,36,285,4.7
3579,5089,1064,3,7,2025-09-01,Franklin,Residential,0,0,7703.45,18.77,21.81,763.46,3626.48,1,0,0,35,214,4.7
3580,5090,1366,1,2,2025-09-01,Franklin,Residential,0,0,658.92,1.89,2.22,77.87,118.19,1,0,0,28,160,4.7
3581,5093,1106,1,8,2025-09-01,Nolensville,Residential,0,1,546.24,1.78,2.33,62.88,121.32,1,0,0,36,53,4.4
3582,5094,1349,5,4,2025-09-01,Nashville,Residential,0,0,160.97,1.52,1.85,51.8,25.2,1,0,0,41,153,4.2
3583,5096,62,1,3,2025-09-01,Nashville,Residential,0,0,544.32,2.43,2.14,62.04,111.78,1,0,0,41,278,4.6
3584,5097,957,2,7,2025-09-01,Brentwood,Residential,0,1,413.59,2.31,2.62,91.73,100.72,1,0,0,44,72,4.6
3585,5099,218,5,1,2025-09-01,Nashville,Residential,1,0,196.67,1.16,1.22,41.43,25.1,1,0,0,36,215,4.5
3586,5100,1078,5,7,2025-09-01,Spring Hill,Residential,0,0,156.27,1.49,1.46,50.95,26.3,0,0,0,55,200,4.6
3587,5101,1144,7,7,2025-09-01,Spring Hill,Residential,0,0,1072.8,4.41,5.29,185.24,253.46,1,0,0,43,187,4.6
3588,5102,415,1,3,2025-09-02,Nolensville,Residential,1,0,427.34,2.66,2.29,66.31,103.97,1,0,0,8,304,4.3
3589,5103,787,5,5,2025-09-02,Nashville,Commercial,0,0,405.29,1.24,1.37,49.37,55.91,1,0,0,21,200,4.4
3590,5104,489,5,8,2025-09-02,Nashville,Residential,0,0,170.94,1.04,1.1,29.65,23.88,1,0,1,15,223,4.5
3591,5105,516,2,1,2025-09-02,Spring Hill,Residential,1,0,451.4,2.38,2.26,76.81,93.63,1,0,0,43,335,5.0
3592,5106,825,1,3,2025-09-02,Nashville,Residential,0,0,424.87,2.29,2.8,81.22,95.07,1,0,0,47,226,4.3
3593,5107,1109,5,1,2025-09-02,Nashville,Residential,0,0,207.96,1.38,1.02,34.54,25.52,1,0,0,16,252,4.8
3594,5108,683,1,4,2025-09-02,Spring Hill,Residential,1,0,306.14,2.24,2.47,69.09,78.47,0,1,0,29,248,4.0
3595,5109,1072,7,5,2025-09-02,Nashville,Commercial,0,0,2311.66,5.34,4.76,171.28,570.35,1,0,0,25,222,4.7
3596,5110,715,1,2,2025-09-02,Nashville,Residential,0,0,410.57,1.92,1.69,59.01,80.56,1,0,0,39,155,5.0
3597,5111,205,6,1,2025-09-02,Franklin,Residential,1,0,1218.85,3.81,3.99,135.81,550.04,1,0,0,55,293,4.5
3598,5114,1299,5,6,2025-09-02,Nashville,Residential,0,0,147.48,1.0,0.94,29.23,19.97,0,1,0,46,266,4.5
3599,5115,401,5,7,2025-09-02,Nashville,Residential,1,0,164.52,1.52,1.46,51.12,26.57,0,0,0,31,255,4.8
3600,5116,15,1,5,2025-09-02,Nashville,Residential,0,1,464.57,1.94,2.19,79.01,94.86,1,0,0,39,151,4.4
3601,5117,703,1,7,2025-09-02,Nolensville,Residential,1,0,329.3,2.36,2.06,72.17,82.51,1,0,0,37,207,4.8
3602,5119,677,5,6,2025-09-02,Spring Hill,Residential,0,0,198.02,1.33,0.93,28.81,31.24,1,0,0,51,276,4.9
3603,5120,821,4,7,2025-09-02,Spring Hill,Residential,1,0,3098.12,10.4,11.27,394.54,1101.66,1,0,0,46,214,4.4
3604,5123,1308,4,5,2025-09-03,Nashville,Residential,0,0,2572.8,8.74,7.48,269.38,892.81,1,0,0,28,233,4.4
3605,5124,58,4,7,2025-09-03,Nashville,Residential,0,0,2343.99,9.49,10.0,349.92,721.89,1,0,0,27,248,4.5
3606,5125,1325,1,4,2025-09-03,Nashville,Residential,0,0,652.39,2.29,2.38,66.64,124.95,1,0,0,22,223,4.5
3607,5126,1368,6,3,2025-09-03,Nashville,Residential,1,0,1026.27,3.47,3.95,114.48,377.66,1,0,0,22,231,4.5
3608,5127,1154,5,3,2025-09-03,Nashville,Residential,1,0,204.65,1.11,0.72,20.75,31.09,1,0,0,22,233,4.8
3609,5128,94,5,5,2025-09-03,Nashville,Residential,0,0,188.18,1.33,1.38,49.72,26.97,0,0,0,8,308,4.5
3610,5129,805,6,7,2025-09-03,Nolensville,Residential,1,0,931.3,3.35,3.89,136.2,440.43,1,0,0,35,379,4.7
3611,5130,300,6,6,2025-09-03,Brentwood,Residential,0,0,1209.09,3.64,4.35,134.89,450.7,1,0,0,29,181,4.9
3612,5132,936,1,6,2025-09-03,Nashville,Residential,1,1,524.41,2.38,2.88,89.37,141.91,1,0,0,38,20,5.0
3613,5134,903,6,2,2025-09-03,Spring Hill,Residential,1,0,1326.73,2.76,3.26,114.25,512.74,1,0,0,42,227,4.9
3614,5137,820,3,5,2025-09-03,Nashville,Residential,1,0,10358.78,19.47,20.54,739.6,4581.21,1,0,0,18,206,4.5
3615,5138,1259,1,5,2025-09-03,Nashville,Residential,0,0,487.55,2.39,1.71,61.71,113.7,1,0,0,30,95,5.0
3616,5139,159,5,7,2025-09-03,Nolensville,Residential,0,0,158.81,1.36,1.47,51.42,25.44,1,0,0,50,255,4.4
3617,5143,626,2,2,2025-09-04,Nashville,Residential,0,0,451.27,2.32,2.52,88.04,111.2,1,0,1,53,207,4.4
3618,5144,552,5,2,2025-09-04,Nolensville,Residential,1,0,229.26,1.3,1.39,48.65,36.19,1,0,0,33,162,4.9
3619,5145,257,5,4,2025-09-04,Nashville,Residential,0,0,149.35,1.29,1.22,34.08,22.25,1,0,0,25,275,4.6
3620,5146,528,1,7,2025-09-04,Nolensville,Residential,0,0,549.77,2.36,3.04,106.45,113.02,1,0,0,34,221,4.4
3621,5147,983,5,5,2025-09-04,Franklin,Residential,0,0,254.42,1.09,1.17,41.98,37.52,1,0,0,43,230,4.4
3622,5148,141,1,1,2025-09-04,Nashville,Residential,0,0,486.16,1.99,2.02,68.52,107.32,1,0,1,31,212,4.8
3623,5149,532,1,7,2025-09-04,Nashville,Residential,0,0,431.52,2.52,2.13,74.59,88.32,1,0,0,38,238,4.9
3624,5152,636,7,5,2025-09-04,Spring Hill,Residential,1,0,1122.57,5.57,6.48,233.23,255.31,0,1,0,32,216,4.7
3625,5154,755,5,3,2025-09-04,Spring Hill,Residential,0,0,213.29,1.49,1.45,41.99,31.36,1,0,0,19,266,4.7
3626,5155,214,3,7,2025-09-04,Brentwood,Residential,0,0,9172.16,18.6,16.38,573.19,4633.55,1,0,0,40,446,4.7
3627,5157,1175,4,7,2025-09-04,Spring Hill,Residential,0,0,2696.09,10.0,8.32,291.07,917.13,1,0,0,40,153,4.4
3628,5158,169,5,7,2025-09-04,Franklin,Residential,0,0,177.06,1.32,1.33,46.49,20.98,1,0,0,39,166,4.6
3629,5159,73,1,2,2025-09-04,Franklin,Residential,0,1,421.25,2.25,2.12,74.26,86.97,1,0,1,49,53,5.0
3630,5160,1162,5,8,2025-09-04,Spring Hill,Residential,0,0,225.64,1.39,1.65,44.51,27.07,1,0,1,84,158,4.3
3631,5163,953,1,2,2025-09-04,Brentwood,Residential,1,0,521.85,2.21,2.34,81.89,108.75,1,0,0,69,212,5.0
3632,5165,890,4,5,2025-09-04,Nolensville,Residential,0,0,2143.43,7.92,8.73,314.1,613.79,1,0,0,36,182,4.5
3633,5168,491,5,8,2025-09-04,Nashville,Residential,0,0,241.84,1.3,1.52,41.1,38.89,1,0,0,56,299,4.2
3634,5169,1072,5,6,2025-09-04,Nashville,Commercial,0,0,301.23,0.95,0.99,30.7,48.21,1,0,0,30,242,4.7
3635,5170,740,1,8,2025-09-05,Franklin,Residential,0,0,427.43,2.61,3.93,106.09,109.58,1,0,0,44,161,4.8
3636,5171,717,5,3,2025-09-05,Nolensville,Residential,0,0,209.29,1.21,1.44,41.83,30.82,0,0,0,46,153,4.5
3637,5172,608,2,5,2025-09-05,Franklin,Residential,1,0,607.92,2.39,2.05,73.8,149.59,1,0,0,41,135,4.9
3638,5174,389,6,4,2025-09-05,Franklin,Residential,1,0,1551.5,3.03,3.27,91.69,545.64,1,0,0,31,252,4.5
3639,5175,320,5,2,2025-09-05,Nashville,Residential,0,0,163.69,1.31,1.1,38.33,23.89,1,0,0,49,165,5.0
3640,5176,429,5,4,2025-09-05,Franklin,Residential,1,0,197.86,1.35,1.4,39.08,26.06,0,1,0,40,259,3.9
3641,5177,695,5,3,2025-09-05,Nolensville,Residential,0,0,157.44,1.3,1.44,41.83,21.74,1,0,0,47,260,5.0
3642,5178,293,5,4,2025-09-05,Nashville,Residential,0,0,187.84,1.33,1.55,43.46,35.03,1,0,0,33,297,4.5
3643,5179,1035,1,8,2025-09-05,Nolensville,Residential,0,0,497.63,2.4,2.29,61.92,120.85,0,0,0,34,197,4.3
3644,5182,247,1,4,2025-09-05,Spring Hill,Residential,0,0,477.15,2.55,2.42,67.78,102.22,1,0,0,21,283,5.0
3645,5184,343,5,3,2025-09-05,Franklin,Residential,0,0,205.81,1.23,1.6,46.29,29.71,1,0,0,27,288,4.1
3646,5185,1215,5,4,2025-09-05,Nashville,Commercial,1,0,450.7,1.13,0.89,24.98,62.77,1,0,0,49,182,4.6
3647,5186,1349,1,7,2025-09-05,Nashville,Residential,0,0,419.11,2.3,2.85,99.72,86.93,1,0,1,56,246,4.5
3648,5187,77,5,2,2025-09-05,Nashville,Residential,1,0,164.69,1.34,1.09,38.23,23.58,1,0,0,53,315,4.8
3649,5188,732,2,2,2025-09-05,Nashville,Residential,1,0,458.01,2.29,2.02,70.67,148.25,0,1,0,39,264,3.9
3650,5190,186,1,8,2025-09-05,Nashville,Residential,0,0,565.64,1.55,1.8,48.68,119.35,1,0,0,29,178,3.8
3651,5191,377,5,6,2025-09-05,Spring Hill,Residential,0,0,187.55,1.6,1.57,48.54,27.92,1,0,0,41,210,4.4
3652,5192,964,2,8,2025-09-05,Franklin,Residential,1,0,390.89,2.96,2.55,68.93,75.25,1,0,0,41,166,4.2
3653,5193,1405,5,4,2025-09-05,Nashville,Residential,1,0,222.59,1.37,1.17,32.78,25.38,1,0,0,40,212,4.4
3654,5194,930,5,5,2025-09-05,Brentwood,Residential,0,0,219.28,1.24,1.35,48.5,38.21,1,0,0,43,189,5.0
3655,5196,564,1,4,2025-09-05,Brentwood,Residential,0,0,395.99,2.16,2.43,68.11,83.12,0,1,0,43,310,3.4
3656,5197,1002,5,5,2025-09-05,Nolensville,Residential,0,0,187.08,1.24,1.14,41.21,28.85,1,0,0,51,274,4.7
3657,5198,1093,4,7,2025-09-05,Brentwood,Commercial,1,0,4473.0,8.56,10.38,363.34,1386.15,1,0,0,61,251,4.6
3658,5199,556,2,6,2025-09-05,Franklin,Residential,1,0,440.85,2.8,3.18,98.73,100.44,1,0,0,40,168,5.0
3659,5200,204,2,2,2025-09-05,Franklin,Residential,1,0,468.3,2.97,1.79,62.76,118.38,1,0,0,9,326,4.9
3660,5201,20,2,7,2025-09-06,Nashville,Commercial,0,0,1109.76,2.69,4.51,158.02,213.75,1,0,0,45,346,4.5
3661,5202,185,5,8,2025-09-06,Spring Hill,Residential,0,0,197.9,1.39,1.79,48.28,26.88,1,0,0,47,184,4.1
3662,5205,40,2,7,2025-09-06,Franklin,Residential,0,0,467.77,2.15,2.45,85.84,101.83,1,0,0,53,198,4.5
3663,5207,1105,5,7,2025-09-06,Spring Hill,Residential,1,0,199.55,1.34,1.46,51.23,28.28,1,0,0,42,230,4.3
3664,5209,1376,5,1,2025-09-06,Nashville,Residential,1,0,221.51,1.3,1.04,35.43,33.34,1,0,0,39,221,4.8
3665,5211,580,1,7,2025-09-06,Franklin,Residential,0,0,455.4,2.02,1.6,55.84,89.53,1,0,1,23,176,4.3
3666,5212,1157,5,5,2025-09-06,Nashville,Residential,1,0,173.39,1.36,1.27,45.86,22.63,1,0,0,25,201,4.7
3667,5213,364,2,2,2025-09-06,Spring Hill,Residential,1,0,486.64,2.22,2.08,72.95,101.16,1,0,0,33,299,5.0
3668,5214,872,5,1,2025-09-06,Franklin,Residential,1,0,164.57,1.3,1.27,43.1,30.42,1,0,0,63,248,5.0
3669,5216,245,7,6,2025-09-06,Franklin,Residential,0,0,1123.31,3.85,3.91,121.2,278.75,1,0,0,40,236,5.0
3670,5217,1271,2,7,2025-09-07,Nashville,Residential,0,0,695.36,2.6,2.94,102.87,146.6,1,0,1,53,211,4.6
3671,5218,1274,1,3,2025-09-07,Nashville,Residential,0,0,512.45,2.21,2.31,66.87,114.31,0,0,0,56,208,4.7
3672,5219,810,4,7,2025-09-07,Nashville,Residential,0,0,1959.31,7.05,8.08,282.82,709.42,1,0,0,59,273,4.8
3673,5222,940,2,5,2025-09-07,Nashville,Residential,1,0,460.01,2.05,1.95,70.27,131.65,1,0,0,29,318,4.9
3674,5223,387,5,3,2025-09-07,Nashville,Residential,0,0,215.37,1.15,1.48,42.85,30.9,1,0,0,29,194,4.9
3675,5224,1229,1,5,2025-09-07,Nashville,Residential,0,0,451.99,1.85,1.55,55.82,92.95,1,0,0,8,126,4.8
3676,5225,797,1,5,2025-09-07,Nashville,Residential,1,0,477.19,2.2,2.03,73.18,112.18,1,0,0,28,292,4.6
3677,5226,397,4,5,2025-09-07,Nashville,Residential,0,0,2700.35,11.11,9.11,328.03,649.07,1,0,0,17,212,4.6
3678,5230,1362,2,1,2025-09-07,Franklin,Residential,0,0,579.21,2.2,1.58,53.85,125.42,1,0,0,48,166,5.0
3679,5231,1125,6,8,2025-09-08,Brentwood,Residential,0,0,1294.43,3.92,5.61,151.58,591.92,1,0,0,57,192,4.9
3680,5232,156,1,7,2025-09-08,Franklin,Residential,0,0,439.41,2.06,2.16,75.49,96.76,1,0,0,28,337,4.5
3681,5233,338,7,8,2025-09-08,Nashville,Residential,0,0,1081.28,3.89,4.5,121.53,277.0,1,0,0,23,184,4.6
3682,5234,321,5,5,2025-09-08,Franklin,Residential,0,0,172.12,1.37,1.02,36.81,33.88,1,0,0,31,188,5.0
3683,5235,247,6,2,2025-09-08,Spring Hill,Residential,0,0,1090.27,3.89,4.1,143.46,441.45,1,0,0,55,252,4.9
3684,5236,436,2,4,2025-09-08,Nashville,Residential,1,0,437.89,2.26,1.74,48.62,113.85,1,0,0,37,268,4.5
3685,5237,244,4,7,2025-09-08,Spring Hill,Residential,0,0,3139.27,10.1,10.42,364.55,991.86,1,0,0,26,238,4.4
3686,5238,157,1,7,2025-09-08,Nolensville,Residential,1,0,442.55,2.25,2.01,70.39,110.63,1,0,0,44,185,5.0
3687,5240,91,5,3,2025-09-08,Brentwood,Residential,1,0,240.83,1.27,1.48,42.78,39.5,1,0,0,41,227,4.8
3688,5241,549,1,3,2025-09-08,Nashville,Residential,0,0,449.02,2.38,2.0,58.07,96.31,1,0,0,54,259,4.6
3689,5242,137,1,4,2025-09-08,Franklin,Residential,0,0,458.15,2.28,2.05,57.35,99.9,1,0,1,48,173,4.3
3690,5243,1428,7,7,2025-09-08,Franklin,Residential,1,0,957.02,4.57,5.2,181.86,195.4,1,0,0,45,270,4.8
3691,5245,574,5,4,2025-09-08,Brentwood,Residential,0,0,185.62,1.48,1.75,48.86,31.22,1,0,0,38,277,4.8
3692,5246,1185,7,7,2025-09-08,Brentwood,Residential,1,0,963.26,4.41,4.87,170.43,293.75,1,0,0,42,155,4.3
3693,5247,247,1,5,2025-09-08,Spring Hill,Residential,0,0,513.35,2.08,1.86,67.06,103.0,1,0,1,49,220,4.3
3694,5248,804,1,6,2025-09-08,Nashville,Residential,0,0,356.26,2.13,2.23,69.11,86.37,1,0,0,16,221,5.0
3695,5249,1349,5,6,2025-09-08,Nashville,Residential,0,0,184.97,1.2,1.4,43.25,25.36,1,0,0,54,235,5.0
3696,5251,590,2,8,2025-09-09,Franklin,Residential,1,1,451.64,2.55,2.71,73.26,120.85,0,1,0,53,119,3.7
3697,5252,240,7,8,2025-09-09,Franklin,Residential,1,0,1326.99,4.47,2.89,77.91,350.38,1,0,0,44,265,4.2
3698,5253,524,5,8,2025-09-09,Nashville,Residential,0,0,147.32,1.24,1.7,45.91,23.45,1,0,0,21,290,4.2
3699,5254,782,3,5,2025-09-09,Brentwood,Residential,0,0,10463.57,18.04,19.23,692.2,4384.81,1,0,0,14,148,4.8
3700,5255,356,2,4,2025-09-09,Nolensville,Residential,0,0,522.63,1.79,1.94,54.2,138.93,1,0,0,41,144,4.6
3701,5257,1278,2,1,2025-09-09,Franklin,Residential,1,0,623.22,2.17,2.44,83.08,146.33,1,0,0,49,203,4.6
3702,5258,354,5,3,2025-09-09,Brentwood,Commercial,0,0,302.53,1.37,0.79,22.84,45.58,1,0,0,34,243,4.7
3703,5261,219,5,8,2025-09-09,Nolensville,Residential,0,0,288.68,1.29,1.47,39.58,39.74,1,0,1,34,277,4.0
3704,5262,529,1,4,2025-09-09,Nashville,Residential,0,0,389.49,1.96,1.92,53.68,84.84,1,0,0,47,357,4.3
3705,5263,3,2,4,2025-09-09,Nashville,Residential,0,0,524.79,2.65,3.62,101.36,132.69,0,1,0,36,187,4.0
3706,5264,46,6,6,2025-09-09,Spring Hill,Residential,0,0,733.53,4.01,4.34,134.46,275.99,1,0,0,49,246,5.0
3707,5267,31,7,5,2025-09-09,Spring Hill,Residential,0,0,1454.75,4.4,4.81,173.29,310.93,1,0,0,22,272,4.6
3708,5269,614,5,6,2025-09-09,Franklin,Residential,0,0,152.16,1.09,1.31,40.48,27.76,1,0,0,22,274,5.0
3709,5271,1273,7,1,2025-09-10,Nolensville,Residential,0,0,1281.59,4.14,4.28,145.42,344.38,1,0,0,22,172,4.9
3710,5274,806,5,1,2025-09-10,Spring Hill,Residential,1,0,181.16,1.18,1.31,44.6,25.32,1,0,0,46,232,5.0
3711,5276,1229,5,4,2025-09-10,Nashville,Residential,0,0,133.29,1.04,0.88,24.51,20.53,1,0,0,56,237,4.0
3712,5277,176,5,3,2025-09-10,Nashville,Residential,1,0,204.48,1.5,1.44,41.71,31.26,1,0,0,33,177,4.5
3713,5282,218,1,8,2025-09-10,Nashville,Residential,1,0,496.35,2.01,2.33,62.9,106.84,1,0,0,58,193,4.2
3714,5283,723,7,3,2025-09-10,Franklin,Residential,1,0,1103.77,3.02,2.6,75.51,349.17,1,0,0,42,193,4.7
3715,5284,603,1,5,2025-09-10,Spring Hill,Residential,0,0,522.76,2.49,2.53,91.19,134.24,0,1,1,57,190,3.6
3716,5286,450,6,2,2025-09-11,Nashville,Residential,0,0,1219.47,3.94,3.37,117.89,447.44,1,0,0,34,301,5.0
3717,5288,377,1,3,2025-09-11,Spring Hill,Residential,0,1,453.77,2.28,1.38,40.14,100.11,1,0,0,46,53,4.4
3718,5291,1275,5,5,2025-09-11,Brentwood,Residential,1,0,152.26,1.49,1.33,48.01,24.44,1,0,0,32,282,4.5
3719,5293,22,7,8,2025-09-11,Brentwood,Residential,0,0,1963.04,4.26,3.85,103.88,475.2,1,1,0,48,318,3.8
3720,5295,690,2,5,2025-09-11,Nolensville,Residential,0,0,531.45,1.66,2.18,78.61,108.78,1,0,0,68,330,4.6
3721,5296,1363,5,1,2025-09-11,Brentwood,Residential,0,0,172.76,1.39,1.31,44.49,26.33,1,0,1,62,213,4.6
3722,5297,880,2,2,2025-09-11,Franklin,Residential,0,0,490.28,2.02,2.85,99.82,104.59,1,0,0,21,258,4.7
3723,5299,1439,1,5,2025-09-11,Spring Hill,Commercial,0,0,1008.72,1.91,2.05,73.97,198.72,0,1,1,28,301,4.6
3724,5300,755,3,5,2025-09-11,Spring Hill,Residential,0,0,9308.37,20.34,18.92,680.98,5402.85,1,0,0,43,182,4.8
3725,5302,1184,5,7,2025-09-11,Franklin,Residential,1,0,245.39,1.34,1.07,37.59,45.29,1,0,0,8,258,4.6
3726,5303,251,7,2,2025-09-11,Brentwood,Residential,0,0,1131.18,3.7,3.83,134.08,255.59,0,1,0,65,280,4.3
3727,5304,729,1,4,2025-09-11,Spring Hill,Residential,0,0,669.37,2.07,2.21,61.87,134.61,1,0,0,30,254,4.3
3728,5305,576,5,7,2025-09-11,Spring Hill,Residential,0,0,241.26,1.06,0.86,30.11,35.14,1,0,1,18,293,4.7
3729,5306,1122,4,5,2025-09-11,Nolensville,Residential,1,0,2869.67,9.61,7.62,274.18,866.47,1,0,0,28,249,4.5
3730,5307,827,5,7,2025-09-11,Spring Hill,Commercial,0,0,321.36,1.39,1.56,54.63,49.52,1,0,0,23,124,4.3
3731,5308,384,1,7,2025-09-11,Franklin,Residential,0,1,487.18,2.28,2.46,86.01,117.79,1,0,0,34,92,4.8
3732,5309,696,1,1,2025-09-12,Spring Hill,Residential,0,0,534.85,1.78,1.67,56.85,111.98,1,0,0,58,210,4.7
3733,5313,792,5,4,2025-09-12,Nolensville,Residential,0,0,178.57,1.19,1.28,35.88,22.59,1,0,0,48,189,4.8
3734,5316,938,1,7,2025-09-12,Nashville,Residential,1,0,519.19,2.43,2.48,86.93,92.34,1,0,0,32,244,4.5
3735,5317,1315,6,5,2025-09-12,Brentwood,Residential,1,0,1170.7,3.36,3.29,118.43,546.63,1,0,0,49,270,4.8
3736,5318,660,4,7,2025-09-12,Brentwood,Residential,0,0,2998.22,7.24,8.3,290.45,863.88,1,0,0,38,269,4.5
3737,5321,486,5,7,2025-09-12,Franklin,Commercial,0,0,402.39,1.48,1.88,65.66,50.38,0,0,0,48,221,5.0
3738,5322,1057,1,6,2025-09-12,Nashville,Residential,0,0,580.12,2.48,2.7,83.8,132.59,1,0,0,38,273,5.0
3739,5323,807,2,3,2025-09-12,Nashville,Commercial,0,0,651.16,2.68,2.55,73.96,152.87,1,0,1,26,280,4.6
3740,5324,961,1,8,2025-09-12,Nashville,Residential,0,0,592.26,2.11,2.06,55.64,141.1,1,0,0,49,201,4.0
3741,5325,1215,2,7,2025-09-12,Nashville,Commercial,1,1,1003.98,2.72,3.13,109.55,307.35,1,0,0,9,20,4.6
3742,5326,686,5,7,2025-09-12,Nashville,Residential,0,0,193.89,1.5,1.69,59.1,29.97,1,0,0,28,345,4.7
3743,5328,503,1,5,2025-09-12,Nashville,Residential,0,0,429.66,2.09,1.82,65.68,91.9,0,1,0,12,194,4.2
3744,5329,554,1,2,2025-09-13,Nolensville,Residential,0,0,621.98,2.07,2.37,82.85,141.17,1,0,1,20,387,5.0
3745,5330,1116,1,5,2025-09-13,Nashville,Residential,1,0,333.36,2.21,2.01,72.43,72.43,0,1,0,28,260,4.3
3746,5331,195,2,6,2025-09-13,Brentwood,Commercial,1,1,1218.39,2.34,2.87,89.06,269.97,1,0,0,16,32,4.9
3747,5332,1258,5,7,2025-09-13,Franklin,Residential,0,0,205.81,1.28,1.41,49.32,31.45,1,0,0,20,270,4.3
3748,5334,1040,5,1,2025-09-13,Nolensville,Residential,1,0,231.33,1.42,0.88,29.86,36.07,0,1,0,36,255,4.3
3749,5335,353,3,5,2025-09-13,Nashville,Residential,0,0,13522.57,19.78,23.06,830.13,7925.38,1,0,0,48,176,4.1
3750,5338,8,5,2,2025-09-13,Nolensville,Residential,0,0,165.93,1.21,1.3,45.66,23.11,1,0,0,23,227,4.7
3751,5339,80,1,1,2025-09-13,Nashville,Commercial,0,0,1002.49,2.01,2.05,69.59,206.3,1,0,0,43,265,4.6
3752,5340,1443,1,5,2025-09-13,Spring Hill,Residential,1,0,445.22,2.24,2.39,85.93,124.5,1,0,0,45,254,5.0
3753,5342,927,1,6,2025-09-13,Nashville,Residential,1,0,456.28,2.56,3.02,93.73,99.07,1,0,0,26,221,5.0
3754,5343,287,2,6,2025-09-13,Franklin,Commercial,1,0,830.54,2.85,2.37,73.45,199.33,1,0,0,45,322,4.8
3755,5344,18,1,2,2025-09-13,Nashville,Residential,1,0,273.93,2.08,2.52,88.34,68.85,1,0,0,53,238,5.0
3756,5345,110,6,2,2025-09-13,Nolensville,Commercial,0,0,2485.21,2.84,2.88,100.7,985.34,1,0,0,44,142,4.6
3757,5346,648,4,7,2025-09-13,Brentwood,Residential,0,0,2619.73,10.05,10.2,356.92,788.97,1,0,0,42,307,4.6
3758,5347,1234,5,3,2025-09-13,Nashville,Residential,0,0,260.75,1.65,1.88,54.63,41.54,1,0,0,60,267,4.5
3759,5348,396,7,1,2025-09-14,Nolensville,Residential,0,0,981.26,3.91,4.75,161.46,243.04,1,0,0,44,264,5.0
3760,5350,717,1,8,2025-09-14,Nolensville,Residential,0,0,376.2,2.61,3.41,92.15,76.29,1,0,1,70,162,4.6
3761,5352,176,1,7,2025-09-14,Nashville,Residential,1,0,520.12,2.3,1.95,68.1,135.55,1,0,0,22,305,4.6
3762,5353,1343,5,6,2025-09-14,Brentwood,Residential,0,0,232.85,1.06,1.26,38.91,35.48,1,0,1,44,350,5.0
3763,5354,378,1,3,2025-09-14,Nashville,Residential,0,0,451.59,2.53,3.71,107.52,109.08,1,0,1,45,338,4.5
3764,5355,1339,2,8,2025-09-14,Franklin,Residential,0,0,472.17,2.59,1.92,51.72,100.22,0,1,1,10,257,3.8
3765,5356,482,1,8,2025-09-14,Brentwood,Residential,1,0,395.59,2.17,2.89,78.01,100.88,1,0,0,40,195,4.3
3766,5357,6,2,3,2025-09-14,Nashville,Residential,0,0,375.76,2.4,2.61,75.79,68.15,1,0,0,49,283,4.4
3767,5359,1436,3,5,2025-09-15,Nashville,Residential,0,0,12469.56,19.18,18.07,650.45,5616.31,1,0,0,19,289,4.7
3768,5360,595,5,5,2025-09-15,Nashville,Residential,1,0,154.51,1.23,1.52,54.63,24.68,1,0,0,24,195,4.1
3769,5361,703,2,6,2025-09-15,Nolensville,Residential,1,0,466.24,2.78,2.89,89.6,127.14,1,0,0,56,283,4.5
3770,5362,893,5,1,2025-09-15,Brentwood,Commercial,1,0,268.55,1.5,1.09,36.98,38.12,1,0,0,29,267,4.5
3771,5363,324,6,6,2025-09-15,Nashville,Residential,0,0,1088.29,3.21,3.73,115.61,451.57,1,0,0,37,255,4.3
3772,5365,865,5,3,2025-09-15,Franklin,Residential,1,0,229.63,1.46,1.3,37.64,37.38,1,0,0,41,244,4.6
3773,5366,439,2,5,2025-09-15,Brentwood,Commercial,0,0,818.41,2.28,2.01,72.31,165.33,1,0,0,37,180,4.6
3774,5367,108,2,2,2025-09-15,Nashville,Residential,1,1,390.73,2.47,2.2,76.85,73.87,0,1,0,34,97,4.7
3775,5368,689,2,6,2025-09-15,Brentwood,Commercial,0,0,952.42,1.96,2.47,76.65,207.67,1,0,0,18,325,5.0
3776,5369,1110,1,4,2025-09-15,Brentwood,Commercial,1,0,832.9,1.82,2.36,66.04,165.12,1,0,0,59,139,4.5
3777,5370,1351,3,5,2025-09-15,Nashville,Residential,0,0,8103.89,16.8,19.55,703.65,3902.95,1,0,0,35,303,4.2
3778,5371,752,6,8,2025-09-16,Nolensville,Residential,0,0,1193.77,3.92,4.7,127.01,450.73,0,0,0,33,188,4.2
3779,5372,1154,3,7,2025-09-16,Nashville,Residential,1,0,11574.65,17.52,19.93,697.49,6082.93,1,0,0,34,279,4.4
3780,5375,558,5,6,2025-09-16,Nashville,Residential,0,0,165.34,1.24,1.15,35.77,23.23,1,0,0,61,271,4.8
3781,5376,726,6,5,2025-09-16,Brentwood,Residential,1,0,791.51,3.2,2.73,98.22,377.47,1,0,0,39,242,4.4
3782,5377,1069,5,6,2025-09-16,Spring Hill,Residential,1,0,211.94,1.31,1.05,32.54,31.75,1,0,0,53,193,4.6
3783,5379,102,2,4,2025-09-16,Nashville,Residential,0,0,590.34,2.41,2.17,60.76,154.85,1,0,0,31,299,4.4
3784,5381,84,1,7,2025-09-16,Nashville,Residential,1,1,336.04,1.82,1.13,39.39,80.3,1,0,0,63,32,4.6
3785,5382,1134,2,1,2025-09-16,Spring Hill,Residential,0,0,438.29,2.4,2.19,74.34,88.56,1,0,0,46,247,4.8
3786,5383,724,2,7,2025-09-16,Nolensville,Residential,0,0,488.72,2.46,2.58,90.19,131.31,1,0,0,43,259,4.9
3787,5384,1241,6,6,2025-09-16,Nolensville,Residential,0,0,978.14,2.92,3.9,120.76,443.49,1,0,0,44,197,4.4
3788,5385,513,6,7,2025-09-16,Nashville,Residential,1,0,1524.14,3.74,3.53,123.68,659.33,1,0,0,38,319,4.5
3789,5386,525,5,5,2025-09-17,Brentwood,Residential,1,0,145.61,1.23,0.95,34.19,25.65,1,0,0,46,298,4.5
3790,5388,1053,5,6,2025-09-17,Brentwood,Residential,1,0,228.17,1.47,1.69,52.35,35.73,1,0,0,36,219,4.6
3791,5389,1026,1,8,2025-09-17,Nashville,Residential,1,0,369.83,2.15,2.18,58.76,73.43,1,0,0,32,165,4.3
3792,5390,1024,5,5,2025-09-17,Nashville,Residential,0,0,170.86,1.34,1.58,56.74,25.22,0,0,0,23,239,4.5
3793,5391,1092,6,2,2025-09-17,Nashville,Residential,0,0,953.07,3.2,3.8,132.95,391.73,1,0,0,47,245,4.5
3794,5392,299,4,7,2025-09-17,Nashville,Residential,0,0,2462.65,6.94,7.7,269.53,738.97,0,0,0,71,208,4.8
3795,5393,763,5,2,2025-09-17,Franklin,Residential,1,0,199.31,1.17,1.28,44.88,25.51,1,0,0,32,245,4.8
3796,5394,544,3,7,2025-09-17,Nashville,Residential,0,0,7603.64,20.95,22.14,775.01,3900.98,1,0,0,42,146,4.6
3797,5395,150,5,6,2025-09-17,Brentwood,Residential,1,0,216.16,1.42,1.44,44.58,33.37,1,0,0,43,263,4.8
3798,5396,35,5,6,2025-09-17,Brentwood,Residential,0,0,223.77,1.22,1.41,43.61,34.79,1,0,0,40,230,4.9
3799,5397,102,1,4,2025-09-17,Nashville,Residential,0,0,613.51,2.07,2.24,62.83,98.85,1,0,1,43,164,4.4
3800,5398,367,1,3,2025-09-17,Nashville,Residential,0,0,429.21,2.76,2.85,82.76,98.49,1,0,0,60,265,4.6
3801,5399,781,5,4,2025-09-17,Spring Hill,Residential,1,0,169.57,1.16,1.14,31.8,28.43,0,1,0,17,375,4.0
3802,5400,836,2,6,2025-09-17,Franklin,Residential,0,1,582.55,2.09,1.92,59.54,128.86,1,0,0,43,45,5.0
3803,5404,389,1,7,2025-09-17,Franklin,Residential,1,0,461.53,2.41,1.93,67.68,109.44,1,0,0,37,305,4.9
3804,5405,1182,4,5,2025-09-17,Nashville,Residential,1,0,2606.59,9.87,6.52,234.77,752.68,1,0,0,26,120,4.9
3805,5406,879,4,5,2025-09-18,Franklin,Residential,0,0,2009.35,10.66,11.46,412.38,586.81,1,0,0,54,276,4.7
3806,5407,1151,2,7,2025-09-18,Nashville,Residential,1,1,433.42,2.68,2.63,92.16,109.64,1,0,0,19,57,4.4
3807,5408,155,7,3,2025-09-18,Spring Hill,Residential,1,0,994.1,4.72,5.13,148.74,292.14,1,0,0,47,170,4.6
3808,5409,1281,5,6,2025-09-18,Franklin,Residential,0,0,205.78,1.08,0.91,28.22,32.22,1,0,0,41,211,4.4
3809,5410,1017,5,4,2025-09-18,Spring Hill,Residential,0,0,247.33,1.38,1.81,50.75,31.43,1,0,0,11,258,4.8
3810,5411,1199,5,7,2025-09-18,Franklin,Residential,1,0,121.28,1.55,1.53,53.57,19.52,1,0,0,48,198,4.4
3811,5414,694,2,2,2025-09-18,Spring Hill,Residential,0,1,609.2,2.74,3.57,125.11,114.42,1,0,0,39,20,5.0
3812,5415,1311,4,7,2025-09-18,Nashville,Residential,0,0,2444.02,10.24,11.39,398.68,863.36,1,0,0,55,225,4.3
3813,5416,949,6,5,2025-09-18,Spring Hill,Residential,0,0,1088.44,3.49,4.05,145.68,460.94,1,0,0,56,243,5.0
3814,5417,426,4,7,2025-09-18,Franklin,Residential,0,0,4168.22,9.25,7.94,277.97,1353.01,1,0,0,26,204,4.8
3815,5418,835,5,3,2025-09-18,Nashville,Residential,0,0,188.0,1.32,1.38,40.14,24.85,1,0,0,37,264,4.6
3816,5421,1090,2,7,2025-09-18,Brentwood,Residential,0,0,520.62,2.61,1.87,65.57,112.38,1,0,0,35,320,4.7
3817,5423,116,5,7,2025-09-18,Franklin,Residential,0,0,174.72,1.36,1.23,43.04,25.44,1,0,0,34,211,4.7
3818,5425,395,5,8,2025-09-18,Brentwood,Commercial,1,0,299.71,1.54,1.54,41.66,39.68,1,0,0,43,307,3.8
3819,5427,598,3,5,2025-09-19,Nashville,Residential,0,0,9099.52,18.48,22.2,799.35,4534.28,0,1,0,33,152,4.5
3820,5428,257,5,7,2025-09-19,Nashville,Residential,0,0,172.1,1.2,0.84,29.36,21.96,1,0,0,47,248,4.8
3821,5431,816,6,4,2025-09-19,Nashville,Commercial,0,0,1485.81,3.13,2.94,82.28,551.95,1,0,0,32,283,4.7
3822,5432,1301,5,7,2025-09-19,Spring Hill,Residential,1,0,239.05,1.33,0.97,33.95,41.22,1,0,0,49,269,4.6
3823,5435,580,1,6,2025-09-19,Franklin,Residential,0,1,410.98,2.0,2.1,65.16,70.06,1,0,0,43,89,5.0
3824,5436,1176,2,2,2025-09-19,Nolensville,Residential,0,0,563.26,1.92,1.22,42.65,105.02,1,0,0,56,230,4.8
3825,5437,1366,6,8,2025-09-19,Franklin,Residential,0,0,1249.56,4.1,4.27,115.33,486.28,1,0,0,50,159,4.2
3826,5438,800,1,1,2025-09-19,Nashville,Residential,0,0,610.21,2.06,1.72,58.37,109.6,1,0,0,30,235,4.8
3827,5439,705,2,3,2025-09-19,Franklin,Residential,1,0,492.11,2.3,2.53,73.51,96.86,1,0,0,47,201,4.6
3828,5440,202,6,7,2025-09-19,Spring Hill,Residential,0,0,1396.4,3.03,3.34,116.96,642.97,1,0,0,39,223,4.6
3829,5442,257,7,6,2025-09-20,Nashville,Residential,0,0,993.81,4.14,3.98,123.23,293.7,1,0,0,43,226,5.0
3830,5443,359,7,6,2025-09-20,Nolensville,Residential,0,0,1077.68,4.25,3.76,116.41,203.96,1,0,0,40,216,4.6
3831,5444,963,5,2,2025-09-20,Nolensville,Residential,1,0,163.59,1.31,1.05,36.71,23.03,1,0,0,45,229,4.8
3832,5445,387,2,5,2025-09-20,Nashville,Residential,0,0,454.34,2.27,2.34,84.07,91.92,1,0,0,18,232,4.4
3833,5446,487,5,7,2025-09-20,Nashville,Residential,0,0,182.64,1.21,1.27,44.55,24.68,1,0,0,40,260,4.4
3834,5447,226,1,8,2025-09-20,Brentwood,Residential,0,0,405.94,1.69,1.97,53.21,87.92,1,0,1,46,292,4.3
3835,5451,728,5,6,2025-09-20,Nashville,Residential,1,0,189.05,1.35,1.27,39.33,25.34,1,0,0,59,243,5.0
3836,5452,1402,5,8,2025-09-20,Brentwood,Residential,1,0,185.98,1.16,1.15,31.04,30.79,1,0,0,28,331,4.0
3837,5453,246,6,3,2025-09-20,Nashville,Residential,0,0,1694.93,3.45,3.52,102.15,611.16,1,0,0,31,209,4.4
3838,5454,1140,2,8,2025-09-20,Nashville,Residential,0,0,530.48,1.88,2.17,58.51,115.11,1,0,0,28,229,4.5
3839,5455,996,6,3,2025-09-20,Brentwood,Residential,0,0,859.11,3.01,2.46,71.34,399.79,1,0,0,51,224,4.2
3840,5456,1254,5,7,2025-09-21,Brentwood,Residential,0,0,191.93,1.29,1.36,47.65,29.47,0,0,0,58,272,4.1
3841,5457,736,6,4,2025-09-21,Brentwood,Residential,0,0,1119.0,3.47,4.04,113.21,413.11,1,0,0,61,179,4.5
3842,5458,511,2,5,2025-09-21,Spring Hill,Residential,1,1,638.97,2.24,1.66,59.7,175.43,1,0,0,49,61,4.5
3843,5459,949,1,2,2025-09-21,Spring Hill,Residential,0,0,565.63,2.06,1.5,52.34,120.8,1,0,0,44,207,4.6
3844,5460,808,5,2,2025-09-21,Nolensville,Commercial,1,0,342.06,1.52,1.68,58.81,44.57,1,0,0,45,276,5.0
3845,5462,839,5,8,2025-09-21,Nashville,Residential,0,0,144.0,1.53,1.27,34.19,23.22,1,0,0,16,124,4.4
3846,5463,686,3,7,2025-09-21,Nashville,Residential,0,0,10397.22,17.94,19.37,677.98,5385.72,1,0,0,35,251,4.5
3847,5465,337,1,6,2025-09-22,Nashville,Commercial,1,0,798.33,2.02,1.86,57.76,177.97,1,0,0,59,288,5.0
3848,5466,752,5,7,2025-09-22,Nolensville,Residential,0,0,216.94,1.55,1.43,50.06,33.05,1,0,0,58,248,4.8
3849,5468,646,1,5,2025-09-22,Franklin,Residential,0,0,377.27,2.04,1.88,67.64,88.31,1,0,0,40,135,4.7
3850,5469,681,1,1,2025-09-22,Brentwood,Residential,1,0,395.96,2.34,2.1,71.5,110.25,1,0,0,48,262,5.0
3851,5472,1257,1,5,2025-09-22,Franklin,Residential,0,0,449.89,2.09,2.8,100.88,107.97,1,0,0,41,154,4.9
3852,5473,419,5,7,2025-09-22,Nashville,Commercial,1,0,247.66,1.15,1.2,42.13,34.72,1,0,0,44,244,4.9
3853,5475,590,1,5,2025-09-22,Franklin,Residential,1,0,358.07,1.94,1.76,63.29,114.84,1,0,0,48,180,4.3
3854,5476,669,1,4,2025-09-22,Franklin,Residential,1,0,556.18,1.98,1.94,54.23,161.31,1,0,0,48,354,4.8
3855,5479,1445,2,7,2025-09-22,Franklin,Residential,1,1,523.98,2.12,2.29,80.15,110.93,1,0,0,24,32,4.7
3856,5480,1291,6,5,2025-09-23,Nashville,Commercial,0,0,2085.18,3.48,3.36,120.98,869.93,1,0,0,36,251,4.3
3857,5481,509,1,7,2025-09-23,Brentwood,Residential,0,0,540.43,2.51,2.85,99.78,107.26,1,0,0,19,283,4.4
3858,5482,499,1,4,2025-09-23,Franklin,Residential,0,0,376.46,2.12,2.23,62.42,78.16,1,0,0,42,327,4.7
3859,5483,305,5,3,2025-09-23,Nolensville,Residential,0,0,181.84,1.23,1.1,31.8,27.03,1,0,0,29,189,4.6
3860,5484,1418,1,5,2025-09-23,Franklin,Commercial,0,0,1150.72,2.16,2.02,72.74,224.42,1,0,1,41,268,3.8
3861,5486,786,3,5,2025-09-23,Franklin,Residential,0,0,12952.83,22.81,29.15,1049.47,8100.35,1,0,0,47,219,4.8
3862,5487,498,1,1,2025-09-23,Nashville,Residential,0,0,426.39,2.26,1.98,67.34,92.81,1,0,0,58,173,5.0
3863,5488,130,1,8,2025-09-23,Nolensville,Commercial,0,0,827.52,2.48,3.51,94.68,203.16,1,0,1,30,308,4.0
3864,5489,1217,5,8,2025-09-23,Brentwood,Residential,0,0,145.37,1.16,1.61,43.36,15.62,1,0,0,45,224,4.2
3865,5490,1216,1,7,2025-09-23,Nolensville,Residential,0,0,388.61,2.02,2.31,80.73,79.2,1,0,0,36,148,4.4
3866,5491,579,5,6,2025-09-23,Brentwood,Residential,0,0,182.49,1.42,1.49,46.05,25.39,1,0,0,18,372,5.0
3867,5494,533,2,2,2025-09-23,Brentwood,Residential,0,0,679.35,2.38,2.8,97.94,132.03,1,0,0,40,178,4.9
3868,5495,482,1,6,2025-09-23,Brentwood,Residential,1,0,503.87,2.35,2.32,71.88,125.98,1,0,0,54,276,4.6
3869,5497,402,5,1,2025-09-24,Franklin,Residential,0,0,164.81,1.23,1.15,39.03,30.47,1,0,0,54,301,4.6
3870,5499,237,5,8,2025-09-24,Nashville,Residential,0,0,234.86,1.2,1.17,31.63,33.38,1,0,0,30,325,4.8
3871,5500,955,5,7,2025-09-24,Brentwood,Residential,0,0,193.75,1.49,1.39,48.81,25.59,1,0,0,32,170,4.8
3872,5501,791,1,5,2025-09-24,Nashville,Residential,1,0,306.14,2.49,2.17,78.16,84.68,1,0,0,17,248,4.8
3873,5502,17,1,2,2025-09-24,Franklin,Residential,0,0,437.98,2.09,1.86,65.09,103.17,1,0,0,34,231,4.6
3874,5503,1354,1,7,2025-09-24,Nashville,Residential,1,0,478.17,2.21,2.6,91.13,114.88,1,0,0,39,209,4.6
3875,5504,278,5,8,2025-09-24,Nolensville,Residential,0,0,203.45,1.43,1.71,46.15,25.94,1,0,0,55,207,4.3
3876,5505,866,1,3,2025-09-24,Spring Hill,Residential,0,0,466.63,2.21,2.61,75.55,99.35,1,0,0,36,210,4.3
3877,5508,252,2,6,2025-09-24,Brentwood,Residential,0,1,627.13,1.98,1.59,49.32,111.3,1,0,0,28,94,4.7
3878,5509,1045,1,1,2025-09-24,Brentwood,Residential,1,0,279.04,1.92,2.2,74.87,64.43,1,0,0,18,250,4.9
3879,5510,261,2,7,2025-09-24,Nolensville,Residential,1,0,460.36,2.37,2.2,77.06,119.13,1,0,0,69,215,4.3
3880,5511,122,1,7,2025-09-25,Spring Hill,Residential,0,1,572.37,1.78,1.71,59.97,137.36,1,1,0,21,120,4.6
3881,5512,1108,1,1,2025-09-25,Franklin,Residential,0,0,463.0,2.43,2.16,73.31,117.26,1,0,1,74,345,5.0
3882,5513,808,1,1,2025-09-25,Nolensville,Commercial,1,1,796.0,1.9,1.38,46.84,184.56,1,0,0,26,35,4.6
3883,5514,113,5,2,2025-09-25,Nashville,Residential,1,0,190.77,1.15,1.13,39.45,26.54,1,0,0,41,225,4.6
3884,5517,1163,4,7,2025-09-25,Nolensville,Residential,0,0,2917.24,8.73,9.49,332.08,965.09,1,0,0,51,289,4.5
3885,5519,28,1,3,2025-09-25,Franklin,Commercial,1,0,818.53,2.36,2.09,60.66,200.87,1,0,0,41,300,4.6
3886,5520,1099,7,8,2025-09-25,Franklin,Residential,0,0,966.76,5.29,5.06,136.6,261.1,0,0,0,44,359,4.4
3887,5522,1278,2,1,2025-09-25,Franklin,Residential,1,0,565.27,2.42,2.17,73.84,179.96,0,1,0,28,256,4.2
3888,5523,903,3,5,2025-09-25,Spring Hill,Residential,1,0,9561.9,17.81,16.48,593.1,5427.22,1,0,0,34,339,4.9
3889,5525,743,5,4,2025-09-25,Nashville,Residential,0,0,168.82,1.33,1.5,41.94,25.74,1,0,0,42,175,4.4
3890,5527,861,1,5,2025-09-25,Nashville,Residential,0,0,491.76,2.41,1.95,70.16,104.8,1,0,0,29,235,4.9
3891,5528,1230,1,5,2025-09-25,Spring Hill,Residential,1,0,582.14,2.58,2.35,84.69,141.57,1,0,0,34,236,4.6
3892,5529,155,1,6,2025-09-25,Spring Hill,Residential,1,1,405.21,1.97,1.58,48.86,80.21,1,1,0,43,59,4.7
3893,5531,1193,5,4,2025-09-25,Nashville,Residential,0,0,155.8,1.36,1.45,40.64,23.29,1,0,0,49,202,4.4
3894,5532,1274,5,8,2025-09-25,Nashville,Residential,0,0,196.33,1.36,1.86,50.35,30.44,1,0,0,48,218,4.7
3895,5533,709,1,1,2025-09-25,Nolensville,Residential,0,0,575.07,2.16,1.8,61.33,140.45,1,0,0,49,176,4.6
3896,5536,1437,1,3,2025-09-26,Brentwood,Residential,1,1,412.2,1.96,2.45,70.97,97.92,1,0,0,34,165,4.8
3897,5538,189,6,4,2025-09-26,Nashville,Residential,0,0,1334.92,3.21,3.76,105.17,531.64,1,0,0,42,306,4.5
3898,5539,1022,5,2,2025-09-26,Franklin,Residential,0,0,175.41,1.14,0.88,30.76,21.72,1,0,0,22,172,5.0
3899,5540,131,1,8,2025-09-26,Nolensville,Residential,1,1,436.18,1.82,2.56,69.08,97.87,1,0,0,39,46,4.5
3900,5541,330,4,5,2025-09-26,Nashville,Residential,1,0,1881.65,8.91,9.72,350.03,574.4,1,0,0,11,276,5.0
3901,5542,1420,2,4,2025-09-26,Spring Hill,Residential,0,0,602.94,2.13,2.2,61.65,135.4,0,1,0,18,240,4.0
3902,5543,527,5,4,2025-09-26,Franklin,Residential,0,0,215.47,1.2,1.31,36.62,32.32,0,1,0,62,255,4.1
3903,5544,1307,5,6,2025-09-26,Nashville,Commercial,0,0,379.19,1.1,0.99,30.73,65.81,1,0,0,45,335,4.8
3904,5545,983,4,5,2025-09-26,Franklin,Residential,0,0,2360.86,11.2,13.79,496.43,801.64,1,0,0,23,226,4.4
3905,5547,666,3,5,2025-09-26,Spring Hill,Commercial,0,0,19545.16,15.8,20.72,746.02,10982.53,0,0,0,54,269,5.0
3906,5548,426,6,5,2025-09-26,Franklin,Residential,0,0,1716.58,3.35,3.06,110.26,769.63,1,0,0,42,277,4.8
3907,5552,1123,7,8,2025-09-26,Nashville,Residential,0,0,1249.29,4.71,4.91,132.62,365.38,1,0,0,18,252,4.7
3908,5554,997,6,3,2025-09-27,Nashville,Residential,0,0,1328.63,3.34,3.42,99.3,596.8,1,0,0,43,205,4.2
3909,5555,844,2,1,2025-09-27,Nashville,Residential,0,0,602.25,2.34,1.51,51.37,111.02,1,1,0,29,163,4.3
3910,5556,690,1,8,2025-09-27,Nolensville,Residential,0,1,407.58,2.34,2.57,69.52,81.12,1,0,0,44,153,4.3
3911,5557,660,5,3,2025-09-27,Brentwood,Residential,0,0,170.48,1.31,1.28,37.12,23.59,1,0,0,8,175,4.3
3912,5558,1398,1,3,2025-09-27,Nolensville,Residential,0,0,416.76,2.3,2.23,64.8,89.85,1,0,0,8,211,4.4
3913,5560,1073,7,8,2025-09-27,Spring Hill,Commercial,0,0,1336.41,4.25,5.67,152.98,337.69,1,0,0,18,282,4.4
3914,5563,972,2,7,2025-09-28,Spring Hill,Residential,1,0,538.22,2.68,3.35,117.25,135.32,1,0,0,46,284,4.5
3915,5564,684,2,3,2025-09-28,Nashville,Residential,0,0,563.84,2.46,2.76,80.05,136.31,1,0,1,48,199,4.7
3916,5565,951,5,8,2025-09-28,Franklin,Residential,0,0,190.19,1.14,1.31,35.31,32.99,1,0,0,37,247,4.1
3917,5566,1272,2,6,2025-09-28,Nolensville,Commercial,0,0,1010.54,2.39,1.66,51.53,252.34,1,0,0,25,240,4.9
3918,5567,683,2,2,2025-09-28,Spring Hill,Residential,1,0,614.83,2.53,2.6,90.94,159.95,1,0,0,36,148,5.0
3919,5568,1016,2,6,2025-09-28,Nashville,Residential,1,1,558.32,2.38,2.53,78.38,138.53,1,0,0,19,95,5.0
3920,5570,129,1,6,2025-09-28,Franklin,Residential,1,1,353.46,1.86,1.92,59.42,83.84,1,0,0,43,142,5.0
3921,5572,1359,1,1,2025-09-28,Nolensville,Residential,0,1,464.3,2.36,2.44,82.81,107.82,1,0,0,55,132,4.7
3922,5574,777,6,1,2025-09-29,Nolensville,Residential,0,0,1823.35,3.25,2.75,93.55,714.23,1,0,0,27,292,4.5
3923,5575,154,5,5,2025-09-29,Nashville,Residential,0,0,174.84,1.44,1.72,61.76,27.4,0,0,0,32,136,4.6
3924,5576,114,5,5,2025-09-29,Spring Hill,Residential,0,0,157.51,1.04,1.04,37.35,21.62,1,0,0,59,278,4.9
3925,5577,951,2,3,2025-09-29,Franklin,Residential,0,0,561.89,2.61,2.26,65.49,147.18,1,0,0,29,240,4.6
3926,5578,562,3,7,2025-09-29,Spring Hill,Residential,1,0,10480.22,18.59,18.79,657.48,6322.82,1,0,0,34,225,4.8
3927,5579,758,5,2,2025-09-29,Nashville,Commercial,0,0,316.15,1.24,1.47,51.6,51.78,1,0,0,37,240,4.7
3928,5581,1397,5,1,2025-09-29,Spring Hill,Residential,0,0,224.6,1.29,0.69,23.6,36.9,1,1,1,45,269,3.8
3929,5582,1163,1,5,2025-09-29,Nolensville,Residential,0,0,375.65,2.61,2.99,107.52,85.61,1,0,0,45,218,4.2
3930,5583,50,1,8,2025-09-29,Franklin,Residential,1,0,504.14,1.96,2.23,60.19,125.61,1,0,0,45,187,4.4
3931,5584,114,1,2,2025-09-29,Spring Hill,Residential,0,0,440.48,1.75,1.9,66.33,86.3,1,0,1,23,283,4.9
3932,5585,1223,5,6,2025-09-29,Brentwood,Residential,0,0,200.23,1.04,1.17,36.16,32.22,1,0,0,10,295,4.8
3933,5587,262,1,8,2025-09-29,Franklin,Residential,0,1,477.13,2.24,2.31,62.31,106.52,1,0,1,71,130,4.2
3934,5588,1236,1,5,2025-09-29,Nashville,Residential,1,0,373.18,2.37,2.43,87.57,103.75,1,0,0,33,258,4.5
3935,5590,392,5,3,2025-09-29,Franklin,Residential,1,0,238.7,1.44,1.17,33.88,29.13,0,1,0,32,186,4.3
3936,5591,19,6,1,2025-09-30,Nashville,Residential,0,0,1363.23,3.1,3.35,113.9,517.8,1,0,0,33,205,4.4
3937,5593,488,1,7,2025-09-30,Franklin,Residential,1,0,325.24,2.71,2.75,96.4,84.26,0,0,0,42,211,4.4
3938,5594,162,1,4,2025-09-30,Nolensville,Residential,0,1,705.07,2.25,2.67,74.74,158.26,0,1,0,48,89,4.3
3939,5596,853,1,4,2025-09-30,Brentwood,Residential,0,0,416.55,2.71,2.69,75.38,80.04,1,0,0,49,215,4.2
3940,5597,1117,5,3,2025-09-30,Nashville,Residential,1,0,183.66,1.28,1.31,37.97,26.11,1,0,0,22,234,4.8
3941,5599,717,5,1,2025-09-30,Nolensville,Residential,0,0,180.78,1.22,0.91,30.86,29.04,1,0,0,14,225,5.0
3942,5601,1339,1,3,2025-09-30,Franklin,Residential,0,1,614.7,2.23,2.23,64.62,134.58,1,0,0,52,82,4.6
3943,5602,486,2,5,2025-09-30,Franklin,Commercial,0,0,844.68,2.37,2.77,99.74,159.29,1,0,0,40,190,4.7
3944,5603,706,1,1,2025-09-30,Nolensville,Commercial,0,1,800.06,2.07,1.65,56.12,162.94,1,0,1,43,20,4.9
3945,5606,167,5,8,2025-09-30,Brentwood,Residential,0,0,156.78,1.18,1.31,35.35,22.15,0,0,0,31,165,3.9
3946,5607,505,5,6,2025-09-30,Franklin,Commercial,0,0,315.64,1.3,1.57,48.59,53.13,1,0,0,64,293,4.9
3947,5608,278,1,2,2025-09-30,Nolensville,Residential,0,0,621.35,1.96,1.53,53.47,107.16,1,0,0,32,306,4.9
3948,5609,1144,1,7,2025-09-30,Spring Hill,Residential,0,0,656.37,2.1,2.38,83.23,165.76,1,0,1,43,208,5.0
3949,5610,1230,5,1,2025-09-30,Spring Hill,Residential,1,0,167.68,1.14,1.28,43.6,23.13,1,0,0,23,210,5.0
3950,5611,1367,1,8,2025-09-30,Nashville,Residential,1,1,336.97,2.25,2.98,80.41,82.46,1,0,0,20,53,4.5
3951,5612,81,5,4,2025-10-01,Franklin,Residential,0,0,218.91,1.19,1.05,29.36,30.2,1,0,1,45,261,4.7
3952,5613,274,2,7,2025-10-01,Brentwood,Residential,0,0,445.54,2.77,1.65,57.77,106.18,0,0,0,23,216,4.8
3953,5614,1410,6,3,2025-10-01,Nashville,Residential,0,0,1094.45,4.08,3.04,88.24,442.14,1,0,0,26,285,4.4
3954,5615,786,1,3,2025-10-01,Franklin,Residential,0,0,393.15,2.12,2.66,77.14,97.66,1,0,1,43,294,4.9
3955,5616,381,1,4,2025-10-01,Spring Hill,Residential,0,0,415.7,1.93,2.34,65.57,83.09,1,0,0,41,310,4.5
3956,5617,813,1,7,2025-10-01,Nolensville,Residential,0,0,484.78,2.5,2.44,85.33,126.79,0,1,0,38,234,4.1
3957,5618,1012,5,6,2025-10-01,Brentwood,Residential,0,0,219.42,1.05,1.13,35.09,35.2,1,0,0,28,343,4.7
3958,5619,1443,2,5,2025-10-01,Spring Hill,Residential,1,1,467.79,2.14,2.1,75.46,106.99,1,0,0,45,66,4.7
3959,5620,1265,6,1,2025-10-01,Franklin,Residential,0,0,788.99,3.34,3.24,110.0,312.63,1,0,0,66,187,5.0
3960,5622,810,3,7,2025-10-01,Nashville,Residential,0,0,9214.5,18.18,23.87,835.43,5200.22,1,0,0,39,153,4.6
3961,5623,532,5,1,2025-10-01,Nashville,Residential,0,0,179.28,1.31,1.2,40.89,23.66,1,0,0,35,318,4.9
3962,5624,111,1,3,2025-10-01,Nashville,Residential,0,0,429.04,2.21,1.92,55.58,75.35,1,0,0,33,271,4.8
3963,5625,1369,1,4,2025-10-01,Nashville,Residential,1,0,479.17,1.97,2.05,57.29,106.97,1,0,0,50,272,4.6
3964,5626,825,4,7,2025-10-01,Nashville,Residential,0,0,2216.75,10.8,10.87,380.57,807.74,1,0,0,28,362,4.5
3965,5627,1423,6,4,2025-10-01,Nashville,Residential,0,0,1120.52,4.13,4.34,121.39,494.03,1,0,0,47,237,4.6
3966,5628,1183,1,5,2025-10-01,Spring Hill,Residential,1,1,656.52,2.47,1.85,66.71,163.94,1,0,0,42,36,4.5
3967,5629,894,2,4,2025-10-01,Brentwood,Residential,1,0,580.9,2.77,3.64,102.0,137.83,1,0,0,48,281,4.5
3968,5630,631,3,7,2025-10-01,Nashville,Residential,0,0,9839.49,16.37,11.68,408.76,5837.7,0,1,0,18,298,4.1
3969,5631,932,4,5,2025-10-01,Franklin,Residential,0,0,2936.8,10.43,7.89,284.05,863.12,1,0,0,42,247,4.7
3970,5632,780,1,7,2025-10-01,Nashville,Residential,0,0,453.81,1.96,1.84,64.43,109.69,1,0,0,45,271,4.8
3971,5633,586,4,5,2025-10-01,Nashville,Residential,0,0,2703.81,9.54,9.27,333.54,861.24,1,0,0,33,235,5.0
3972,5634,1031,3,5,2025-10-01,Nashville,Residential,0,0,12228.87,16.83,15.23,548.45,6355.42,1,0,0,51,274,4.5
3973,5635,666,7,8,2025-10-01,Spring Hill,Commercial,0,0,2285.31,4.31,4.51,121.7,550.54,0,1,0,23,146,4.0
3974,5636,1167,5,8,2025-10-01,Nolensville,Residential,0,0,206.99,1.28,1.34,36.13,27.17,1,0,0,67,167,4.2
3975,5637,538,6,4,2025-10-01,Spring Hill,Residential,1,0,928.36,3.81,4.75,132.94,331.44,1,0,0,11,260,4.7
3976,5639,747,6,1,2025-10-02,Nashville,Residential,0,0,1166.39,3.43,3.36,114.35,413.87,1,0,0,17,327,4.4
3977,5640,614,1,1,2025-10-02,Franklin,Residential,0,1,557.55,2.24,2.37,80.68,120.29,1,0,0,24,156,4.9
3978,5641,1318,1,1,2025-10-02,Spring Hill,Residential,1,0,359.02,2.6,2.18,73.96,78.14,1,1,0,63,212,4.3
3979,5645,364,6,2,2025-10-02,Spring Hill,Residential,1,0,862.32,3.46,2.39,83.71,326.91,1,0,0,54,175,4.9
3980,5647,796,2,1,2025-10-02,Nolensville,Residential,0,0,441.37,2.6,2.06,70.06,98.96,1,0,0,58,204,4.7
3981,5648,1275,1,4,2025-10-02,Brentwood,Residential,1,0,744.58,2.32,2.84,79.49,200.03,1,0,0,36,303,4.5
3982,5649,1054,3,5,2025-10-02,Franklin,Residential,1,0,7755.5,19.25,24.18,870.36,4446.13,0,1,0,47,66,4.4
3983,5651,560,6,5,2025-10-02,Nashville,Residential,0,0,936.28,3.32,2.8,100.67,372.46,0,1,0,24,251,4.1
3984,5652,222,7,2,2025-10-02,Nolensville,Residential,0,0,1369.41,4.43,3.76,131.51,406.29,1,0,0,41,288,4.9
3985,5655,335,5,6,2025-10-03,Franklin,Residential,1,0,206.46,1.24,1.3,40.29,30.04,1,0,0,50,140,4.5
3986,5657,93,7,8,2025-10-03,Nolensville,Residential,0,0,1316.31,4.63,4.87,131.49,308.57,1,0,0,43,216,4.5
3987,5658,1102,5,1,2025-10-03,Franklin,Residential,0,0,240.35,1.21,1.03,34.92,45.14,1,0,0,24,254,4.4
3988,5659,78,5,8,2025-10-03,Nashville,Commercial,0,0,218.12,1.14,0.98,26.39,35.97,1,0,0,22,153,4.3
3989,5660,1187,7,5,2025-10-03,Franklin,Residential,0,0,1660.74,4.24,3.72,133.81,440.7,1,0,0,32,286,4.9
3990,5661,1128,2,3,2025-10-03,Nashville,Residential,0,0,520.98,2.6,2.95,85.62,112.84,1,0,0,36,374,4.8
3991,5662,1347,5,4,2025-10-03,Nashville,Residential,0,0,188.54,1.49,1.5,42.07,26.89,1,0,0,24,108,5.0
3992,5663,790,6,3,2025-10-03,Franklin,Residential,0,0,1247.63,3.93,4.37,126.8,466.76,1,0,0,24,311,4.4
3993,5665,51,1,3,2025-10-03,Spring Hill,Residential,1,1,514.38,2.11,2.81,81.6,121.58,1,0,0,50,95,4.9
3994,5666,748,6,7,2025-10-03,Franklin,Commercial,0,0,2123.89,3.29,2.56,89.74,791.96,1,0,0,26,229,4.8
3995,5667,1131,2,6,2025-10-04,Franklin,Residential,0,0,487.52,2.73,2.4,74.4,101.08,1,0,0,41,197,4.9
3996,5668,869,1,5,2025-10-04,Spring Hill,Residential,1,0,641.84,1.98,1.55,55.73,141.74,1,0,0,47,318,5.0
3997,5669,1117,5,3,2025-10-04,Nashville,Residential,1,0,222.91,1.57,1.52,44.0,25.59,1,0,0,49,194,4.5
3998,5672,716,3,7,2025-10-04,Nashville,Residential,1,0,8618.98,17.98,13.4,468.83,4459.79,1,0,0,63,203,4.5
3999,5673,782,6,7,2025-10-04,Brentwood,Residential,0,0,1164.87,3.33,3.56,124.52,411.02,1,0,0,20,179,4.5
4000,5674,585,1,7,2025-10-04,Nashville,Residential,0,0,369.82,1.79,1.44,50.55,90.05,1,0,0,41,291,4.7
4001,5675,1074,1,4,2025-10-04,Nashville,Residential,0,1,533.2,1.96,1.95,54.72,105.65,1,0,0,36,49,4.6
4002,5676,148,2,4,2025-10-04,Nashville,Residential,0,0,503.98,2.71,2.4,67.08,97.77,0,1,1,40,239,3.8
4003,5677,1413,2,3,2025-10-04,Brentwood,Residential,0,0,651.82,2.66,2.89,83.88,149.29,1,0,0,32,254,4.8
4004,5678,1298,2,4,2025-10-04,Brentwood,Residential,1,1,406.23,2.84,2.38,66.68,122.11,1,0,0,24,44,4.2
4005,5679,1300,1,1,2025-10-04,Brentwood,Residential,0,0,455.86,2.01,1.51,51.18,103.41,1,1,1,45,282,4.3
4006,5681,478,5,4,2025-10-05,Spring Hill,Residential,0,0,179.24,1.56,1.74,48.84,20.74,1,0,1,36,314,3.9
4007,5682,770,2,2,2025-10-05,Nolensville,Residential,0,1,664.67,2.61,2.99,104.64,132.97,1,0,0,55,66,4.7
4008,5683,1314,1,7,2025-10-05,Franklin,Residential,1,0,475.45,2.18,2.23,78.21,101.02,1,0,0,37,323,5.0
4009,5685,211,5,7,2025-10-05,Nashville,Residential,0,0,202.97,1.11,1.17,40.96,27.04,1,0,1,47,158,4.7
4010,5686,1354,1,5,2025-10-05,Nashville,Residential,1,1,370.42,1.98,2.11,75.8,77.08,1,0,0,26,26,4.9
4011,5687,936,2,8,2025-10-05,Nashville,Residential,1,0,388.76,2.42,3.43,92.63,94.26,1,0,0,29,359,4.0
4012,5688,964,6,3,2025-10-05,Franklin,Residential,1,0,955.51,2.87,2.94,85.26,383.96,1,0,0,39,381,4.5
4013,5689,938,2,2,2025-10-05,Nashville,Residential,1,0,377.1,2.15,2.35,82.35,93.29,1,0,0,30,145,5.0
4014,5690,483,1,4,2025-10-05,Nashville,Residential,0,1,550.49,1.74,1.75,48.94,122.19,1,0,1,62,20,4.2
4015,5691,853,5,6,2025-10-05,Brentwood,Residential,0,0,239.93,1.02,1.04,32.11,33.98,1,0,0,38,234,4.9
4016,5692,1316,5,5,2025-10-05,Brentwood,Residential,0,0,203.5,1.37,1.32,47.56,35.4,1,0,0,47,170,4.7
4017,5693,214,2,5,2025-10-05,Brentwood,Residential,0,0,522.42,2.65,3.14,113.15,132.61,1,0,1,34,240,4.9
4018,5694,212,5,7,2025-10-05,Nashville,Residential,0,0,161.57,1.16,1.15,40.22,24.47,1,0,0,50,172,4.7
4019,5695,1385,5,5,2025-10-06,Brentwood,Commercial,0,0,308.18,1.14,1.09,39.26,46.02,1,0,0,45,205,4.8
4020,5697,945,5,8,2025-10-06,Nolensville,Residential,0,0,288.22,1.49,1.44,38.81,44.06,0,1,0,40,138,3.9
4021,5699,332,5,4,2025-10-06,Nolensville,Residential,1,0,154.98,1.08,1.3,36.48,20.02,1,0,0,50,234,4.5
4022,5700,629,4,7,2025-10-06,Brentwood,Residential,0,0,2724.08,9.41,10.5,367.44,762.37,1,0,0,37,275,4.6
4023,5703,574,6,3,2025-10-06,Brentwood,Residential,0,0,1532.58,3.93,5.58,161.89,652.86,0,1,0,43,279,4.3
4024,5706,848,1,2,2025-10-06,Nolensville,Residential,0,0,435.55,2.3,2.38,83.4,99.14,1,0,0,53,109,4.6
4025,5707,827,1,3,2025-10-06,Spring Hill,Commercial,0,0,1250.45,1.61,1.34,38.96,239.59,1,0,0,39,282,4.9
4026,5709,184,1,7,2025-10-06,Spring Hill,Residential,0,0,453.21,2.53,1.85,64.78,105.83,1,0,0,44,187,4.7
4027,5710,712,2,7,2025-10-06,Nolensville,Commercial,0,0,955.46,2.59,2.66,93.26,202.13,1,0,0,55,316,4.7
4028,5711,695,1,4,2025-10-06,Nolensville,Residential,0,1,596.59,2.47,2.14,60.03,119.45,1,0,0,31,84,4.3
4029,5712,360,5,5,2025-10-07,Nashville,Residential,0,0,181.11,1.49,1.24,44.73,26.25,1,0,0,31,133,5.0
4030,5713,417,5,6,2025-10-07,Nashville,Residential,1,0,181.68,1.0,0.97,29.99,28.93,1,0,0,61,91,4.5
4031,5715,30,5,6,2025-10-07,Franklin,Residential,0,0,262.83,1.58,1.59,49.21,41.48,1,0,0,57,239,4.5
4032,5717,6,6,8,2025-10-07,Nashville,Residential,0,0,1224.69,3.49,3.31,89.31,444.3,1,0,0,19,176,4.4
4033,5720,1395,5,4,2025-10-07,Nashville,Residential,0,0,217.69,1.55,1.39,38.87,33.59,1,0,0,29,230,4.0
4034,5721,526,2,3,2025-10-07,Franklin,Residential,0,1,590.34,2.52,3.11,90.11,143.04,1,1,0,43,70,3.7
4035,5722,589,5,5,2025-10-07,Spring Hill,Residential,1,0,226.35,1.23,0.89,31.95,35.45,1,0,0,36,222,4.8
4036,5724,694,5,3,2025-10-07,Spring Hill,Residential,0,0,215.61,1.29,1.29,37.27,33.21,1,0,0,42,223,4.9
4037,5725,468,1,1,2025-10-07,Nashville,Residential,0,0,647.14,1.7,2.04,69.21,137.9,0,1,0,47,250,4.4
4038,5726,404,5,7,2025-10-07,Franklin,Residential,1,0,168.23,1.17,1.19,41.55,30.05,1,0,0,8,304,4.4
4039,5727,180,1,6,2025-10-07,Nashville,Residential,0,0,459.01,2.12,2.12,65.74,108.22,1,0,0,55,149,4.7
4040,5728,439,1,2,2025-10-08,Brentwood,Commercial,0,0,942.76,2.17,1.65,57.89,173.33,0,0,1,40,253,4.9
4041,5730,642,2,8,2025-10-08,Brentwood,Residential,0,0,491.98,2.92,3.36,90.7,93.89,1,0,1,40,273,4.1
4042,5731,209,5,7,2025-10-08,Franklin,Residential,1,0,230.92,1.13,1.27,44.39,32.53,0,0,0,37,186,4.3
4043,5732,221,1,2,2025-10-08,Nashville,Residential,1,1,524.78,2.36,2.48,86.69,125.79,1,0,0,54,148,5.0
4044,5733,1433,5,6,2025-10-08,Nashville,Residential,1,0,217.56,1.21,1.04,32.26,37.47,1,0,0,61,293,4.8
4045,5734,293,2,8,2025-10-08,Nashville,Residential,0,0,645.99,2.76,2.27,61.31,142.14,0,1,0,36,292,4.0
4046,5737,1276,5,8,2025-10-08,Nashville,Residential,0,0,172.73,1.36,1.42,38.4,25.46,1,0,0,16,245,4.3
4047,5738,741,3,7,2025-10-08,Nashville,Residential,1,0,12901.22,19.2,22.82,798.58,6578.91,0,1,0,31,324,4.2
4048,5739,921,5,6,2025-10-08,Spring Hill,Residential,1,0,162.7,1.35,1.27,39.43,22.04,1,0,0,58,230,5.0
4049,5740,985,3,5,2025-10-08,Nashville,Residential,1,0,10287.21,20.85,20.65,743.54,5200.56,1,0,0,15,324,4.6
4050,5741,369,5,2,2025-10-08,Franklin,Residential,0,0,168.03,1.25,1.44,50.41,28.24,1,0,0,35,250,4.9
4051,5742,72,4,7,2025-10-08,Spring Hill,Residential,0,0,2180.35,9.55,10.9,381.42,757.19,1,0,0,51,190,5.0
4052,5743,255,5,6,2025-10-08,Franklin,Residential,1,0,270.29,1.18,1.39,42.98,33.77,1,0,0,47,231,4.8
4053,5746,500,1,7,2025-10-09,Nashville,Commercial,0,1,788.68,2.37,2.51,87.68,168.08,1,0,0,56,186,4.7
4054,5747,988,6,8,2025-10-09,Nashville,Residential,1,0,1314.41,3.33,4.17,112.51,518.54,1,0,0,32,285,4.3
4055,5748,513,4,5,2025-10-09,Nashville,Residential,1,0,2975.57,13.71,12.32,443.37,1061.44,1,0,0,8,246,5.0
4056,5750,234,5,2,2025-10-09,Brentwood,Commercial,0,0,449.41,1.25,0.67,23.28,68.6,0,0,0,40,205,4.9
4057,5751,568,1,2,2025-10-09,Nolensville,Commercial,1,0,729.68,1.86,2.03,71.0,150.79,1,0,0,71,318,4.7
4058,5752,113,1,4,2025-10-09,Nashville,Residential,1,1,423.65,2.56,2.8,78.46,117.51,1,0,0,57,76,4.2
4059,5753,936,2,8,2025-10-09,Nashville,Residential,1,0,382.02,2.67,2.11,57.03,99.16,1,0,0,46,267,4.0
4060,5754,431,7,3,2025-10-09,Franklin,Residential,0,0,1246.3,4.25,2.76,79.9,338.74,1,0,0,37,267,4.7
4061,5755,518,1,6,2025-10-09,Spring Hill,Residential,0,0,452.66,2.38,2.17,67.23,118.74,1,0,0,36,430,4.7
4062,5756,1116,5,1,2025-10-09,Nashville,Residential,1,0,181.82,1.36,1.4,47.52,27.43,1,0,0,13,321,5.0
4063,5758,852,3,7,2025-10-09,Spring Hill,Residential,1,0,11170.42,17.67,21.69,759.16,5615.19,1,0,0,55,205,4.9
4064,5759,346,1,4,2025-10-09,Brentwood,Residential,0,0,523.01,1.97,1.79,50.08,108.57,1,1,0,45,196,4.0
4065,5760,875,2,3,2025-10-10,Franklin,Residential,0,1,449.04,2.36,2.33,67.67,111.84,1,0,0,32,115,4.7
4066,5761,193,5,7,2025-10-10,Nashville,Residential,1,0,216.74,1.49,1.51,52.74,32.69,1,0,0,33,165,4.3
4067,5762,493,5,7,2025-10-10,Nashville,Commercial,0,0,415.8,1.18,1.43,49.98,59.25,1,0,0,45,200,4.3
4068,5764,1251,1,1,2025-10-10,Franklin,Residential,1,1,424.27,2.44,2.14,72.72,111.76,1,0,0,18,136,5.0
4069,5766,309,1,7,2025-10-10,Nashville,Residential,1,0,483.02,2.54,2.77,97.11,111.64,1,0,0,60,235,4.8
4070,5767,1039,2,6,2025-10-10,Franklin,Residential,0,0,473.76,1.99,1.57,48.79,114.92,1,0,0,56,186,4.2
4071,5768,814,5,7,2025-10-10,Spring Hill,Commercial,0,0,400.49,1.02,0.89,31.0,52.13,1,0,0,56,215,4.6
4072,5769,737,4,7,2025-10-10,Spring Hill,Residential,1,0,2616.98,9.66,10.93,382.54,794.78,1,0,0,36,183,4.7
4073,5770,339,5,4,2025-10-11,Brentwood,Residential,1,0,156.34,1.29,1.41,39.48,21.51,1,0,0,39,240,4.4
4074,5771,53,1,4,2025-10-11,Franklin,Residential,0,0,589.7,1.75,2.19,61.19,107.98,1,0,0,50,229,4.6
4075,5772,566,5,8,2025-10-11,Brentwood,Residential,0,0,197.27,1.34,1.71,46.29,30.28,0,0,0,37,257,4.6
4076,5773,566,5,6,2025-10-11,Brentwood,Residential,0,0,234.22,1.03,1.24,38.44,35.96,1,0,0,43,175,4.8
4077,5775,598,2,8,2025-10-11,Nashville,Residential,0,1,508.42,2.01,2.36,63.83,111.1,1,0,0,48,94,4.1
4078,5777,910,5,3,2025-10-11,Nolensville,Residential,1,0,219.68,1.06,1.34,38.78,39.14,1,0,0,20,290,4.4
4079,5781,600,2,8,2025-10-12,Nolensville,Residential,0,0,492.15,2.14,2.16,58.24,110.71,1,0,0,23,191,4.6
4080,5782,1195,2,4,2025-10-12,Nolensville,Residential,0,0,425.24,2.1,2.88,80.6,95.18,0,1,0,41,222,4.0
4081,5783,788,3,7,2025-10-12,Spring Hill,Residential,0,0,9712.11,19.54,21.91,766.75,6213.67,1,0,0,48,252,4.7
4082,5785,1361,1,4,2025-10-12,Nolensville,Residential,0,0,412.54,2.22,2.52,70.69,92.72,1,0,0,36,245,4.7
4083,5787,851,2,8,2025-10-12,Nashville,Residential,1,0,416.39,2.71,3.01,81.14,107.45,1,0,0,29,318,4.0
4084,5792,440,5,4,2025-10-13,Franklin,Residential,0,0,140.38,1.38,1.54,43.22,21.29,1,0,0,73,263,4.8
4085,5793,448,2,8,2025-10-13,Nashville,Residential,0,0,420.66,2.8,3.45,93.2,78.52,0,0,0,21,128,4.6
4086,5794,31,6,7,2025-10-13,Spring Hill,Residential,0,0,1283.91,2.86,2.98,104.28,465.15,1,0,0,23,245,4.9
4087,5795,1264,6,4,2025-10-13,Nolensville,Residential,0,0,1218.88,3.84,3.77,105.61,439.03,1,0,0,25,296,4.7
4088,5796,1133,5,4,2025-10-13,Nashville,Residential,1,0,193.59,1.19,1.12,31.3,30.11,1,0,0,49,266,4.8
4089,5797,1260,2,6,2025-10-13,Spring Hill,Residential,0,0,508.9,1.92,2.3,71.4,117.43,1,0,0,40,246,4.7
4090,5798,291,6,1,2025-10-13,Franklin,Residential,0,0,1275.63,3.6,3.53,119.94,507.95,1,0,0,32,225,4.3
4091,5799,351,1,5,2025-10-13,Brentwood,Residential,0,0,494.1,2.2,1.76,63.28,116.2,0,1,0,47,222,4.0
4092,5800,865,2,8,2025-10-13,Franklin,Residential,1,0,527.21,2.39,2.22,59.85,107.5,1,0,0,54,183,4.4
4093,5802,607,1,5,2025-10-14,Nolensville,Residential,0,0,431.09,2.52,1.98,71.2,108.83,1,0,0,47,207,5.0
4094,5803,204,6,3,2025-10-14,Franklin,Residential,1,0,965.15,3.62,3.49,101.14,364.44,1,0,0,38,206,4.2
4095,5805,1155,2,7,2025-10-14,Nashville,Residential,0,0,572.15,2.49,3.36,117.6,136.07,1,0,0,53,185,4.6
4096,5807,521,1,1,2025-10-14,Brentwood,Residential,0,0,693.12,2.3,2.2,74.8,164.94,1,0,0,42,204,4.6
4097,5808,996,3,7,2025-10-14,Brentwood,Residential,0,0,8196.89,18.7,21.54,753.86,3628.58,1,0,0,47,239,4.9
4098,5809,606,1,4,2025-10-14,Brentwood,Residential,0,0,444.64,2.24,1.77,49.44,96.02,0,0,1,54,235,4.7
4099,5813,538,2,2,2025-10-14,Spring Hill,Residential,1,1,405.8,2.1,1.07,37.54,112.39,1,0,0,44,80,5.0
4100,5814,1396,6,5,2025-10-14,Spring Hill,Residential,1,0,977.25,3.68,2.98,107.23,396.14,1,0,0,45,290,4.9
4101,5816,755,2,2,2025-10-14,Spring Hill,Residential,0,1,543.12,1.71,1.29,44.99,112.0,1,0,0,18,161,4.9
4102,5817,1052,1,4,2025-10-14,Spring Hill,Residential,1,0,475.63,2.25,2.52,70.43,122.94,1,0,0,16,248,4.2
4103,5818,1437,7,3,2025-10-14,Brentwood,Residential,1,0,1151.5,4.48,3.92,113.72,282.57,1,0,0,31,179,4.1
4104,5819,1076,5,4,2025-10-14,Nashville,Residential,0,0,213.87,1.31,1.11,31.22,28.17,1,0,0,50,272,4.4
4105,5820,798,4,7,2025-10-15,Nashville,Residential,1,0,2494.91,8.68,8.05,281.67,874.55,1,0,0,45,180,4.7
4106,5821,890,1,7,2025-10-15,Nolensville,Residential,0,0,635.75,2.43,2.17,75.94,124.29,1,0,0,37,224,4.7
4107,5823,1376,5,5,2025-10-15,Nashville,Residential,1,0,237.33,1.27,1.29,46.37,37.99,1,0,0,22,194,4.7
4108,5824,550,2,2,2025-10-15,Spring Hill,Residential,0,0,508.41,2.31,2.17,75.88,124.91,1,0,0,48,377,5.0
4109,5825,566,1,2,2025-10-15,Brentwood,Residential,0,0,609.59,2.39,2.2,76.93,121.39,1,0,1,41,276,4.7
4110,5826,51,2,8,2025-10-15,Spring Hill,Residential,1,0,442.79,2.46,3.23,87.3,120.45,1,0,0,42,380,4.4
4111,5827,1300,1,3,2025-10-15,Brentwood,Residential,0,0,556.96,1.86,1.55,45.02,105.46,1,0,0,59,275,5.0
4112,5828,56,5,6,2025-10-15,Spring Hill,Residential,0,0,236.47,1.44,1.15,35.63,36.97,1,0,0,48,185,4.7
4113,5831,681,3,7,2025-10-15,Brentwood,Residential,1,0,10536.85,16.95,18.87,660.49,5443.67,1,0,0,8,251,4.3
4114,5833,683,5,7,2025-10-15,Spring Hill,Residential,1,0,229.17,0.98,1.0,34.86,32.72,1,0,0,20,152,5.0
4115,5834,57,5,3,2025-10-15,Franklin,Residential,0,0,145.26,1.34,1.39,40.27,25.51,0,1,0,52,336,4.3
4116,5835,109,2,3,2025-10-15,Franklin,Residential,1,1,429.2,2.4,2.14,61.98,114.9,1,0,0,58,139,4.2
4117,5836,432,7,6,2025-10-15,Nashville,Commercial,0,0,2103.08,4.03,3.43,106.47,353.14,1,0,0,47,175,5.0
4118,5837,418,1,5,2025-10-15,Nolensville,Residential,0,0,538.23,1.83,1.25,45.05,100.84,1,0,0,29,245,4.5
4119,5838,1117,2,3,2025-10-15,Nashville,Residential,1,0,411.57,2.64,2.17,63.04,93.21,1,0,0,27,267,4.9
4120,5839,1029,2,6,2025-10-16,Brentwood,Commercial,0,0,968.13,2.26,1.82,56.29,208.3,1,0,1,29,210,4.6
4121,5840,829,1,2,2025-10-16,Nashville,Residential,0,0,489.97,2.38,1.68,58.67,118.8,1,0,0,47,203,4.6
4122,5841,707,2,7,2025-10-16,Franklin,Residential,0,0,472.0,2.82,2.58,90.46,110.12,1,0,0,28,128,5.0
4123,5842,1171,1,5,2025-10-16,Brentwood,Residential,0,0,427.81,1.99,1.62,58.17,90.07,0,0,0,19,221,4.3
4124,5843,833,6,1,2025-10-16,Franklin,Residential,0,0,1330.94,3.39,3.16,107.44,556.45,1,0,0,47,196,4.6
4125,5844,237,2,3,2025-10-16,Nashville,Residential,0,0,399.98,2.45,2.84,82.33,93.16,1,0,0,32,165,4.7
4126,5845,1264,6,2,2025-10-16,Nolensville,Residential,0,0,996.7,2.94,3.47,121.58,356.81,1,0,0,36,370,4.6
4127,5846,582,7,2,2025-10-16,Nashville,Residential,0,0,1162.15,4.61,4.42,154.73,276.34,1,0,0,41,212,5.0
4128,5847,340,5,2,2025-10-16,Franklin,Residential,0,0,143.74,1.11,0.51,17.74,20.71,1,0,0,34,280,5.0
4129,5849,1450,5,7,2025-10-16,Brentwood,Residential,1,0,170.4,1.44,1.74,60.75,25.14,1,0,0,48,367,4.7
4130,5850,353,6,8,2025-10-16,Nashville,Residential,0,0,1001.73,3.82,4.8,129.63,442.45,0,1,0,24,260,3.8
4131,5853,861,5,6,2025-10-16,Nashville,Residential,0,0,184.22,1.06,1.12,34.59,28.01,1,0,1,49,170,5.0
4132,5854,1060,1,4,2025-10-16,Nashville,Residential,0,0,424.04,2.21,1.64,45.96,106.71,1,0,0,34,237,4.2
4133,5856,661,2,6,2025-10-16,Nashville,Residential,1,1,447.05,2.06,1.69,52.42,114.91,1,0,0,52,117,5.0
4134,5857,619,6,8,2025-10-16,Nashville,Residential,1,0,1031.69,3.13,3.56,96.07,387.06,0,1,0,8,295,3.6
4135,5858,1313,2,5,2025-10-16,Franklin,Residential,0,1,560.15,2.08,2.05,73.62,134.44,0,0,0,50,76,4.5
4136,5859,161,1,2,2025-10-16,Franklin,Residential,1,0,359.16,2.31,2.19,76.68,98.6,1,0,0,15,285,4.8
4137,5861,1235,3,5,2025-10-17,Franklin,Residential,1,0,10290.98,15.28,10.06,362.13,5187.1,0,1,0,36,299,4.1
4138,5862,779,6,3,2025-10-17,Nashville,Commercial,0,0,1843.7,3.32,2.66,77.0,789.54,0,0,0,24,269,4.8
4139,5863,94,6,1,2025-10-17,Nashville,Residential,0,0,1310.72,4.11,2.74,93.28,572.05,0,1,0,8,254,4.5
4140,5864,1390,5,5,2025-10-17,Nashville,Residential,1,0,195.21,1.15,0.92,33.29,32.12,1,0,0,8,161,4.9
4141,5865,844,1,5,2025-10-17,Nashville,Residential,0,0,499.69,1.68,1.18,42.31,97.49,0,0,1,32,322,4.4
4142,5866,1157,2,5,2025-10-17,Nashville,Residential,1,0,460.83,2.3,2.73,98.37,88.85,1,0,0,25,171,4.6
4143,5867,29,1,1,2025-10-17,Brentwood,Residential,1,0,339.95,2.47,1.59,54.03,91.2,0,1,0,62,161,4.6
4144,5872,938,2,2,2025-10-17,Nashville,Residential,1,0,418.25,2.43,3.0,104.85,122.61,1,0,0,32,60,5.0
4145,5873,664,5,2,2025-10-18,Spring Hill,Residential,1,0,193.63,1.48,1.47,51.41,29.74,1,0,0,54,216,4.7
4146,5875,853,7,5,2025-10-18,Brentwood,Residential,0,0,1112.94,5.52,6.74,242.57,272.67,1,0,0,57,191,4.5
4147,5877,617,4,5,2025-10-18,Franklin,Residential,0,0,3003.22,9.74,9.47,340.83,847.73,1,0,0,26,270,4.3
4148,5879,925,7,6,2025-10-18,Nolensville,Residential,1,0,1061.77,4.94,5.66,175.41,249.1,1,0,0,33,263,4.3
4149,5881,520,2,2,2025-10-18,Nolensville,Residential,0,0,503.77,2.72,2.47,86.41,110.44,1,0,0,43,262,4.7
4150,5882,836,1,4,2025-10-18,Franklin,Residential,0,0,479.8,2.53,2.75,77.02,99.72,1,0,0,52,333,4.4
4151,5883,489,6,5,2025-10-18,Nashville,Residential,0,0,1658.67,3.56,4.22,151.76,643.58,1,0,0,25,94,4.6
4152,5884,1340,3,7,2025-10-18,Franklin,Residential,0,0,10798.55,18.43,21.42,749.69,4201.55,1,0,0,25,241,4.7
4153,5886,1001,5,5,2025-10-18,Brentwood,Commercial,1,0,307.11,1.16,1.3,46.96,58.18,1,0,0,40,201,5.0
4154,5887,916,2,5,2025-10-18,Nashville,Residential,0,0,490.26,2.62,2.36,84.87,98.2,1,0,0,33,174,4.7
4155,5888,699,5,6,2025-10-18,Spring Hill,Residential,0,0,169.04,1.02,0.91,28.13,26.84,1,0,1,44,352,4.7
4156,5890,79,1,3,2025-10-19,Franklin,Residential,0,0,469.89,2.25,2.33,67.56,94.36,0,1,0,48,315,4.1
4157,5891,398,2,3,2025-10-19,Nashville,Residential,1,1,560.24,2.3,1.83,52.97,130.06,1,0,0,44,20,4.3
4158,5892,338,1,5,2025-10-19,Nashville,Residential,0,0,354.04,2.11,2.1,75.73,78.83,1,0,0,20,278,5.0
4159,5894,1253,1,7,2025-10-19,Franklin,Residential,1,1,459.07,2.2,2.9,101.41,94.23,1,0,0,17,64,4.8
4160,5895,892,3,5,2025-10-19,Nashville,Residential,0,0,12060.17,16.85,21.07,758.35,6598.89,1,0,0,16,312,4.3
4161,5896,734,6,1,2025-10-19,Nashville,Residential,0,0,1375.0,3.57,2.86,97.32,558.41,1,0,0,17,209,4.8
4162,5897,910,1,2,2025-10-19,Nolensville,Residential,1,0,519.5,2.2,1.94,67.96,124.56,1,0,0,56,260,4.6
4163,5898,276,5,3,2025-10-19,Nashville,Residential,0,0,205.38,1.23,1.28,37.02,31.26,1,0,1,55,195,4.3
4164,5900,1307,5,5,2025-10-19,Nashville,Commercial,0,0,305.82,1.38,1.48,53.26,43.5,1,0,0,36,233,4.4
4165,5901,416,1,5,2025-10-19,Nashville,Residential,1,0,507.41,2.26,2.5,90.08,143.25,1,0,0,12,287,4.4
4166,5902,561,1,7,2025-10-19,Nashville,Residential,1,0,283.5,2.61,2.78,97.29,76.98,1,0,0,46,264,4.7
4167,5904,855,1,3,2025-10-20,Spring Hill,Commercial,1,1,877.73,2.02,2.49,72.08,178.38,0,1,0,38,181,3.8
4168,5905,149,4,5,2025-10-20,Spring Hill,Residential,0,0,2249.65,10.03,7.02,252.56,702.69,1,0,0,20,166,4.7
4169,5906,1407,2,1,2025-10-20,Nashville,Residential,0,0,537.74,2.1,1.73,58.7,118.99,1,0,1,39,220,4.8
4170,5908,397,5,6,2025-10-20,Nashville,Residential,0,0,169.65,1.39,0.95,29.47,25.34,0,1,1,23,225,4.6
4171,5909,687,4,5,2025-10-20,Nolensville,Residential,0,0,3033.08,10.45,9.07,326.39,861.53,1,0,0,33,152,5.0
4172,5910,790,2,6,2025-10-20,Franklin,Residential,0,1,481.41,2.13,1.03,32.05,94.25,1,0,0,50,44,5.0
4173,5912,1440,4,5,2025-10-20,Spring Hill,Residential,0,0,1828.94,10.26,8.1,291.45,568.04,1,0,0,37,224,4.5
4174,5913,97,5,4,2025-10-20,Spring Hill,Residential,0,0,196.1,0.92,1.13,31.61,23.66,1,0,0,15,228,4.6
4175,5914,591,5,1,2025-10-20,Nashville,Residential,0,0,221.03,1.38,1.44,49.12,31.55,1,0,0,43,265,4.8
4176,5915,664,2,7,2025-10-20,Spring Hill,Residential,1,0,608.72,2.02,2.07,72.54,173.01,1,0,0,21,261,4.7
4177,5916,594,2,3,2025-10-20,Franklin,Residential,0,0,471.07,2.02,2.33,67.68,96.67,0,0,0,23,255,4.7
4178,5917,746,5,3,2025-10-20,Franklin,Residential,0,0,150.73,1.26,1.47,42.76,24.89,1,0,0,52,227,4.9
4179,5918,1355,1,6,2025-10-20,Spring Hill,Residential,0,0,573.59,2.24,2.63,81.45,115.37,1,0,0,8,305,4.2
4180,5919,440,1,4,2025-10-20,Franklin,Residential,0,0,489.81,1.84,2.3,64.31,103.73,1,0,1,22,235,4.3
4181,5920,853,4,7,2025-10-20,Brentwood,Residential,0,0,2658.11,9.73,9.22,322.58,883.65,0,0,0,45,176,4.5
4182,5921,425,4,7,2025-10-20,Nashville,Residential,0,0,2562.65,10.17,7.7,269.67,855.83,0,0,0,45,262,4.3
4183,5922,191,6,7,2025-10-21,Nolensville,Residential,0,0,1109.0,3.16,3.53,123.56,573.09,1,0,0,37,225,4.6
4184,5923,991,1,3,2025-10-21,Nashville,Residential,0,0,613.76,2.72,2.14,61.99,103.7,1,0,0,17,147,4.5
4185,5924,176,5,3,2025-10-21,Nashville,Residential,1,0,206.29,1.45,1.21,34.97,29.38,1,0,0,44,181,4.3
4186,5925,721,1,2,2025-10-21,Spring Hill,Residential,0,0,558.92,2.53,2.92,102.37,118.75,1,0,0,61,311,4.9
4187,5926,548,1,2,2025-10-21,Spring Hill,Commercial,1,0,651.51,2.39,2.29,80.1,180.42,1,0,0,27,264,5.0
4188,5927,1161,1,2,2025-10-21,Nashville,Residential,1,1,424.39,2.17,2.37,82.93,97.06,1,1,0,40,75,4.0
4189,5928,170,1,1,2025-10-21,Nashville,Residential,0,0,527.79,2.23,2.24,76.32,124.87,1,0,0,38,225,4.7
4190,5929,993,3,7,2025-10-21,Nolensville,Residential,0,0,11578.18,19.53,22.93,802.47,4815.74,1,0,0,45,282,4.2
4191,5931,307,1,7,2025-10-21,Brentwood,Residential,0,0,497.03,1.88,2.09,73.13,84.66,1,0,0,29,272,4.5
4192,5933,968,2,3,2025-10-21,Nolensville,Residential,1,0,366.92,2.21,2.48,71.95,99.0,1,0,0,60,188,4.7
4193,5935,499,3,7,2025-10-21,Franklin,Residential,0,0,10546.67,13.54,11.93,417.48,5081.5,1,0,0,36,141,4.7
4194,5937,1112,5,6,2025-10-21,Franklin,Residential,0,0,153.54,1.25,1.21,37.48,27.24,1,0,0,44,228,4.6
4195,5939,274,4,5,2025-10-21,Brentwood,Residential,0,0,1778.96,11.12,10.72,385.83,526.96,1,0,0,46,282,4.7
4196,5940,1008,1,2,2025-10-21,Franklin,Residential,0,0,536.1,2.57,2.26,79.01,106.21,1,0,0,8,290,4.8
4197,5942,623,1,2,2025-10-22,Nashville,Residential,0,0,562.24,1.92,1.93,67.43,103.51,1,0,0,46,302,5.0
4198,5945,840,5,3,2025-10-22,Nolensville,Residential,0,0,232.66,1.25,1.28,37.04,33.92,1,0,0,24,124,4.3
4199,5946,1181,4,7,2025-10-22,Nashville,Residential,0,0,2501.81,6.16,4.72,165.16,709.15,1,0,0,26,147,4.6
4200,5948,1102,3,7,2025-10-22,Franklin,Residential,0,0,14853.05,16.88,15.6,546.02,8880.21,0,1,0,23,222,3.8
4201,5949,925,1,6,2025-10-22,Nolensville,Residential,1,0,404.79,2.25,1.92,59.37,87.69,0,0,0,45,202,4.8
4202,5950,631,5,7,2025-10-22,Nashville,Residential,0,0,153.54,1.28,1.27,44.48,19.19,0,1,0,41,213,4.2
4203,5953,897,2,8,2025-10-22,Nashville,Residential,1,0,391.22,3.02,2.04,55.14,109.33,1,0,0,14,201,4.2
4204,5954,1421,5,6,2025-10-22,Nashville,Residential,0,0,151.45,1.37,1.49,46.12,28.62,1,0,0,58,183,4.8
4205,5955,468,2,6,2025-10-22,Nashville,Residential,0,0,538.9,2.44,1.64,50.91,104.99,1,0,0,47,231,4.5
4206,5956,351,3,7,2025-10-23,Brentwood,Residential,0,0,10307.62,19.75,21.56,754.6,4885.16,0,1,0,78,281,4.3
4207,5958,1026,5,3,2025-10-23,Nashville,Residential,1,0,181.18,1.49,1.23,35.64,29.2,1,0,0,25,355,4.4
4208,5959,1145,5,6,2025-10-23,Nashville,Residential,0,0,192.79,1.29,1.39,43.03,30.49,1,0,0,39,308,4.3
4209,5961,648,1,6,2025-10-23,Brentwood,Residential,0,0,457.22,2.24,2.57,79.8,93.59,1,0,0,24,235,4.9
4210,5962,1081,1,7,2025-10-23,Brentwood,Residential,1,0,570.33,2.07,2.2,77.04,125.7,1,0,0,27,220,4.7
4211,5964,589,1,8,2025-10-23,Spring Hill,Residential,1,1,430.69,2.33,2.38,64.36,101.45,0,0,0,51,82,3.7
4212,5965,1274,5,4,2025-10-23,Nashville,Residential,0,0,162.08,1.22,1.2,33.48,26.01,0,0,0,48,192,4.4
4213,5970,50,1,6,2025-10-23,Franklin,Residential,1,0,480.05,1.84,1.47,45.6,111.46,1,0,0,8,332,5.0
4214,5971,1190,2,4,2025-10-24,Spring Hill,Residential,0,0,626.18,2.8,2.67,74.86,151.17,0,0,0,23,284,4.8
4215,5973,820,5,8,2025-10-24,Nashville,Residential,1,0,187.08,1.33,1.39,37.44,28.55,1,0,0,26,197,4.5
4216,5975,86,2,7,2025-10-24,Franklin,Residential,1,1,584.57,2.4,2.66,93.07,130.4,1,0,0,23,130,4.4
4217,5976,336,1,7,2025-10-24,Spring Hill,Residential,0,0,378.5,1.94,1.7,59.66,79.79,1,0,0,48,240,4.5
4218,5977,114,1,8,2025-10-24,Spring Hill,Residential,0,1,630.22,2.28,2.94,79.42,149.38,1,0,0,40,206,4.1
4219,5978,7,1,3,2025-10-24,Brentwood,Residential,0,0,377.95,2.29,2.6,75.34,88.15,1,0,0,28,183,4.5
4220,5979,1208,1,4,2025-10-24,Brentwood,Residential,0,1,700.28,2.06,2.09,58.63,171.04,1,0,0,36,51,4.3
4221,5980,1061,4,5,2025-10-24,Nashville,Residential,0,0,1565.33,10.83,11.17,402.0,623.41,1,0,0,29,322,4.9
4222,5982,367,1,3,2025-10-24,Nashville,Residential,0,1,670.46,2.51,2.66,77.1,165.22,1,0,0,42,127,4.5
4223,5983,906,1,2,2025-10-24,Spring Hill,Residential,0,0,586.24,2.46,2.95,103.22,110.61,1,0,0,46,213,4.9
4224,5985,1301,5,2,2025-10-24,Spring Hill,Residential,1,0,196.73,1.14,1.11,38.78,31.12,1,0,0,33,215,4.5
4225,5986,374,6,1,2025-10-25,Franklin,Residential,0,0,1076.35,3.81,4.98,169.3,454.8,1,0,0,59,216,4.6
4226,5987,1104,1,4,2025-10-25,Franklin,Residential,0,0,555.56,1.88,2.8,78.44,124.86,1,0,0,51,193,4.4
4227,5989,1120,5,3,2025-10-25,Brentwood,Commercial,0,0,291.35,1.38,1.43,41.53,34.22,0,1,0,54,102,4.4
4228,5990,225,5,1,2025-10-25,Spring Hill,Residential,1,0,228.65,1.37,1.13,38.58,26.39,1,0,0,53,193,4.9
4229,5991,849,6,3,2025-10-25,Brentwood,Residential,1,0,1666.08,3.68,3.77,109.22,548.62,1,0,0,27,233,4.4
4230,5992,247,5,8,2025-10-25,Spring Hill,Residential,0,0,200.08,1.52,1.82,49.24,25.58,1,0,0,42,247,4.6
4231,5995,189,4,7,2025-10-26,Nashville,Residential,0,0,2665.84,9.64,9.19,321.73,709.21,1,0,0,46,203,4.6
4232,5998,737,2,1,2025-10-26,Spring Hill,Residential,1,1,464.31,3.11,3.43,116.62,125.95,1,0,0,43,61,5.0
4233,5999,701,1,6,2025-10-26,Franklin,Residential,1,1,354.63,2.04,2.04,63.35,72.48,1,0,0,35,74,5.0
4234,6000,433,1,8,2025-10-26,Spring Hill,Residential,0,0,513.46,2.05,2.31,62.3,132.72,1,0,0,45,172,4.6
4235,6001,1175,2,3,2025-10-26,Spring Hill,Residential,0,1,655.74,2.31,1.73,50.3,125.98,0,0,0,45,116,5.0
4236,6003,245,5,6,2025-10-26,Franklin,Residential,0,0,237.89,1.16,1.2,37.17,32.25,1,0,0,50,222,4.7
4237,6004,627,3,7,2025-10-27,Spring Hill,Residential,0,0,10312.47,15.31,16.05,561.69,5287.08,1,0,0,13,177,4.9
4238,6006,667,6,6,2025-10-27,Nolensville,Commercial,0,0,2303.83,3.46,4.11,127.38,1066.65,1,0,0,38,297,4.7
4239,6007,409,3,5,2025-10-27,Franklin,Residential,1,0,9892.34,17.15,19.2,691.03,4570.49,0,0,0,42,239,5.0
4240,6008,989,4,7,2025-10-27,Brentwood,Commercial,0,0,3848.9,9.32,9.65,337.62,916.4,1,0,0,26,249,4.6
4241,6009,305,5,4,2025-10-27,Nolensville,Residential,0,0,190.64,1.19,1.35,37.86,23.61,1,0,0,41,335,4.4
4242,6011,886,1,5,2025-10-27,Brentwood,Residential,0,0,634.91,2.03,2.01,72.22,118.06,1,0,0,60,173,4.7
4243,6012,1320,1,7,2025-10-27,Nolensville,Commercial,0,0,803.37,2.26,2.58,90.18,134.77,1,0,1,30,205,5.0
4244,6013,770,1,7,2025-10-27,Nolensville,Residential,0,1,767.41,2.28,2.64,92.5,173.67,1,0,0,38,54,4.7
4245,6017,205,2,7,2025-10-27,Franklin,Residential,1,0,390.35,2.57,2.59,90.56,94.72,1,0,0,28,241,4.3
4246,6018,246,5,6,2025-10-27,Nashville,Residential,0,0,249.88,1.23,1.06,32.98,38.33,1,0,0,49,136,4.4
4247,6019,200,7,8,2025-10-27,Nashville,Residential,0,0,1336.8,5.39,5.04,136.05,314.11,1,0,0,40,210,4.8
4248,6020,282,1,2,2025-10-28,Nashville,Residential,1,0,765.23,2.63,1.6,55.91,125.3,1,0,0,62,250,5.0
4249,6021,371,2,1,2025-10-28,Nashville,Residential,0,0,504.43,2.21,2.38,80.87,117.74,1,0,0,23,278,4.5
4250,6022,74,5,8,2025-10-28,Brentwood,Residential,1,0,173.26,1.19,1.09,29.35,30.02,1,0,0,20,182,4.4
4251,6023,1178,7,3,2025-10-28,Brentwood,Residential,0,0,962.57,4.93,5.77,167.3,250.03,1,0,0,51,211,4.5
4252,6024,681,5,1,2025-10-28,Brentwood,Residential,1,0,128.53,1.29,0.63,21.49,19.69,1,0,0,53,231,4.8
4253,6025,149,2,8,2025-10-28,Spring Hill,Residential,0,0,757.69,2.16,2.57,69.49,160.56,1,0,0,36,54,4.2
4254,6026,516,1,4,2025-10-28,Spring Hill,Residential,1,1,390.72,2.16,1.54,43.16,98.83,1,0,0,25,20,4.4
4255,6028,1034,5,8,2025-10-28,Nashville,Residential,0,0,159.05,1.31,1.9,51.24,27.88,1,0,0,19,222,4.2
4256,6029,1348,6,6,2025-10-28,Franklin,Residential,0,0,1495.32,3.29,2.94,91.04,679.38,1,0,0,19,193,4.4
4257,6030,299,2,4,2025-10-28,Nashville,Residential,0,0,566.07,2.27,2.09,58.59,132.38,1,0,0,52,268,4.8
4258,6031,1413,1,8,2025-10-28,Brentwood,Residential,0,1,513.49,2.47,2.93,79.0,122.38,0,1,0,33,62,3.5
4259,6032,1090,6,3,2025-10-28,Brentwood,Residential,0,0,902.68,4.2,5.06,146.78,388.69,1,1,0,34,279,4.1
4260,6034,700,1,4,2025-10-28,Spring Hill,Residential,1,0,458.17,2.07,1.97,55.29,90.06,1,0,0,14,294,4.8
4261,6035,1279,5,1,2025-10-29,Nashville,Residential,0,0,141.34,1.54,1.46,49.63,24.53,1,0,0,50,229,5.0
4262,6037,1295,6,7,2025-10-29,Franklin,Residential,0,0,1246.51,3.61,3.71,129.89,473.28,1,0,0,40,228,4.7
4263,6038,1196,6,6,2025-10-29,Nashville,Commercial,1,0,2532.29,3.78,4.52,140.16,1024.02,1,0,0,35,203,4.4
4264,6039,177,1,8,2025-10-29,Nashville,Residential,0,1,609.58,2.0,1.95,52.53,127.58,1,0,1,27,20,4.5
4265,6041,994,3,7,2025-10-29,Franklin,Residential,1,0,12631.87,16.09,21.38,748.17,6644.03,1,0,0,23,247,5.0
4266,6042,63,6,2,2025-10-29,Spring Hill,Residential,0,0,1043.55,2.76,2.9,101.66,485.01,1,0,0,49,386,4.7
4267,6043,1300,5,6,2025-10-29,Brentwood,Residential,0,0,184.19,1.36,1.35,41.93,28.19,1,0,1,41,293,5.0
4268,6044,1273,1,7,2025-10-29,Nolensville,Residential,0,0,365.18,2.77,3.02,105.67,86.02,1,0,0,25,262,4.3
4269,6045,462,1,8,2025-10-29,Nashville,Commercial,1,0,560.66,2.25,2.65,71.43,138.66,1,0,0,47,179,4.2
4270,6048,1065,1,3,2025-10-29,Nashville,Residential,0,1,425.53,2.38,2.46,71.2,95.06,1,0,1,44,50,4.8
4271,6049,629,2,1,2025-10-29,Brentwood,Residential,0,0,454.31,2.44,2.06,70.1,96.92,1,0,0,51,310,4.7
4272,6051,812,3,5,2025-10-29,Spring Hill,Commercial,1,0,17425.34,18.82,20.2,727.2,7575.76,1,0,0,57,236,4.8
4273,6052,19,5,7,2025-10-29,Nashville,Residential,0,0,247.57,1.37,1.42,49.54,37.64,1,0,0,57,166,5.0
4274,6053,148,2,4,2025-10-29,Nashville,Residential,0,1,537.94,2.36,2.36,66.14,128.49,1,0,0,46,87,4.5
4275,6054,249,7,3,2025-10-29,Spring Hill,Residential,0,0,1354.25,4.56,4.87,141.3,345.81,1,0,0,43,263,4.8
4276,6055,610,4,7,2025-10-29,Franklin,Residential,0,0,2391.18,11.67,10.24,358.56,924.68,0,1,0,33,261,4.4
4277,6056,87,1,5,2025-10-29,Spring Hill,Residential,0,0,351.63,2.13,1.67,60.13,82.59,1,0,0,34,220,4.7
4278,6057,205,1,3,2025-10-29,Franklin,Residential,1,0,387.43,2.19,1.82,52.86,100.91,1,0,0,34,197,4.6
4279,6058,1083,5,7,2025-10-29,Nolensville,Residential,0,0,176.09,1.07,1.08,37.84,23.77,1,0,0,39,143,4.7
4280,6059,1072,1,7,2025-10-30,Nashville,Commercial,0,0,835.2,2.35,2.45,85.92,210.37,1,0,0,17,348,4.7
4281,6060,1411,1,7,2025-10-30,Nashville,Residential,0,1,504.58,2.35,2.29,80.17,114.02,0,0,1,41,115,4.6
4282,6062,99,1,3,2025-10-30,Spring Hill,Residential,1,0,370.02,2.5,2.52,73.19,91.32,1,0,0,27,205,4.4
4283,6063,803,1,2,2025-10-30,Spring Hill,Residential,0,0,437.46,2.3,2.29,80.03,89.52,1,0,0,41,202,4.8
4284,6064,712,6,2,2025-10-30,Nolensville,Commercial,0,0,1742.32,3.47,3.57,125.01,682.49,1,0,0,29,178,4.8
4285,6065,702,1,3,2025-10-30,Nashville,Residential,0,0,655.89,2.91,3.15,91.26,114.1,1,0,0,39,271,4.8
4286,6066,866,2,4,2025-10-30,Spring Hill,Residential,0,1,569.3,2.1,1.92,53.8,115.38,1,0,0,25,20,4.3
4287,6067,1045,1,6,2025-10-30,Brentwood,Residential,1,1,430.65,1.95,2.01,62.37,101.17,1,0,0,48,182,4.7
4288,6069,596,4,5,2025-10-30,Spring Hill,Residential,1,0,2670.91,8.86,8.81,317.28,812.32,1,0,0,70,343,4.3
4289,6070,141,5,6,2025-10-30,Nashville,Residential,0,0,178.05,1.39,1.52,47.06,26.44,1,0,0,65,108,4.8
4290,6071,1014,5,1,2025-10-30,Nashville,Residential,0,0,199.86,1.64,1.16,39.28,31.64,1,0,1,21,300,5.0
4291,6073,181,1,2,2025-10-31,Nashville,Residential,0,0,479.99,1.63,1.86,65.15,94.74,1,0,0,47,232,4.6
4292,6076,1099,4,5,2025-10-31,Franklin,Residential,0,0,1902.72,10.41,13.93,501.33,585.73,1,0,0,47,170,4.8
4293,6078,224,5,4,2025-10-31,Nolensville,Residential,0,0,147.35,1.3,1.39,38.98,19.0,1,0,0,42,271,4.4
4294,6079,1278,4,7,2025-10-31,Franklin,Residential,1,0,3338.74,10.74,9.56,334.54,964.94,1,0,0,21,210,4.8
4295,6080,969,2,2,2025-10-31,Brentwood,Residential,0,0,431.77,1.78,2.14,74.89,95.29,1,0,0,33,305,5.0
4296,6081,1080,5,5,2025-10-31,Spring Hill,Residential,0,0,200.96,1.49,1.19,42.88,28.37,1,0,0,59,243,4.8
4297,6082,210,2,6,2025-10-31,Spring Hill,Residential,0,0,462.65,2.26,1.93,59.83,109.9,1,0,0,41,252,4.7
4298,6083,865,4,7,2025-10-31,Franklin,Residential,1,0,1852.02,9.07,8.24,288.41,594.71,1,0,0,24,271,4.0
4299,6085,1044,5,1,2025-10-31,Spring Hill,Residential,0,0,177.18,1.52,1.63,55.29,22.43,1,0,0,57,330,4.7
4300,6086,91,1,2,2025-10-31,Brentwood,Residential,1,1,491.33,1.71,1.52,53.16,134.01,1,0,0,51,84,5.0
4301,6087,1243,5,3,2025-10-31,Franklin,Residential,0,0,139.53,1.69,1.14,33.01,21.91,1,0,1,29,241,5.0
4302,6088,890,6,3,2025-10-31,Nolensville,Residential,0,0,1137.66,3.48,3.59,104.11,441.39,1,0,0,21,204,4.6
4303,6090,113,2,1,2025-10-31,Nashville,Residential,1,0,752.07,2.58,2.89,98.11,175.5,1,0,0,32,245,4.9
4304,6091,569,2,5,2025-10-31,Nashville,Residential,0,0,581.0,2.73,2.93,105.53,135.37,1,0,0,26,239,4.7
4305,6092,1141,4,5,2025-11-01,Franklin,Residential,0,0,1773.33,9.36,7.17,258.08,591.53,1,0,0,30,219,4.6
4306,6093,1001,6,7,2025-11-01,Brentwood,Commercial,1,0,2050.43,3.44,3.15,110.29,727.8,1,0,0,53,290,4.4
4307,6095,604,5,3,2025-11-01,Brentwood,Residential,0,0,211.77,1.34,1.24,36.02,30.42,1,0,1,34,286,4.6
4308,6096,882,3,5,2025-11-01,Brentwood,Residential,0,0,11162.53,22.04,14.55,523.76,6690.19,1,0,0,42,190,4.4
4309,6097,980,3,5,2025-11-01,Franklin,Commercial,1,0,16052.8,20.53,22.49,809.8,9648.23,1,0,0,27,299,4.5
4310,6098,1145,5,4,2025-11-01,Nashville,Residential,0,0,239.45,1.14,1.11,31.09,41.36,1,0,0,75,160,4.1
4311,6099,1159,6,3,2025-11-01,Franklin,Residential,0,0,1178.24,3.54,3.07,88.99,466.59,1,0,0,51,200,4.7
4312,6100,479,2,4,2025-11-01,Franklin,Residential,0,0,641.49,2.38,2.49,69.8,157.95,1,0,0,50,252,4.7
4313,6102,105,4,5,2025-11-01,Brentwood,Residential,0,0,1975.77,12.63,10.8,388.86,641.88,1,0,0,59,226,4.7
4314,6103,1083,4,7,2025-11-01,Nolensville,Residential,0,0,2328.4,12.23,13.98,489.38,773.02,1,0,0,38,232,4.6
4315,6104,742,5,3,2025-11-01,Brentwood,Residential,1,0,269.4,1.48,1.49,43.14,43.08,1,0,0,41,265,4.8
4316,6107,609,5,4,2025-11-02,Nashville,Residential,0,0,249.46,1.18,0.98,27.43,42.26,1,0,0,57,196,4.2
4317,6108,1254,2,4,2025-11-02,Brentwood,Residential,0,1,640.09,2.03,2.1,58.81,126.72,0,1,0,35,110,3.9
4318,6109,897,5,2,2025-11-02,Nashville,Residential,1,0,152.99,1.37,1.73,60.45,20.68,1,1,0,41,279,4.7
4319,6110,237,6,7,2025-11-02,Nashville,Residential,0,0,1028.62,3.99,3.88,135.74,441.52,1,0,0,54,284,4.3
4320,6111,152,7,6,2025-11-02,Nolensville,Residential,0,0,1283.08,4.99,5.49,170.28,272.23,1,0,0,71,259,4.8
4321,6112,1059,4,5,2025-11-02,Nashville,Residential,0,0,2735.86,7.67,6.1,219.69,918.98,1,0,0,30,202,5.0
4322,6114,15,1,1,2025-11-02,Nashville,Residential,0,0,462.06,2.37,1.89,64.3,102.05,1,0,0,30,223,4.9
4323,6116,312,5,6,2025-11-02,Franklin,Residential,0,0,187.31,1.18,1.45,44.8,28.36,1,0,0,35,241,5.0
4324,6117,293,5,6,2025-11-02,Nashville,Residential,0,0,246.51,1.41,1.3,40.3,30.56,1,0,0,40,233,4.8
4325,6118,569,5,6,2025-11-02,Nashville,Residential,0,0,224.05,1.58,1.36,42.24,31.71,1,0,1,33,240,4.8
4326,6120,664,5,1,2025-11-02,Spring Hill,Residential,1,0,229.5,1.43,1.5,50.97,29.73,1,0,0,44,277,4.8
4327,6121,1252,5,8,2025-11-02,Brentwood,Commercial,1,0,388.38,1.25,1.53,41.28,50.67,1,0,0,58,274,4.4
4328,6122,1290,4,7,2025-11-02,Franklin,Residential,0,0,2289.32,9.35,12.14,424.81,756.35,1,0,0,37,197,4.6
4329,6123,943,2,7,2025-11-03,Nolensville,Residential,1,0,450.99,2.36,1.89,66.17,109.1,1,0,0,62,273,4.0
4330,6124,1265,5,4,2025-11-03,Franklin,Residential,0,0,121.73,1.07,1.18,32.95,16.08,1,0,0,46,95,4.1
4331,6125,980,2,2,2025-11-03,Franklin,Commercial,1,0,698.24,2.4,2.18,76.25,194.21,1,0,0,40,161,5.0
4332,6127,1287,5,2,2025-11-03,Franklin,Residential,0,0,156.54,1.62,1.45,50.62,21.39,1,0,0,25,259,5.0
4333,6128,1051,7,6,2025-11-03,Brentwood,Residential,0,0,1509.64,4.71,4.4,136.47,398.73,1,0,0,32,156,4.8
4334,6129,687,1,2,2025-11-03,Nolensville,Residential,0,0,358.58,1.9,1.82,63.55,85.86,1,0,1,30,242,4.8
4335,6130,4,5,4,2025-11-03,Nashville,Residential,0,0,139.89,1.42,1.55,43.48,23.89,1,0,0,33,177,4.8
4336,6131,1173,1,8,2025-11-03,Nolensville,Commercial,1,1,1001.52,1.87,2.32,62.61,251.61,0,1,0,36,20,3.5
4337,6133,553,5,8,2025-11-03,Nashville,Residential,1,0,297.53,1.24,1.23,33.09,61.39,1,0,0,24,98,4.6
4338,6134,840,6,6,2025-11-03,Nolensville,Residential,0,0,961.76,3.88,3.52,108.99,302.06,1,0,0,55,192,4.8
4339,6135,126,7,6,2025-11-03,Nashville,Residential,0,0,1145.08,4.61,3.42,105.9,308.02,1,0,0,49,217,4.9
4340,6136,1387,5,8,2025-11-03,Franklin,Residential,0,0,208.03,0.96,0.99,26.77,30.57,1,0,0,49,265,4.3
4341,6139,927,1,2,2025-11-03,Nashville,Residential,1,0,466.98,2.27,1.57,55.06,108.69,1,0,0,42,287,5.0
4342,6140,718,2,5,2025-11-03,Nashville,Residential,1,0,453.71,2.23,2.05,73.73,123.38,1,0,0,10,242,4.7
4343,6141,575,5,7,2025-11-04,Franklin,Residential,0,0,200.22,1.34,1.33,46.41,25.55,1,0,0,37,227,4.9
4344,6143,56,7,3,2025-11-04,Spring Hill,Residential,0,0,1637.61,4.06,5.42,157.04,420.19,1,0,0,36,289,4.5
4345,6144,1087,1,8,2025-11-04,Nashville,Commercial,0,0,677.61,2.22,2.85,77.03,163.02,1,0,0,30,227,4.3
4346,6146,103,1,6,2025-11-04,Brentwood,Residential,1,1,576.29,1.92,1.84,57.09,153.75,1,0,0,21,71,4.8
4347,6147,425,1,4,2025-11-04,Nashville,Residential,0,1,436.93,2.4,2.6,72.68,97.89,1,0,0,48,48,4.5
4348,6148,920,5,4,2025-11-04,Spring Hill,Residential,0,0,235.37,1.35,1.56,43.65,36.45,1,0,0,12,166,4.6
4349,6149,986,1,1,2025-11-04,Franklin,Residential,0,0,513.72,2.27,2.46,83.57,94.42,1,0,1,39,159,4.7
4350,6151,738,2,5,2025-11-04,Nashville,Residential,1,0,619.76,1.88,1.74,62.59,178.51,1,0,0,9,340,4.8
4351,6152,192,2,1,2025-11-04,Brentwood,Commercial,1,0,821.04,2.12,1.21,41.01,188.67,1,0,0,39,154,5.0
4352,6153,155,2,2,2025-11-04,Spring Hill,Residential,1,0,316.06,1.96,2.07,72.29,85.84,1,0,0,54,420,4.9
4353,6154,193,5,7,2025-11-04,Nashville,Residential,1,0,228.51,1.38,1.51,52.89,29.0,1,0,0,35,182,4.3
4354,6155,976,2,4,2025-11-04,Spring Hill,Residential,0,0,364.69,2.24,2.3,64.43,74.69,1,0,0,29,260,4.1
4355,6156,527,2,5,2025-11-04,Franklin,Residential,0,0,581.78,2.37,2.3,82.65,106.18,1,0,0,38,181,4.7
4356,6157,700,1,8,2025-11-04,Spring Hill,Residential,1,0,480.5,2.08,1.97,53.32,119.44,1,0,0,56,387,4.5
4357,6159,1425,5,8,2025-11-04,Franklin,Residential,0,0,171.33,1.15,1.53,41.35,23.38,1,0,0,51,234,4.9
4358,6160,801,4,7,2025-11-04,Nashville,Residential,0,0,2809.55,10.44,10.39,363.8,835.41,1,0,0,46,269,4.8
4359,6162,944,3,7,2025-11-04,Franklin,Residential,0,0,7065.3,16.09,15.92,557.11,2851.25,1,0,0,14,226,4.6
4360,6163,427,2,1,2025-11-04,Nolensville,Residential,1,0,500.78,2.12,2.41,82.08,133.11,1,0,0,57,323,5.0
4361,6166,689,5,4,2025-11-04,Brentwood,Commercial,0,0,371.05,1.27,1.41,39.52,58.62,1,0,1,42,250,4.4
4362,6167,711,5,4,2025-11-05,Brentwood,Residential,0,0,268.38,1.45,1.47,41.06,27.34,1,0,0,64,147,4.6
4363,6168,102,2,2,2025-11-05,Nashville,Residential,0,0,548.53,2.59,2.23,78.18,109.84,1,0,0,43,245,4.8
4364,6169,437,4,5,2025-11-05,Brentwood,Residential,1,0,2207.79,10.52,9.83,353.89,722.2,0,0,0,49,273,4.1
4365,6170,406,6,1,2025-11-05,Nashville,Residential,0,0,1003.23,2.93,3.49,118.8,303.41,1,0,0,49,253,5.0
4366,6172,1246,7,1,2025-11-05,Spring Hill,Residential,1,0,1020.87,4.56,4.66,158.44,237.3,1,0,0,58,211,4.6
4367,6173,1232,2,2,2025-11-05,Franklin,Residential,0,0,529.31,1.91,1.29,45.12,117.5,1,0,0,30,116,5.0
4368,6174,473,7,1,2025-11-05,Nashville,Residential,1,0,950.89,4.4,5.33,181.21,264.43,1,0,0,12,236,4.5
4369,6175,1387,5,2,2025-11-05,Franklin,Residential,0,0,191.07,1.24,1.28,44.64,27.47,1,0,0,44,246,4.7
4370,6176,108,1,3,2025-11-05,Nashville,Residential,1,0,493.45,2.15,2.6,75.52,125.62,1,0,0,54,256,4.5
4371,6177,1302,1,1,2025-11-05,Brentwood,Commercial,0,0,950.97,2.29,2.06,69.88,234.43,1,0,0,54,235,5.0
4372,6178,16,1,1,2025-11-05,Brentwood,Residential,1,1,410.15,2.45,1.89,64.13,106.23,1,0,0,46,140,5.0
4373,6179,284,1,8,2025-11-05,Franklin,Residential,1,0,396.15,2.1,2.31,62.24,106.13,0,1,0,45,211,3.4
4374,6182,906,1,2,2025-11-05,Spring Hill,Residential,0,1,474.95,2.22,2.01,70.4,100.28,1,0,0,75,20,5.0
4375,6183,871,7,6,2025-11-05,Franklin,Commercial,0,0,1772.57,5.13,5.35,165.89,455.16,1,0,0,44,241,4.8
4376,6186,168,1,4,2025-11-05,Franklin,Residential,0,1,718.84,1.87,1.58,44.14,145.58,1,0,0,20,41,4.4
4377,6187,719,2,8,2025-11-05,Nashville,Residential,0,0,546.09,2.99,3.88,104.65,136.18,1,0,0,25,160,4.5
4378,6188,540,1,6,2025-11-06,Nashville,Residential,0,0,355.23,2.08,2.08,64.57,87.43,1,0,0,37,347,4.9
4379,6190,1083,6,5,2025-11-06,Nolensville,Residential,0,0,1345.91,3.19,3.94,141.68,521.64,1,0,0,26,226,4.5
4380,6194,711,1,3,2025-11-06,Brentwood,Residential,0,0,470.18,2.43,2.79,80.84,115.14,1,0,0,34,248,4.6
4381,6196,1137,1,8,2025-11-06,Spring Hill,Residential,0,0,558.44,2.41,3.2,86.48,128.89,0,1,1,24,225,3.7
4382,6199,1390,2,7,2025-11-06,Nashville,Residential,1,0,479.41,3.3,2.91,101.87,113.59,1,0,0,40,285,4.9
4383,6200,1033,5,2,2025-11-06,Brentwood,Residential,0,0,230.76,1.46,1.36,47.63,41.97,1,0,0,51,145,4.8
4384,6201,1303,7,7,2025-11-06,Franklin,Residential,0,0,993.15,4.7,3.77,131.9,255.38,0,1,0,32,300,3.9
4385,6202,1187,1,5,2025-11-06,Franklin,Residential,0,0,575.01,2.2,1.5,54.16,109.43,1,0,0,44,160,4.6
4386,6204,1175,1,6,2025-11-06,Spring Hill,Residential,0,0,459.3,2.14,2.2,68.16,98.1,1,0,0,65,154,4.9
4387,6206,244,5,6,2025-11-06,Spring Hill,Residential,0,0,189.41,1.43,1.58,49.05,28.3,0,1,0,47,178,4.2
4388,6207,473,1,6,2025-11-06,Nashville,Residential,1,0,373.8,2.39,2.41,74.83,81.48,1,0,0,35,299,4.9
4389,6208,501,1,3,2025-11-07,Nashville,Residential,0,1,830.93,2.17,2.32,67.4,187.5,1,0,0,39,52,4.6
4390,6209,675,2,8,2025-11-07,Spring Hill,Residential,0,0,608.23,2.4,3.24,87.49,143.95,1,0,0,50,361,4.7
4391,6210,1203,5,4,2025-11-07,Nolensville,Residential,0,0,225.33,1.55,1.38,38.76,32.78,1,0,0,26,203,4.5
4392,6212,10,5,5,2025-11-07,Franklin,Commercial,0,0,262.08,1.15,0.8,28.74,43.4,1,1,0,57,295,4.1
4393,6213,603,5,5,2025-11-07,Spring Hill,Residential,0,0,238.31,1.08,0.89,32.2,32.04,1,0,0,41,243,4.9
4394,6215,1298,1,4,2025-11-07,Brentwood,Residential,1,0,361.17,1.57,1.59,44.5,86.33,1,0,0,49,244,4.3
4395,6216,723,1,8,2025-11-07,Franklin,Residential,1,1,450.49,2.23,2.6,70.17,110.66,0,1,0,56,20,4.2
4396,6217,704,5,2,2025-11-07,Nashville,Residential,0,0,210.28,1.2,1.22,42.59,28.02,1,0,0,47,260,5.0
4397,6218,1102,6,7,2025-11-07,Franklin,Residential,0,0,1279.31,3.45,3.31,115.98,473.03,1,0,0,19,218,4.1
4398,6219,796,4,5,2025-11-07,Nolensville,Residential,0,0,1854.72,11.1,8.31,299.05,660.34,1,0,0,26,182,4.9
4399,6220,1175,2,2,2025-11-07,Spring Hill,Residential,0,0,627.84,2.03,1.79,62.7,120.07,1,0,0,52,298,5.0
4400,6221,1448,2,3,2025-11-07,Nashville,Residential,0,1,554.97,2.58,3.17,91.84,131.82,1,0,0,57,129,4.6
4401,6222,375,5,7,2025-11-07,Spring Hill,Residential,1,0,188.46,1.29,1.41,49.32,27.55,1,0,0,20,236,4.4
4402,6223,1136,1,8,2025-11-07,Nolensville,Commercial,0,0,671.09,1.8,1.6,43.25,144.64,1,0,0,56,328,4.6
4403,6226,334,2,5,2025-11-07,Brentwood,Residential,0,1,637.03,2.21,2.51,90.18,135.08,1,0,0,54,108,4.6
4404,6227,224,1,5,2025-11-07,Nolensville,Residential,0,0,577.16,2.23,2.83,101.78,137.27,1,0,1,40,206,4.7
4405,6228,979,2,8,2025-11-07,Franklin,Residential,0,1,476.22,2.54,2.37,64.01,93.35,1,0,1,44,104,4.6
4406,6229,94,5,8,2025-11-07,Nashville,Residential,0,0,201.5,1.32,1.29,34.86,33.33,1,0,0,26,120,4.3
4407,6230,1061,1,4,2025-11-07,Nashville,Residential,0,0,404.37,2.21,3.13,87.62,89.17,1,0,0,37,335,4.9
4408,6231,1290,1,2,2025-11-08,Franklin,Residential,0,0,486.88,2.43,2.34,81.86,102.83,1,0,0,39,199,4.8
4409,6232,187,6,4,2025-11-08,Franklin,Residential,0,0,958.73,3.71,4.66,130.47,459.09,1,0,0,38,206,4.5
4410,6233,753,5,6,2025-11-08,Brentwood,Residential,1,0,255.88,1.43,1.91,59.26,39.56,1,0,0,22,322,4.6
4411,6235,724,6,2,2025-11-08,Nolensville,Residential,0,0,1220.28,3.11,2.92,102.28,431.65,1,0,0,40,163,5.0
4412,6236,633,6,2,2025-11-08,Brentwood,Residential,1,0,1149.13,4.6,5.74,200.81,459.69,1,0,0,60,162,5.0
4413,6237,1354,1,1,2025-11-08,Nashville,Residential,1,1,352.85,2.05,2.19,74.4,99.95,1,0,0,45,73,5.0
4414,6240,694,5,4,2025-11-08,Spring Hill,Residential,0,0,223.09,1.0,1.02,28.44,29.39,1,0,1,22,261,4.0
4415,6248,364,3,7,2025-11-09,Spring Hill,Residential,1,0,11080.39,19.65,20.34,711.73,6844.25,1,0,0,50,128,4.9
4416,6249,501,1,7,2025-11-09,Nashville,Residential,0,0,490.32,2.23,1.54,53.78,93.84,1,0,0,50,217,4.6
4417,6250,324,3,7,2025-11-09,Nashville,Residential,0,0,9371.0,23.17,20.79,727.71,5242.31,0,1,0,63,243,3.5
4418,6252,510,2,8,2025-11-09,Franklin,Residential,1,0,462.76,2.22,2.12,57.17,124.27,0,0,0,61,301,4.6
4419,6253,962,5,7,2025-11-09,Spring Hill,Residential,0,0,208.75,1.12,0.95,33.28,25.04,1,0,0,42,202,5.0
4420,6254,705,2,3,2025-11-09,Franklin,Residential,1,1,347.34,2.81,2.79,80.87,98.76,1,0,0,20,100,4.5
4421,6255,1050,1,8,2025-11-09,Nashville,Residential,1,0,417.31,2.33,2.04,55.04,90.94,1,0,0,31,203,3.9
4422,6257,1318,1,2,2025-11-10,Spring Hill,Residential,1,1,519.54,2.2,2.14,74.88,104.7,1,0,0,60,241,5.0
4423,6259,51,1,6,2025-11-10,Spring Hill,Residential,1,0,418.37,2.01,2.6,80.72,105.49,1,0,0,33,183,5.0
4424,6260,818,1,1,2025-11-10,Spring Hill,Residential,0,1,700.08,2.03,2.08,70.76,135.34,1,0,1,28,78,4.9
4425,6262,708,1,5,2025-11-10,Nashville,Residential,0,0,460.1,2.39,2.54,91.38,67.79,1,0,0,27,224,5.0
4426,6263,524,1,4,2025-11-10,Nashville,Residential,0,1,514.54,2.42,2.71,75.77,107.45,0,1,0,77,48,4.2
4427,6266,951,4,5,2025-11-10,Franklin,Residential,0,0,2111.54,11.57,10.86,390.88,629.24,1,0,0,41,245,4.7
4428,6268,791,5,4,2025-11-10,Nashville,Residential,1,0,137.65,1.27,1.62,45.31,23.42,1,0,0,40,176,4.7
4429,6269,1334,2,4,2025-11-10,Brentwood,Residential,0,0,455.06,2.22,2.2,61.56,124.57,1,0,1,43,273,4.8
4430,6270,401,1,4,2025-11-10,Nashville,Residential,1,0,419.5,2.25,1.79,50.21,113.55,1,0,0,48,239,4.4
4431,6271,989,1,8,2025-11-10,Brentwood,Commercial,0,1,950.3,1.87,1.82,49.11,201.83,0,1,1,19,40,3.9
4432,6272,879,1,3,2025-11-10,Franklin,Residential,0,0,503.37,2.36,2.56,74.21,126.16,1,0,0,43,342,4.7
4433,6273,993,2,5,2025-11-10,Nolensville,Residential,0,0,481.36,2.63,2.29,82.59,108.9,1,0,1,49,396,5.0
4434,6274,729,6,3,2025-11-10,Spring Hill,Residential,0,0,1008.27,3.41,3.43,99.56,370.71,0,1,0,46,300,3.5
4435,6275,1081,5,8,2025-11-10,Brentwood,Residential,1,0,249.14,1.42,0.86,23.11,35.98,1,1,0,54,280,3.4
4436,6276,111,1,2,2025-11-11,Nashville,Residential,0,0,397.88,2.35,2.61,91.42,78.84,1,0,1,47,235,5.0
4437,6278,1367,2,4,2025-11-11,Nashville,Residential,1,0,512.2,2.34,2.27,63.46,137.83,1,0,0,32,203,4.6
4438,6280,432,5,2,2025-11-11,Nashville,Commercial,0,0,297.34,1.46,1.16,40.64,49.64,1,0,0,31,120,5.0
4439,6281,1197,1,7,2025-11-11,Nashville,Residential,1,0,393.54,2.38,1.79,62.51,90.77,1,0,0,49,187,4.7
4440,6283,91,5,8,2025-11-11,Brentwood,Residential,1,0,177.7,1.22,1.33,35.92,23.54,1,0,0,41,207,4.1
4441,6284,1060,5,8,2025-11-11,Nashville,Residential,0,0,196.93,1.17,1.31,35.36,26.02,1,0,0,18,259,4.5
4442,6285,1189,1,6,2025-11-11,Spring Hill,Commercial,1,1,681.26,1.75,1.81,56.16,156.48,1,1,0,55,122,3.9
4443,6288,471,2,4,2025-11-11,Spring Hill,Residential,0,0,513.79,2.47,2.33,65.3,102.26,1,0,0,27,168,4.7
4444,6289,836,1,3,2025-11-11,Franklin,Residential,0,1,424.64,2.35,1.96,56.96,85.48,1,0,0,49,99,5.0
4445,6290,556,1,4,2025-11-11,Franklin,Residential,1,0,354.01,1.81,2.21,61.82,75.15,1,0,0,29,268,4.3
4446,6291,1154,1,3,2025-11-11,Nashville,Residential,1,0,641.28,2.2,1.97,57.05,166.56,1,0,0,43,207,4.4
4447,6294,813,2,2,2025-11-11,Nolensville,Residential,0,0,361.61,2.39,2.7,94.51,92.64,1,0,1,34,319,4.8
4448,6296,604,5,8,2025-11-11,Brentwood,Residential,0,0,253.86,1.47,1.55,41.78,36.35,1,0,0,28,272,4.3
4449,6297,456,7,6,2025-11-12,Nashville,Residential,1,0,1050.34,5.45,6.56,203.48,272.63,0,0,0,48,128,4.4
4450,6298,193,2,8,2025-11-12,Nashville,Residential,1,0,446.64,3.1,3.03,81.74,118.24,1,0,0,20,166,4.1
4451,6299,703,5,4,2025-11-12,Nolensville,Residential,1,0,138.39,1.19,0.87,24.29,21.21,1,0,0,9,240,4.5
4452,6302,318,3,5,2025-11-12,Nashville,Residential,0,0,11311.41,16.46,12.53,451.11,5633.55,1,0,0,22,247,4.8
4453,6303,74,2,6,2025-11-12,Brentwood,Residential,1,0,592.08,3.09,2.63,81.44,142.47,1,0,0,45,245,5.0
4454,6304,66,6,2,2025-11-12,Nashville,Residential,0,0,1517.29,3.47,3.61,126.32,683.41,1,0,0,36,211,5.0
4455,6305,802,5,1,2025-11-12,Brentwood,Residential,0,0,167.41,1.48,1.56,52.96,24.02,1,0,0,30,189,5.0
4456,6306,644,5,4,2025-11-12,Spring Hill,Residential,1,0,217.67,1.42,1.52,42.66,29.93,1,0,0,42,196,4.9
4457,6307,1253,6,5,2025-11-12,Franklin,Residential,1,0,942.77,3.9,4.04,145.39,404.84,1,0,0,24,258,4.6
4458,6309,1439,3,5,2025-11-12,Spring Hill,Commercial,0,0,19101.95,17.66,16.01,576.23,9945.46,1,0,0,37,167,4.5
4459,6311,754,7,4,2025-11-13,Nolensville,Residential,0,0,1068.93,4.34,5.46,153.01,256.7,1,0,0,46,194,4.4
4460,6312,180,3,5,2025-11-13,Nashville,Residential,0,0,8910.46,17.84,16.61,597.89,4876.15,1,0,0,20,265,4.6
4461,6314,44,1,4,2025-11-13,Brentwood,Residential,0,0,465.75,2.05,1.59,44.61,94.57,1,0,0,60,345,4.4
4462,6315,497,1,7,2025-11-13,Nashville,Commercial,0,1,673.51,2.29,2.87,100.41,155.79,1,0,1,48,39,4.3
4463,6319,1109,6,8,2025-11-13,Nashville,Residential,0,0,1404.72,3.07,2.76,74.62,686.99,0,0,0,8,222,3.9
4464,6321,412,7,3,2025-11-13,Franklin,Residential,0,0,1968.06,4.12,3.69,106.97,418.61,1,0,0,31,232,4.3
4465,6322,186,1,8,2025-11-13,Nashville,Residential,0,0,466.22,2.35,2.83,76.5,113.91,1,0,1,44,253,4.4
4466,6323,352,2,3,2025-11-13,Nashville,Residential,1,1,636.24,2.56,1.78,51.69,128.93,1,0,0,32,74,4.8
4467,6324,872,5,7,2025-11-13,Franklin,Residential,1,0,166.71,1.16,1.04,36.41,25.21,1,0,0,30,248,4.4
4468,6325,6,1,8,2025-11-13,Nashville,Residential,0,0,480.92,2.32,2.1,56.61,103.2,1,0,0,20,284,4.2
4469,6327,1277,5,4,2025-11-13,Brentwood,Residential,1,0,178.03,1.38,1.52,42.44,29.38,0,1,0,49,184,4.6
4470,6328,992,6,8,2025-11-13,Spring Hill,Residential,0,0,1296.72,3.75,4.07,109.76,548.71,1,0,0,39,173,4.3
4471,6329,1402,1,5,2025-11-13,Brentwood,Residential,1,0,333.97,2.2,2.02,72.8,89.89,1,0,0,39,166,4.8
4472,6330,678,5,8,2025-11-13,Nashville,Residential,0,0,140.25,1.28,1.66,44.8,19.0,1,0,0,23,215,4.4
4473,6331,300,2,5,2025-11-13,Brentwood,Residential,0,1,571.39,2.73,2.15,77.48,125.86,0,0,0,47,20,4.6
4474,6332,567,5,6,2025-11-14,Franklin,Residential,0,0,172.13,1.19,0.97,30.09,22.19,1,0,0,42,202,4.8
4475,6333,923,2,6,2025-11-14,Franklin,Residential,0,0,656.87,2.48,2.88,89.19,147.56,1,0,0,37,301,4.8
4476,6335,34,1,6,2025-11-14,Franklin,Residential,0,0,374.2,2.07,2.45,75.99,67.62,1,0,0,38,265,4.8
4477,6336,1407,3,7,2025-11-14,Nashville,Residential,0,0,10161.42,18.58,16.1,563.56,4759.33,1,0,0,42,282,4.6
4478,6337,1441,3,7,2025-11-14,Nashville,Commercial,1,0,16998.45,19.49,25.34,887.07,7573.99,1,0,0,43,270,4.5
4479,6339,858,5,1,2025-11-14,Nashville,Residential,0,0,164.26,1.29,1.5,50.97,26.26,1,0,0,48,235,4.9
4480,6340,683,1,5,2025-11-14,Spring Hill,Residential,1,0,420.87,2.21,2.08,74.99,108.64,1,0,0,49,118,4.8
4481,6341,225,5,4,2025-11-14,Spring Hill,Residential,1,0,190.63,1.38,1.71,47.97,27.07,1,0,0,56,199,4.7
4482,6342,872,5,3,2025-11-14,Franklin,Residential,1,0,155.5,1.26,1.31,37.9,23.9,0,1,0,43,212,4.0
4483,6343,861,1,6,2025-11-15,Nashville,Residential,0,0,536.01,2.14,1.94,60.21,100.82,1,0,0,45,199,4.8
4484,6345,174,2,6,2025-11-15,Nashville,Residential,0,0,527.25,2.21,2.47,76.48,130.34,1,0,0,38,159,5.0
4485,6348,911,3,7,2025-11-15,Franklin,Commercial,0,0,23748.19,17.6,15.7,549.67,13085.61,1,0,0,17,286,4.3
4486,6349,664,1,6,2025-11-15,Spring Hill,Residential,1,0,349.95,2.16,1.74,53.99,100.38,0,0,0,67,185,5.0
4487,6351,111,1,4,2025-11-15,Nashville,Residential,0,1,379.16,2.7,3.05,85.28,81.51,1,0,0,43,53,4.3
4488,6352,789,2,3,2025-11-15,Nolensville,Residential,0,0,512.86,2.73,2.88,83.61,134.5,1,0,1,21,234,4.9
4489,6355,550,5,4,2025-11-15,Spring Hill,Residential,0,0,220.96,1.31,1.39,38.81,33.87,1,0,0,11,240,4.5
4490,6356,807,1,8,2025-11-15,Nashville,Commercial,0,0,806.29,2.32,2.91,78.61,206.53,1,0,0,45,218,4.2
4491,6357,1439,3,5,2025-11-16,Spring Hill,Commercial,0,0,25356.46,16.2,13.51,486.31,15018.92,1,0,0,16,159,4.7
4492,6358,659,6,8,2025-11-16,Nolensville,Residential,0,0,1079.05,3.14,4.21,113.74,491.91,1,0,0,54,169,4.2
4493,6359,451,4,5,2025-11-16,Franklin,Commercial,1,0,3247.17,9.4,10.34,372.16,1152.37,1,0,0,38,321,4.7
4494,6360,1113,5,3,2025-11-16,Nolensville,Residential,0,0,167.39,1.37,1.79,51.83,27.04,1,0,0,25,161,4.7
4495,6362,343,1,2,2025-11-16,Franklin,Residential,0,0,420.16,2.16,2.89,101.18,74.7,1,0,0,28,382,4.9
4496,6366,164,2,8,2025-11-16,Brentwood,Residential,1,0,429.32,1.64,1.61,43.5,146.42,1,0,0,24,138,4.0
4497,6367,1435,2,7,2025-11-16,Nashville,Residential,1,0,424.91,2.88,2.69,94.2,93.97,1,0,0,50,258,4.3
4498,6368,961,1,6,2025-11-16,Nashville,Residential,0,0,441.65,2.41,2.56,79.28,112.2,1,0,0,40,284,4.9
4499,6369,204,1,2,2025-11-16,Franklin,Residential,1,0,591.85,2.27,2.45,85.67,158.25,1,0,0,25,227,5.0
4500,6370,110,5,3,2025-11-16,Nolensville,Commercial,0,0,367.98,1.15,1.26,36.43,52.28,1,0,0,39,271,4.9
4501,6372,1421,5,5,2025-11-17,Nashville,Residential,0,0,150.78,1.17,0.83,29.87,22.8,1,0,0,31,283,4.7
4502,6373,1267,1,1,2025-11-17,Spring Hill,Residential,1,0,416.58,1.88,1.64,55.85,110.91,1,0,0,34,263,4.8
4503,6375,660,1,7,2025-11-17,Brentwood,Residential,0,0,425.12,2.04,1.91,66.9,90.59,1,0,0,35,279,4.7
4504,6377,275,1,2,2025-11-17,Nashville,Residential,0,0,448.2,2.2,2.37,83.11,96.18,1,0,0,50,197,5.0
4505,6378,953,6,5,2025-11-17,Brentwood,Residential,1,0,1599.61,3.51,3.05,109.91,645.64,0,1,0,34,205,4.1
4506,6382,121,1,4,2025-11-17,Spring Hill,Commercial,0,0,914.26,2.35,1.92,53.67,218.17,0,1,0,8,242,4.0
4507,6383,540,4,7,2025-11-17,Nashville,Residential,0,0,2814.51,11.24,9.86,345.22,867.06,0,0,0,47,313,4.9
4508,6385,153,6,7,2025-11-18,Franklin,Residential,1,0,1122.31,3.92,4.2,146.83,411.48,1,0,0,19,113,4.7
4509,6386,255,2,2,2025-11-18,Franklin,Residential,1,0,589.92,2.84,1.9,66.42,143.75,1,0,0,30,260,5.0
4510,6387,650,1,7,2025-11-18,Franklin,Commercial,1,0,410.27,1.95,1.77,62.01,70.73,1,0,0,20,277,4.0
4511,6388,858,1,6,2025-11-18,Nashville,Residential,0,1,567.38,2.18,2.14,66.49,82.89,1,0,0,58,82,5.0
4512,6389,371,4,7,2025-11-18,Nashville,Residential,0,0,2134.96,11.49,12.23,428.12,691.65,1,0,0,40,173,4.9
4513,6392,1011,1,5,2025-11-18,Brentwood,Residential,0,0,375.78,2.25,1.97,71.09,95.42,1,0,0,36,232,4.8
4514,6394,782,1,5,2025-11-18,Brentwood,Residential,0,0,447.12,2.33,2.26,81.25,90.42,1,0,0,39,276,4.9
4515,6395,1357,5,7,2025-11-18,Franklin,Residential,0,0,139.14,1.35,1.03,35.99,21.9,1,0,0,25,177,4.6
4516,6396,219,7,7,2025-11-18,Nolensville,Residential,0,0,1117.22,3.83,4.38,153.14,322.44,1,0,0,42,345,4.8
4517,6397,535,1,1,2025-11-18,Brentwood,Residential,1,0,407.3,2.07,2.19,74.53,90.65,1,0,0,44,261,4.9
4518,6398,629,3,5,2025-11-18,Brentwood,Residential,0,0,13540.6,13.74,12.64,455.16,7466.25,1,0,0,32,309,5.0
4519,6399,39,1,8,2025-11-18,Nashville,Residential,1,0,392.98,2.33,2.67,72.15,83.52,1,0,0,27,291,4.2
4520,6400,1403,5,1,2025-11-18,Spring Hill,Residential,0,0,235.17,1.41,1.05,35.71,27.27,1,0,0,29,258,4.7
4521,6401,106,1,2,2025-11-18,Spring Hill,Residential,0,1,595.29,1.95,1.97,68.96,155.15,1,0,0,47,20,4.4
4522,6404,733,1,5,2025-11-18,Nashville,Residential,1,1,603.4,2.15,2.12,76.45,169.6,0,1,0,32,20,4.0
4523,6406,1058,2,1,2025-11-18,Nashville,Residential,1,1,479.67,1.68,1.79,60.74,110.2,1,0,0,21,105,4.5
4524,6407,1405,5,1,2025-11-18,Nashville,Residential,1,0,169.87,1.62,1.47,49.99,26.69,1,0,0,34,271,5.0
4525,6409,153,1,3,2025-11-19,Franklin,Residential,1,0,467.03,2.59,2.1,60.79,90.1,0,0,0,39,254,4.9
4526,6410,822,1,4,2025-11-19,Franklin,Residential,0,0,493.17,2.42,1.8,50.48,116.67,0,0,0,43,210,4.3
4527,6411,1222,1,5,2025-11-19,Franklin,Residential,1,0,429.72,2.73,1.89,68.0,96.3,0,0,0,51,250,4.6
4528,6413,510,1,6,2025-11-19,Franklin,Residential,1,1,462.15,2.39,2.91,90.08,111.55,1,0,0,9,137,4.7
4529,6414,362,6,5,2025-11-19,Spring Hill,Residential,1,0,1088.22,4.04,3.93,141.45,528.65,1,1,0,42,296,4.4
4530,6415,201,5,1,2025-11-19,Nashville,Residential,0,0,208.55,1.31,1.24,42.27,34.36,0,1,0,25,264,4.1
4531,6416,469,5,6,2025-11-19,Brentwood,Residential,1,0,256.18,1.38,1.59,49.24,42.14,1,1,0,10,238,4.4
4532,6417,917,1,2,2025-11-19,Franklin,Residential,1,0,401.61,2.18,2.27,79.54,90.88,1,0,0,18,360,4.8
4533,6418,348,5,5,2025-11-19,Spring Hill,Residential,1,0,154.17,1.56,1.48,53.17,19.83,1,0,0,62,221,4.4
4534,6419,86,1,8,2025-11-19,Franklin,Residential,1,1,396.76,2.17,2.3,62.09,87.89,0,1,0,49,104,3.8
4535,6420,547,5,6,2025-11-19,Brentwood,Residential,0,0,173.31,1.11,1.62,50.16,18.94,1,0,0,18,204,4.8
4536,6421,149,2,6,2025-11-19,Spring Hill,Residential,0,1,621.47,2.43,2.1,65.16,116.24,0,0,0,58,29,4.5
4537,6422,863,6,4,2025-11-20,Brentwood,Commercial,0,0,1349.13,3.23,3.65,102.19,432.23,1,0,0,48,270,4.4
4538,6423,718,2,2,2025-11-20,Nashville,Residential,1,0,518.07,2.4,2.18,76.18,117.72,1,0,0,41,191,5.0
4539,6424,30,1,4,2025-11-20,Franklin,Residential,0,0,469.58,2.37,2.91,81.62,114.1,1,0,0,58,248,4.5
4540,6425,327,3,7,2025-11-20,Brentwood,Residential,0,0,10314.09,18.6,19.48,681.86,4030.06,1,0,0,45,297,4.9
4541,6426,1026,2,2,2025-11-20,Nashville,Residential,1,0,540.12,2.15,1.73,60.71,144.64,1,0,0,38,265,5.0
4542,6427,34,2,3,2025-11-20,Franklin,Residential,0,0,463.02,2.32,2.4,69.63,108.85,1,0,0,24,195,4.4
4543,6428,1333,1,6,2025-11-20,Franklin,Residential,0,0,539.69,2.26,2.06,63.83,110.93,1,0,1,49,199,4.5
4544,6429,1168,1,3,2025-11-20,Nolensville,Residential,0,1,399.47,1.65,1.35,39.19,95.15,1,0,0,35,228,4.2
4545,6430,675,1,7,2025-11-20,Spring Hill,Residential,0,0,324.56,2.3,2.15,75.37,60.09,1,0,0,40,236,4.7
4546,6434,371,2,4,2025-11-20,Nashville,Residential,0,0,669.89,2.44,2.95,82.68,168.4,1,0,1,58,259,4.6
4547,6436,948,6,6,2025-11-20,Nashville,Residential,0,0,1040.49,3.98,4.09,126.86,426.93,1,0,0,37,267,4.4
4548,6437,1370,2,3,2025-11-20,Brentwood,Commercial,0,0,763.72,2.74,2.57,74.52,166.36,1,0,0,49,259,4.1
4549,6438,893,6,2,2025-11-20,Brentwood,Commercial,1,0,2596.88,4.38,3.74,130.74,948.87,1,0,0,18,246,5.0
4550,6439,145,7,6,2025-11-20,Nashville,Commercial,0,0,2154.75,5.61,6.1,189.21,489.83,1,0,0,26,185,4.9
4551,6440,522,5,2,2025-11-20,Franklin,Residential,0,0,142.93,1.3,0.92,32.16,23.99,1,0,0,14,193,5.0
4552,6441,335,4,5,2025-11-20,Franklin,Residential,1,0,2308.58,9.71,8.62,310.44,714.39,1,0,0,38,191,4.7
4553,6442,200,5,2,2025-11-21,Nashville,Residential,0,0,217.68,1.29,1.27,44.62,35.25,1,0,0,24,207,5.0
4554,6443,16,1,4,2025-11-21,Brentwood,Residential,1,1,382.89,2.47,2.38,66.53,92.48,1,0,0,42,226,4.9
4555,6444,787,5,4,2025-11-21,Nashville,Commercial,0,0,414.72,1.09,0.78,21.88,63.06,1,1,0,43,205,4.3
4556,6445,1159,1,2,2025-11-21,Franklin,Residential,0,0,380.09,2.3,2.55,89.36,84.08,1,0,1,26,287,5.0
4557,6446,355,4,5,2025-11-21,Brentwood,Residential,0,0,2009.15,9.73,11.23,404.13,580.4,1,0,0,36,307,4.5
4558,6447,766,2,3,2025-11-21,Spring Hill,Residential,1,0,426.66,2.29,2.46,71.31,100.66,1,0,0,53,196,4.5
4559,6448,1421,1,1,2025-11-21,Nashville,Residential,0,0,525.24,2.18,2.25,76.48,127.69,1,0,1,20,281,4.9
4560,6450,212,6,1,2025-11-21,Nashville,Residential,0,0,1105.94,3.6,3.15,107.13,547.0,1,0,0,19,265,4.7
4561,6451,294,1,7,2025-11-21,Spring Hill,Residential,1,0,437.53,2.35,2.02,70.75,133.32,1,0,0,32,256,4.4
4562,6453,565,1,8,2025-11-21,Franklin,Residential,0,0,548.47,2.44,2.67,72.21,129.98,1,0,0,54,198,4.5
4563,6454,1431,6,6,2025-11-21,Nolensville,Residential,0,0,1162.54,2.4,1.83,56.83,537.24,1,0,0,18,328,4.8
4564,6455,566,1,5,2025-11-21,Brentwood,Residential,0,0,587.73,2.08,1.81,65.14,142.22,1,0,0,51,136,5.0
4565,6456,464,1,5,2025-11-21,Nashville,Residential,1,0,503.63,2.55,2.86,102.88,133.9,1,0,0,26,219,4.9
4566,6458,575,5,3,2025-11-21,Franklin,Residential,0,0,260.94,1.48,1.5,43.47,35.45,1,0,0,35,256,4.3
4567,6460,518,1,3,2025-11-21,Spring Hill,Residential,0,0,377.55,2.31,2.24,65.1,93.51,1,0,0,39,207,4.8
4568,6461,1270,1,6,2025-11-22,Spring Hill,Residential,0,0,529.95,2.46,2.99,92.62,98.67,1,0,0,31,217,5.0
4569,6462,922,5,8,2025-11-22,Nashville,Residential,0,0,177.72,1.47,1.67,45.2,28.79,1,0,0,21,275,4.2
4570,6463,543,1,3,2025-11-22,Brentwood,Residential,0,0,516.72,2.28,2.74,79.43,112.56,1,0,0,39,157,4.6
4571,6465,72,1,1,2025-11-22,Spring Hill,Residential,0,0,469.67,2.06,2.01,68.21,103.92,1,0,0,51,350,5.0
4572,6469,1198,1,2,2025-11-22,Nolensville,Residential,0,0,525.12,1.97,1.71,59.9,108.11,1,0,0,22,131,4.5
4573,6470,335,6,6,2025-11-22,Franklin,Residential,1,0,1186.84,3.76,3.54,109.76,553.73,1,1,0,54,92,4.5
4574,6471,322,1,6,2025-11-22,Franklin,Residential,0,0,406.21,2.47,2.5,77.59,105.8,1,0,0,50,277,4.5
4575,6474,96,5,7,2025-11-22,Nolensville,Residential,0,0,175.77,1.52,1.52,53.18,25.79,1,0,0,38,342,4.4
4576,6478,351,1,7,2025-11-23,Brentwood,Residential,0,0,646.45,2.19,1.74,60.91,128.58,1,0,1,38,317,4.5
4577,6479,1367,5,3,2025-11-23,Nashville,Residential,1,0,194.9,1.08,1.03,29.77,31.63,1,0,0,23,270,4.7
4578,6480,651,1,5,2025-11-23,Brentwood,Residential,0,0,457.49,1.87,1.77,63.59,84.91,0,0,0,58,255,4.4
4579,6483,1384,5,7,2025-11-23,Franklin,Residential,0,0,171.88,1.21,1.31,45.9,30.0,1,0,1,17,286,4.5
4580,6484,491,1,7,2025-11-23,Nashville,Residential,0,0,397.89,1.94,1.46,51.0,93.01,0,1,0,44,281,4.0
4581,6487,845,5,4,2025-11-23,Brentwood,Residential,1,0,142.92,1.2,1.3,36.31,18.8,1,0,0,42,315,4.5
4582,6488,175,1,8,2025-11-24,Nashville,Residential,1,0,368.11,2.53,3.76,101.58,71.39,0,1,0,43,239,3.7
4583,6489,376,6,4,2025-11-24,Franklin,Residential,1,0,1095.29,4.11,4.23,118.47,499.64,1,0,0,27,294,4.6
4584,6490,472,1,6,2025-11-24,Franklin,Commercial,0,0,781.23,2.24,1.7,52.56,144.7,1,0,1,25,241,4.2
4585,6492,727,5,4,2025-11-24,Franklin,Residential,1,0,228.45,1.26,1.58,44.22,29.84,1,0,0,46,318,4.5
4586,6493,595,3,5,2025-11-24,Nashville,Residential,1,0,10711.13,18.62,13.4,482.53,6085.15,1,0,0,27,187,5.0
4587,6494,1331,1,5,2025-11-24,Franklin,Residential,0,0,442.31,2.4,2.29,82.61,89.19,0,0,0,44,265,4.6
4588,6495,837,3,5,2025-11-24,Brentwood,Residential,0,0,8307.0,16.76,14.66,527.85,4468.05,1,0,0,51,174,4.9
4589,6496,1214,1,6,2025-11-24,Nolensville,Residential,0,0,536.22,2.35,2.15,66.79,113.36,1,0,0,40,214,4.6
4590,6497,203,1,1,2025-11-24,Brentwood,Residential,0,0,416.09,2.39,2.44,83.0,83.48,1,0,0,49,366,4.4
4591,6499,737,5,3,2025-11-24,Spring Hill,Residential,1,0,223.73,1.27,1.66,48.12,32.66,0,0,0,52,231,4.9
4592,6500,200,1,5,2025-11-24,Nashville,Residential,0,0,451.58,2.57,2.52,90.54,98.86,1,0,0,26,295,5.0
4593,6503,1311,3,7,2025-11-24,Nashville,Residential,0,0,8023.45,18.37,17.07,597.38,4574.17,1,0,0,30,200,4.7
4594,6504,207,3,5,2025-11-25,Nashville,Residential,1,0,9276.51,18.62,16.82,605.57,5647.53,1,0,0,39,270,4.8
4595,6505,384,5,2,2025-11-25,Franklin,Residential,0,0,205.81,1.32,1.08,37.94,21.35,1,1,0,42,258,4.0
4596,6507,872,5,1,2025-11-25,Franklin,Residential,1,0,196.12,1.24,1.3,44.33,30.04,1,0,0,37,233,4.6
4597,6508,1317,5,6,2025-11-25,Spring Hill,Residential,0,0,166.44,1.49,1.47,45.63,22.8,1,0,0,44,257,4.7
4598,6509,608,1,8,2025-11-25,Franklin,Residential,1,0,604.8,1.88,1.96,53.02,149.94,1,0,0,32,208,4.5
4599,6510,11,2,6,2025-11-25,Nashville,Residential,0,0,458.26,2.24,2.53,78.44,95.98,1,0,1,41,227,4.7
4600,6511,1117,1,5,2025-11-25,Nashville,Residential,1,1,500.35,2.25,2.2,79.13,117.28,1,0,0,34,88,4.7
4601,6514,1097,4,5,2025-11-25,Brentwood,Residential,1,0,2213.31,10.12,12.1,435.42,642.72,1,0,0,38,254,4.6
4602,6515,137,5,4,2025-11-25,Franklin,Residential,0,0,130.73,1.37,1.86,52.04,18.68,0,1,0,50,287,4.1
4603,6517,731,7,3,2025-11-25,Nashville,Residential,0,0,998.38,4.08,3.75,108.81,223.17,1,0,0,32,328,4.8
4604,6519,1388,5,6,2025-11-25,Franklin,Residential,1,0,167.63,1.18,1.6,49.64,22.98,1,0,0,45,284,4.6
4605,6521,753,5,4,2025-11-25,Brentwood,Residential,1,0,159.85,1.23,1.37,38.49,24.87,0,0,0,57,193,4.0
4606,6522,769,3,5,2025-11-25,Nashville,Residential,1,0,9650.34,15.02,13.89,500.13,4638.04,1,0,0,31,243,4.7
4607,6523,61,2,6,2025-11-25,Brentwood,Residential,0,1,611.76,2.67,2.15,66.73,124.04,0,1,0,38,161,4.6
4608,6524,1124,3,5,2025-11-25,Nashville,Residential,1,0,8994.0,20.38,23.94,861.73,4556.63,1,0,0,8,264,4.5
4609,6526,76,1,2,2025-11-25,Nashville,Residential,1,0,459.36,1.88,1.92,67.21,117.66,1,0,0,52,208,4.5
4610,6528,233,5,6,2025-11-26,Franklin,Residential,0,0,261.47,1.5,1.17,36.27,39.56,1,0,0,43,258,4.6
4611,6530,774,2,4,2025-11-26,Franklin,Residential,0,1,750.46,2.23,2.19,61.23,162.3,1,0,0,29,126,4.2
4612,6531,769,2,1,2025-11-26,Nashville,Residential,1,0,482.96,2.51,2.35,80.06,112.11,1,0,0,29,218,4.6
4613,6532,1031,1,7,2025-11-26,Nashville,Residential,0,0,397.71,2.14,1.91,66.98,95.62,0,0,0,44,261,4.4
4614,6533,574,3,7,2025-11-26,Brentwood,Residential,0,0,8781.49,21.24,18.93,662.47,4720.02,1,0,0,34,172,4.6
4615,6535,1101,2,3,2025-11-26,Franklin,Commercial,1,0,686.84,2.19,1.68,48.75,214.16,0,0,0,52,287,4.4
4616,6536,1129,5,7,2025-11-26,Brentwood,Residential,0,0,191.06,1.2,1.19,41.5,26.32,1,0,0,38,275,4.8
4617,6537,79,1,3,2025-11-26,Franklin,Residential,0,0,436.27,2.14,2.41,69.81,98.94,1,0,1,43,209,4.4
4618,6538,1311,5,1,2025-11-26,Nashville,Residential,0,0,175.03,0.87,0.69,23.45,35.7,1,0,0,17,198,4.5
4619,6540,493,5,5,2025-11-26,Nashville,Commercial,0,0,418.8,1.26,1.16,41.8,61.72,1,0,1,35,142,4.3
4620,6542,1307,1,8,2025-11-26,Nashville,Commercial,0,0,989.05,2.32,2.28,61.59,210.48,1,0,1,40,398,4.3
4621,6543,820,6,2,2025-11-26,Nashville,Residential,1,0,1119.65,3.46,4.96,173.47,496.29,1,0,0,68,362,4.8
4622,6544,51,6,1,2025-11-26,Spring Hill,Residential,1,0,1236.88,4.26,3.93,133.67,460.86,1,0,0,43,236,5.0
4623,6545,738,1,3,2025-11-26,Nashville,Residential,1,0,435.05,1.7,1.4,40.59,104.01,1,0,0,34,144,5.0
4624,6546,154,2,7,2025-11-26,Nashville,Residential,0,0,609.29,2.33,2.02,70.61,133.76,1,0,0,47,312,5.0
4625,6547,264,5,8,2025-11-26,Franklin,Residential,1,0,154.04,1.39,1.84,49.63,20.38,1,0,0,40,252,4.2
4626,6550,328,7,1,2025-11-27,Nashville,Residential,0,0,899.95,3.63,3.34,113.55,271.15,1,0,0,18,226,5.0
4627,6551,1368,1,7,2025-11-27,Nashville,Residential,1,0,436.25,2.58,2.86,99.96,116.8,1,0,0,43,268,4.9
4628,6554,1175,2,4,2025-11-27,Spring Hill,Residential,0,0,636.18,2.32,2.1,58.92,127.0,1,0,0,24,254,4.6
4629,6555,1182,6,6,2025-11-27,Nashville,Residential,1,0,1006.39,3.53,3.57,110.81,446.67,1,0,0,37,388,4.8
4630,6556,1120,6,7,2025-11-27,Brentwood,Commercial,0,0,1814.28,2.78,2.63,92.16,683.78,1,0,0,44,229,4.8
4631,6559,804,5,8,2025-11-27,Nashville,Residential,0,0,191.82,1.26,1.11,29.87,29.46,1,0,0,41,243,4.4
4632,6560,241,4,5,2025-11-27,Nashville,Residential,0,0,3219.71,10.42,7.0,251.96,973.62,1,0,0,43,158,4.9
4633,6562,969,1,2,2025-11-27,Brentwood,Residential,0,0,716.72,2.81,2.57,89.82,174.47,1,0,0,52,251,4.5
4634,6563,1320,2,7,2025-11-27,Nolensville,Commercial,0,0,962.14,2.18,2.26,79.17,239.21,1,0,0,35,288,4.3
4635,6564,190,2,4,2025-11-27,Spring Hill,Residential,1,0,486.84,2.61,2.57,71.86,103.82,1,0,0,26,286,4.2
4636,6565,352,3,7,2025-11-27,Nashville,Residential,1,0,10651.75,18.67,22.67,793.62,5217.91,1,0,0,25,342,5.0
4637,6566,1204,1,7,2025-11-27,Nashville,Residential,0,0,424.98,2.58,3.7,129.38,90.08,1,0,0,32,165,4.5
4638,6569,1007,5,4,2025-11-27,Nashville,Commercial,0,0,437.4,1.04,1.29,36.15,65.79,1,0,0,34,264,4.3
4639,6570,62,2,8,2025-11-27,Nashville,Residential,0,0,543.0,2.4,2.28,61.49,146.77,1,0,0,35,258,4.3
4640,6571,399,2,2,2025-11-28,Franklin,Residential,0,1,547.61,2.71,2.17,75.89,118.64,0,1,0,8,111,3.9
4641,6572,770,2,4,2025-11-28,Nolensville,Residential,0,1,583.39,2.21,1.88,52.61,129.11,1,0,0,37,159,4.5
4642,6574,965,5,1,2025-11-28,Spring Hill,Residential,0,0,242.71,1.2,1.07,36.37,31.52,1,0,0,56,245,5.0
4643,6575,668,1,2,2025-11-28,Franklin,Residential,0,0,433.61,2.25,2.1,73.5,89.04,1,0,0,20,363,4.8
4644,6576,861,1,5,2025-11-28,Nashville,Residential,0,0,470.42,2.09,2.14,77.18,95.92,1,0,0,45,298,4.9
4645,6577,1414,3,5,2025-11-28,Brentwood,Residential,0,0,9396.57,14.3,13.07,470.69,4825.31,1,0,0,32,222,4.4
4646,6580,931,5,7,2025-11-28,Brentwood,Residential,1,0,234.72,1.15,1.14,39.87,40.75,1,0,0,49,317,4.8
4647,6581,128,1,8,2025-11-28,Brentwood,Residential,1,0,492.44,2.35,2.37,64.1,102.84,1,0,0,27,86,4.1
4648,6582,1230,5,6,2025-11-28,Spring Hill,Residential,1,0,160.58,1.53,0.91,28.3,20.82,0,1,0,47,217,4.6
4649,6583,660,5,1,2025-11-28,Brentwood,Residential,0,0,146.51,1.53,1.27,43.04,22.27,1,0,0,48,177,4.8
4650,6584,1265,4,7,2025-11-28,Franklin,Residential,0,0,2944.82,10.39,8.33,291.72,829.38,1,0,0,25,128,4.5
4651,6586,280,6,3,2025-11-28,Brentwood,Residential,0,0,1021.27,3.6,3.8,110.21,346.99,1,0,0,51,335,4.4
4652,6588,759,5,6,2025-11-28,Nashville,Commercial,1,0,402.38,1.31,1.11,34.38,63.47,1,0,0,44,311,5.0
4653,6589,1070,5,1,2025-11-28,Franklin,Residential,0,0,203.45,1.37,1.22,41.42,35.99,1,0,0,34,156,4.7
4654,6590,641,1,5,2025-11-28,Nashville,Residential,0,0,390.43,2.18,1.44,51.96,83.15,1,0,0,27,308,4.3
4655,6591,296,5,2,2025-11-28,Franklin,Residential,0,0,176.03,1.25,0.96,33.61,30.26,1,0,0,24,294,4.7
4656,6593,1104,1,5,2025-11-28,Franklin,Residential,0,0,387.29,2.36,2.05,73.96,84.27,1,0,0,38,209,5.0
4657,6594,648,1,6,2025-11-28,Brentwood,Residential,0,0,622.26,2.15,1.37,42.41,137.63,1,0,1,25,250,4.9
4658,6595,1208,1,7,2025-11-28,Brentwood,Residential,0,0,477.72,2.59,2.51,87.8,88.36,1,0,0,39,321,4.5
4659,6597,734,1,6,2025-11-29,Nashville,Residential,0,1,541.14,1.85,2.32,72.05,110.08,0,1,0,47,191,4.6
4660,6598,140,4,5,2025-11-29,Spring Hill,Residential,1,0,1988.06,10.02,8.97,322.78,680.18,1,0,0,44,165,5.0
4661,6599,452,2,8,2025-11-29,Spring Hill,Residential,0,1,415.04,2.21,2.53,68.36,101.5,1,0,0,42,206,3.9
4662,6601,323,2,3,2025-11-29,Spring Hill,Residential,0,0,558.59,2.41,2.05,59.4,128.6,1,0,0,55,359,4.6
4663,6603,1128,1,8,2025-11-29,Nashville,Residential,0,1,503.39,2.5,2.89,77.98,107.85,1,0,0,16,20,4.2
4664,6605,567,1,2,2025-11-29,Franklin,Residential,0,0,419.37,1.68,1.49,52.12,87.1,1,0,0,29,137,4.6
4665,6609,259,1,1,2025-11-29,Nashville,Residential,1,0,313.54,2.44,2.63,89.57,78.92,1,0,0,24,276,5.0
4666,6610,1033,5,3,2025-11-29,Brentwood,Residential,0,0,173.72,1.17,1.27,36.92,28.42,1,0,0,42,315,4.3
4667,6611,923,5,8,2025-11-29,Franklin,Residential,0,0,156.45,1.23,0.94,25.48,22.56,1,0,1,50,273,4.7
4668,6612,554,2,4,2025-11-29,Nolensville,Residential,0,0,500.0,2.64,2.69,75.35,125.35,1,0,1,8,143,4.7
4669,6613,1248,5,3,2025-11-30,Nolensville,Residential,1,0,237.97,1.29,1.53,44.36,42.22,1,0,0,21,317,4.8
4670,6614,418,2,6,2025-11-30,Nolensville,Residential,0,1,621.93,2.41,2.18,67.66,135.08,1,0,0,17,51,4.8
4671,6616,1161,4,5,2025-11-30,Nashville,Residential,1,0,2049.83,11.04,12.48,449.45,464.89,1,0,0,16,280,4.5
4672,6617,481,4,5,2025-11-30,Franklin,Residential,0,0,2957.73,10.89,10.26,369.39,856.41,0,0,0,39,214,4.8
4673,6618,174,6,1,2025-11-30,Nashville,Residential,0,0,1115.03,2.71,1.68,57.0,405.49,1,0,0,34,271,4.8
4674,6619,331,5,4,2025-11-30,Nashville,Residential,0,0,140.98,1.52,1.73,48.34,23.57,0,1,0,41,267,3.8
4675,6620,538,5,6,2025-11-30,Spring Hill,Residential,1,0,197.01,1.66,2.16,66.99,29.5,1,0,0,44,185,4.5
4676,6621,270,2,5,2025-11-30,Nolensville,Residential,1,1,451.31,2.74,2.43,87.54,103.54,1,0,0,45,20,5.0
4677,6622,953,1,5,2025-11-30,Brentwood,Residential,1,0,471.12,1.9,1.42,50.97,112.87,1,0,0,36,258,4.8
4678,6623,536,5,8,2025-11-30,Nashville,Commercial,1,0,244.36,1.39,1.27,34.32,36.83,0,1,0,17,320,4.0
4679,6624,1178,5,1,2025-11-30,Brentwood,Residential,0,0,168.77,1.23,1.04,35.32,23.41,1,0,0,25,259,4.9
4680,6625,1087,3,5,2025-11-30,Nashville,Commercial,0,0,19577.19,12.61,16.44,591.97,10870.58,1,0,0,26,255,4.6
4681,6626,1183,1,5,2025-11-30,Spring Hill,Residential,1,0,351.29,2.37,2.01,72.22,71.93,1,0,0,33,322,4.5
4682,6627,1042,4,5,2025-12-01,Spring Hill,Residential,0,0,2034.06,11.11,9.9,356.57,759.53,0,0,0,48,301,4.7
4683,6628,1295,6,3,2025-12-01,Franklin,Residential,0,0,1068.21,3.31,3.26,94.67,429.88,0,1,0,64,328,4.4
4684,6630,1138,2,5,2025-12-01,Nashville,Residential,0,0,352.88,2.05,2.27,81.78,70.24,1,0,1,39,281,4.4
4685,6631,1070,1,2,2025-12-01,Franklin,Residential,0,0,458.54,1.71,1.65,57.75,104.78,1,0,0,21,222,4.9
4686,6634,1446,1,6,2025-12-01,Franklin,Residential,0,0,682.1,2.4,2.25,69.64,145.58,1,0,0,51,303,4.6
4687,6635,151,4,7,2025-12-01,Nolensville,Residential,0,0,2064.31,9.87,10.78,377.43,766.7,1,0,0,37,316,4.2
4688,6636,1120,5,7,2025-12-01,Brentwood,Commercial,0,0,446.12,1.15,1.12,39.32,75.86,0,1,0,50,100,4.0
4689,6638,628,4,5,2025-12-01,Nolensville,Residential,1,0,2414.02,9.29,7.24,260.76,809.36,1,0,0,38,343,4.4
4690,6639,612,5,3,2025-12-01,Nashville,Residential,0,0,179.17,1.47,1.57,45.57,25.56,1,0,0,51,235,4.7
4691,6640,1092,1,7,2025-12-01,Nashville,Residential,0,0,610.75,2.61,3.24,113.5,140.79,0,0,0,46,205,4.7
4692,6641,1416,7,7,2025-12-01,Franklin,Residential,0,0,1138.41,4.45,4.95,173.28,238.22,1,0,0,21,158,4.8
4693,6642,1057,3,7,2025-12-01,Nashville,Residential,0,0,13465.36,18.8,21.49,752.14,6648.71,1,0,0,32,213,5.0
4694,6643,340,1,6,2025-12-01,Franklin,Residential,0,1,461.31,2.07,1.9,58.86,112.8,0,0,0,27,129,4.9
4695,6644,852,1,2,2025-12-01,Spring Hill,Residential,1,1,461.56,1.96,1.65,57.89,129.12,1,0,0,39,184,4.4
4696,6645,770,4,7,2025-12-01,Nolensville,Residential,0,0,1540.98,9.63,8.24,288.35,525.95,1,0,0,28,214,5.0
4697,6647,526,2,1,2025-12-01,Franklin,Residential,0,0,544.8,1.91,2.05,69.8,132.48,1,0,0,40,239,5.0
4698,6648,376,2,8,2025-12-02,Franklin,Residential,1,1,451.16,2.17,2.22,59.98,110.27,1,0,0,50,20,4.2
4699,6651,1430,5,3,2025-12-02,Nashville,Residential,0,0,211.43,1.32,1.2,34.77,28.3,1,0,1,31,256,5.0
4700,6652,1250,6,7,2025-12-02,Nashville,Residential,0,0,1276.03,3.59,2.5,87.39,482.58,1,0,0,56,288,4.5
4701,6653,40,1,2,2025-12-02,Franklin,Residential,0,0,663.48,2.24,1.68,58.73,147.31,1,0,0,21,168,4.8
4702,6654,603,2,3,2025-12-02,Spring Hill,Residential,0,0,574.42,2.16,2.41,69.76,127.69,1,0,0,57,247,3.8
4703,6656,817,3,7,2025-12-02,Spring Hill,Residential,0,0,9585.1,15.72,15.02,525.83,4165.35,1,0,0,23,293,4.2
4704,6657,477,1,8,2025-12-02,Nashville,Residential,0,0,475.34,1.62,1.65,44.47,107.82,1,0,0,22,180,4.3
4705,6658,757,6,8,2025-12-02,Brentwood,Residential,0,0,903.94,3.33,3.53,95.43,310.67,1,0,0,50,246,4.1
4706,6659,1146,1,1,2025-12-02,Nashville,Residential,0,0,511.25,2.01,2.52,85.54,107.58,1,1,0,17,103,4.2
4707,6661,365,6,6,2025-12-02,Brentwood,Residential,0,0,1240.73,3.86,4.47,138.6,515.98,1,0,0,47,283,4.7
4708,6662,860,2,3,2025-12-02,Nashville,Residential,0,0,464.33,2.24,2.6,75.49,102.47,1,0,0,61,242,4.5
4709,6666,1371,2,1,2025-12-02,Brentwood,Residential,1,0,452.56,2.62,2.94,99.95,113.51,1,0,0,58,302,4.9
4710,6669,42,1,7,2025-12-02,Spring Hill,Residential,0,1,537.04,2.13,1.85,64.77,104.41,1,0,0,41,158,4.8
4711,6671,497,1,5,2025-12-02,Nashville,Commercial,0,0,767.57,2.42,2.52,90.83,190.2,0,1,0,28,211,3.6
4712,6672,968,2,5,2025-12-02,Nolensville,Residential,1,0,514.0,2.37,1.4,50.53,105.81,1,0,0,40,204,4.7
4713,6673,1331,6,2,2025-12-03,Franklin,Residential,0,0,1541.61,3.64,4.22,147.56,635.7,1,0,0,17,214,5.0
4714,6674,288,6,1,2025-12-03,Nolensville,Residential,0,0,1184.86,4.25,3.2,108.92,464.37,1,0,0,62,284,4.6
4715,6675,242,5,1,2025-12-03,Brentwood,Commercial,0,0,287.03,1.05,1.08,36.65,44.2,0,0,0,45,244,4.7
4716,6676,835,5,6,2025-12-03,Nashville,Residential,0,0,151.39,1.18,1.29,39.86,20.19,1,0,0,37,241,4.8
4717,6677,24,1,3,2025-12-03,Brentwood,Residential,0,0,424.09,1.9,2.61,75.72,87.83,1,0,0,49,338,4.3
4718,6678,940,1,5,2025-12-03,Nashville,Residential,1,0,565.59,1.99,1.36,49.08,136.8,1,0,0,32,290,5.0
4719,6681,688,5,1,2025-12-03,Brentwood,Residential,0,0,218.38,1.43,0.94,31.86,29.27,1,0,0,29,259,4.8
4720,6682,542,6,7,2025-12-03,Spring Hill,Residential,0,0,1013.69,3.65,3.69,129.15,481.48,1,0,0,50,126,4.5
4721,6684,380,1,3,2025-12-03,Nashville,Residential,0,1,418.11,2.17,2.29,66.55,76.32,1,0,0,36,116,4.6
4722,6685,198,6,1,2025-12-03,Nolensville,Residential,0,0,1448.38,3.72,4.37,148.6,612.29,1,0,0,36,285,5.0
4723,6686,821,2,5,2025-12-03,Spring Hill,Residential,1,0,328.15,2.53,1.56,56.2,81.63,1,0,0,72,241,5.0
4724,6687,753,1,6,2025-12-03,Brentwood,Residential,1,0,388.56,2.34,1.99,61.66,88.29,1,0,0,26,221,5.0
4725,6689,2,4,5,2025-12-03,Nashville,Residential,0,0,2558.82,10.2,8.78,316.14,923.94,0,1,0,28,337,4.4
4726,6691,995,5,8,2025-12-03,Nashville,Residential,0,0,168.22,1.4,1.71,46.04,18.76,1,0,0,9,288,4.5
4727,6694,863,4,7,2025-12-03,Brentwood,Commercial,0,0,5615.21,11.13,9.68,338.96,1715.73,1,0,0,38,223,4.7
4728,6696,878,1,7,2025-12-04,Brentwood,Residential,0,0,467.67,1.79,2.18,76.45,80.67,1,0,0,31,242,4.5
4729,6697,872,3,7,2025-12-04,Franklin,Residential,1,0,6874.7,21.13,20.45,715.69,3841.97,1,0,0,14,250,4.8
4730,6698,610,5,5,2025-12-04,Franklin,Residential,0,0,228.43,1.41,1.03,37.07,27.29,1,0,1,41,186,4.7
4731,6699,667,1,1,2025-12-04,Nolensville,Commercial,0,1,967.46,2.4,2.07,70.46,240.79,1,0,0,59,72,4.8
4732,6701,553,3,5,2025-12-04,Nashville,Residential,1,0,10320.47,17.07,20.3,730.68,4206.57,0,1,0,8,187,4.2
4733,6702,668,1,3,2025-12-04,Franklin,Residential,0,0,584.77,2.09,2.4,69.5,141.4,1,0,0,48,208,4.7
4734,6708,817,2,3,2025-12-04,Spring Hill,Residential,0,0,511.76,2.61,2.46,71.37,115.71,1,0,0,35,310,5.0
4735,6710,491,5,1,2025-12-04,Nashville,Residential,0,0,176.78,1.53,1.48,50.16,34.45,1,0,0,30,191,4.6
4736,6711,933,1,5,2025-12-04,Franklin,Residential,0,0,374.46,2.1,1.98,71.18,80.99,1,0,0,32,280,4.7
4737,6713,498,1,8,2025-12-04,Nashville,Residential,0,1,435.72,2.11,2.1,56.75,84.67,1,0,0,25,20,4.4
4738,6714,62,1,1,2025-12-04,Nashville,Residential,0,0,415.01,1.97,2.02,68.74,80.16,0,0,1,43,271,4.9
4739,6716,846,1,5,2025-12-04,Brentwood,Residential,0,0,480.07,2.08,2.8,100.62,95.54,1,0,0,33,279,4.2
4740,6717,1168,2,2,2025-12-04,Nolensville,Residential,0,0,422.85,1.95,1.87,65.45,112.07,1,0,0,27,251,5.0
4741,6718,1372,1,4,2025-12-04,Brentwood,Residential,0,1,524.58,1.89,1.85,51.92,122.45,0,1,0,36,46,4.0
4742,6722,1079,2,6,2025-12-05,Franklin,Residential,0,1,495.1,2.51,2.58,80.04,112.07,1,0,0,27,135,4.9
4743,6723,920,6,5,2025-12-05,Spring Hill,Residential,0,0,1133.99,3.95,2.76,99.31,633.25,1,0,0,57,331,4.6
4744,6725,131,6,7,2025-12-05,Nolensville,Residential,1,0,1199.6,3.64,4.14,144.73,409.98,1,0,0,44,264,4.8
4745,6726,1122,1,5,2025-12-05,Nolensville,Residential,1,1,455.43,2.11,2.51,90.27,97.19,1,0,0,54,80,4.7
4746,6728,986,2,4,2025-12-05,Franklin,Residential,0,0,468.14,2.51,2.9,81.14,111.94,1,0,0,60,293,4.4
4747,6729,291,2,2,2025-12-05,Franklin,Residential,0,0,510.09,2.64,2.74,95.77,144.73,1,0,1,30,305,4.9
4748,6730,411,2,2,2025-12-05,Spring Hill,Residential,0,0,408.48,2.59,2.61,91.23,105.83,1,0,0,34,213,5.0
4749,6731,1002,1,2,2025-12-05,Nolensville,Residential,0,1,481.64,1.9,1.83,63.94,103.69,1,0,0,23,61,4.7
4750,6733,1124,2,4,2025-12-05,Nashville,Residential,1,0,558.95,2.59,2.64,74.05,147.77,1,0,0,43,181,4.2
4751,6735,1254,5,3,2025-12-05,Brentwood,Residential,0,0,187.19,1.26,1.42,41.04,26.02,1,0,0,52,228,4.4
4752,6736,1397,2,4,2025-12-05,Spring Hill,Residential,0,0,586.95,1.8,1.89,52.92,144.8,1,0,0,23,234,4.7
4753,6737,47,5,3,2025-12-05,Franklin,Residential,0,0,135.89,1.38,1.07,31.03,22.88,0,0,1,47,244,4.3
4754,6739,517,5,7,2025-12-06,Spring Hill,Residential,0,0,211.24,1.03,1.05,36.63,30.51,1,0,0,38,264,4.7
4755,6740,1089,5,6,2025-12-06,Brentwood,Residential,0,0,181.91,1.58,2.07,64.18,23.42,0,0,0,35,222,4.8
4756,6741,363,5,1,2025-12-06,Nashville,Residential,1,0,152.18,1.39,1.31,44.47,20.73,1,0,0,40,224,4.6
4757,6742,727,5,6,2025-12-06,Franklin,Residential,1,0,225.63,1.18,1.2,37.22,40.68,0,1,0,44,284,4.6
4758,6743,809,7,3,2025-12-06,Brentwood,Residential,0,0,1294.77,5.17,4.68,135.81,347.81,1,0,0,41,287,4.5
4759,6744,640,5,7,2025-12-06,Franklin,Residential,0,0,169.49,0.87,0.81,28.37,24.26,1,0,0,26,282,4.6
4760,6745,987,5,2,2025-12-06,Brentwood,Commercial,0,0,377.86,1.0,1.12,39.11,56.24,1,0,0,29,181,4.9
4761,6746,699,1,1,2025-12-06,Spring Hill,Residential,0,0,578.85,2.31,2.12,72.12,131.31,1,0,1,57,203,4.6
4762,6747,294,5,3,2025-12-06,Spring Hill,Residential,1,0,218.72,1.27,1.24,36.04,30.76,0,1,0,47,336,4.3
4763,6748,741,1,5,2025-12-06,Nashville,Residential,1,0,435.4,1.8,1.31,47.14,110.43,1,1,0,52,260,4.3
4764,6749,228,1,2,2025-12-06,Franklin,Residential,0,0,496.92,2.5,2.87,100.58,117.44,1,0,0,13,207,5.0
4765,6750,716,1,3,2025-12-06,Nashville,Residential,1,1,376.26,1.79,1.88,54.4,109.64,0,1,0,40,108,4.0
4766,6751,501,6,1,2025-12-06,Nashville,Residential,0,0,1257.53,3.53,3.57,121.32,448.42,1,0,0,41,185,5.0
4767,6755,886,7,8,2025-12-06,Brentwood,Residential,0,0,1007.14,4.11,2.84,76.67,284.8,1,0,0,25,202,4.3
4768,6756,439,6,1,2025-12-06,Brentwood,Commercial,0,0,1714.98,3.74,3.29,111.76,752.45,1,0,0,40,285,4.4
4769,6757,607,5,4,2025-12-06,Nolensville,Residential,0,0,173.77,1.38,1.52,42.5,26.08,1,0,0,39,261,4.4
4770,6758,369,2,6,2025-12-06,Franklin,Residential,0,1,613.67,2.69,2.32,71.8,145.82,1,0,0,25,176,5.0
4771,6759,554,5,7,2025-12-06,Nolensville,Residential,0,0,241.05,1.11,0.9,31.45,40.48,1,0,0,61,256,4.3
4772,6760,1244,5,7,2025-12-06,Nashville,Residential,1,0,228.43,1.51,1.59,55.78,24.85,1,0,0,47,226,4.7
4773,6761,311,5,8,2025-12-06,Franklin,Residential,0,0,172.02,1.36,1.37,37.1,28.26,1,0,0,38,249,4.0
4774,6763,464,2,3,2025-12-06,Nashville,Residential,1,0,472.44,2.26,2.2,63.89,109.55,1,0,0,51,191,4.4
4775,6764,613,1,7,2025-12-06,Brentwood,Residential,0,1,580.71,2.13,2.27,79.43,107.46,1,0,1,42,70,5.0
4776,6765,208,5,5,2025-12-06,Nashville,Residential,0,0,168.13,1.57,1.69,60.7,22.25,1,0,0,27,189,4.7
4777,6766,1047,7,4,2025-12-06,Nashville,Residential,1,0,812.43,4.43,4.79,134.12,231.4,0,0,0,39,218,4.7
4778,6767,975,1,2,2025-12-07,Nashville,Residential,0,1,463.97,2.19,2.03,71.09,130.17,1,0,0,25,106,5.0
4779,6768,653,1,1,2025-12-07,Franklin,Residential,0,0,457.59,2.08,1.76,59.97,113.05,1,0,0,75,295,5.0
4780,6770,842,3,7,2025-12-07,Franklin,Residential,0,0,9308.82,15.91,14.13,494.62,4743.0,1,0,0,48,267,4.8
4781,6772,1101,2,8,2025-12-07,Franklin,Commercial,1,0,595.6,2.16,2.45,66.15,141.59,1,0,0,37,268,4.5
4782,6773,687,6,1,2025-12-07,Nolensville,Residential,0,0,1138.24,3.8,3.71,126.18,444.5,1,0,0,50,177,5.0
4783,6774,278,5,3,2025-12-07,Nolensville,Residential,0,0,212.52,1.28,1.38,40.16,31.54,1,0,0,36,369,4.7
4784,6775,637,3,7,2025-12-07,Franklin,Residential,0,0,8931.55,18.29,17.89,626.0,5636.94,1,0,0,8,248,4.6
4785,6776,333,5,4,2025-12-07,Nashville,Residential,0,0,187.3,1.29,1.54,43.11,28.74,1,0,0,79,296,4.4
4786,6778,979,1,2,2025-12-07,Franklin,Residential,0,0,468.33,2.13,2.09,73.22,112.19,0,0,0,20,151,5.0
4787,6779,1113,2,6,2025-12-07,Nolensville,Residential,0,0,521.28,2.42,2.57,79.6,129.91,1,0,0,39,202,4.9
4788,6780,1400,2,5,2025-12-07,Nashville,Residential,0,0,715.83,2.3,2.12,76.33,160.28,1,0,0,23,219,4.5
4789,6781,695,5,3,2025-12-07,Nolensville,Residential,0,0,190.59,1.42,1.61,46.71,28.4,1,0,0,26,328,4.7
4790,6782,467,5,3,2025-12-07,Brentwood,Residential,0,0,162.79,1.28,1.42,41.08,22.83,1,0,0,44,264,4.6
4791,6783,1372,3,7,2025-12-07,Brentwood,Residential,0,0,9459.97,17.47,16.04,561.49,4581.91,1,0,0,46,236,4.6
4792,6786,586,6,3,2025-12-07,Nashville,Residential,0,0,1433.58,3.07,3.21,92.96,508.33,1,0,0,35,229,4.7
4793,6787,676,5,4,2025-12-08,Nashville,Commercial,0,0,305.34,1.23,1.26,35.19,38.74,1,0,0,29,299,5.0
4794,6789,242,2,2,2025-12-08,Brentwood,Commercial,0,0,1197.83,2.57,2.3,80.58,231.28,1,0,0,60,244,4.6
4795,6790,406,5,6,2025-12-08,Nashville,Residential,0,0,230.06,1.29,1.43,44.37,32.48,1,0,0,30,271,5.0
4796,6791,1009,1,4,2025-12-08,Nashville,Residential,0,0,544.38,1.93,2.28,63.72,119.87,1,0,0,53,165,4.3
4797,6792,1155,1,4,2025-12-08,Nashville,Residential,0,0,373.18,2.5,2.6,72.67,75.07,1,0,1,21,116,4.3
4798,6793,1200,6,4,2025-12-08,Brentwood,Residential,0,0,1122.91,3.59,4.79,134.01,451.05,1,0,0,43,223,4.9
4799,6794,546,1,4,2025-12-08,Franklin,Residential,0,0,426.56,2.52,2.73,76.5,111.65,1,0,0,30,224,4.7
4800,6795,693,1,7,2025-12-08,Franklin,Residential,1,0,435.49,1.99,2.3,80.34,95.26,1,0,0,32,325,5.0
4801,6798,888,1,2,2025-12-08,Nashville,Residential,1,0,446.17,2.74,2.71,94.88,111.46,0,1,0,34,214,4.3
4802,6802,40,1,4,2025-12-08,Franklin,Residential,0,0,563.54,2.18,1.61,44.97,97.64,1,0,0,17,295,4.3
4803,6803,910,5,4,2025-12-08,Nolensville,Residential,1,0,159.53,1.54,1.78,49.95,25.23,1,0,0,39,282,3.9
4804,6805,690,5,8,2025-12-08,Nolensville,Residential,0,0,208.39,1.56,2.03,54.76,34.47,1,0,0,27,269,4.2
4805,6806,142,5,4,2025-12-08,Spring Hill,Residential,0,0,119.93,1.43,1.36,38.22,19.88,1,0,0,20,188,4.5
4806,6807,1238,3,5,2025-12-09,Nolensville,Residential,0,0,7430.99,16.86,17.9,644.35,3142.11,1,0,0,33,231,5.0
4807,6808,554,4,7,2025-12-09,Nolensville,Residential,0,0,2276.45,8.49,10.04,351.41,750.49,1,0,0,43,234,5.0
4808,6809,290,3,7,2025-12-09,Nashville,Residential,1,0,7221.82,19.15,19.06,666.96,3575.32,1,0,0,38,238,4.5
4809,6811,935,5,4,2025-12-09,Brentwood,Residential,0,0,166.71,1.19,1.41,39.39,20.29,1,0,0,22,237,4.1
4810,6812,1377,6,3,2025-12-09,Nolensville,Residential,0,0,762.03,2.67,3.5,101.46,309.55,1,0,0,8,302,4.5
4811,6813,1322,2,2,2025-12-09,Nashville,Residential,0,1,450.92,2.55,2.45,85.87,110.16,0,0,0,47,26,5.0
4812,6814,1202,5,3,2025-12-09,Brentwood,Residential,0,0,266.37,1.13,1.27,36.95,37.41,1,0,0,44,256,4.1
4813,6815,537,1,6,2025-12-09,Brentwood,Residential,0,0,485.95,2.16,1.78,55.28,87.44,1,0,0,38,297,4.9
4814,6818,1129,2,1,2025-12-09,Brentwood,Residential,0,0,629.8,2.07,1.26,42.77,139.76,1,0,1,38,373,4.4
4815,6819,335,1,5,2025-12-09,Franklin,Residential,1,1,555.96,2.03,1.92,69.19,138.0,1,1,0,60,132,4.0
4816,6821,214,1,8,2025-12-09,Brentwood,Residential,0,0,376.02,1.82,2.24,60.4,79.44,0,0,0,45,135,4.7
4817,6822,849,5,4,2025-12-09,Brentwood,Residential,1,0,217.56,1.48,1.75,48.98,25.68,0,0,0,35,169,4.4
4818,6823,1143,1,5,2025-12-09,Brentwood,Residential,0,0,531.96,2.23,2.11,76.0,107.0,1,0,0,35,205,5.0
4819,6824,881,5,5,2025-12-09,Nashville,Residential,0,0,230.95,1.53,1.55,55.73,34.85,1,0,1,38,246,4.8
4820,6825,1031,5,5,2025-12-09,Nashville,Residential,0,0,164.56,1.3,1.31,47.03,19.18,1,1,0,39,219,4.5
4821,6826,739,2,4,2025-12-09,Nashville,Commercial,0,0,1142.62,2.05,2.21,61.87,259.27,1,0,1,36,149,4.6
4822,6827,1244,6,3,2025-12-09,Nashville,Residential,1,0,1150.14,3.62,3.78,109.51,516.4,1,0,0,51,362,4.7
4823,6829,1333,2,3,2025-12-09,Franklin,Residential,0,0,831.76,2.7,3.09,89.69,182.13,1,0,1,44,203,4.4
4824,6831,943,2,1,2025-12-09,Nolensville,Residential,1,0,469.97,1.89,1.83,62.08,100.01,1,0,0,60,242,4.7
4825,6833,136,1,6,2025-12-09,Spring Hill,Commercial,1,1,667.85,2.31,2.2,68.22,148.08,1,0,0,39,28,5.0
4826,6834,460,1,1,2025-12-09,Franklin,Residential,0,0,425.12,1.98,1.81,61.4,91.41,0,1,0,31,207,4.5
4827,6839,1056,5,5,2025-12-10,Franklin,Residential,0,0,177.68,1.32,1.19,42.75,33.28,1,0,0,42,223,4.2
4828,6842,260,5,8,2025-12-10,Brentwood,Commercial,0,0,260.55,1.28,1.3,35.21,31.06,0,1,1,32,246,3.4
4829,6843,315,1,2,2025-12-10,Franklin,Residential,0,1,515.75,2.61,1.94,67.77,132.97,1,0,0,50,143,4.7
4830,6844,852,1,8,2025-12-10,Spring Hill,Residential,1,0,471.72,1.94,2.52,68.15,114.8,1,0,0,54,253,4.5
4831,6845,598,5,5,2025-12-10,Nashville,Residential,0,0,209.05,1.27,1.28,46.2,21.72,1,0,0,33,222,4.8
4832,6848,5,5,6,2025-12-10,Brentwood,Residential,1,0,148.74,1.26,1.23,38.15,18.8,1,0,0,20,226,4.6
4833,6849,632,6,1,2025-12-10,Brentwood,Residential,0,0,1487.68,3.49,3.61,122.65,568.19,1,0,0,57,224,4.7
4834,6851,606,7,7,2025-12-10,Brentwood,Residential,0,0,1421.85,4.68,4.01,140.38,341.14,0,0,0,45,173,4.8
4835,6852,330,1,3,2025-12-10,Nashville,Residential,1,1,493.23,1.99,1.97,57.17,120.06,1,0,0,56,163,4.8
4836,6853,814,2,6,2025-12-10,Spring Hill,Commercial,0,0,822.24,2.3,2.44,75.63,203.11,0,0,0,33,255,5.0
4837,6854,1170,3,7,2025-12-10,Franklin,Residential,1,0,16290.91,18.98,17.4,608.94,7623.13,1,0,0,21,247,4.4
4838,6855,273,5,7,2025-12-10,Nashville,Residential,1,0,209.86,1.3,1.23,43.13,29.93,1,0,0,33,103,4.8
4839,6856,740,1,7,2025-12-10,Franklin,Residential,0,1,766.71,1.96,2.36,82.43,181.75,1,0,0,9,190,4.4
4840,6857,1109,7,5,2025-12-10,Nashville,Residential,0,0,1205.06,4.13,3.71,133.42,266.99,1,0,0,26,139,5.0
4841,6858,946,5,3,2025-12-10,Brentwood,Residential,1,0,201.13,1.28,1.62,46.96,34.3,1,0,0,41,312,4.9
4842,6859,1383,2,6,2025-12-10,Nashville,Residential,0,1,452.32,2.14,2.64,81.8,97.0,1,0,1,39,124,4.8
4843,6860,939,2,5,2025-12-10,Franklin,Residential,0,0,372.3,2.41,2.99,107.65,97.06,1,0,0,23,166,5.0
4844,6862,888,1,3,2025-12-11,Nashville,Residential,1,0,458.39,1.83,2.1,61.02,109.58,1,0,0,39,202,5.0
4845,6864,123,1,1,2025-12-11,Nashville,Residential,1,0,442.3,2.57,2.88,97.9,88.15,0,0,0,24,302,4.6
4846,6866,1199,5,8,2025-12-11,Franklin,Residential,1,0,191.89,1.19,1.51,40.72,29.13,1,0,0,19,264,4.2
4847,6868,660,7,8,2025-12-11,Brentwood,Residential,0,0,1064.1,5.1,6.35,171.47,246.01,1,0,0,39,204,4.5
4848,6869,1075,5,6,2025-12-11,Nashville,Residential,0,0,171.28,1.15,0.94,29.17,31.06,1,0,1,28,263,4.9
4849,6870,1162,5,5,2025-12-11,Spring Hill,Residential,0,0,173.01,1.17,1.39,49.93,30.1,1,0,0,47,200,4.9
4850,6872,1447,4,5,2025-12-11,Nashville,Commercial,0,0,2602.69,10.15,11.55,415.71,1084.31,1,0,0,25,244,4.7
4851,6877,416,4,7,2025-12-11,Nashville,Residential,1,0,2506.91,10.62,8.65,302.81,763.98,1,0,0,32,232,4.8
4852,6878,83,1,4,2025-12-11,Nolensville,Residential,0,0,455.37,2.19,2.19,61.32,110.72,1,0,0,45,258,4.5
4853,6879,947,5,8,2025-12-11,Spring Hill,Residential,0,0,188.13,1.43,1.58,42.61,23.74,1,0,0,34,253,4.4
4854,6880,402,2,2,2025-12-11,Franklin,Residential,0,0,478.97,2.41,1.93,67.6,101.36,1,0,0,32,287,4.9
4855,6882,243,7,4,2025-12-11,Brentwood,Residential,1,0,1214.8,3.84,5.04,141.22,358.43,0,0,0,41,278,4.5
4856,6883,95,5,6,2025-12-11,Nashville,Residential,1,0,183.49,1.5,1.03,31.82,30.66,1,0,0,34,219,4.9
4857,6884,763,1,2,2025-12-11,Franklin,Residential,1,0,366.37,2.4,2.04,71.56,97.38,1,0,0,37,153,4.3
4858,6885,228,5,7,2025-12-11,Franklin,Residential,0,0,157.17,1.21,1.57,55.07,28.03,1,0,0,27,219,4.1
4859,6886,1134,4,7,2025-12-11,Spring Hill,Residential,0,0,2214.63,10.45,13.57,474.8,674.37,1,1,0,63,230,4.3
4860,6887,1009,4,5,2025-12-11,Nashville,Residential,0,0,3628.84,8.88,8.7,313.32,887.42,1,0,0,32,175,5.0
4861,6888,441,1,3,2025-12-11,Spring Hill,Residential,0,0,529.82,2.2,2.02,58.58,114.75,1,0,0,20,309,4.3
4862,6889,1334,1,8,2025-12-11,Brentwood,Residential,0,1,456.27,2.16,2.34,63.15,119.35,1,0,0,29,136,4.2
4863,6891,173,1,4,2025-12-12,Spring Hill,Residential,1,0,598.6,2.29,2.91,81.48,128.77,1,0,0,45,214,4.6
4864,6893,802,1,7,2025-12-12,Brentwood,Residential,0,0,471.79,1.8,1.82,63.56,102.22,1,0,0,48,270,4.5
4865,6894,605,3,7,2025-12-12,Franklin,Commercial,0,0,15757.49,17.19,16.51,577.87,9142.6,1,0,0,34,329,4.3
4866,6895,872,2,3,2025-12-12,Franklin,Residential,1,1,594.33,2.35,3.46,100.28,140.41,1,0,0,44,109,4.1
4867,6896,321,1,1,2025-12-12,Franklin,Residential,0,0,524.51,1.89,1.84,62.41,119.8,1,0,1,39,274,4.8
4868,6897,1147,1,3,2025-12-12,Nashville,Residential,0,0,535.44,2.11,1.78,51.7,106.63,1,0,0,63,169,4.9
4869,6898,108,6,4,2025-12-12,Nashville,Residential,1,0,1399.23,3.3,4.55,127.39,620.75,1,0,0,30,206,4.5
4870,6900,515,5,4,2025-12-12,Nashville,Residential,0,0,167.47,1.49,1.78,49.97,23.76,0,0,0,46,235,4.6
4871,6901,468,5,7,2025-12-12,Nashville,Residential,0,0,210.18,1.52,1.52,53.09,38.25,1,0,0,68,311,4.7
4872,6902,1049,7,4,2025-12-12,Franklin,Residential,0,0,1256.73,4.44,4.26,119.21,330.15,1,0,0,65,196,4.4
4873,6903,678,1,8,2025-12-12,Nashville,Residential,0,0,382.56,2.46,2.85,77.01,98.36,1,0,0,47,255,4.1
4874,6904,328,5,7,2025-12-12,Nashville,Residential,0,0,153.39,1.41,1.23,43.14,22.63,1,0,0,32,194,4.6
4875,6905,523,7,2,2025-12-12,Nolensville,Commercial,1,0,1778.73,4.05,4.43,155.05,448.78,1,0,0,28,241,4.8
4876,6906,515,7,5,2025-12-12,Nashville,Residential,0,0,1117.86,5.54,3.02,108.88,290.46,1,0,0,37,212,4.6
4877,6907,1200,2,2,2025-12-12,Brentwood,Residential,0,0,557.58,2.23,1.85,64.64,120.89,1,0,0,54,225,5.0
4878,6908,365,3,5,2025-12-12,Brentwood,Residential,0,0,8333.8,18.6,19.49,701.69,4489.01,1,0,0,50,270,4.8
4879,6909,1119,5,2,2025-12-12,Nashville,Residential,1,0,155.33,1.24,1.5,52.48,21.7,1,0,0,42,317,5.0
4880,6910,127,2,8,2025-12-12,Nashville,Residential,0,0,646.57,2.69,1.89,51.0,143.95,1,0,0,38,269,4.1
4881,6911,547,1,8,2025-12-12,Brentwood,Residential,0,0,519.16,2.27,2.87,77.39,127.69,1,0,0,40,299,4.2
4882,6912,458,1,7,2025-12-12,Spring Hill,Residential,0,1,613.76,2.34,2.52,88.1,145.65,0,1,0,37,77,4.6
4883,6913,346,1,8,2025-12-12,Brentwood,Residential,0,0,528.06,2.2,2.23,60.2,117.78,1,0,0,52,245,4.3
4884,6914,386,1,1,2025-12-12,Franklin,Residential,0,0,361.17,2.35,2.26,76.75,83.45,1,0,1,54,293,5.0
4885,6916,179,2,8,2025-12-12,Nashville,Residential,0,0,418.99,2.06,2.44,66.0,83.89,1,0,0,13,290,4.4
4886,6918,951,5,1,2025-12-12,Franklin,Residential,0,0,157.91,1.36,1.19,40.47,30.89,1,0,0,54,287,4.4
4887,6920,122,1,7,2025-12-13,Spring Hill,Residential,0,0,507.75,2.26,1.98,69.43,127.28,1,0,1,20,203,4.5
4888,6921,487,1,5,2025-12-13,Nashville,Residential,0,0,583.77,2.26,1.76,63.48,123.5,0,1,0,24,298,4.3
4889,6922,939,5,4,2025-12-13,Franklin,Residential,0,0,154.53,1.22,1.53,42.76,22.8,1,0,1,51,233,3.8
4890,6923,780,1,6,2025-12-13,Nashville,Residential,0,0,613.7,1.83,1.75,54.24,124.46,1,0,0,48,315,4.8
4891,6925,395,5,1,2025-12-13,Brentwood,Commercial,1,0,306.68,1.3,1.59,53.92,45.1,1,0,0,56,384,4.8
4892,6926,360,4,7,2025-12-13,Nashville,Residential,0,0,2082.88,10.87,13.01,455.5,590.84,1,0,0,18,211,4.5
4893,6928,463,6,6,2025-12-13,Spring Hill,Residential,0,0,962.95,3.27,3.11,96.41,383.38,1,0,0,53,299,5.0
4894,6929,583,5,2,2025-12-13,Brentwood,Residential,1,0,247.74,1.46,1.53,53.71,29.24,1,0,0,42,219,4.8
4895,6930,871,1,8,2025-12-13,Franklin,Commercial,0,0,774.14,1.49,1.51,40.87,174.61,1,0,1,52,195,3.9
4896,6931,845,2,4,2025-12-13,Brentwood,Residential,1,1,464.98,2.71,2.78,77.83,120.89,1,0,0,43,90,4.6
4897,6933,1120,6,1,2025-12-13,Brentwood,Commercial,0,0,1861.55,3.36,3.03,103.16,666.9,1,0,0,24,248,4.4
4898,6934,1127,2,4,2025-12-13,Franklin,Residential,0,0,640.37,2.01,1.76,49.16,144.88,1,0,1,15,225,4.5
4899,6935,526,5,5,2025-12-13,Franklin,Residential,0,0,196.03,1.41,1.01,36.35,31.86,1,0,0,39,250,4.9
4900,6936,1258,1,5,2025-12-13,Franklin,Residential,0,0,446.04,2.39,1.88,67.69,91.25,1,0,0,39,170,4.9
4901,6937,234,1,7,2025-12-13,Brentwood,Commercial,0,0,714.52,2.45,2.22,77.84,158.88,1,0,0,38,187,4.5
4902,6939,248,1,8,2025-12-13,Nashville,Residential,0,1,571.64,2.83,2.96,80.03,104.26,1,0,0,18,20,3.9
4903,6942,480,4,7,2025-12-14,Franklin,Commercial,0,0,5092.73,11.47,10.87,380.5,1970.88,1,0,0,45,257,4.7
4904,6943,25,1,8,2025-12-14,Nashville,Residential,0,0,349.53,2.28,2.09,56.38,71.26,1,0,1,18,303,3.8
4905,6945,474,1,2,2025-12-14,Brentwood,Residential,1,1,445.8,2.19,1.68,58.77,114.34,1,0,0,53,92,5.0
4906,6946,214,1,1,2025-12-14,Brentwood,Residential,0,1,337.3,1.5,1.05,35.77,83.11,1,0,0,39,83,5.0
4907,6947,1047,5,3,2025-12-14,Nashville,Residential,1,0,167.54,1.29,1.13,32.73,22.65,1,0,0,53,198,4.9
4908,6949,1307,5,8,2025-12-14,Nashville,Commercial,0,0,336.82,1.23,1.45,39.22,43.09,1,0,0,37,220,4.2
4909,6950,432,1,4,2025-12-14,Nashville,Commercial,0,1,696.22,2.06,2.23,62.3,154.73,1,0,0,58,20,4.6
4910,6951,601,1,2,2025-12-14,Franklin,Commercial,0,0,819.82,2.39,2.39,83.61,199.87,1,0,0,21,404,4.9
4911,6952,320,5,5,2025-12-14,Nashville,Residential,0,0,224.25,1.03,0.94,33.74,35.18,1,0,0,9,276,4.9
4912,6953,154,1,8,2025-12-14,Nashville,Residential,0,0,470.08,1.93,1.68,45.44,121.8,1,0,0,50,307,4.1
4913,6954,318,7,3,2025-12-14,Nashville,Residential,0,0,1283.06,5.51,6.84,198.39,330.45,1,0,0,32,182,4.3
4914,6955,123,5,3,2025-12-14,Nashville,Residential,1,0,216.26,1.12,1.19,34.4,37.82,1,0,0,52,284,4.9
4915,6957,1078,1,7,2025-12-14,Spring Hill,Residential,0,0,505.63,2.62,2.46,86.16,90.54,0,0,0,34,225,5.0
4916,6959,705,4,5,2025-12-15,Franklin,Residential,1,0,1838.66,10.32,8.5,305.84,518.28,1,0,0,28,236,4.9
4917,6960,37,5,1,2025-12-15,Nashville,Residential,1,0,181.84,1.17,0.96,32.58,28.62,1,0,0,44,274,4.3
4918,6961,413,5,2,2025-12-15,Franklin,Residential,1,0,178.58,1.1,0.98,34.43,21.43,1,0,0,20,226,4.9
4919,6964,30,4,7,2025-12-15,Franklin,Residential,0,0,2050.46,5.33,7.33,256.49,722.98,1,0,0,8,190,4.6
4920,6966,44,2,1,2025-12-15,Brentwood,Residential,0,0,477.32,1.86,1.94,66.0,102.57,1,0,0,38,242,5.0
4921,6968,338,6,8,2025-12-15,Nashville,Residential,0,0,1104.83,3.76,4.56,123.22,442.02,1,0,0,29,331,4.2
4922,6970,1162,4,5,2025-12-15,Spring Hill,Residential,0,0,2127.31,10.1,11.34,408.07,776.12,1,0,0,50,236,4.2
4923,6971,833,6,8,2025-12-15,Franklin,Residential,0,0,787.84,4.09,4.76,128.53,299.96,1,0,0,48,193,4.2
4924,6972,846,5,6,2025-12-15,Brentwood,Residential,0,0,212.01,1.64,1.58,48.97,31.24,1,1,1,36,202,4.3
4925,6973,525,1,5,2025-12-15,Brentwood,Residential,1,0,441.43,2.32,2.96,106.42,92.76,1,0,0,37,202,4.7
4926,6974,901,4,7,2025-12-15,Brentwood,Residential,0,0,2041.38,11.41,12.71,444.77,664.44,1,0,0,53,169,4.2
4927,6977,572,5,8,2025-12-16,Nolensville,Residential,0,0,135.18,1.44,1.88,50.68,17.99,1,0,1,36,261,4.5
4928,6978,879,5,8,2025-12-16,Franklin,Residential,0,0,227.41,1.75,2.23,60.23,26.68,0,1,0,31,116,4.0
4929,6981,26,1,6,2025-12-16,Nashville,Residential,1,0,480.83,2.01,1.46,45.34,114.86,1,0,0,48,292,5.0
4930,6982,1033,1,5,2025-12-16,Brentwood,Residential,0,1,445.06,2.47,2.04,73.59,85.02,1,0,0,54,52,5.0
4931,6983,1351,7,5,2025-12-16,Nashville,Residential,0,0,1040.25,3.37,4.22,152.07,239.46,0,0,0,37,295,4.9
4932,6984,957,5,6,2025-12-16,Brentwood,Residential,0,0,169.17,1.54,1.23,38.25,22.19,1,0,1,57,176,4.8
4933,6986,1214,1,3,2025-12-16,Nolensville,Residential,0,0,434.98,2.49,2.47,71.71,101.89,1,0,0,32,253,4.2
4934,6989,250,5,1,2025-12-16,Nashville,Residential,0,0,152.03,1.19,1.2,40.86,23.26,1,1,0,31,162,4.5
4935,6990,1399,5,6,2025-12-16,Nolensville,Residential,0,0,180.55,1.39,1.67,51.65,26.37,1,0,0,32,221,4.7
4936,6992,819,2,6,2025-12-16,Brentwood,Residential,0,0,604.84,2.2,2.19,67.92,118.35,1,0,0,54,259,4.8
4937,6993,1393,2,8,2025-12-16,Nashville,Residential,1,0,358.11,2.49,2.65,71.68,84.9,0,0,0,35,212,3.7
4938,6995,802,5,3,2025-12-16,Brentwood,Residential,0,0,176.37,1.17,1.11,32.28,24.43,1,0,0,72,304,4.2
4939,6996,147,2,4,2025-12-17,Brentwood,Residential,0,1,474.39,2.55,2.84,79.4,107.75,1,0,0,42,67,4.4
4940,6997,1031,2,2,2025-12-17,Nashville,Residential,0,0,667.51,2.38,2.44,85.56,126.18,0,0,0,40,202,4.3
4941,6998,128,5,1,2025-12-17,Brentwood,Residential,1,0,224.09,1.3,1.24,42.04,31.84,1,0,0,40,283,5.0
4942,6999,1245,5,2,2025-12-17,Nashville,Commercial,0,0,406.04,1.38,0.97,33.92,58.45,1,0,0,19,215,4.5
4943,7000,1327,2,2,2025-12-17,Spring Hill,Residential,0,0,380.64,2.33,2.21,77.51,88.23,1,0,0,39,211,5.0
4944,7001,725,1,1,2025-12-17,Nashville,Commercial,1,1,849.92,2.13,1.95,66.33,218.7,1,0,0,26,86,5.0
4945,7002,1338,5,6,2025-12-17,Nolensville,Commercial,0,0,268.78,1.38,1.27,39.23,39.3,0,0,0,49,189,4.6
4946,7003,41,1,5,2025-12-17,Nolensville,Residential,0,0,562.38,2.41,2.29,82.49,130.67,0,0,0,45,226,5.0
4947,7004,362,2,1,2025-12-17,Spring Hill,Residential,1,0,538.86,2.46,1.82,61.74,123.03,1,0,0,33,303,4.9
4948,7006,1319,3,5,2025-12-17,Brentwood,Residential,0,0,13734.19,19.21,21.08,758.71,7332.08,1,0,0,44,169,4.4
4949,7007,656,6,2,2025-12-17,Franklin,Residential,0,0,1047.24,3.45,3.74,130.79,432.19,1,0,0,44,271,4.8
4950,7008,1352,2,6,2025-12-17,Franklin,Residential,0,0,435.93,2.62,2.71,84.14,92.1,1,0,0,41,238,5.0
4951,7009,1005,1,7,2025-12-17,Brentwood,Residential,0,0,469.85,2.3,3.03,105.91,104.82,1,0,0,33,240,4.6
4952,7010,756,2,5,2025-12-17,Nolensville,Residential,1,1,532.86,2.71,2.88,103.67,124.78,0,1,0,43,118,4.1
4953,7011,1112,1,7,2025-12-17,Franklin,Residential,0,0,533.67,2.56,2.18,76.35,119.36,1,0,0,8,206,4.8
4954,7012,1167,5,1,2025-12-17,Nolensville,Residential,0,0,236.68,1.42,1.26,42.7,26.76,1,0,0,38,245,4.4
4955,7013,550,5,7,2025-12-17,Spring Hill,Residential,0,0,223.5,1.34,1.56,54.5,36.06,1,0,0,30,223,4.3
4956,7015,105,1,8,2025-12-17,Brentwood,Residential,0,0,457.13,2.68,2.95,79.57,85.89,1,0,0,39,353,4.2
4957,7016,1117,1,8,2025-12-17,Nashville,Residential,1,0,356.63,2.63,2.35,63.58,70.86,1,0,0,41,209,3.9
4958,7017,1189,1,3,2025-12-17,Spring Hill,Commercial,1,0,746.65,2.15,1.82,52.91,198.93,0,1,0,36,261,4.1
4959,7018,513,1,6,2025-12-17,Nashville,Residential,1,0,495.15,2.05,2.0,62.07,125.57,1,0,0,27,213,4.6
4960,7019,1400,1,3,2025-12-18,Nashville,Residential,0,1,409.2,1.94,2.14,62.07,85.5,1,0,1,49,111,4.6
4961,7020,89,5,7,2025-12-18,Spring Hill,Residential,1,0,167.92,1.21,1.18,41.17,26.29,1,0,0,52,203,4.7
4962,7022,1096,4,7,2025-12-18,Nashville,Residential,0,0,2630.02,10.25,10.77,376.81,974.13,1,0,0,48,263,4.5
4963,7026,1227,1,3,2025-12-18,Nashville,Residential,0,0,551.73,2.07,2.1,60.88,134.66,0,0,0,26,151,4.5
4964,7027,384,3,5,2025-12-18,Franklin,Residential,0,0,8283.93,17.12,17.42,627.23,3936.97,1,0,0,50,410,4.8
4965,7028,1097,2,2,2025-12-18,Brentwood,Residential,1,1,504.63,2.37,2.63,92.18,118.16,1,0,0,39,143,5.0
4966,7029,1383,1,6,2025-12-18,Nashville,Residential,0,0,485.01,2.43,2.31,71.52,116.56,1,0,0,35,216,4.7
4967,7030,695,5,7,2025-12-18,Nolensville,Residential,0,0,185.91,1.18,0.81,28.42,26.47,1,0,0,30,233,4.7
4968,7032,1257,1,4,2025-12-18,Franklin,Residential,0,0,509.87,2.53,2.62,73.34,103.22,1,0,0,25,270,4.9
4969,7033,359,6,3,2025-12-18,Nolensville,Residential,0,0,1211.48,3.59,2.9,84.1,513.98,1,0,0,41,250,4.6
4970,7037,573,1,7,2025-12-18,Nashville,Residential,0,1,496.04,2.05,1.85,64.63,122.73,1,0,0,37,20,4.6
4971,7039,1127,5,5,2025-12-18,Franklin,Residential,0,0,198.21,1.07,0.74,26.72,24.35,1,0,0,30,316,4.6
4972,7040,417,1,5,2025-12-18,Nashville,Residential,1,0,377.8,2.09,1.41,50.83,82.29,1,0,0,19,339,4.7
4973,7041,1050,4,7,2025-12-18,Nashville,Residential,1,0,2105.84,10.0,13.25,463.74,781.15,1,0,0,61,196,5.0
4974,7042,704,6,6,2025-12-18,Nashville,Residential,0,0,1038.65,3.45,3.53,109.42,357.75,1,0,0,32,241,5.0
4975,7044,901,1,6,2025-12-18,Brentwood,Residential,0,0,380.57,2.57,3.61,111.85,67.35,1,0,0,27,122,4.9
4976,7045,631,1,2,2025-12-18,Nashville,Residential,0,0,736.73,2.56,2.48,86.87,138.52,1,0,1,41,359,4.9
4977,7046,1202,7,3,2025-12-18,Brentwood,Residential,0,0,1087.92,5.22,4.25,123.12,285.16,1,0,0,32,301,4.3
4978,7047,92,6,2,2025-12-18,Nashville,Residential,0,0,1183.14,3.7,2.87,100.34,501.21,1,0,0,33,223,4.8
4979,7050,268,1,3,2025-12-18,Nashville,Residential,1,0,350.83,2.69,2.02,58.61,89.61,0,1,0,43,240,4.0
4980,7051,163,1,4,2025-12-18,Nashville,Residential,1,1,767.69,2.13,2.24,62.85,179.45,1,0,0,31,79,4.3
4981,7052,786,5,6,2025-12-18,Franklin,Residential,0,0,176.22,1.2,1.45,45.08,29.53,1,0,1,37,221,4.9
4982,7053,770,5,7,2025-12-18,Nolensville,Residential,0,0,203.86,1.09,1.08,37.64,39.44,0,1,0,57,410,3.9
4983,7055,472,1,7,2025-12-18,Franklin,Commercial,0,0,677.66,2.05,2.21,77.44,146.06,1,0,0,35,168,4.8
4984,7056,635,1,7,2025-12-18,Spring Hill,Residential,1,0,533.15,2.39,2.13,74.55,133.21,0,1,0,45,368,4.5
4985,7058,1193,5,6,2025-12-18,Nashville,Residential,0,0,176.84,1.33,1.2,37.18,23.71,1,0,0,31,336,4.8
4986,7059,770,2,2,2025-12-18,Nolensville,Residential,0,0,564.21,2.41,2.02,70.75,115.26,1,0,0,52,206,4.9
4987,7060,890,5,2,2025-12-18,Nolensville,Residential,0,0,169.92,1.18,0.81,28.4,25.63,1,0,0,37,325,5.0
4988,7061,295,1,8,2025-12-19,Nolensville,Residential,0,1,523.34,1.95,1.85,49.96,122.39,0,0,0,31,133,4.2
4989,7062,893,1,2,2025-12-19,Brentwood,Commercial,1,1,827.14,2.14,2.37,82.81,221.48,1,0,0,45,20,5.0
4990,7064,1002,1,3,2025-12-19,Nolensville,Residential,0,0,643.14,1.96,2.32,67.34,124.75,1,0,0,34,213,4.9
4991,7065,627,3,7,2025-12-19,Spring Hill,Residential,0,0,10399.97,18.32,19.29,675.14,4242.26,1,0,0,34,287,4.7
4992,7066,192,1,3,2025-12-19,Brentwood,Commercial,1,1,782.63,2.09,2.32,67.3,205.01,1,0,0,59,100,4.8
4993,7067,177,1,2,2025-12-19,Nashville,Residential,0,0,487.06,2.68,2.61,91.24,109.38,1,0,0,57,181,4.7
4994,7069,760,2,5,2025-12-19,Nashville,Residential,0,1,647.7,2.71,2.61,93.78,146.51,1,0,0,23,113,4.5
4995,7070,1005,5,8,2025-12-19,Brentwood,Residential,0,0,163.32,1.31,1.32,35.56,23.74,1,0,0,40,261,4.8
4996,7072,359,1,1,2025-12-19,Nolensville,Residential,0,0,484.31,2.14,2.36,80.4,94.44,1,0,0,40,229,4.8
4997,7073,78,7,8,2025-12-19,Nashville,Commercial,0,0,2264.74,3.13,3.64,98.31,631.54,1,0,0,33,171,4.5
4998,7074,1176,1,8,2025-12-19,Nolensville,Residential,0,0,493.85,2.28,2.87,77.55,99.0,1,0,0,12,251,3.9
4999,7075,1169,1,8,2025-12-19,Spring Hill,Residential,0,0,474.85,1.94,1.91,51.54,99.57,1,0,1,36,255,4.3
5000,7077,932,1,6,2025-12-19,Franklin,Residential,0,1,604.47,2.19,1.97,61.09,113.99,1,0,0,65,140,4.6
5001,7079,1190,3,5,2025-12-19,Spring Hill,Residential,0,0,7663.47,18.37,20.12,724.2,3962.88,1,0,0,49,329,4.1
5002,7080,1055,3,5,2025-12-19,Nashville,Residential,1,0,9759.82,17.75,23.35,840.53,4775.74,0,1,0,34,151,3.8
5003,7081,301,5,4,2025-12-19,Franklin,Commercial,0,0,367.78,1.05,1.19,33.41,54.68,1,0,0,36,288,4.3
5004,7083,131,5,1,2025-12-19,Nolensville,Residential,1,0,202.04,1.12,1.14,38.72,34.86,1,0,0,34,192,4.4
5005,7084,710,1,1,2025-12-19,Brentwood,Residential,0,0,471.1,2.04,1.88,63.8,110.75,1,0,0,33,284,4.8
5006,7085,930,1,8,2025-12-19,Brentwood,Residential,0,1,477.85,2.16,2.72,73.38,105.8,1,0,0,30,137,4.4
5007,7086,660,2,4,2025-12-19,Brentwood,Residential,0,0,775.41,2.42,2.72,76.25,191.79,1,0,1,48,163,4.8
5008,7087,959,1,8,2025-12-19,Franklin,Residential,0,0,442.71,2.09,2.79,75.24,82.52,1,0,0,31,171,4.7
5009,7088,339,1,5,2025-12-19,Brentwood,Residential,1,0,498.47,2.13,1.65,59.41,128.32,1,0,0,33,207,4.7
5010,7089,510,4,5,2025-12-19,Franklin,Residential,1,0,2169.82,11.94,11.92,429.24,716.97,1,0,0,41,306,4.7
5011,7090,1420,1,7,2025-12-19,Spring Hill,Residential,0,0,565.7,1.93,2.15,75.23,112.82,1,0,0,54,335,4.8
5012,7092,1333,6,2,2025-12-19,Franklin,Residential,0,0,1266.18,3.71,2.31,80.68,471.85,1,0,0,38,260,5.0
5013,7093,935,1,8,2025-12-19,Brentwood,Residential,0,0,493.82,2.56,3.19,86.26,115.04,0,1,1,25,299,3.6
5014,7096,1089,5,5,2025-12-20,Brentwood,Residential,0,0,176.12,1.18,1.36,49.1,30.75,1,0,0,36,208,4.9
5015,7097,347,3,5,2025-12-20,Franklin,Residential,0,0,10252.07,17.4,16.17,582.04,5436.52,1,0,0,54,226,4.8
5016,7099,437,1,3,2025-12-20,Brentwood,Residential,1,0,306.86,1.73,1.62,46.91,59.04,1,0,0,24,242,4.6
5017,7100,1184,5,8,2025-12-20,Franklin,Residential,1,0,200.49,1.39,1.73,46.69,29.38,0,1,0,60,209,3.9
5018,7102,970,6,6,2025-12-20,Nashville,Residential,1,0,1063.18,3.08,2.81,86.96,436.82,0,0,0,23,253,4.9
5019,7103,925,3,5,2025-12-20,Nolensville,Residential,1,0,10132.38,16.32,12.65,455.33,6004.52,1,0,0,39,248,4.4
5020,7105,923,6,4,2025-12-20,Franklin,Residential,0,0,1122.47,4.52,6.08,170.36,499.06,1,0,0,38,239,5.0
5021,7107,906,6,7,2025-12-20,Spring Hill,Residential,0,0,1108.61,2.86,3.02,105.86,529.06,0,1,0,57,314,3.7
5022,7108,857,1,8,2025-12-20,Nashville,Residential,0,0,423.35,2.27,2.29,61.91,92.44,1,0,0,43,303,4.7
5023,7109,208,2,1,2025-12-20,Nashville,Residential,0,0,498.92,2.6,2.95,100.14,104.21,1,0,0,12,262,4.3
5024,7110,1294,2,5,2025-12-20,Franklin,Residential,0,1,548.59,2.62,2.52,90.59,102.54,1,0,0,27,80,4.6
5025,7111,1282,2,7,2025-12-20,Brentwood,Residential,0,0,523.73,2.12,2.52,88.28,116.08,1,0,0,29,238,4.4
5026,7112,1095,3,7,2025-12-20,Franklin,Commercial,0,0,17855.94,16.54,24.79,867.72,10460.02,1,0,0,60,243,4.5
5027,7113,128,5,5,2025-12-20,Brentwood,Residential,1,0,172.67,1.23,1.33,47.77,25.37,1,0,0,62,193,4.5
5028,7114,78,1,6,2025-12-20,Nashville,Commercial,0,0,1035.77,1.89,1.99,61.54,227.36,1,0,0,23,303,5.0
5029,7115,402,1,2,2025-12-20,Franklin,Residential,0,1,553.04,2.12,1.6,56.15,113.65,0,1,0,34,43,4.4
5030,7116,879,5,6,2025-12-20,Franklin,Residential,0,0,137.12,1.27,1.43,44.28,22.41,1,0,0,74,166,5.0
5031,7118,726,1,3,2025-12-20,Brentwood,Residential,1,0,444.44,2.65,2.63,76.21,101.62,1,0,0,43,236,4.5
5032,7120,372,5,6,2025-12-20,Franklin,Commercial,1,0,326.89,1.28,1.21,37.54,34.95,1,0,0,32,114,4.8
5033,7121,1000,5,1,2025-12-21,Franklin,Residential,1,0,209.89,1.45,1.45,49.14,32.02,1,0,0,48,230,5.0
5034,7122,443,1,2,2025-12-21,Spring Hill,Residential,0,0,476.01,1.97,1.52,53.13,135.7,1,0,0,37,284,4.9
5035,7123,1004,1,3,2025-12-21,Spring Hill,Residential,1,0,447.01,2.13,1.98,57.56,98.91,1,0,0,58,251,4.8
5036,7124,73,1,1,2025-12-21,Franklin,Residential,0,1,475.5,2.42,1.67,56.94,103.28,1,0,0,19,20,4.8
5037,7126,1296,1,1,2025-12-21,Brentwood,Residential,0,0,666.28,1.98,1.81,61.56,121.76,1,0,0,42,301,5.0
5038,7127,467,1,6,2025-12-21,Brentwood,Residential,0,0,379.0,2.12,1.9,58.94,78.71,0,1,0,42,266,4.5
5039,7129,969,2,8,2025-12-21,Brentwood,Residential,0,0,601.74,2.28,2.7,72.78,147.33,0,1,0,64,240,3.4
5040,7130,1441,5,5,2025-12-21,Nashville,Commercial,1,0,293.02,1.73,1.37,49.28,37.28,1,0,0,16,267,4.7
5041,7132,1438,1,5,2025-12-21,Brentwood,Commercial,0,0,681.74,2.08,1.9,68.39,107.99,0,0,0,43,284,5.0
5042,7133,297,1,2,2025-12-21,Brentwood,Residential,0,1,466.93,2.06,1.6,55.86,88.61,1,0,0,33,20,4.8
5043,7134,249,6,7,2025-12-21,Spring Hill,Residential,0,0,1411.53,3.96,3.5,122.66,427.17,1,0,0,52,308,4.6
5044,7136,1373,1,7,2025-12-22,Brentwood,Commercial,0,0,584.46,2.38,2.86,100.08,134.21,1,0,0,20,322,4.8
5045,7137,180,1,1,2025-12-22,Nashville,Residential,0,0,609.44,2.17,1.68,56.95,146.41,1,0,0,23,222,4.4
5046,7138,715,1,7,2025-12-22,Nashville,Residential,0,1,410.08,1.7,2.34,82.03,97.67,0,0,0,29,126,3.9
5047,7141,245,1,7,2025-12-22,Franklin,Residential,0,0,433.76,2.41,2.71,95.02,109.97,1,0,0,39,153,4.9
5048,7142,411,1,7,2025-12-22,Spring Hill,Residential,0,0,460.66,2.09,1.43,50.18,99.78,1,0,1,47,232,4.1
5049,7145,1303,1,3,2025-12-22,Franklin,Residential,0,0,478.73,1.98,1.76,50.93,86.57,0,0,0,33,238,5.0
5050,7146,854,3,5,2025-12-22,Nashville,Residential,0,0,9318.91,14.52,13.43,483.58,4751.61,0,0,0,20,241,4.7
5051,7148,930,6,6,2025-12-22,Brentwood,Residential,0,0,1096.47,2.83,2.53,78.35,415.59,1,0,0,41,231,4.8
5052,7150,1032,7,3,2025-12-22,Nolensville,Commercial,0,0,2495.59,3.88,4.7,136.37,624.87,1,0,0,8,270,4.5
5053,7151,449,2,8,2025-12-22,Nashville,Residential,1,1,461.38,2.89,3.12,84.3,125.43,1,0,0,29,55,4.2
5054,7153,582,1,2,2025-12-22,Nashville,Residential,0,0,449.3,2.13,2.37,82.79,80.27,1,0,1,37,224,5.0
5055,7154,703,1,6,2025-12-22,Nolensville,Residential,1,0,502.37,2.25,2.16,67.01,139.24,1,0,0,34,255,5.0
5056,7155,382,1,7,2025-12-22,Franklin,Residential,0,0,654.22,2.13,2.13,74.44,129.08,1,0,0,34,231,4.7
5057,7157,348,1,8,2025-12-22,Spring Hill,Residential,1,1,412.34,2.62,2.26,60.91,106.69,0,1,0,52,85,3.7
5058,7159,975,6,8,2025-12-22,Nashville,Residential,0,0,1058.87,4.03,5.72,154.47,446.93,1,0,0,26,269,4.5
5059,7160,75,6,7,2025-12-22,Spring Hill,Residential,1,0,1146.42,3.35,3.85,134.86,456.05,1,0,0,28,248,4.0
5060,7161,1434,1,5,2025-12-22,Nolensville,Commercial,1,0,797.37,2.24,1.77,63.88,155.73,1,0,0,45,268,4.8
5061,7162,993,5,6,2025-12-23,Nolensville,Residential,0,0,212.32,1.0,0.97,30.11,35.49,1,0,0,29,277,4.7
5062,7163,1107,6,1,2025-12-23,Nashville,Residential,1,0,1196.61,3.18,2.62,88.92,306.69,1,0,0,34,289,4.9
5063,7164,407,1,2,2025-12-23,Franklin,Residential,1,0,466.56,1.97,1.65,57.64,124.13,1,0,0,30,273,5.0
5064,7165,1024,5,5,2025-12-23,Nashville,Residential,0,0,199.14,1.25,1.03,37.2,32.85,1,0,0,28,201,4.7
5065,7166,945,6,4,2025-12-23,Nolensville,Residential,0,0,1085.68,3.58,4.73,132.32,391.92,0,1,0,49,195,3.8
5066,7168,385,2,4,2025-12-23,Nolensville,Residential,0,1,649.55,2.41,2.91,81.4,111.76,0,1,0,25,112,4.1
5067,7169,1043,5,8,2025-12-23,Nashville,Residential,0,0,186.83,1.32,1.42,38.46,25.54,1,0,0,23,239,4.5
5068,7170,208,5,1,2025-12-23,Nashville,Residential,0,0,139.2,1.4,1.02,34.54,23.64,1,0,1,8,214,4.6
5069,7171,973,5,7,2025-12-23,Franklin,Residential,1,0,155.41,1.42,1.35,47.24,20.86,1,0,0,34,260,4.2
5070,7172,715,1,4,2025-12-23,Nashville,Residential,0,1,305.15,1.89,1.74,48.76,68.95,1,0,0,34,20,4.4
5071,7173,676,1,2,2025-12-23,Nashville,Commercial,0,0,857.66,2.07,1.96,68.74,177.79,1,0,0,36,308,4.9
5072,7174,167,6,4,2025-12-23,Brentwood,Residential,0,0,983.13,3.67,2.76,77.35,471.06,1,0,0,53,227,4.7
5073,7175,11,5,1,2025-12-23,Nashville,Residential,0,0,206.32,1.31,0.8,27.13,35.36,1,0,0,19,275,4.9
5074,7176,323,1,6,2025-12-23,Spring Hill,Residential,0,0,624.32,2.01,2.26,70.18,117.53,1,0,1,37,178,5.0
5075,7177,1275,1,2,2025-12-23,Brentwood,Residential,1,1,618.72,2.69,3.34,117.05,149.51,1,0,0,46,57,4.7
5076,7178,1192,5,4,2025-12-23,Brentwood,Residential,0,0,185.44,1.29,1.71,47.8,33.92,1,0,0,55,286,4.0
5077,7181,943,2,8,2025-12-23,Nolensville,Residential,1,0,391.47,2.56,2.52,67.91,108.08,1,0,0,35,266,4.0
5078,7183,1326,1,3,2025-12-23,Nolensville,Residential,0,0,473.98,2.17,2.03,58.95,103.53,1,0,0,17,143,4.8
5079,7184,1294,4,7,2025-12-23,Franklin,Residential,0,0,2842.1,9.98,8.24,288.51,910.95,1,0,0,39,138,4.7
5080,7185,936,5,3,2025-12-23,Nashville,Residential,1,0,171.85,1.05,1.18,34.08,31.68,1,0,0,45,204,4.6
5081,7186,400,1,2,2025-12-23,Nashville,Residential,0,1,475.38,2.38,1.88,65.84,117.43,1,0,0,39,62,5.0
5082,7188,96,1,1,2025-12-24,Nolensville,Residential,0,0,662.55,2.4,2.55,86.59,138.56,1,0,0,58,206,4.4
5083,7190,244,3,5,2025-12-24,Spring Hill,Residential,0,0,7931.93,22.91,22.01,792.4,3463.78,1,0,0,38,356,4.7
5084,7192,978,2,2,2025-12-24,Nashville,Residential,0,0,525.39,3.05,3.15,110.38,123.15,1,0,0,40,228,5.0
5085,7193,996,5,1,2025-12-24,Brentwood,Residential,0,0,314.71,1.24,1.31,44.54,44.0,1,0,0,25,297,4.5
5086,7195,738,3,5,2025-12-24,Nashville,Residential,1,0,14489.29,15.08,12.02,432.69,7856.43,1,0,0,8,256,4.5
5087,7196,73,5,3,2025-12-24,Franklin,Residential,0,0,200.56,1.51,1.38,39.96,25.44,1,0,0,15,273,4.4
5088,7197,637,7,1,2025-12-24,Franklin,Residential,0,0,1114.38,3.81,3.35,113.82,267.37,1,0,0,38,75,4.7
5089,7198,1164,2,1,2025-12-24,Spring Hill,Residential,1,0,384.03,2.0,1.53,51.94,96.28,1,0,0,47,216,5.0
5090,7199,475,1,8,2025-12-24,Brentwood,Residential,1,0,345.69,1.88,2.57,69.47,75.18,1,0,0,31,280,4.3
5091,7200,1345,1,4,2025-12-24,Spring Hill,Residential,0,0,394.98,1.82,2.06,57.7,84.38,0,1,0,33,246,3.8
5092,7201,620,1,8,2025-12-24,Franklin,Residential,1,0,475.64,1.96,2.29,61.91,115.71,1,0,0,59,287,4.3
5093,7203,936,5,6,2025-12-24,Nashville,Residential,1,0,142.37,1.19,1.52,47.27,20.2,1,0,0,38,209,4.6
5094,7204,674,5,3,2025-12-24,Nolensville,Residential,0,0,241.46,1.2,1.39,40.29,41.32,1,0,0,19,212,4.5
5095,7205,651,1,8,2025-12-24,Brentwood,Residential,0,0,376.25,2.12,2.62,70.86,69.72,1,0,1,43,371,4.2
5096,7206,1108,1,6,2025-12-24,Franklin,Residential,0,0,371.44,1.89,1.46,45.35,80.32,1,0,1,36,274,4.6
5097,7207,802,5,6,2025-12-24,Brentwood,Residential,0,0,185.25,1.38,0.95,29.3,23.61,1,0,0,37,303,4.6
5098,7210,172,3,5,2025-12-24,Brentwood,Commercial,0,0,18282.48,16.41,11.62,418.26,11348.44,1,0,0,38,175,4.4
5099,7211,553,5,5,2025-12-24,Nashville,Residential,1,0,220.06,1.18,1.03,37.22,38.42,1,0,0,25,230,4.6
5100,7213,788,1,1,2025-12-24,Spring Hill,Residential,0,1,508.42,2.6,2.95,100.19,110.97,1,0,1,29,130,4.3
5101,7214,1365,5,3,2025-12-24,Nashville,Residential,0,0,132.1,1.42,1.31,38.01,18.37,1,0,0,25,293,4.4
5102,7215,1150,7,8,2025-12-25,Franklin,Commercial,0,0,2406.39,4.99,4.95,133.62,561.42,1,0,0,41,220,4.0
5103,7216,490,1,6,2025-12-25,Spring Hill,Residential,0,0,437.17,2.11,2.24,69.53,91.82,1,0,0,34,239,4.3
5104,7217,1416,1,4,2025-12-25,Franklin,Residential,0,1,457.06,2.58,3.69,103.41,105.46,1,0,0,39,142,4.2
5105,7218,564,2,5,2025-12-25,Brentwood,Residential,0,1,506.42,2.19,2.7,97.35,106.05,1,0,0,38,74,4.4
5106,7219,992,2,5,2025-12-25,Spring Hill,Residential,0,0,478.04,2.1,2.13,76.86,103.64,1,1,1,37,286,4.7
5107,7220,266,1,4,2025-12-25,Spring Hill,Residential,1,1,511.4,1.98,2.19,61.25,143.17,0,1,0,25,120,3.7
5108,7222,1383,5,2,2025-12-25,Nashville,Residential,0,0,199.96,0.77,0.68,23.74,25.88,1,0,1,49,230,4.9
5109,7223,789,1,6,2025-12-25,Nolensville,Residential,0,0,603.71,2.14,1.95,60.6,135.72,1,0,0,32,275,4.6
5110,7225,44,4,5,2025-12-25,Brentwood,Residential,0,0,2789.76,12.27,11.26,405.32,996.12,1,0,0,43,175,4.6
5111,7226,640,4,7,2025-12-25,Franklin,Residential,0,0,2439.52,9.3,7.75,271.28,775.61,1,0,0,24,183,4.6
5112,7228,708,3,5,2025-12-25,Nashville,Residential,0,0,11933.15,23.46,23.64,850.88,5079.03,1,0,0,20,309,4.9
5113,7229,1111,5,1,2025-12-25,Franklin,Residential,1,0,143.64,1.3,1.26,42.85,14.49,1,0,0,52,228,4.5
5114,7230,47,1,8,2025-12-25,Franklin,Residential,0,0,612.22,2.54,2.78,75.04,140.58,1,0,0,42,221,4.5
5115,7233,589,2,6,2025-12-25,Spring Hill,Residential,1,1,475.87,1.95,1.73,53.75,110.54,1,0,0,36,99,4.5
5116,7235,820,3,5,2025-12-26,Nashville,Residential,1,0,9010.05,19.04,15.55,559.92,3477.56,1,0,0,31,249,4.7
5117,7236,925,1,8,2025-12-26,Nolensville,Residential,1,0,467.13,2.26,2.6,70.33,135.73,1,0,0,62,288,4.3
5118,7238,218,6,7,2025-12-26,Nashville,Residential,1,0,952.5,4.0,3.24,113.44,427.12,1,0,0,47,276,4.1
5119,7239,243,2,3,2025-12-26,Brentwood,Residential,1,0,592.44,2.19,2.81,81.38,128.08,1,0,0,19,247,4.5
5120,7240,1446,5,8,2025-12-26,Franklin,Residential,0,0,164.27,1.19,1.25,33.88,24.08,1,0,0,32,207,4.2
5121,7245,1182,5,4,2025-12-26,Nashville,Residential,1,0,141.46,0.94,0.82,22.97,21.61,1,0,0,59,211,4.3
5122,7246,513,3,7,2025-12-26,Nashville,Residential,1,0,9913.32,18.68,21.17,741.12,6093.3,1,0,0,44,319,4.8
5123,7247,1384,7,7,2025-12-26,Franklin,Residential,0,0,998.03,4.35,3.79,132.56,228.43,1,0,0,32,339,4.7
5124,7248,369,2,7,2025-12-26,Franklin,Residential,0,1,585.91,2.71,3.52,123.06,121.53,1,0,0,30,66,4.6
5125,7249,990,1,1,2025-12-26,Nashville,Residential,0,0,427.63,1.97,1.86,63.31,89.85,1,0,0,9,256,5.0
5126,7250,335,2,5,2025-12-26,Franklin,Residential,1,0,336.74,2.93,2.33,84.01,86.59,1,0,0,21,184,4.7
5127,7251,414,1,1,2025-12-26,Nashville,Residential,0,0,372.87,2.23,2.01,68.51,75.98,1,0,0,41,206,5.0
5128,7252,831,4,5,2025-12-26,Nashville,Residential,0,0,2486.71,10.35,11.12,400.15,947.58,0,0,0,37,285,4.8
5129,7253,1120,5,5,2025-12-26,Brentwood,Commercial,0,0,271.2,1.26,1.0,35.88,40.2,1,0,1,28,258,4.6
5130,7254,578,4,7,2025-12-26,Brentwood,Residential,0,0,2245.08,10.35,7.42,259.81,741.42,0,1,0,51,146,3.6
5131,7255,1276,1,4,2025-12-26,Nashville,Residential,0,0,353.88,2.04,2.24,62.6,62.13,1,0,1,53,294,4.9
5132,7257,565,1,4,2025-12-27,Franklin,Residential,0,1,497.19,1.9,2.14,59.82,97.5,1,0,0,32,78,4.6
5133,7258,1393,2,5,2025-12-27,Nashville,Residential,1,0,455.37,2.36,2.4,86.26,91.1,1,0,0,45,276,4.7
5134,7259,1312,5,7,2025-12-27,Brentwood,Residential,0,0,168.51,1.13,0.94,32.93,25.46,1,0,0,33,320,4.1
5135,7260,1144,4,7,2025-12-27,Spring Hill,Residential,0,0,1668.25,10.54,9.49,332.26,477.15,1,0,0,53,162,4.8
5136,7262,394,5,2,2025-12-27,Franklin,Residential,0,0,274.06,1.27,1.22,42.54,43.3,1,0,0,18,231,4.7
5137,7263,360,5,8,2025-12-27,Nashville,Residential,0,0,190.29,1.49,1.77,47.86,31.74,0,1,0,11,219,4.3
5138,7264,875,7,6,2025-12-27,Franklin,Residential,0,0,1488.22,4.52,4.19,129.81,401.76,1,0,0,52,204,4.4
5139,7265,902,5,8,2025-12-27,Spring Hill,Residential,1,0,193.12,1.35,1.67,45.02,31.99,1,0,0,47,255,4.1
5140,7266,665,3,5,2025-12-27,Nashville,Residential,0,0,10247.06,19.6,18.01,648.39,4130.83,1,0,0,58,266,5.0
5141,7267,254,1,3,2025-12-27,Franklin,Residential,1,1,422.52,2.62,2.54,73.73,82.97,1,0,0,26,85,4.3
5142,7268,1334,1,4,2025-12-27,Brentwood,Residential,0,0,468.92,2.34,2.18,61.13,86.72,1,0,0,42,232,4.5
5143,7269,743,5,4,2025-12-27,Nashville,Residential,0,0,155.2,1.34,1.2,33.48,26.22,1,0,0,20,324,4.6
5144,7270,462,6,7,2025-12-27,Nashville,Commercial,1,0,1987.02,2.81,2.69,94.3,801.88,1,0,0,40,229,4.5
5145,7272,1121,5,2,2025-12-27,Franklin,Residential,0,0,128.46,1.2,1.22,42.75,25.31,1,0,0,31,233,4.7
5146,7274,809,1,3,2025-12-27,Brentwood,Residential,0,0,345.17,1.88,1.77,51.21,78.15,1,0,0,45,246,4.9
5147,7276,433,4,7,2025-12-28,Spring Hill,Residential,0,0,2213.64,10.08,10.22,357.54,588.54,1,0,0,56,219,4.4
5148,7277,737,3,7,2025-12-28,Spring Hill,Residential,1,0,10549.42,16.54,14.49,507.02,4860.69,1,0,0,34,287,4.4
5149,7281,458,3,7,2025-12-28,Spring Hill,Residential,0,0,12161.09,17.43,16.7,584.59,5611.65,1,0,0,32,178,5.0
5150,7282,236,1,4,2025-12-28,Nashville,Residential,0,1,363.82,2.48,2.28,63.9,70.71,1,0,0,35,76,4.7
5151,7283,704,1,3,2025-12-28,Nashville,Residential,0,0,405.11,2.2,2.56,74.34,80.2,1,0,0,54,236,4.8
5152,7284,726,1,8,2025-12-28,Brentwood,Residential,1,0,456.03,1.95,2.63,71.01,121.99,1,0,0,40,192,4.4
5153,7285,402,1,4,2025-12-28,Franklin,Residential,0,0,390.47,2.14,1.98,55.4,88.34,0,0,1,40,311,4.6
5154,7286,1009,5,1,2025-12-28,Nashville,Residential,0,0,121.35,1.16,1.1,37.36,16.81,1,1,1,20,165,4.4
5155,7288,1292,5,8,2025-12-28,Nolensville,Residential,0,0,298.44,1.29,1.07,28.95,51.96,1,0,0,27,318,4.4
5156,7289,961,3,5,2025-12-28,Nashville,Residential,0,0,7852.1,16.87,11.14,401.01,4153.4,1,0,0,30,313,5.0
5157,7291,422,2,3,2025-12-28,Spring Hill,Residential,1,1,433.99,2.29,2.01,58.38,108.57,1,0,0,46,179,4.7
5158,7292,244,1,6,2025-12-28,Spring Hill,Residential,0,0,406.37,2.07,1.71,52.87,78.49,1,0,0,53,223,4.8
5159,7293,1130,1,2,2025-12-28,Spring Hill,Residential,0,1,594.88,2.44,2.52,88.22,134.66,1,0,0,40,58,5.0
5160,7294,655,2,1,2025-12-28,Nolensville,Residential,0,0,514.28,2.89,2.48,84.33,95.67,1,0,0,31,328,4.7
5161,7295,1175,5,7,2025-12-28,Spring Hill,Residential,0,0,240.27,1.39,1.7,59.67,38.12,1,0,0,34,276,4.6
5162,7297,1034,1,7,2025-12-28,Nashville,Residential,0,0,534.81,2.32,2.48,86.7,118.38,0,0,1,43,258,4.4
5163,7298,1298,2,2,2025-12-29,Brentwood,Residential,1,0,387.15,2.74,3.57,124.91,94.75,1,0,0,39,201,5.0
5164,7302,1410,6,1,2025-12-29,Nashville,Residential,0,0,994.62,3.5,3.52,119.8,371.22,1,0,0,27,278,4.6
5165,7303,1171,5,3,2025-12-29,Brentwood,Residential,0,0,284.31,1.07,1.01,29.34,43.99,0,0,0,42,195,4.6
5166,7304,587,1,8,2025-12-29,Spring Hill,Residential,1,0,475.46,2.13,2.12,57.23,137.44,0,0,0,40,321,4.2
5167,7306,835,5,3,2025-12-29,Nashville,Residential,0,0,192.55,1.19,0.92,26.57,33.88,1,0,0,36,159,4.6
5168,7307,238,5,2,2025-12-29,Franklin,Residential,0,0,212.55,1.28,0.96,33.73,35.06,1,0,1,42,286,4.5
5169,7308,323,1,7,2025-12-29,Spring Hill,Residential,0,0,466.65,2.13,2.12,74.28,113.77,1,0,0,67,246,4.9
5170,7310,1380,5,2,2025-12-29,Nolensville,Residential,0,0,192.42,1.04,1.08,37.85,28.22,1,0,0,47,279,4.9
5171,7311,1271,2,2,2025-12-29,Nashville,Residential,0,1,383.94,3.0,3.48,121.84,87.12,1,0,1,51,28,4.5
5172,7313,111,2,6,2025-12-29,Nashville,Residential,0,0,745.4,2.34,2.28,70.81,164.09,1,0,1,72,201,4.8
5173,7318,681,3,7,2025-12-30,Brentwood,Residential,1,0,7859.54,18.55,15.32,536.34,4023.64,1,0,0,57,263,4.6
5174,7319,1261,7,8,2025-12-30,Franklin,Residential,1,0,1259.5,5.12,5.01,135.37,285.74,0,1,0,32,193,3.8
5175,7321,662,5,8,2025-12-30,Franklin,Residential,0,0,192.37,1.24,1.7,45.99,27.18,1,0,0,29,248,4.1
5176,7322,624,5,3,2025-12-30,Nashville,Commercial,0,0,296.7,1.17,0.8,23.31,34.15,0,1,0,37,257,3.6
5177,7323,726,2,5,2025-12-30,Brentwood,Residential,1,0,545.75,2.58,2.31,83.01,135.0,1,0,0,32,344,4.8
5178,7324,484,4,5,2025-12-30,Spring Hill,Commercial,0,0,3379.26,9.9,9.15,329.29,894.31,1,0,0,35,224,4.8
5179,7325,1084,3,7,2025-12-30,Franklin,Residential,0,0,10243.82,17.36,20.4,714.13,6064.58,1,0,0,34,333,4.5
5180,7329,418,5,1,2025-12-30,Nolensville,Residential,0,0,165.8,1.65,1.49,50.7,22.86,1,0,0,43,242,5.0
5181,7330,1189,2,2,2025-12-30,Spring Hill,Commercial,1,0,759.04,2.94,3.11,108.97,204.25,1,0,0,36,199,4.7
5182,7331,1419,1,4,2025-12-30,Brentwood,Commercial,0,0,703.42,2.38,2.61,73.1,161.66,1,0,0,27,265,4.3
5183,7332,1069,5,2,2025-12-30,Spring Hill,Residential,1,0,197.97,1.17,1.0,34.91,26.36,1,0,0,65,323,4.9
5184,7333,1199,7,4,2025-12-30,Franklin,Residential,1,0,1215.7,4.73,5.55,155.4,232.84,1,0,0,53,226,4.5
5185,7334,730,2,3,2025-12-30,Brentwood,Residential,0,0,445.4,2.62,2.94,85.21,93.14,0,0,0,37,241,4.5
5186,7337,480,1,3,2025-12-30,Franklin,Commercial,0,0,982.17,2.67,2.36,68.3,209.42,1,0,1,59,255,4.4
5187,7338,1425,3,7,2025-12-30,Franklin,Residential,0,0,11137.17,12.42,12.29,430.14,6975.08,1,0,0,17,200,5.0
5188,7339,26,4,5,2025-12-30,Nashville,Residential,1,0,2381.38,9.23,11.23,404.14,748.59,1,0,0,32,291,4.5
5189,7340,685,6,8,2025-12-30,Spring Hill,Residential,0,0,922.99,3.93,4.84,130.63,340.59,1,0,0,20,261,4.0
5190,7341,811,1,7,2025-12-30,Nolensville,Residential,1,1,339.3,2.14,2.16,75.61,85.87,1,0,0,30,115,4.7
5191,7342,1396,5,5,2025-12-30,Spring Hill,Residential,1,0,150.41,1.57,1.79,64.43,24.78,0,0,0,51,211,4.9
5192,7343,759,5,7,2025-12-30,Nashville,Commercial,1,0,387.41,1.39,1.25,43.6,51.79,0,1,0,18,321,4.6
5193,7344,1245,5,4,2025-12-30,Nashville,Commercial,0,0,303.39,1.16,1.43,39.9,43.03,1,0,1,51,193,5.0
5194,7345,671,1,8,2025-12-30,Nashville,Residential,1,0,433.19,2.07,2.0,54.1,109.2,1,0,0,8,209,4.8
5195,7346,1119,5,5,2025-12-30,Nashville,Residential,1,0,220.89,1.19,1.05,37.63,34.82,1,0,0,20,258,5.0
5196,7347,1085,3,7,2025-12-30,Nashville,Residential,0,0,7911.6,14.97,11.36,397.66,4947.41,0,1,0,33,258,3.7
5197,7350,1396,1,7,2025-12-31,Spring Hill,Residential,1,0,642.59,2.23,2.5,87.64,139.64,1,0,0,56,249,5.0
5198,7351,1380,1,3,2025-12-31,Nolensville,Residential,0,1,487.59,1.88,2.37,68.84,108.28,1,1,0,21,48,4.1
5199,7352,1417,5,6,2025-12-31,Franklin,Residential,0,0,159.12,1.35,0.89,27.57,26.19,1,0,0,32,196,4.2
5200,7355,1242,7,5,2025-12-31,Franklin,Residential,0,0,1237.31,4.71,3.41,122.81,299.01,1,0,0,23,258,4.8
5201,7357,1011,5,5,2025-12-31,Brentwood,Residential,0,0,178.59,1.22,0.96,34.48,32.29,1,0,1,13,194,4.7
5202,7358,1066,5,1,2025-12-31,Nashville,Residential,0,0,135.14,1.26,0.75,25.43,19.47,1,0,0,40,288,4.6
5203,7359,905,7,5,2025-12-31,Nashville,Residential,0,0,1367.34,3.77,4.34,156.37,287.57,1,0,0,29,153,4.6
5204,7360,22,6,8,2025-12-31,Brentwood,Residential,0,0,1008.88,3.78,3.81,102.98,425.4,1,0,0,36,132,4.8
5205,7361,819,4,7,2025-12-31,Brentwood,Residential,0,0,3662.71,7.39,8.7,304.52,1395.55,1,0,0,42,271,4.7
5206,7362,1347,3,7,2025-12-31,Nashville,Residential,0,0,12276.84,19.08,20.21,707.47,5648.0,1,0,0,45,327,4.8
5207,7363,986,5,7,2025-12-31,Franklin,Residential,0,0,168.96,1.13,1.13,39.52,30.56,1,0,0,21,280,4.5
5208,7364,216,2,2,2025-12-31,Nashville,Residential,0,0,600.49,2.04,2.43,85.09,119.85,1,0,0,38,179,5.0
5209,7365,1430,2,7,2025-12-31,Nashville,Residential,0,0,692.37,2.63,3.18,111.47,152.62,1,0,0,38,235,4.8
5210,7366,1020,3,5,2025-12-31,Brentwood,Commercial,0,0,17350.14,17.45,17.11,615.95,10078.22,1,0,0,29,225,5.0
5211,7367,340,3,5,2025-12-31,Franklin,Residential,0,0,10260.17,16.71,17.53,630.94,4763.57,1,0,0,21,233,4.4
5212,7368,372,2,8,2025-12-31,Franklin,Commercial,1,1,515.05,2.67,2.88,77.71,133.85,1,0,0,28,57,4.0
5213,7371,179,1,7,2025-12-31,Nashville,Residential,0,1,610.34,2.27,2.86,99.94,123.1,0,0,0,51,91,4.4
5214,7372,1428,1,5,2025-12-31,Franklin,Residential,1,0,459.34,2.05,2.49,89.61,110.94,1,0,0,27,347,4.4
5215,7373,593,5,3,2025-12-31,Spring Hill,Residential,1,0,254.52,1.41,1.59,46.16,35.57,1,0,0,18,245,4.6
5216,7374,111,4,7,2025-12-31,Nashville,Residential,0,0,2229.74,11.02,11.42,399.6,585.28,1,0,0,52,178,4.4
5217,7376,950,1,8,2025-12-31,Nashville,Commercial,0,0,900.86,2.85,3.41,92.08,152.15,1,0,0,41,286,4.6
5218,7377,632,1,1,2025-12-31,Brentwood,Residential,0,1,419.69,2.2,1.87,63.5,57.2,1,0,0,41,34,4.9
5219,7378,791,4,5,2025-12-31,Nashville,Residential,1,0,2491.03,7.65,5.84,210.23,803.72,1,0,0,34,201,4.6
5220,7379,726,6,1,2025-12-31,Brentwood,Residential,1,0,1400.53,3.59,3.22,109.64,435.95,1,0,0,29,185,5.0
5221,7380,644,1,7,2026-01-01,Spring Hill,Residential,1,0,569.77,2.12,2.09,73.05,126.05,1,0,0,21,233,4.8
5222,7382,858,5,4,2026-01-01,Nashville,Residential,0,0,207.35,1.54,1.61,45.18,27.75,1,0,0,43,314,4.3
5223,7384,635,5,4,2026-01-01,Spring Hill,Residential,1,0,175.25,1.16,1.06,29.7,19.45,0,1,0,8,208,3.9
5224,7386,1114,6,3,2026-01-01,Brentwood,Residential,0,0,1337.99,2.88,2.64,76.67,616.71,1,0,0,37,268,4.6
5225,7387,764,6,4,2026-01-01,Nashville,Residential,1,0,1437.29,3.55,4.28,119.71,631.36,1,0,0,34,209,4.3
5226,7388,353,5,1,2026-01-01,Nashville,Residential,0,0,185.19,1.28,1.27,43.29,28.79,1,0,0,8,246,5.0
5227,7389,566,2,5,2026-01-01,Brentwood,Residential,0,0,421.98,2.28,2.43,87.64,80.16,1,0,0,56,228,4.6
5228,7390,1226,4,7,2026-01-01,Nashville,Residential,0,0,1985.17,8.48,7.24,253.55,762.88,1,0,0,59,188,4.5
5229,7391,437,2,2,2026-01-01,Brentwood,Residential,1,1,457.2,2.03,1.75,61.11,102.3,1,0,0,41,126,5.0
5230,7394,117,5,3,2026-01-01,Nashville,Residential,0,0,188.08,1.07,1.27,36.69,30.24,1,0,0,44,163,4.5
5231,7395,716,6,1,2026-01-01,Nashville,Residential,1,0,1046.95,3.88,3.15,107.0,437.45,1,0,0,41,204,4.9
5232,7397,566,1,1,2026-01-01,Brentwood,Residential,0,0,491.16,2.16,1.91,65.01,84.18,1,0,0,59,263,5.0
5233,7399,1081,2,1,2026-01-01,Brentwood,Residential,1,0,547.73,2.73,2.16,73.46,130.41,1,0,0,45,297,4.9
5234,7400,1151,3,5,2026-01-01,Nashville,Residential,1,0,11932.85,14.48,14.38,517.78,6666.99,1,0,0,54,192,4.7
5235,7401,341,5,6,2026-01-01,Spring Hill,Residential,1,0,254.31,1.14,1.36,42.15,31.75,1,0,0,43,279,5.0
5236,7403,1401,1,8,2026-01-01,Spring Hill,Residential,0,1,645.45,2.23,2.13,57.58,144.04,0,1,0,58,143,3.7
5237,7404,199,5,5,2026-01-01,Brentwood,Residential,1,0,217.8,1.16,0.94,33.75,29.83,1,0,0,31,187,4.7
5238,7405,1137,1,4,2026-01-01,Spring Hill,Residential,0,0,479.88,2.05,2.41,67.45,103.87,1,0,1,50,288,5.0
5239,7406,834,1,2,2026-01-01,Franklin,Residential,0,0,531.55,1.95,2.3,80.52,114.52,1,0,0,8,176,5.0
5240,7409,1297,1,6,2026-01-01,Nashville,Residential,1,0,543.14,2.22,2.73,84.64,116.86,0,0,0,53,279,5.0
5241,7410,667,2,5,2026-01-02,Nolensville,Commercial,0,1,701.09,2.42,2.3,82.94,162.43,0,1,1,40,198,3.9
5242,7411,403,1,7,2026-01-02,Nashville,Residential,0,0,482.63,1.71,2.08,72.86,111.16,0,1,0,50,190,3.9
5243,7412,1404,1,5,2026-01-02,Nashville,Residential,0,0,276.45,2.57,2.35,84.47,51.51,1,0,0,8,149,4.9
5244,7413,1183,1,4,2026-01-02,Spring Hill,Residential,1,1,356.84,2.6,2.83,79.23,80.78,1,0,0,43,43,4.6
5245,7414,797,5,4,2026-01-02,Nashville,Residential,1,0,188.47,1.3,1.19,33.41,30.44,1,0,0,66,287,4.1
5246,7416,1001,3,5,2026-01-02,Brentwood,Commercial,1,0,16641.52,18.61,20.66,743.91,11015.05,1,0,0,51,300,4.5
5247,7417,1330,2,5,2026-01-02,Nolensville,Residential,1,1,553.41,2.48,1.69,60.71,122.69,1,0,0,34,102,4.9
5248,7418,1370,5,7,2026-01-02,Brentwood,Commercial,0,0,346.57,1.05,0.92,32.1,56.45,1,0,0,49,217,4.5
5249,7419,149,5,6,2026-01-02,Spring Hill,Residential,0,0,209.65,1.49,1.21,37.47,38.22,1,0,0,60,276,4.7
5250,7420,1166,5,1,2026-01-02,Nashville,Residential,0,0,218.8,1.31,1.13,38.51,27.53,0,1,1,39,331,4.2
5251,7421,1241,5,8,2026-01-02,Nolensville,Residential,0,0,169.24,1.24,1.24,33.49,26.02,1,0,0,36,299,4.0
5252,7422,915,2,1,2026-01-02,Nashville,Residential,0,0,679.05,1.9,1.67,56.83,151.57,0,1,0,36,231,4.3
5253,7423,356,3,5,2026-01-02,Nolensville,Residential,0,0,10049.65,18.78,19.45,700.17,5331.76,1,0,0,41,223,4.7
5254,7424,544,2,8,2026-01-02,Nashville,Residential,0,0,709.68,2.44,2.9,78.27,149.07,1,0,1,17,339,4.0
5255,7425,513,2,7,2026-01-02,Nashville,Residential,1,0,535.42,2.6,2.49,87.11,164.82,1,0,0,38,196,4.7
5256,7426,1226,5,1,2026-01-02,Nashville,Residential,0,0,196.68,1.19,1.04,35.24,24.59,1,0,0,22,282,5.0
5257,7427,844,1,7,2026-01-02,Nashville,Residential,0,0,440.5,2.28,1.92,67.15,91.14,1,0,0,62,251,4.3
5258,7428,1253,5,5,2026-01-02,Franklin,Residential,1,0,198.72,1.39,1.46,52.58,31.18,1,0,0,45,341,4.7
5259,7429,817,1,4,2026-01-02,Spring Hill,Residential,0,0,407.48,1.83,1.55,43.36,94.0,1,0,0,8,217,4.9
5260,7430,627,1,5,2026-01-02,Spring Hill,Residential,0,0,383.3,2.05,1.89,67.87,75.54,1,0,0,19,262,4.6
5261,7431,502,5,2,2026-01-02,Nolensville,Residential,0,0,222.77,1.09,1.05,36.62,37.0,0,1,0,31,206,4.0
5262,7432,1314,1,3,2026-01-02,Franklin,Residential,1,0,405.17,2.33,2.0,58.05,87.98,1,0,0,34,280,4.8
5263,7433,948,1,5,2026-01-02,Nashville,Residential,0,1,399.07,2.44,2.97,107.04,106.81,1,0,0,42,123,4.9
5264,7434,379,1,2,2026-01-02,Nashville,Residential,0,0,507.67,2.03,2.49,87.18,96.82,1,0,0,27,119,4.6
5265,7436,1271,2,8,2026-01-02,Nashville,Residential,0,0,335.92,2.34,2.67,72.21,75.91,1,0,0,8,335,4.5
5266,7437,834,2,5,2026-01-03,Franklin,Residential,0,1,586.56,2.36,2.39,86.22,122.37,1,0,0,42,52,4.6
5267,7440,248,1,8,2026-01-03,Nashville,Residential,0,0,473.54,1.79,2.26,61.15,123.23,1,0,0,39,240,4.2
5268,7442,917,1,7,2026-01-03,Franklin,Residential,1,0,457.61,2.07,2.6,90.89,103.97,1,0,0,8,304,4.7
5269,7443,148,1,5,2026-01-03,Nashville,Residential,0,1,398.01,2.35,1.23,44.31,76.75,1,0,0,56,151,5.0
5270,7445,1445,2,7,2026-01-03,Franklin,Residential,1,0,435.62,2.16,2.08,72.75,102.95,1,0,0,8,310,4.0
5271,7446,1434,5,3,2026-01-03,Nolensville,Commercial,1,0,331.78,1.35,1.32,38.39,48.14,1,0,0,28,283,4.4
5272,7448,924,2,7,2026-01-03,Nashville,Commercial,0,1,1021.25,2.29,2.5,87.56,228.73,1,0,1,23,67,5.0
5273,7449,680,1,2,2026-01-03,Nashville,Residential,0,0,664.46,2.02,2.05,71.69,135.16,0,1,0,35,248,4.2
5274,7451,86,2,7,2026-01-03,Franklin,Residential,1,0,424.42,2.62,2.33,81.5,94.13,1,0,0,19,295,5.0
5275,7452,262,4,5,2026-01-03,Franklin,Residential,0,0,3953.46,8.58,5.64,203.2,969.77,1,0,0,38,166,4.3
5276,7453,543,6,7,2026-01-03,Brentwood,Residential,0,0,1173.81,3.05,1.91,66.81,497.28,1,0,0,50,124,4.2
5277,7454,436,5,6,2026-01-04,Nashville,Residential,1,0,141.65,1.26,1.42,44.09,20.32,1,0,0,34,183,4.4
5278,7455,1322,7,6,2026-01-04,Nashville,Residential,0,0,1167.66,4.0,4.39,136.11,204.5,1,0,0,45,246,4.6
5279,7456,813,5,6,2026-01-04,Nolensville,Residential,0,0,204.6,1.38,1.36,42.03,26.39,1,0,0,52,264,4.2
5280,7457,794,2,8,2026-01-04,Brentwood,Residential,1,0,507.56,2.57,1.98,53.46,102.37,0,0,0,55,236,4.0
5281,7458,1161,7,4,2026-01-04,Nashville,Residential,1,0,1461.69,5.5,6.08,170.29,351.65,1,0,0,17,259,4.4
5282,7460,1329,6,5,2026-01-04,Spring Hill,Residential,1,0,1248.78,3.28,3.0,108.11,447.06,1,0,0,40,196,5.0
5283,7461,1074,1,8,2026-01-04,Nashville,Residential,0,0,610.45,2.13,2.35,63.47,124.11,0,1,1,33,291,3.5
5284,7463,176,5,4,2026-01-04,Nashville,Residential,1,0,170.11,1.35,1.58,44.17,25.41,1,0,0,53,233,4.6
5285,7464,183,2,4,2026-01-04,Franklin,Commercial,0,0,759.63,2.87,2.53,70.77,194.25,1,0,1,61,308,4.8
5286,7466,1341,2,6,2026-01-04,Spring Hill,Residential,1,0,421.89,2.31,2.25,69.9,88.13,1,0,0,40,192,4.4
5287,7469,674,1,4,2026-01-04,Nolensville,Residential,0,0,492.08,2.07,2.35,65.75,117.36,1,0,0,44,144,4.6
5288,7470,1377,5,2,2026-01-04,Nolensville,Residential,0,0,174.09,1.37,1.3,45.34,28.17,1,0,0,45,241,5.0
5289,7473,123,3,5,2026-01-04,Nashville,Residential,1,0,10363.33,21.58,25.27,909.71,6098.07,1,0,0,30,257,4.3
5290,7474,1089,7,1,2026-01-04,Brentwood,Residential,0,0,940.72,4.9,4.98,169.31,234.08,1,0,0,46,239,4.8
5291,7475,866,4,7,2026-01-04,Spring Hill,Residential,0,0,2546.33,9.89,7.58,265.32,734.46,1,0,0,29,258,4.2
5292,7476,1121,1,4,2026-01-04,Franklin,Residential,0,0,552.27,2.23,2.63,73.53,118.59,1,0,0,50,218,4.3
5293,7478,253,6,8,2026-01-04,Brentwood,Residential,0,0,1080.45,4.14,4.0,108.01,405.09,1,0,0,45,181,4.4
5294,7481,481,2,1,2026-01-05,Franklin,Residential,0,1,412.09,2.37,2.24,76.25,89.56,1,0,0,50,30,4.7
5295,7482,699,4,7,2026-01-05,Spring Hill,Residential,0,0,2869.22,10.25,12.45,435.66,893.33,1,0,0,47,228,4.6
5296,7484,1361,5,2,2026-01-05,Nolensville,Residential,0,0,173.87,1.29,1.41,49.33,27.42,1,0,0,33,437,4.9
5297,7485,488,4,7,2026-01-05,Franklin,Residential,1,0,2820.51,12.11,15.22,532.64,887.51,1,0,0,47,245,4.7
5298,7486,220,2,8,2026-01-05,Nashville,Residential,0,0,446.83,2.31,2.07,55.88,95.32,1,0,0,34,317,4.4
5299,7488,367,5,5,2026-01-05,Nashville,Residential,0,0,243.84,1.4,1.4,50.38,37.21,1,0,0,47,228,4.4
5300,7489,220,5,2,2026-01-05,Nashville,Residential,0,0,188.9,1.34,1.13,39.66,24.4,1,0,0,54,161,4.6
5301,7490,537,5,2,2026-01-05,Brentwood,Residential,0,0,182.28,1.44,0.78,27.14,24.97,0,0,0,60,279,4.9
5302,7491,1300,5,4,2026-01-05,Brentwood,Residential,0,0,210.42,1.55,1.55,43.45,32.84,1,0,0,45,72,4.9
5303,7492,1410,5,7,2026-01-05,Nashville,Residential,0,0,223.94,1.49,1.57,54.96,34.73,1,0,0,32,172,4.9
5304,7493,187,5,7,2026-01-05,Franklin,Residential,0,0,195.73,1.33,1.34,46.97,31.42,1,0,0,34,141,4.3
5305,7494,329,5,8,2026-01-05,Spring Hill,Residential,0,0,219.98,1.23,1.35,36.5,32.28,1,0,0,39,219,4.0
5306,7495,399,1,4,2026-01-05,Franklin,Residential,0,0,457.61,2.17,2.34,65.52,102.43,1,0,1,31,335,4.6
5307,7496,1126,3,5,2026-01-05,Nashville,Residential,0,0,11503.33,17.79,12.47,448.99,5545.11,0,1,0,34,227,4.3
5308,7497,436,1,6,2026-01-05,Nashville,Residential,1,0,455.47,2.2,2.46,76.3,113.7,1,0,0,47,241,4.9
5309,7498,407,5,3,2026-01-05,Franklin,Residential,1,0,173.88,1.33,1.4,40.58,28.78,1,0,0,35,195,4.3
5310,7500,831,1,3,2026-01-05,Nashville,Residential,0,0,477.36,1.67,1.56,45.38,112.63,0,0,0,24,311,4.3
5311,7501,1288,4,5,2026-01-05,Spring Hill,Residential,0,0,2705.25,9.27,10.38,373.52,828.61,1,0,0,34,250,4.7
5312,7503,464,4,5,2026-01-06,Nashville,Residential,1,0,2128.86,10.33,9.64,346.98,566.76,1,0,0,28,266,4.4
5313,7504,1374,5,4,2026-01-06,Franklin,Residential,0,0,184.61,1.44,1.73,48.56,29.14,1,0,0,47,189,4.0
5314,7506,559,6,1,2026-01-06,Franklin,Residential,0,0,1132.2,3.4,3.02,102.69,484.41,1,0,0,44,192,4.5
5315,7507,98,1,8,2026-01-06,Brentwood,Residential,1,0,372.41,2.5,2.34,63.28,106.91,1,0,0,30,166,4.3
5316,7508,1400,5,5,2026-01-06,Nashville,Residential,0,0,264.94,1.14,1.1,39.58,47.41,1,0,0,20,224,4.9
5317,7509,898,5,8,2026-01-06,Franklin,Commercial,1,0,397.39,1.63,1.85,49.9,61.65,1,0,0,53,215,4.9
5318,7510,592,1,8,2026-01-06,Nashville,Commercial,0,1,908.12,1.81,2.18,58.98,148.29,0,1,0,34,235,3.7
5319,7511,975,5,6,2026-01-06,Nashville,Residential,0,0,178.6,1.25,1.08,33.57,26.11,1,0,0,30,216,4.7
5320,7512,161,5,2,2026-01-06,Franklin,Residential,1,0,190.02,1.28,1.32,46.04,25.17,1,0,0,24,147,4.8
5321,7513,207,2,5,2026-01-06,Nashville,Residential,1,0,373.73,1.93,1.03,37.23,95.01,1,0,0,23,204,5.0
5322,7515,192,2,7,2026-01-06,Brentwood,Commercial,1,1,764.87,2.52,2.94,102.73,196.49,1,0,0,48,126,4.6
5323,7516,470,5,2,2026-01-06,Brentwood,Commercial,0,0,292.47,1.49,1.84,64.34,40.22,1,0,0,43,309,5.0
5324,7517,1431,7,6,2026-01-06,Nolensville,Residential,0,0,979.8,4.95,3.41,105.78,242.02,1,0,0,34,280,4.7
5325,7518,892,3,5,2026-01-06,Nashville,Residential,0,0,8760.49,18.39,19.21,691.46,4817.56,0,1,0,42,248,4.0
5326,7519,1364,2,3,2026-01-06,Nashville,Residential,1,0,462.1,2.43,1.9,55.22,100.14,1,0,0,17,234,4.6
5327,7520,1154,1,1,2026-01-06,Nashville,Residential,1,0,415.29,2.29,3.02,102.83,88.44,1,0,0,32,274,5.0
5328,7521,1055,5,1,2026-01-06,Nashville,Residential,1,0,222.27,1.54,1.73,58.66,32.59,1,0,0,49,219,5.0
5329,7522,515,7,5,2026-01-06,Nashville,Residential,0,0,952.63,3.34,2.82,101.63,241.82,1,0,0,19,193,5.0
5330,7523,1025,1,4,2026-01-06,Spring Hill,Residential,0,0,421.72,1.99,2.19,61.23,90.19,0,0,0,38,178,4.6
5331,7524,939,2,8,2026-01-06,Franklin,Residential,0,0,526.3,2.54,2.79,75.22,129.73,1,0,0,33,200,4.1
5332,7528,1015,2,7,2026-01-07,Franklin,Residential,0,0,588.39,2.56,2.68,93.91,111.22,1,0,0,44,239,4.3
5333,7529,388,5,7,2026-01-07,Brentwood,Residential,0,0,281.82,1.6,1.28,44.91,34.65,1,0,0,33,328,5.0
5334,7530,1416,6,7,2026-01-07,Franklin,Residential,0,0,1383.38,3.15,2.69,94.06,438.24,1,0,0,36,239,5.0
5335,7532,67,5,3,2026-01-07,Spring Hill,Residential,0,0,200.08,1.37,1.49,43.15,30.9,1,0,0,35,277,5.0
5336,7533,1416,4,7,2026-01-07,Franklin,Residential,0,0,2198.83,10.74,9.84,344.34,749.37,0,0,0,23,282,4.2
5337,7535,1183,5,6,2026-01-07,Spring Hill,Residential,1,0,183.41,1.29,1.26,39.13,35.21,1,0,0,31,187,5.0
5338,7536,880,6,3,2026-01-07,Franklin,Residential,0,0,1304.78,3.65,3.67,106.41,555.34,1,0,0,41,208,4.4
5339,7537,641,7,1,2026-01-07,Nashville,Residential,0,0,1101.81,4.47,4.67,158.81,300.84,1,0,0,12,284,4.8
5340,7538,975,6,8,2026-01-07,Nashville,Residential,0,0,1389.32,3.58,3.61,97.6,560.52,1,0,0,18,316,3.9
5341,7539,1054,1,3,2026-01-07,Franklin,Residential,1,1,264.0,2.09,2.27,65.73,59.34,1,0,0,53,109,4.5
5342,7540,9,1,3,2026-01-07,Nolensville,Residential,1,1,391.94,2.3,2.72,78.74,98.88,1,0,0,29,52,4.1
5343,7541,1297,5,7,2026-01-07,Nashville,Residential,1,0,168.79,1.44,1.49,52.27,26.62,0,1,0,29,284,3.8
5344,7542,141,4,5,2026-01-07,Nashville,Residential,0,0,2598.16,9.26,10.01,360.51,863.75,1,1,0,31,303,4.2
5345,7543,137,2,8,2026-01-07,Franklin,Residential,0,0,535.14,2.65,3.4,91.92,116.31,0,1,0,48,239,3.8
5346,7546,1026,4,7,2026-01-07,Nashville,Residential,1,0,2350.45,9.64,10.45,365.88,751.13,1,0,0,41,217,4.6
5347,7548,943,1,1,2026-01-07,Nolensville,Residential,1,0,419.24,2.33,2.72,92.31,85.73,1,0,0,48,206,5.0
5348,7549,419,4,7,2026-01-07,Nashville,Commercial,1,0,4172.31,11.03,11.26,394.06,1345.73,1,0,0,64,315,4.8
5349,7550,205,4,7,2026-01-07,Franklin,Residential,1,0,2627.11,8.12,11.34,396.85,730.08,1,0,0,28,219,4.6
5350,7552,1326,6,6,2026-01-07,Nolensville,Residential,0,0,1058.2,2.88,2.84,88.0,478.75,0,1,0,22,174,4.5
5351,7553,459,1,6,2026-01-07,Nashville,Residential,0,0,436.87,1.78,1.83,56.88,71.42,1,0,0,46,247,4.7
5352,7554,885,4,5,2026-01-07,Spring Hill,Commercial,1,0,3531.57,9.58,10.71,385.5,1439.97,1,0,0,58,231,4.7
5353,7555,1051,5,7,2026-01-08,Brentwood,Residential,0,0,169.48,1.21,1.28,44.7,23.29,1,0,0,44,236,5.0
5354,7556,556,1,3,2026-01-08,Franklin,Residential,1,0,450.16,2.15,1.88,54.46,114.84,0,1,0,43,246,4.0
5355,7558,669,5,1,2026-01-08,Franklin,Residential,1,0,167.43,1.33,1.45,49.2,26.71,1,0,0,48,200,4.5
5356,7559,986,5,5,2026-01-08,Franklin,Residential,0,0,169.5,1.31,1.21,43.6,22.13,1,0,0,33,240,4.7
5357,7560,126,2,8,2026-01-08,Nashville,Residential,0,0,675.8,2.32,2.37,63.96,160.41,1,0,1,12,234,3.5
5358,7561,444,2,2,2026-01-08,Franklin,Residential,1,1,411.09,2.2,1.61,56.26,100.82,1,0,0,33,110,5.0
5359,7562,52,6,5,2026-01-08,Nolensville,Residential,1,0,1323.35,3.92,5.19,187.0,465.73,1,0,0,52,252,4.4
5360,7564,53,5,4,2026-01-08,Franklin,Residential,0,0,168.4,1.21,1.36,38.14,22.19,1,0,0,39,214,4.5
5361,7565,359,2,5,2026-01-08,Nolensville,Residential,0,0,455.73,1.91,1.44,52.0,95.22,1,0,0,46,251,4.4
5362,7566,429,1,2,2026-01-08,Franklin,Residential,1,0,412.6,2.27,2.51,87.83,101.81,1,0,0,31,242,4.7
5363,7569,1432,5,8,2026-01-08,Nashville,Residential,0,0,201.55,1.3,1.46,39.33,28.5,0,1,0,16,139,3.7
5364,7570,364,1,4,2026-01-08,Spring Hill,Residential,1,0,383.23,2.48,1.91,53.41,91.53,1,0,0,11,145,4.7
5365,7571,729,1,5,2026-01-08,Spring Hill,Residential,0,0,445.16,2.5,3.14,113.17,92.39,1,0,0,40,292,4.4
5366,7573,101,5,7,2026-01-08,Franklin,Residential,0,0,190.44,1.55,1.45,50.89,37.73,1,0,0,32,216,4.1
5367,7576,1316,1,3,2026-01-08,Brentwood,Residential,0,1,515.83,2.14,2.18,63.14,118.39,1,0,0,44,31,4.8
5368,7577,1098,1,2,2026-01-08,Nashville,Residential,0,0,495.44,2.17,2.16,75.47,108.39,1,0,0,49,208,5.0
5369,7578,666,5,3,2026-01-08,Spring Hill,Commercial,0,0,270.88,1.35,1.54,44.67,33.18,1,0,0,37,195,4.7
5370,7581,965,5,2,2026-01-09,Spring Hill,Residential,0,0,210.07,1.13,0.88,30.75,31.31,1,0,1,28,301,4.9
5371,7584,442,2,5,2026-01-09,Nolensville,Residential,1,0,335.61,2.7,2.07,74.49,66.06,1,0,0,43,213,4.6
5372,7585,385,1,5,2026-01-09,Nolensville,Residential,0,0,645.33,2.23,1.83,66.0,174.76,0,1,0,51,229,3.7
5373,7588,1027,5,2,2026-01-09,Nashville,Residential,0,0,167.76,1.1,0.96,33.58,23.06,1,0,0,15,348,4.7
5374,7589,1245,2,7,2026-01-09,Nashville,Commercial,0,0,768.65,2.68,2.59,90.62,166.75,1,0,1,30,248,4.4
5375,7591,119,5,8,2026-01-09,Nashville,Residential,0,0,177.97,1.18,1.21,32.66,25.81,0,0,0,44,368,4.7
5376,7592,190,3,5,2026-01-09,Spring Hill,Residential,1,0,11578.26,15.55,16.02,576.66,5863.9,1,0,0,44,162,5.0
5377,7593,821,6,1,2026-01-09,Spring Hill,Residential,1,0,1305.59,3.71,4.09,139.19,512.74,1,0,0,42,223,4.9
5378,7594,3,6,1,2026-01-09,Nashville,Residential,0,0,1212.13,3.54,2.96,100.69,541.06,1,0,0,21,121,5.0
5379,7595,788,5,4,2026-01-09,Spring Hill,Residential,0,0,202.67,1.19,1.43,39.95,31.22,0,1,1,19,282,3.4
5380,7597,1090,5,4,2026-01-09,Brentwood,Residential,0,0,219.09,1.14,1.04,28.98,35.0,0,1,0,49,325,4.0
5381,7598,1357,1,5,2026-01-09,Franklin,Residential,0,0,432.12,1.84,1.82,65.35,104.67,1,0,0,41,206,4.8
5382,7599,506,1,8,2026-01-09,Nashville,Residential,0,0,476.23,2.33,2.38,64.19,105.37,1,0,0,34,232,3.9
5383,7602,514,2,3,2026-01-09,Franklin,Residential,1,0,463.69,2.58,2.89,83.87,113.65,1,0,0,54,192,4.5
5384,7603,608,1,1,2026-01-09,Franklin,Residential,1,0,437.04,1.98,1.61,54.68,99.51,1,0,0,39,295,4.9
5385,7605,1375,5,8,2026-01-09,Spring Hill,Residential,0,0,134.5,1.18,1.39,37.53,20.77,1,0,0,43,239,4.6
5386,7606,342,5,2,2026-01-09,Franklin,Residential,0,0,212.16,1.31,0.91,31.99,29.31,1,0,0,9,278,5.0
5387,7607,1062,2,2,2026-01-09,Nolensville,Residential,0,1,585.61,2.44,2.9,101.5,139.79,1,0,1,55,92,4.4
5388,7608,1130,1,5,2026-01-09,Spring Hill,Residential,0,0,398.75,1.96,1.65,59.51,96.23,1,0,0,56,182,4.8
5389,7609,293,1,6,2026-01-09,Nashville,Residential,0,0,431.61,2.24,2.94,91.1,76.42,0,1,1,41,216,3.8
5390,7610,496,1,8,2026-01-10,Nashville,Residential,0,0,454.29,2.2,2.42,65.3,83.99,1,0,0,22,177,5.0
5391,7612,1219,5,3,2026-01-10,Nashville,Residential,0,0,201.54,1.45,1.76,50.94,28.5,1,0,0,56,285,4.9
5392,7613,1163,5,8,2026-01-10,Nolensville,Residential,0,0,159.71,1.16,1.26,33.99,21.94,1,0,0,58,289,4.2
5393,7614,648,6,1,2026-01-10,Brentwood,Residential,0,0,1195.53,3.51,3.21,109.28,367.92,1,0,0,54,253,5.0
5394,7616,77,4,5,2026-01-10,Nashville,Residential,1,0,1718.01,6.86,7.07,254.5,420.01,1,0,0,26,235,4.3
5395,7617,402,6,7,2026-01-10,Franklin,Residential,0,0,1190.24,4.32,4.03,141.03,476.98,0,0,0,21,225,4.7
5396,7619,902,1,5,2026-01-10,Spring Hill,Residential,1,0,441.46,2.07,1.58,56.92,108.5,1,0,0,57,188,4.5
5397,7620,906,6,8,2026-01-10,Spring Hill,Residential,0,0,1353.9,4.17,4.99,134.86,552.64,0,0,0,41,286,4.5
5398,7621,1055,5,6,2026-01-10,Nashville,Residential,1,0,162.09,1.01,1.11,34.44,27.31,1,0,0,56,289,4.9
5399,7622,1045,1,4,2026-01-10,Brentwood,Residential,1,0,360.6,1.86,2.29,64.18,94.63,1,0,0,46,254,4.6
5400,7624,755,1,2,2026-01-10,Spring Hill,Residential,0,0,433.39,2.0,1.67,58.62,89.09,1,0,0,44,262,4.8
5401,7625,337,1,5,2026-01-10,Nashville,Commercial,1,0,917.21,2.22,2.22,79.78,229.26,1,0,0,47,282,4.8
5402,7626,983,6,1,2026-01-10,Franklin,Residential,0,0,1013.27,3.09,3.59,121.95,385.25,1,0,0,32,282,4.5
5403,7627,1351,7,7,2026-01-11,Nashville,Residential,0,0,1417.86,4.35,3.37,117.99,310.77,1,1,0,43,263,4.2
5404,7628,705,2,7,2026-01-11,Franklin,Residential,1,0,460.79,2.82,2.87,100.59,140.67,1,0,0,40,270,4.9
5405,7629,1426,5,3,2026-01-11,Nashville,Residential,0,0,189.36,1.02,0.69,19.92,33.38,1,0,0,46,201,4.6
5406,7633,72,3,7,2026-01-11,Spring Hill,Residential,0,0,8704.77,18.46,16.75,586.33,3679.44,1,0,0,44,240,4.9
5407,7634,758,1,4,2026-01-11,Nashville,Commercial,0,0,797.87,2.08,1.93,53.92,202.67,1,0,0,37,225,4.6
5408,7635,421,7,2,2026-01-11,Franklin,Residential,0,0,985.05,4.0,3.26,113.99,252.14,1,0,0,48,300,4.8
5409,7638,1067,1,7,2026-01-11,Franklin,Residential,0,1,486.54,2.44,3.17,110.87,84.1,1,0,0,38,37,4.5
5410,7640,1238,1,1,2026-01-11,Nolensville,Residential,0,0,620.45,1.66,1.5,51.08,119.1,1,0,0,42,325,4.6
5411,7641,547,3,5,2026-01-11,Brentwood,Residential,0,0,8450.18,15.51,11.53,414.97,4905.41,1,0,0,35,296,4.9
5412,7643,464,3,5,2026-01-11,Nashville,Residential,1,0,10671.47,19.43,17.86,642.94,6721.96,1,0,0,30,193,4.3
5413,7645,825,2,2,2026-01-11,Nashville,Residential,0,0,876.33,2.53,2.28,79.75,178.29,1,0,0,31,267,5.0
5414,7647,748,1,3,2026-01-11,Franklin,Commercial,0,0,662.18,2.1,2.24,65.07,120.0,1,0,0,51,125,5.0
5415,7648,1042,5,2,2026-01-11,Spring Hill,Residential,0,0,210.0,1.56,1.7,59.4,36.93,1,0,0,41,166,4.9
5416,7650,678,4,7,2026-01-12,Nashville,Residential,0,0,3145.93,10.75,10.5,367.55,1059.2,1,0,0,41,251,4.6
5417,7652,942,5,6,2026-01-12,Franklin,Residential,0,0,260.99,1.28,1.47,45.66,46.08,1,0,0,40,218,4.6
5418,7653,677,2,8,2026-01-12,Spring Hill,Residential,0,0,433.26,2.15,2.25,60.63,109.61,1,0,0,45,280,3.8
5419,7657,1364,2,6,2026-01-12,Nashville,Residential,1,0,651.66,2.08,1.67,51.85,156.15,1,0,0,43,227,4.6
5420,7659,252,1,2,2026-01-12,Brentwood,Residential,0,0,570.66,2.34,2.01,70.35,118.98,1,0,0,19,221,4.8
5421,7660,1268,1,3,2026-01-12,Nashville,Residential,0,0,362.69,2.7,2.39,69.35,87.2,1,0,0,27,197,4.4
5422,7661,420,1,4,2026-01-12,Nashville,Residential,0,0,561.02,2.04,2.09,58.64,127.77,1,0,0,33,219,4.6
5423,7662,497,1,5,2026-01-12,Nashville,Commercial,0,1,814.18,2.17,1.88,67.71,174.86,1,0,0,44,27,4.3
5424,7663,327,3,5,2026-01-12,Brentwood,Residential,0,0,8397.15,17.76,15.24,548.47,3521.79,1,0,0,43,254,4.9
5425,7666,1279,5,6,2026-01-12,Nashville,Residential,0,0,176.06,1.39,1.2,37.19,22.88,1,0,0,40,133,5.0
5426,7667,244,1,3,2026-01-12,Spring Hill,Residential,0,1,529.35,2.03,2.61,75.62,117.29,1,0,0,43,177,4.3
5427,7668,144,1,1,2026-01-12,Nashville,Residential,0,0,506.16,2.33,1.83,62.27,101.93,1,0,0,33,227,4.6
5428,7669,260,1,3,2026-01-12,Brentwood,Commercial,0,0,792.86,1.98,1.64,47.6,181.48,1,0,1,29,219,4.5
5429,7670,1233,1,8,2026-01-12,Brentwood,Residential,1,0,610.53,1.85,2.37,64.05,149.85,0,1,0,22,215,3.3
5430,7673,428,1,1,2026-01-12,Nashville,Residential,0,0,438.95,2.24,2.0,67.92,125.79,1,0,0,22,242,4.7
5431,7674,1018,1,8,2026-01-12,Nolensville,Commercial,0,0,887.81,2.45,2.55,68.79,156.57,1,0,0,55,177,4.4
5432,7677,48,5,6,2026-01-12,Brentwood,Residential,1,0,214.5,1.19,1.01,31.43,30.38,1,0,0,34,189,5.0
5433,7678,589,3,7,2026-01-12,Spring Hill,Residential,1,0,9802.25,16.86,14.09,493.02,5222.67,1,0,0,46,221,4.5
5434,7680,1178,1,2,2026-01-12,Brentwood,Residential,0,0,427.11,1.85,1.58,55.2,102.8,1,0,0,28,258,4.8
5435,7681,1059,2,8,2026-01-13,Nashville,Residential,0,0,517.58,2.25,2.52,68.13,115.12,1,0,0,47,223,4.7
5436,7682,442,5,3,2026-01-13,Nolensville,Residential,1,0,186.06,1.34,1.34,38.86,28.45,1,0,0,44,199,4.5
5437,7683,427,6,2,2026-01-13,Nolensville,Residential,1,0,1432.71,3.73,3.69,129.27,590.0,1,0,0,36,215,5.0
5438,7684,43,3,5,2026-01-13,Franklin,Residential,0,0,9200.15,18.48,15.47,557.02,3811.01,1,0,0,56,208,4.9
5439,7685,691,6,3,2026-01-13,Franklin,Residential,1,0,752.18,3.66,2.91,84.32,315.04,1,0,0,44,268,4.7
5440,7686,746,5,5,2026-01-13,Franklin,Residential,0,0,278.29,1.1,1.24,44.79,33.53,1,0,1,54,305,4.7
5441,7690,989,7,6,2026-01-13,Brentwood,Commercial,0,0,1688.94,4.91,5.26,162.97,448.07,1,0,0,23,241,4.7
5442,7691,1247,1,2,2026-01-13,Franklin,Commercial,0,0,809.91,2.77,2.89,101.17,173.82,1,0,0,27,188,5.0
5443,7693,298,2,8,2026-01-13,Nashville,Residential,0,0,389.95,2.72,3.43,92.52,78.14,1,0,1,8,204,4.5
5444,7695,1214,3,5,2026-01-13,Nolensville,Residential,0,0,8887.48,16.41,13.92,501.17,5102.19,1,0,0,25,246,4.8
5445,7696,578,5,1,2026-01-13,Brentwood,Residential,0,0,203.3,1.21,1.36,46.24,29.16,1,0,0,42,218,5.0
5446,7697,1363,2,8,2026-01-13,Brentwood,Residential,0,1,632.52,2.61,2.6,70.29,151.99,1,0,0,35,20,3.9
5447,7698,195,6,5,2026-01-13,Brentwood,Commercial,1,0,1870.21,3.46,2.8,100.69,706.58,1,0,0,42,163,4.8
5448,7699,198,1,4,2026-01-13,Nolensville,Residential,0,0,498.29,2.46,2.67,74.78,114.67,1,0,0,21,195,4.4
5449,7700,165,2,4,2026-01-13,Franklin,Residential,0,0,672.31,2.84,2.91,81.49,150.28,0,1,0,29,200,4.1
5450,7702,639,5,6,2026-01-13,Nolensville,Residential,0,0,232.53,1.19,0.95,29.32,33.5,1,0,0,40,324,4.9
5451,7703,447,1,8,2026-01-13,Spring Hill,Residential,0,0,380.25,2.09,1.89,51.04,95.34,0,0,1,60,223,4.6
5452,7704,378,5,4,2026-01-14,Nashville,Residential,0,0,174.31,1.22,1.09,30.47,25.0,1,0,0,66,218,4.7
5453,7708,398,2,8,2026-01-14,Nashville,Residential,1,0,566.04,2.2,2.9,78.4,127.39,1,0,0,36,283,4.3
5454,7709,1130,1,7,2026-01-14,Spring Hill,Residential,0,0,816.84,1.95,1.86,65.25,154.57,1,0,0,37,294,4.6
5455,7710,158,7,7,2026-01-14,Nolensville,Residential,0,0,936.35,5.1,4.8,167.93,249.79,1,0,0,45,220,4.3
5456,7711,559,5,6,2026-01-14,Franklin,Residential,0,0,219.2,1.48,1.36,42.07,32.38,1,0,0,36,208,4.8
5457,7712,369,5,7,2026-01-14,Franklin,Residential,0,0,206.41,1.06,1.05,36.83,26.09,1,0,1,8,197,3.9
5458,7715,151,6,4,2026-01-14,Nolensville,Residential,0,0,1079.84,3.91,3.53,98.9,436.11,1,0,0,32,213,4.2
5459,7717,1412,4,7,2026-01-14,Franklin,Residential,0,0,2752.6,8.7,7.58,265.35,794.12,1,0,0,25,306,4.3
5460,7719,619,1,2,2026-01-14,Nashville,Residential,1,0,383.72,2.19,2.12,74.2,119.29,1,0,0,24,176,4.8
5461,7720,128,4,7,2026-01-14,Brentwood,Residential,1,0,2259.65,10.94,12.1,423.49,553.66,1,0,0,49,282,4.7
5462,7722,152,7,6,2026-01-14,Nolensville,Residential,0,0,1079.93,4.58,4.77,147.75,329.65,1,0,0,29,233,4.5
5463,7726,482,5,8,2026-01-14,Brentwood,Residential,1,0,164.49,1.2,1.43,38.74,26.41,1,0,0,41,252,4.2
5464,7727,1146,5,7,2026-01-14,Nashville,Residential,0,0,212.53,0.96,0.85,29.84,29.2,1,0,0,30,316,4.2
5465,7728,1007,7,7,2026-01-14,Nashville,Commercial,0,0,2288.93,5.18,5.24,183.25,534.64,1,0,0,49,299,4.7
5466,7729,698,1,6,2026-01-14,Spring Hill,Residential,0,0,523.85,2.16,2.5,77.54,103.89,1,0,0,34,303,4.6
5467,7731,422,5,6,2026-01-15,Spring Hill,Residential,1,0,217.55,1.0,1.07,33.23,30.81,1,0,0,48,234,5.0
5468,7732,771,7,2,2026-01-15,Nashville,Residential,1,0,1007.84,4.63,3.93,137.47,241.42,1,0,0,27,114,5.0
5469,7733,410,5,2,2026-01-15,Brentwood,Residential,0,0,225.82,1.17,1.14,40.02,36.01,1,0,1,42,272,4.6
5470,7734,1412,1,2,2026-01-15,Franklin,Residential,0,0,364.59,1.96,1.81,63.48,98.04,1,0,0,34,223,5.0
5471,7735,197,5,7,2026-01-15,Brentwood,Residential,0,0,197.54,1.17,1.43,50.0,31.3,1,0,0,44,265,4.5
5472,7736,502,2,6,2026-01-15,Nolensville,Residential,0,1,432.64,2.34,1.9,58.99,89.09,1,0,0,36,98,4.9
5473,7737,707,5,3,2026-01-15,Franklin,Residential,0,0,261.69,1.4,1.15,33.42,36.72,0,1,0,44,210,4.2
5474,7738,387,5,2,2026-01-15,Nashville,Residential,0,0,134.6,1.37,1.33,46.45,19.75,1,0,0,39,101,4.7
5475,7739,603,1,4,2026-01-15,Spring Hill,Residential,0,0,486.51,2.21,2.58,72.29,98.91,0,1,0,32,351,4.0
5476,7742,1189,5,8,2026-01-15,Spring Hill,Commercial,1,0,418.93,1.53,2.1,56.57,70.8,0,0,0,65,184,4.5
5477,7743,895,4,7,2026-01-15,Spring Hill,Residential,0,0,2495.77,10.03,8.15,285.22,849.5,0,1,0,35,255,4.5
5478,7746,272,2,4,2026-01-15,Franklin,Residential,1,0,606.5,2.55,3.1,86.7,157.81,1,0,0,52,272,4.5
5479,7747,966,5,3,2026-01-15,Brentwood,Residential,0,0,137.83,1.17,1.27,36.82,21.68,1,0,0,21,166,4.5
5480,7748,1268,3,5,2026-01-15,Nashville,Residential,0,0,7187.54,19.85,20.22,727.84,3488.6,1,0,0,26,263,4.5
5481,7749,318,7,4,2026-01-15,Nashville,Residential,0,0,1460.93,4.7,3.99,111.68,305.25,0,0,0,31,259,4.4
5482,7751,359,5,8,2026-01-15,Nolensville,Residential,0,0,178.4,1.37,1.97,53.17,26.29,1,0,0,55,196,4.5
5483,7752,1416,2,6,2026-01-15,Franklin,Residential,0,0,602.04,2.45,1.44,44.74,129.39,1,0,0,40,182,4.6
5484,7753,104,2,2,2026-01-15,Nashville,Residential,0,1,421.27,2.49,1.96,68.53,91.66,1,0,0,40,72,5.0
5485,7756,208,1,7,2026-01-16,Nashville,Residential,0,0,581.64,2.06,1.86,65.08,131.79,1,0,0,69,251,4.7
5486,7757,364,5,4,2026-01-16,Spring Hill,Residential,1,0,214.72,1.24,1.12,31.46,30.2,1,0,0,24,136,4.4
5487,7758,951,5,6,2026-01-16,Franklin,Residential,0,0,222.87,1.31,1.14,35.41,29.85,1,0,0,41,218,4.6
5488,7760,765,1,2,2026-01-16,Nolensville,Residential,0,0,578.25,2.49,2.39,83.6,118.74,1,0,0,56,343,4.8
5489,7761,621,5,6,2026-01-16,Nashville,Residential,0,0,178.34,1.47,1.24,38.45,27.43,1,0,0,37,187,4.9
5490,7762,627,7,1,2026-01-16,Spring Hill,Residential,0,0,1157.22,4.39,3.95,134.39,314.63,1,1,0,31,236,4.5
5491,7763,1152,1,2,2026-01-16,Franklin,Commercial,0,1,962.41,2.22,2.29,80.09,235.86,1,0,0,27,101,4.7
5492,7764,516,5,3,2026-01-16,Spring Hill,Residential,1,0,189.24,1.42,1.48,42.78,30.14,0,0,0,46,262,4.8
5493,7765,1312,7,5,2026-01-16,Brentwood,Residential,0,0,921.34,4.4,4.42,159.26,234.61,1,0,0,40,259,4.7
5494,7766,577,3,5,2026-01-16,Franklin,Residential,0,0,9356.67,17.79,15.81,569.29,5084.11,1,0,0,47,321,4.7
5495,7767,1110,3,7,2026-01-16,Brentwood,Commercial,1,0,16210.58,10.41,11.91,416.86,6917.0,1,0,0,62,222,4.4
5496,7768,980,2,3,2026-01-16,Franklin,Commercial,1,0,954.22,2.31,2.64,76.67,249.94,0,0,0,12,224,4.6
5497,7769,1095,1,4,2026-01-16,Franklin,Commercial,0,0,764.25,2.17,2.09,58.54,161.84,1,0,0,31,269,4.2
5498,7771,387,3,5,2026-01-16,Nashville,Residential,0,0,10126.36,20.76,19.59,705.38,6722.14,1,0,0,14,246,4.6
5499,7773,31,5,1,2026-01-16,Spring Hill,Residential,0,0,183.48,0.94,0.94,31.92,30.45,1,0,0,35,236,4.8
5500,7776,777,5,1,2026-01-16,Nolensville,Residential,0,0,182.74,1.35,1.43,48.54,34.65,1,1,0,36,303,4.6
5501,7778,1064,2,2,2026-01-16,Franklin,Residential,0,0,581.69,2.4,2.08,72.83,131.19,1,0,0,34,193,4.6
5502,7780,605,2,1,2026-01-16,Franklin,Commercial,0,0,707.25,2.53,2.57,87.22,167.86,1,0,1,19,233,4.9
5503,7781,1255,5,8,2026-01-16,Nashville,Residential,1,0,140.0,1.36,1.52,41.01,21.84,1,0,0,33,146,4.0
5504,7782,1138,6,8,2026-01-16,Nashville,Residential,0,0,1096.72,3.3,3.39,91.56,488.64,1,0,0,41,251,4.2
5505,7783,975,5,6,2026-01-16,Nashville,Residential,0,0,284.6,1.29,1.29,40.09,36.68,1,0,0,62,221,4.9
5506,7784,388,5,4,2026-01-17,Brentwood,Residential,0,0,215.74,1.26,1.22,34.04,36.16,1,0,0,30,278,4.5
5507,7785,696,5,2,2026-01-17,Spring Hill,Residential,0,0,141.75,1.36,1.3,45.54,20.02,1,0,0,43,248,4.9
5508,7786,542,2,4,2026-01-17,Spring Hill,Residential,0,1,508.29,2.35,2.47,69.26,111.43,1,0,0,8,61,4.7
5509,7787,323,5,1,2026-01-17,Spring Hill,Residential,0,0,167.77,1.66,1.14,38.65,15.86,1,0,0,44,283,5.0
5510,7788,848,2,5,2026-01-17,Nolensville,Residential,0,1,455.52,2.7,2.45,88.11,103.22,1,0,0,43,123,4.8
5511,7790,1233,1,1,2026-01-17,Brentwood,Residential,1,0,399.02,2.36,2.21,75.25,92.76,1,0,0,22,213,4.3
5512,7791,483,1,5,2026-01-17,Nashville,Residential,0,0,387.81,1.72,1.8,64.69,79.6,1,0,1,20,293,4.2
5513,7792,1395,1,8,2026-01-17,Nashville,Residential,0,0,408.5,2.02,1.82,49.05,87.97,1,0,0,33,237,4.4
5514,7794,217,5,3,2026-01-18,Brentwood,Residential,1,0,197.4,1.43,1.15,33.28,28.99,1,0,0,33,174,4.5
5515,7795,81,1,2,2026-01-18,Franklin,Residential,0,1,444.49,1.97,1.25,43.68,119.09,1,0,0,8,151,5.0
5516,7798,1293,1,3,2026-01-18,Nashville,Residential,0,0,651.31,2.06,2.16,62.78,145.03,1,0,0,44,257,4.7
5517,7799,163,2,4,2026-01-18,Nashville,Residential,1,1,495.49,2.37,2.13,59.6,121.77,1,0,0,52,87,4.5
5518,7800,69,5,2,2026-01-18,Nashville,Residential,1,0,184.71,1.51,1.24,43.46,30.88,1,0,0,29,198,5.0
5519,7801,568,2,3,2026-01-18,Nolensville,Commercial,1,0,881.38,2.73,3.34,96.73,221.38,1,0,0,43,247,4.3
5520,7803,882,5,7,2026-01-18,Brentwood,Residential,0,0,133.34,1.35,1.45,50.76,23.8,1,0,1,53,319,4.4
5521,7804,1409,5,2,2026-01-18,Nashville,Residential,0,0,163.15,1.32,1.4,49.07,21.69,1,0,0,48,210,5.0
5522,7806,1242,5,4,2026-01-18,Franklin,Residential,0,0,174.87,1.41,1.57,43.96,26.51,1,0,0,40,270,4.6
5523,7807,638,1,5,2026-01-18,Brentwood,Residential,0,1,521.39,2.27,2.3,82.96,114.7,1,0,1,32,50,4.7
5524,7809,778,2,3,2026-01-19,Nashville,Residential,1,0,440.97,2.35,2.3,66.62,97.72,1,0,0,38,208,4.7
5525,7810,1191,1,4,2026-01-19,Franklin,Residential,0,0,356.85,2.78,2.99,83.74,71.23,0,0,0,47,204,4.7
5526,7816,275,2,1,2026-01-19,Nashville,Residential,0,1,401.65,2.67,1.88,63.9,86.48,0,1,0,45,127,4.8
5527,7818,626,2,6,2026-01-19,Nashville,Residential,0,0,432.03,2.39,2.45,75.81,84.19,0,0,0,34,305,5.0
5528,7819,732,4,7,2026-01-19,Nashville,Residential,1,0,1916.93,11.27,13.84,484.23,591.82,1,0,0,43,273,4.3
5529,7821,31,1,4,2026-01-19,Spring Hill,Residential,0,0,439.54,2.37,2.88,80.58,93.35,1,0,0,18,272,4.8
5530,7822,1374,7,4,2026-01-19,Franklin,Residential,0,0,814.27,3.93,5.49,153.77,220.69,1,0,0,58,167,4.7
5531,7823,84,3,5,2026-01-19,Nashville,Residential,1,0,9880.46,15.76,18.32,659.66,4435.6,1,0,0,21,170,4.8
5532,7825,1426,2,4,2026-01-19,Nashville,Residential,0,0,552.41,2.23,2.24,62.66,100.86,1,0,1,37,237,5.0
5533,7826,324,1,8,2026-01-19,Nashville,Residential,0,1,417.26,2.28,2.64,71.31,93.79,1,0,0,34,20,4.3
5534,7827,49,5,3,2026-01-20,Nashville,Residential,0,0,215.31,1.2,1.07,30.98,27.53,0,0,1,45,239,4.4
5535,7828,744,3,7,2026-01-20,Franklin,Residential,1,0,7702.32,21.21,17.71,619.78,4391.13,1,0,0,37,272,5.0
5536,7829,265,7,8,2026-01-20,Brentwood,Residential,0,0,847.77,4.32,4.49,121.18,206.86,1,0,0,46,137,4.1
5537,7830,409,6,4,2026-01-20,Franklin,Residential,1,0,807.86,3.69,4.06,113.68,274.01,1,0,0,40,364,4.7
5538,7832,88,4,7,2026-01-20,Nolensville,Commercial,0,0,4520.91,9.55,11.21,392.29,1865.7,1,1,0,50,202,4.0
5539,7833,1364,5,5,2026-01-20,Nashville,Residential,1,0,183.87,1.55,1.43,51.51,31.05,1,0,0,8,179,4.5
5540,7834,911,5,7,2026-01-20,Franklin,Commercial,0,0,461.94,1.14,1.3,45.52,67.09,1,0,0,33,293,4.8
5541,7835,443,1,2,2026-01-20,Spring Hill,Residential,0,0,547.92,2.09,1.72,60.21,139.52,1,0,0,44,294,4.8
5542,7836,5,1,5,2026-01-20,Brentwood,Residential,1,1,412.07,2.36,1.81,65.18,118.76,1,0,0,42,47,4.9
5543,7837,1096,1,1,2026-01-20,Nashville,Residential,0,0,403.68,2.48,2.43,82.63,93.91,1,0,0,29,239,4.8
5544,7838,924,2,2,2026-01-20,Nashville,Commercial,0,0,976.58,1.7,1.38,48.3,224.24,0,1,0,51,198,4.2
5545,7842,1199,1,7,2026-01-20,Franklin,Residential,1,1,512.72,1.73,1.59,55.5,114.07,1,0,0,8,75,4.0
5546,7843,1061,1,2,2026-01-20,Nashville,Residential,0,0,545.9,1.72,1.93,67.7,134.49,0,1,0,42,276,4.4
5547,7844,719,5,2,2026-01-20,Nashville,Residential,0,0,193.73,1.52,1.62,56.78,29.5,1,0,0,65,190,4.9
5548,7845,1075,2,8,2026-01-20,Nashville,Residential,0,0,771.03,2.31,2.47,66.72,169.26,1,0,1,30,147,4.8
5549,7847,1396,1,8,2026-01-20,Spring Hill,Residential,1,0,356.9,2.24,2.5,67.37,82.96,1,0,0,41,307,4.4
5550,7849,1438,2,8,2026-01-20,Brentwood,Commercial,0,0,973.25,2.03,2.17,58.66,223.21,1,0,0,45,346,4.4
5551,7850,937,2,6,2026-01-20,Franklin,Commercial,0,0,864.4,2.55,2.14,66.3,203.23,1,0,0,68,288,4.3
5552,7852,647,5,6,2026-01-20,Nashville,Residential,1,0,132.53,1.19,1.11,34.55,19.64,1,0,0,39,303,5.0
5553,7853,1270,1,5,2026-01-20,Spring Hill,Residential,0,0,430.91,2.2,2.03,72.96,80.89,1,0,1,35,237,4.7
5554,7854,206,1,3,2026-01-20,Nashville,Residential,1,1,494.81,2.08,2.28,66.2,91.26,1,0,0,53,20,4.5
5555,7855,715,1,1,2026-01-20,Nashville,Residential,0,0,419.01,2.39,2.34,79.47,72.81,1,0,0,22,167,4.8
5556,7857,1183,5,8,2026-01-20,Spring Hill,Residential,1,0,169.07,1.17,1.63,43.89,26.42,1,0,0,37,235,4.4
5557,7858,500,3,7,2026-01-20,Nashville,Commercial,0,0,21436.71,17.31,20.54,719.03,12656.35,1,0,0,69,196,4.7
5558,7859,1103,5,6,2026-01-20,Nolensville,Residential,0,0,254.51,1.42,1.22,37.83,37.6,1,0,1,65,252,4.5
5559,7862,197,5,2,2026-01-21,Brentwood,Residential,0,0,240.86,1.17,1.06,37.26,38.15,1,0,0,42,191,4.9
5560,7863,508,1,4,2026-01-21,Nolensville,Residential,0,0,449.21,2.32,2.37,66.41,87.71,1,0,0,55,224,4.5
5561,7864,949,7,2,2026-01-21,Spring Hill,Residential,0,0,950.09,4.86,4.72,165.15,237.7,1,0,0,50,376,5.0
5562,7866,1362,5,6,2026-01-21,Franklin,Residential,0,0,225.78,1.37,1.49,46.08,28.42,1,0,0,54,183,4.7
5563,7867,383,5,3,2026-01-21,Nolensville,Residential,0,0,194.0,1.27,1.32,38.27,32.84,1,0,0,38,187,4.6
5564,7868,765,1,4,2026-01-21,Nolensville,Residential,0,0,544.68,2.21,1.78,49.96,106.77,1,0,0,40,199,4.3
5565,7869,219,7,4,2026-01-21,Nolensville,Residential,0,0,1105.75,4.09,4.91,137.55,330.25,1,0,0,62,310,4.5
5566,7870,925,5,1,2026-01-21,Nolensville,Residential,1,0,232.49,1.18,1.21,41.05,29.89,1,0,0,57,212,4.6
5567,7871,569,1,5,2026-01-21,Nashville,Residential,0,1,472.13,2.24,1.87,67.44,74.96,1,0,1,56,32,4.8
5568,7872,810,2,8,2026-01-21,Nashville,Residential,0,0,398.45,3.1,3.7,99.82,81.33,0,0,0,34,227,4.2
5569,7874,312,5,3,2026-01-21,Franklin,Residential,0,0,192.9,1.38,1.22,35.48,32.04,1,0,0,33,267,4.4
5570,7876,988,4,5,2026-01-21,Nashville,Residential,1,0,1878.71,11.5,12.24,440.81,637.96,0,1,0,8,284,4.4
5571,7877,1387,5,1,2026-01-21,Franklin,Residential,0,0,230.86,1.24,1.06,36.03,36.91,1,0,0,34,253,4.4
5572,7878,1383,5,7,2026-01-21,Nashville,Residential,0,0,173.99,1.26,1.17,40.78,26.77,1,0,1,35,250,4.7
5573,7879,976,1,1,2026-01-21,Spring Hill,Residential,0,1,447.26,2.72,2.7,91.71,96.08,1,0,0,58,57,4.9
5574,7880,125,2,1,2026-01-21,Franklin,Residential,1,0,501.49,2.45,2.56,87.19,107.03,1,0,0,43,335,4.8
5575,7881,517,1,5,2026-01-21,Spring Hill,Residential,0,0,425.06,2.53,1.87,67.2,111.68,1,0,0,68,244,4.3
5576,7886,221,5,6,2026-01-21,Nashville,Residential,1,0,199.58,1.32,1.29,39.85,28.54,1,0,0,35,291,4.6
5577,7888,1157,5,4,2026-01-22,Nashville,Residential,1,0,187.96,1.27,1.33,37.19,28.79,1,0,0,27,274,4.6
5578,7889,734,2,7,2026-01-22,Nashville,Residential,0,1,779.52,2.54,2.44,85.52,182.64,1,0,0,44,138,5.0
5579,7891,451,5,4,2026-01-22,Franklin,Commercial,1,0,229.34,1.01,1.21,33.93,33.87,1,0,0,39,273,5.0
5580,7892,170,1,3,2026-01-22,Nashville,Residential,0,1,536.43,2.08,1.89,54.93,124.51,0,1,0,32,79,4.3
5581,7894,86,7,4,2026-01-22,Franklin,Residential,1,0,1062.22,3.5,3.46,97.0,279.27,1,0,0,50,234,4.5
5582,7898,387,7,1,2026-01-22,Nashville,Residential,0,0,1004.32,5.09,3.66,124.5,264.17,1,0,0,40,246,4.4
5583,7899,526,5,1,2026-01-22,Franklin,Residential,0,0,268.52,1.54,1.3,44.26,32.79,1,1,0,25,210,4.3
5584,7901,794,1,7,2026-01-22,Brentwood,Residential,1,0,447.77,1.78,1.22,42.84,118.46,0,1,0,41,301,4.1
5585,7902,1021,1,3,2026-01-22,Franklin,Residential,0,0,569.47,2.39,3.1,90.03,120.94,1,0,1,26,205,4.5
5586,7903,185,7,2,2026-01-22,Spring Hill,Residential,0,0,1332.31,4.85,4.77,167.09,329.2,1,0,0,41,364,5.0
5587,7904,218,6,4,2026-01-22,Nashville,Residential,1,0,1157.39,3.93,4.3,120.29,429.59,1,0,0,37,237,4.4
5588,7905,97,7,2,2026-01-23,Spring Hill,Residential,0,0,1001.09,5.37,4.36,152.72,254.43,1,0,0,21,200,4.7
5589,7906,258,5,3,2026-01-23,Nashville,Residential,1,0,215.72,1.3,1.03,29.85,30.78,0,1,0,58,314,4.2
5590,7908,1017,1,8,2026-01-23,Spring Hill,Residential,0,0,584.59,2.31,2.98,80.59,123.05,1,0,0,52,246,4.4
5591,7909,1265,6,5,2026-01-23,Franklin,Residential,0,0,1131.42,2.6,2.77,99.77,514.53,1,0,0,31,321,4.5
5592,7911,1084,1,3,2026-01-23,Franklin,Residential,0,1,491.55,2.55,3.77,109.22,96.02,1,0,0,32,82,4.6
5593,7913,1104,5,4,2026-01-23,Franklin,Residential,0,0,150.76,1.25,1.33,37.16,23.46,1,0,0,52,191,4.3
5594,7914,1195,4,7,2026-01-23,Nolensville,Residential,0,0,1707.53,11.11,11.9,416.51,558.39,0,0,0,33,247,4.7
5595,7915,664,6,1,2026-01-23,Spring Hill,Residential,1,0,1250.13,3.36,2.84,96.45,543.6,0,1,0,35,228,4.0
5596,7916,1149,1,7,2026-01-23,Franklin,Residential,0,0,411.54,2.32,2.78,97.37,96.97,1,0,0,10,180,4.5
5597,7917,25,1,1,2026-01-23,Nashville,Residential,0,0,520.55,1.99,1.5,51.07,108.3,1,0,0,45,199,4.6
5598,7918,869,5,5,2026-01-23,Spring Hill,Residential,1,0,208.67,1.4,1.43,51.38,29.43,1,0,0,43,216,4.5
5599,7919,453,5,4,2026-01-23,Franklin,Residential,0,0,227.58,1.02,0.9,25.07,33.22,1,0,0,28,350,5.0
5600,7920,98,7,8,2026-01-23,Brentwood,Residential,1,0,1485.99,3.57,2.63,71.0,342.98,1,0,0,64,147,4.5
5601,7921,1049,1,4,2026-01-23,Franklin,Residential,0,0,532.23,1.99,2.07,58.02,95.71,1,0,1,45,223,5.0
5602,7922,255,2,6,2026-01-23,Franklin,Residential,1,0,482.24,2.4,1.85,57.42,137.83,1,0,0,42,209,5.0
5603,7923,1181,2,2,2026-01-23,Nashville,Residential,0,0,659.1,2.42,2.4,84.12,138.39,1,0,1,16,279,5.0
5604,7924,1008,1,4,2026-01-23,Franklin,Residential,0,0,503.68,2.2,2.68,74.94,98.78,1,0,0,36,258,4.5
5605,7926,357,1,2,2026-01-24,Nashville,Residential,0,1,481.55,1.74,1.84,64.29,91.61,1,0,0,21,72,4.7
5606,7927,224,1,4,2026-01-24,Nolensville,Residential,0,0,456.15,2.07,1.87,52.45,92.62,1,0,0,57,305,4.5
5607,7928,490,5,3,2026-01-24,Spring Hill,Residential,0,0,146.94,1.53,0.97,28.03,21.58,1,0,1,67,248,4.1
5608,7931,527,2,6,2026-01-24,Franklin,Residential,0,0,678.87,1.94,1.35,41.88,122.3,1,0,1,49,194,5.0
5609,7933,1047,2,2,2026-01-24,Nashville,Residential,1,0,434.64,2.32,2.06,72.21,88.62,1,0,0,27,295,5.0
5610,7935,199,1,8,2026-01-24,Brentwood,Residential,1,0,428.1,2.56,3.13,84.46,108.08,1,0,0,43,266,4.4
5611,7937,921,2,2,2026-01-24,Spring Hill,Residential,1,0,439.25,2.21,2.09,73.14,117.74,1,0,0,32,245,5.0
5612,7939,886,5,4,2026-01-24,Brentwood,Residential,0,0,196.09,1.65,1.89,52.79,31.77,1,1,0,66,295,4.0
5613,7940,308,2,6,2026-01-24,Brentwood,Residential,0,0,481.43,2.43,2.67,82.83,135.04,1,0,1,10,238,4.7
5614,7941,178,2,1,2026-01-24,Nashville,Residential,0,0,449.42,2.71,2.73,92.79,109.89,1,0,0,36,342,5.0
5615,7942,851,5,7,2026-01-24,Nashville,Residential,1,0,201.0,1.47,1.33,46.41,27.99,1,0,0,30,206,4.4
5616,7944,238,6,6,2026-01-25,Franklin,Residential,0,0,977.75,3.5,3.32,103.03,469.49,0,0,0,60,258,4.7
5617,7945,675,1,5,2026-01-25,Spring Hill,Residential,0,0,445.42,2.27,2.06,74.1,98.87,1,0,0,38,258,4.2
5618,7946,765,6,4,2026-01-25,Nolensville,Residential,0,0,879.28,2.95,3.55,99.35,337.93,1,0,0,64,269,4.6
5619,7947,1089,1,2,2026-01-25,Brentwood,Residential,0,0,260.58,1.89,1.79,62.62,59.54,1,0,1,32,267,4.8
5620,7949,1237,5,5,2026-01-25,Nashville,Residential,1,0,162.75,1.27,1.4,50.5,24.3,1,0,0,32,251,4.8
5621,7950,330,5,1,2026-01-25,Nashville,Residential,1,0,146.56,1.19,0.8,27.09,21.52,1,0,0,31,201,4.6
5622,7952,48,1,6,2026-01-25,Brentwood,Residential,1,0,323.53,2.15,2.86,88.75,76.14,1,0,0,34,139,4.6
5623,7954,1389,4,7,2026-01-25,Spring Hill,Residential,0,0,2409.26,7.03,9.11,318.9,754.02,1,0,0,56,194,4.2
5624,7955,280,6,6,2026-01-25,Brentwood,Residential,0,0,1358.85,4.35,3.94,121.99,640.82,1,0,0,23,310,4.8
5625,7956,1444,5,8,2026-01-25,Brentwood,Residential,1,0,185.77,1.58,1.86,50.18,23.19,1,0,0,68,274,4.1
5626,7957,433,5,8,2026-01-25,Spring Hill,Residential,0,0,240.91,1.22,1.29,34.71,34.51,1,0,0,57,301,4.4
5627,7958,54,5,5,2026-01-25,Spring Hill,Residential,0,0,207.03,1.42,1.13,40.64,31.17,1,0,0,48,212,4.5
5628,7960,405,6,7,2026-01-25,Franklin,Commercial,0,0,2241.77,3.59,3.6,126.04,1080.89,1,0,0,14,158,4.1
5629,7961,1109,3,7,2026-01-25,Nashville,Residential,0,0,8259.61,17.0,18.17,635.83,4759.95,1,0,0,44,273,5.0
5630,7962,1240,2,8,2026-01-25,Nashville,Residential,1,0,422.68,2.16,2.42,65.33,95.45,1,0,0,30,196,4.3
5631,7963,993,3,7,2026-01-26,Nolensville,Residential,0,0,8767.74,21.02,20.41,714.39,4425.72,1,0,0,17,266,4.3
5632,7968,719,5,5,2026-01-26,Nashville,Residential,0,0,161.11,1.26,1.94,69.88,25.63,1,0,0,33,237,4.6
5633,7969,713,1,7,2026-01-26,Spring Hill,Residential,0,0,427.96,2.17,1.78,62.17,101.76,1,0,0,31,244,5.0
5634,7970,291,1,2,2026-01-26,Franklin,Residential,0,0,607.94,2.52,2.24,78.31,142.61,1,0,0,38,271,5.0
5635,7971,750,2,4,2026-01-26,Franklin,Residential,0,1,442.91,2.4,2.6,72.94,109.66,1,0,0,49,158,4.3
5636,7972,1065,3,7,2026-01-26,Nashville,Residential,0,0,14421.54,19.16,25.35,887.33,8265.63,1,1,0,51,182,4.3
5637,7973,301,1,7,2026-01-26,Franklin,Commercial,0,0,740.31,2.34,1.96,68.63,164.23,0,1,0,25,225,3.7
5638,7974,362,7,8,2026-01-26,Spring Hill,Residential,1,0,1032.59,5.31,7.25,195.86,226.5,1,0,0,48,238,3.8
5639,7977,433,1,1,2026-01-26,Spring Hill,Residential,0,0,585.89,2.01,1.82,62.01,111.48,1,0,0,43,129,4.8
5640,7978,488,4,7,2026-01-26,Franklin,Residential,1,0,3062.05,10.11,10.53,368.59,930.02,1,0,0,30,218,4.2
5641,7979,975,1,3,2026-01-26,Nashville,Residential,0,0,426.34,2.25,2.74,79.5,87.71,1,0,1,47,220,4.9
5642,7980,375,1,7,2026-01-26,Spring Hill,Residential,1,1,525.05,2.13,1.99,69.54,144.21,1,0,0,42,73,4.9
5643,7981,646,1,4,2026-01-26,Franklin,Residential,0,0,459.37,2.25,1.8,50.34,98.54,1,0,0,38,268,4.3
5644,7982,1214,5,1,2026-01-26,Nolensville,Residential,0,0,162.12,1.26,1.37,46.6,20.29,1,0,0,40,178,5.0
5645,7983,897,5,6,2026-01-26,Nashville,Residential,1,0,179.77,1.07,0.66,20.58,24.66,1,0,0,63,309,4.1
5646,7984,469,5,6,2026-01-26,Brentwood,Residential,1,0,202.39,1.17,1.41,43.74,27.0,1,0,0,22,266,4.6
5647,7985,947,2,8,2026-01-26,Spring Hill,Residential,0,0,646.14,2.71,3.08,83.05,160.82,1,0,0,53,266,4.4
5648,7986,72,5,6,2026-01-27,Spring Hill,Residential,0,0,131.29,1.3,1.04,32.25,18.81,1,0,0,51,242,4.4
5649,7989,1001,5,2,2026-01-27,Brentwood,Commercial,1,0,331.49,1.1,1.21,42.22,42.99,1,0,0,19,278,4.4
5650,7990,710,7,4,2026-01-27,Brentwood,Residential,0,0,1644.0,4.31,4.52,126.58,357.85,1,0,0,33,266,4.7
5651,7992,1085,1,6,2026-01-27,Nashville,Residential,0,0,472.21,2.48,2.11,65.54,114.75,1,0,1,43,255,4.7
5652,7993,42,5,8,2026-01-27,Spring Hill,Residential,0,0,154.15,1.37,1.15,31.14,19.04,0,0,0,34,286,4.3
5653,7994,990,1,4,2026-01-27,Nashville,Residential,0,0,578.92,2.7,3.35,93.85,120.5,1,0,0,39,286,4.7
5654,7995,31,5,1,2026-01-27,Spring Hill,Residential,0,0,155.77,1.29,1.25,42.62,25.66,1,0,0,28,270,5.0
5655,7996,657,5,1,2026-01-27,Brentwood,Residential,0,0,151.14,1.24,1.27,43.19,23.89,0,0,0,53,218,5.0
5656,7998,133,7,3,2026-01-27,Nolensville,Residential,0,0,1028.72,4.5,3.44,99.81,249.43,1,0,0,16,236,4.7
5657,7999,1174,6,6,2026-01-27,Franklin,Commercial,0,0,2110.56,3.26,2.82,87.48,842.58,1,0,0,54,164,4.5
5658,8002,418,5,3,2026-01-27,Nolensville,Residential,0,0,213.71,1.36,1.22,35.48,23.72,1,0,1,10,252,4.5
5659,8003,463,6,7,2026-01-27,Spring Hill,Residential,0,0,1010.92,3.82,3.53,123.61,447.18,1,0,0,29,112,4.4
5660,8004,1137,7,4,2026-01-27,Spring Hill,Residential,0,0,1128.24,5.08,5.02,140.47,312.13,0,1,0,31,342,4.1
5661,8005,1396,5,5,2026-01-28,Spring Hill,Residential,1,0,175.39,1.06,0.72,26.07,24.57,1,0,0,49,204,5.0
5662,8006,192,5,8,2026-01-28,Brentwood,Commercial,1,0,363.53,1.23,1.44,38.79,52.5,1,0,0,67,279,4.3
5663,8007,21,5,3,2026-01-28,Nashville,Residential,0,0,159.53,1.48,1.6,46.35,23.89,1,0,0,49,291,4.8
5664,8008,934,4,5,2026-01-28,Nashville,Residential,0,0,2923.6,9.99,12.14,437.21,1023.9,1,0,0,17,234,5.0
5665,8010,1224,4,7,2026-01-28,Nashville,Residential,0,0,3509.41,6.58,6.91,241.82,1065.21,1,0,0,49,191,4.5
5666,8011,774,1,2,2026-01-28,Franklin,Residential,0,0,584.47,2.5,2.32,81.34,103.03,1,0,0,27,208,5.0
5667,8012,1305,6,1,2026-01-28,Franklin,Residential,0,0,1203.54,3.35,3.81,129.68,474.91,1,0,0,56,168,5.0
5668,8013,1014,2,5,2026-01-28,Nashville,Residential,0,0,506.8,2.47,1.78,64.24,125.12,1,0,0,31,231,4.6
5669,8014,404,2,7,2026-01-28,Franklin,Residential,1,0,336.4,3.08,2.93,102.53,83.04,1,0,0,33,305,4.1
5670,8015,126,7,1,2026-01-28,Nashville,Residential,0,0,1173.24,4.53,3.86,131.3,278.44,1,0,0,20,169,4.9
5671,8016,520,5,5,2026-01-28,Nolensville,Residential,0,0,212.99,1.28,1.46,52.46,38.83,1,0,0,19,368,4.7
5672,8017,1354,5,3,2026-01-28,Nashville,Residential,1,0,210.22,1.2,1.06,30.65,30.34,0,1,0,47,194,4.1
5673,8018,924,4,5,2026-01-28,Nashville,Commercial,0,0,6302.94,10.62,10.1,363.46,1973.93,1,0,0,32,219,4.5
5674,8019,1426,2,3,2026-01-29,Nashville,Residential,0,0,540.23,2.18,2.11,61.31,124.28,0,0,0,55,260,4.4
5675,8020,467,6,8,2026-01-29,Brentwood,Residential,0,0,1377.88,3.46,3.68,99.28,519.05,1,0,0,44,195,4.2
5676,8022,686,3,7,2026-01-29,Nashville,Residential,0,0,10564.25,15.86,12.46,435.97,4763.97,1,0,0,49,164,4.3
5677,8023,477,5,2,2026-01-29,Nashville,Residential,0,0,161.39,1.27,0.88,30.95,24.64,1,0,1,31,199,5.0
5678,8024,1007,5,3,2026-01-29,Nashville,Commercial,0,0,308.39,1.18,1.12,32.4,44.18,1,0,0,24,234,4.4
5679,8027,1021,1,2,2026-01-29,Franklin,Residential,0,1,623.91,1.94,1.56,54.72,136.49,1,0,1,43,103,5.0
5680,8028,1096,6,6,2026-01-29,Nashville,Residential,0,0,1040.51,4.03,3.23,100.05,375.35,1,0,0,48,74,4.8
5681,8029,1226,4,5,2026-01-29,Nashville,Residential,0,0,2981.21,11.36,11.82,425.61,891.32,1,0,0,35,251,4.7
5682,8030,1279,1,5,2026-01-29,Nashville,Residential,0,0,638.1,2.5,2.58,93.0,132.32,1,0,0,14,226,4.5
5683,8031,463,1,7,2026-01-29,Spring Hill,Residential,0,0,464.32,1.99,2.49,87.04,92.17,1,0,0,48,198,5.0
5684,8032,532,5,5,2026-01-29,Nashville,Residential,0,0,291.4,1.42,1.15,41.5,46.79,1,1,0,30,244,4.6
5685,8036,684,1,8,2026-01-29,Nashville,Residential,0,0,235.52,2.14,2.99,80.67,55.49,1,0,1,44,237,4.2
5686,8038,647,1,7,2026-01-29,Nashville,Residential,1,0,385.16,2.47,2.17,75.87,96.02,1,0,0,38,211,4.3
5687,8039,387,1,4,2026-01-29,Nashville,Residential,0,0,667.33,2.15,2.51,70.29,134.52,0,0,0,40,294,4.7
5688,8041,735,5,2,2026-01-29,Franklin,Residential,1,0,265.08,0.97,0.75,26.29,39.03,1,0,0,13,275,4.7
5689,8042,234,6,2,2026-01-29,Brentwood,Commercial,0,0,2942.44,3.57,3.22,112.53,1039.35,1,0,0,51,338,5.0
5690,8043,32,5,5,2026-01-29,Nolensville,Residential,0,0,130.64,1.18,1.49,53.5,21.26,1,0,0,45,229,5.0
5691,8049,893,2,1,2026-01-30,Brentwood,Commercial,1,1,799.83,2.02,1.86,63.39,186.6,1,0,0,20,45,4.9
5692,8055,1429,3,5,2026-01-30,Nashville,Commercial,0,0,18482.92,20.08,14.79,532.42,9075.79,1,0,0,37,244,4.5
5693,8056,933,3,5,2026-01-30,Franklin,Residential,0,0,8693.54,18.95,15.5,557.83,4700.5,1,0,0,41,283,5.0
5694,8058,666,5,1,2026-01-30,Spring Hill,Commercial,0,0,424.08,1.14,1.3,44.09,62.65,1,0,0,41,218,4.8
5695,8060,340,5,1,2026-01-30,Franklin,Residential,0,0,134.26,1.17,1.03,34.93,20.36,1,0,1,55,214,4.6
5696,8061,658,2,3,2026-01-30,Nashville,Residential,1,0,319.78,2.2,2.13,61.64,79.79,1,0,0,25,367,4.2
5697,8062,533,1,2,2026-01-30,Brentwood,Residential,0,1,455.76,2.19,1.99,69.54,96.09,1,0,0,48,55,4.8
5698,8064,675,5,6,2026-01-30,Spring Hill,Residential,0,0,160.65,1.35,1.03,31.99,23.35,1,0,0,45,217,4.6
5699,8065,4,6,5,2026-01-30,Nashville,Residential,0,0,782.01,3.54,3.43,123.55,290.39,1,0,0,17,214,4.9
5700,8067,688,1,7,2026-01-30,Brentwood,Residential,0,1,507.89,2.41,2.04,71.49,124.33,1,0,0,57,72,4.4
5701,8070,1085,5,6,2026-01-30,Nashville,Residential,0,0,191.63,1.27,1.11,34.48,27.05,1,0,0,50,241,4.5
5702,8072,624,1,7,2026-01-30,Nashville,Commercial,0,1,1027.15,2.5,2.72,95.29,263.12,1,0,0,57,89,4.7
5703,8074,1337,7,3,2026-01-30,Franklin,Residential,1,0,1446.26,4.31,5.29,153.46,357.19,1,0,0,38,313,4.7
5704,8075,1185,6,6,2026-01-30,Brentwood,Residential,1,0,1061.09,3.83,4.0,123.91,486.37,0,0,0,33,275,4.7
5705,8076,10,4,7,2026-01-30,Franklin,Commercial,0,0,6133.41,7.77,8.45,295.7,2122.03,0,1,0,38,247,4.2
5706,8077,1133,6,8,2026-01-30,Nashville,Residential,1,0,1190.83,3.05,2.95,79.76,427.19,0,0,0,39,214,3.9
5707,8078,611,1,4,2026-01-30,Nashville,Residential,0,0,442.54,2.1,2.45,68.73,88.8,1,0,1,51,221,4.2
5708,8079,1448,5,5,2026-01-30,Nashville,Residential,0,0,193.36,1.21,1.43,51.65,22.55,1,0,0,8,242,4.2
5709,8080,311,5,2,2026-01-30,Franklin,Residential,0,0,180.0,1.51,1.5,52.46,32.05,1,0,1,33,194,5.0
5710,8081,1031,1,1,2026-01-30,Nashville,Residential,0,0,598.3,2.6,2.41,81.86,135.49,1,0,0,19,105,4.6
5711,8082,962,6,1,2026-01-31,Spring Hill,Residential,0,0,918.55,2.71,2.67,90.85,413.22,1,0,0,48,255,5.0
5712,8083,727,6,5,2026-01-31,Franklin,Residential,1,0,889.33,3.13,2.71,97.61,341.06,0,0,0,38,209,4.6
5713,8084,1044,5,4,2026-01-31,Spring Hill,Residential,0,0,192.71,1.34,1.44,40.25,28.23,1,0,0,44,212,4.6
5714,8085,1253,5,2,2026-01-31,Franklin,Residential,1,0,250.0,1.31,1.42,49.68,38.95,1,0,0,10,263,4.6
5715,8086,271,1,8,2026-01-31,Nolensville,Residential,1,0,567.84,1.97,1.78,47.94,134.94,1,0,0,23,180,4.6
5716,8087,1125,1,7,2026-01-31,Brentwood,Residential,0,0,510.8,2.37,1.99,69.49,100.6,0,0,0,45,314,4.4
5717,8088,1374,1,2,2026-01-31,Franklin,Residential,0,1,466.95,2.28,2.71,94.99,93.34,1,0,0,10,107,5.0
5718,8090,60,1,8,2026-01-31,Franklin,Residential,1,0,413.12,2.27,2.48,66.9,94.58,1,0,0,55,277,4.2
5719,8091,844,5,5,2026-01-31,Nashville,Residential,0,0,192.07,1.43,1.6,57.47,31.08,1,0,0,18,235,4.4
5720,8092,341,6,6,2026-01-31,Spring Hill,Residential,1,0,864.68,3.24,3.74,115.92,355.08,1,0,0,14,305,4.9
5721,8093,18,4,7,2026-01-31,Nashville,Residential,1,0,2690.01,9.4,10.71,374.9,772.55,1,0,0,43,262,4.4
5722,8094,1284,7,7,2026-01-31,Spring Hill,Residential,0,0,963.71,4.68,4.04,141.41,213.62,0,1,0,41,155,4.6
5723,8095,761,1,4,2026-01-31,Spring Hill,Residential,0,0,585.44,2.26,2.24,62.8,126.27,1,0,0,14,266,4.5
5724,8097,19,1,4,2026-02-01,Nashville,Residential,0,0,437.38,2.13,2.43,68.13,92.26,1,0,0,48,205,4.2
5725,8099,157,2,1,2026-02-01,Nolensville,Residential,1,0,464.12,2.7,2.09,70.92,103.67,1,0,0,46,252,5.0
5726,8100,611,5,4,2026-02-01,Nashville,Residential,0,0,174.64,1.02,0.86,24.04,28.97,0,0,0,54,217,4.8
5727,8102,11,1,8,2026-02-01,Nashville,Residential,0,0,428.72,2.26,1.69,45.7,93.25,1,0,0,40,248,4.3
5728,8103,1272,1,4,2026-02-01,Nolensville,Commercial,0,0,607.36,2.01,2.22,62.13,147.01,1,0,0,67,243,4.1
5729,8104,704,5,4,2026-02-01,Nashville,Residential,0,0,176.51,1.21,1.25,34.89,29.92,1,0,0,51,108,4.0
5730,8105,1275,5,8,2026-02-01,Brentwood,Residential,1,0,169.4,1.62,1.6,43.27,22.49,1,0,0,37,255,3.6
5731,8109,236,1,7,2026-02-01,Nashville,Residential,0,1,436.91,2.2,1.97,68.79,83.38,1,0,1,65,71,4.8
5732,8110,405,2,6,2026-02-01,Franklin,Commercial,0,1,866.92,2.15,2.14,66.32,169.6,1,0,0,58,102,5.0
5733,8111,403,1,3,2026-02-01,Nashville,Residential,0,1,488.35,2.39,1.97,57.03,128.32,0,1,0,64,104,4.0
5734,8112,446,6,7,2026-02-01,Franklin,Residential,0,0,923.55,3.99,3.32,116.26,426.42,1,0,0,27,138,4.5
5735,8113,815,1,4,2026-02-01,Nashville,Residential,1,0,396.47,2.14,2.28,63.95,93.77,1,0,0,52,153,4.9
5736,8115,765,2,1,2026-02-01,Nolensville,Residential,0,0,429.47,2.82,3.49,118.7,92.01,1,0,1,34,215,5.0
5737,8116,1365,5,8,2026-02-02,Nashville,Residential,0,0,197.32,1.15,1.1,29.63,29.51,1,0,0,21,260,4.6
5738,8117,474,5,7,2026-02-02,Brentwood,Residential,1,0,248.79,1.4,1.29,45.25,39.79,1,0,0,48,221,4.6
5739,8119,872,6,8,2026-02-02,Franklin,Residential,1,0,1386.08,3.15,3.81,102.92,618.58,1,0,0,32,262,4.1
5740,8120,514,1,7,2026-02-02,Franklin,Residential,1,0,352.86,2.9,2.27,79.31,95.67,1,0,0,59,197,5.0
5741,8121,267,5,6,2026-02-02,Nashville,Residential,1,0,156.29,1.47,0.98,30.41,24.33,1,0,0,40,244,5.0
5742,8123,1101,2,3,2026-02-02,Franklin,Commercial,1,0,694.24,2.4,3.22,93.31,178.2,1,0,0,48,212,4.9
5743,8124,385,1,4,2026-02-02,Nolensville,Residential,0,0,466.01,1.74,1.7,47.49,108.56,1,0,1,46,266,4.9
5744,8125,276,2,8,2026-02-02,Nashville,Residential,0,0,479.81,2.09,1.93,52.03,104.69,1,0,0,42,183,4.6
5745,8126,1441,1,6,2026-02-02,Nashville,Commercial,1,0,1085.12,2.44,2.52,77.99,274.4,1,0,0,39,171,5.0
5746,8127,726,1,5,2026-02-02,Brentwood,Residential,1,0,627.06,2.04,2.43,87.4,126.52,1,0,0,51,205,5.0
5747,8128,607,1,6,2026-02-02,Nolensville,Residential,0,1,313.65,2.11,2.01,62.3,63.14,1,0,0,47,34,4.2
5748,8129,95,5,4,2026-02-02,Nashville,Residential,1,0,240.63,1.21,1.43,40.08,38.46,1,0,0,39,156,4.3
5749,8130,1115,5,6,2026-02-02,Spring Hill,Residential,0,0,188.63,1.47,1.45,44.83,30.73,1,0,0,33,205,4.6
5750,8133,190,1,4,2026-02-02,Spring Hill,Residential,1,0,601.15,2.47,3.47,97.24,139.46,1,0,0,50,243,4.4
5751,8134,940,1,4,2026-02-02,Nashville,Residential,1,0,268.04,2.14,2.05,57.32,50.92,1,0,0,29,135,4.2
5752,8135,1407,1,4,2026-02-02,Nashville,Residential,0,1,494.39,1.54,1.46,40.85,105.7,0,0,0,38,108,4.9
5753,8136,388,4,7,2026-02-02,Brentwood,Residential,0,0,2564.03,11.34,11.41,399.32,918.22,1,0,0,31,237,4.3
5754,8137,811,2,1,2026-02-02,Nolensville,Residential,1,0,381.93,2.25,1.66,56.59,83.79,1,0,0,32,262,5.0
5755,8138,729,3,7,2026-02-02,Spring Hill,Residential,0,0,9021.57,19.77,27.0,945.1,5211.88,1,0,0,27,242,4.6
5756,8139,180,6,7,2026-02-02,Nashville,Residential,0,0,1093.16,3.18,3.35,117.38,437.61,1,0,0,40,275,5.0
5757,8140,836,5,2,2026-02-03,Franklin,Residential,0,0,157.12,1.39,1.17,40.82,26.5,1,0,1,32,199,4.6
5758,8141,1411,4,7,2026-02-03,Nashville,Residential,0,0,3631.67,8.52,7.23,253.17,1040.74,1,0,0,67,292,4.8
5759,8142,35,2,8,2026-02-03,Brentwood,Residential,0,1,554.31,2.31,2.79,75.46,128.59,1,0,0,48,27,4.3
5760,8143,1388,1,4,2026-02-03,Franklin,Residential,1,0,504.5,2.16,2.14,59.89,116.07,1,0,0,46,312,4.8
5761,8145,1262,1,5,2026-02-03,Franklin,Commercial,0,0,779.65,1.94,1.54,55.56,164.29,1,0,1,55,272,4.2
5762,8146,1128,5,2,2026-02-03,Nashville,Residential,0,0,231.7,1.3,1.3,45.34,36.93,1,0,0,51,228,4.5
5763,8148,495,7,3,2026-02-03,Brentwood,Residential,0,0,801.63,3.14,2.93,84.98,174.61,1,0,0,39,279,4.0
5764,8149,401,2,3,2026-02-03,Nashville,Residential,1,1,389.93,2.47,2.38,68.97,101.28,1,0,0,31,108,4.4
5765,8150,109,2,6,2026-02-03,Franklin,Residential,1,0,424.48,2.53,2.63,81.39,100.92,1,0,0,32,137,4.4
5766,8153,1287,5,3,2026-02-03,Franklin,Residential,0,0,190.0,1.25,0.99,28.68,25.77,1,0,0,60,158,4.3
5767,8155,929,1,7,2026-02-03,Brentwood,Residential,0,1,565.16,1.95,2.31,80.92,112.2,1,0,0,30,121,5.0
5768,8156,583,5,4,2026-02-03,Brentwood,Residential,1,0,192.72,1.49,1.43,40.07,19.92,1,0,0,35,270,4.2
5769,8157,1424,3,7,2026-02-03,Nashville,Residential,0,0,10551.97,16.87,16.28,569.96,5422.32,0,1,0,46,208,4.0
5770,8158,100,1,2,2026-02-03,Nashville,Residential,0,0,527.63,2.27,1.75,61.34,94.76,1,0,0,53,277,4.9
5771,8159,1027,1,4,2026-02-03,Nashville,Residential,0,0,545.1,2.4,2.33,65.15,119.76,1,0,0,40,218,4.8
5772,8160,186,7,7,2026-02-03,Nashville,Residential,0,0,890.74,4.97,4.76,166.72,232.78,1,0,0,40,164,4.6
5773,8161,576,1,1,2026-02-03,Spring Hill,Residential,0,0,567.76,2.1,1.87,63.54,125.64,1,0,0,37,262,5.0
5774,8162,1378,1,6,2026-02-03,Franklin,Residential,0,0,440.92,1.57,1.83,56.58,99.21,1,0,0,66,226,4.7
5775,8163,977,2,4,2026-02-03,Spring Hill,Residential,0,0,574.27,2.07,2.59,72.44,146.05,0,1,0,29,221,4.1
5776,8165,837,3,7,2026-02-03,Brentwood,Residential,0,0,12750.1,22.09,31.99,1119.72,6898.16,1,0,0,50,223,4.6
5777,8167,1392,1,7,2026-02-03,Nashville,Residential,0,0,524.87,2.42,2.12,74.08,115.08,1,0,1,22,186,4.8
5778,8168,468,1,8,2026-02-04,Nashville,Residential,0,0,537.1,1.98,2.28,61.45,114.88,0,0,0,21,271,4.3
5779,8169,846,6,1,2026-02-04,Brentwood,Residential,0,0,1175.51,3.85,2.55,86.6,496.94,1,0,0,34,299,5.0
5780,8172,1375,6,8,2026-02-04,Spring Hill,Residential,0,0,1074.98,3.15,3.24,87.6,409.75,1,0,0,43,279,4.3
5781,8173,325,2,8,2026-02-04,Brentwood,Residential,0,0,567.82,1.94,2.2,59.31,137.82,1,0,0,22,266,4.3
5782,8174,523,2,4,2026-02-04,Nolensville,Commercial,1,0,893.47,1.9,2.21,61.75,224.89,1,0,0,54,302,4.8
5783,8175,954,1,8,2026-02-04,Franklin,Residential,1,0,459.75,2.27,2.7,72.93,118.46,1,0,0,61,257,4.2
5784,8176,31,1,1,2026-02-04,Spring Hill,Residential,0,0,551.19,2.3,2.68,91.22,98.82,1,0,0,39,315,4.6
5785,8178,1175,1,4,2026-02-04,Spring Hill,Residential,0,0,520.18,2.26,2.03,56.8,115.56,1,0,0,13,203,4.5
5786,8179,1447,4,5,2026-02-04,Nashville,Commercial,0,0,4376.14,9.14,8.47,304.96,1274.12,1,0,0,25,289,5.0
5787,8180,682,2,7,2026-02-04,Nashville,Residential,1,0,473.05,2.24,2.62,91.86,114.73,1,0,0,32,241,4.9
5788,8183,341,2,6,2026-02-04,Spring Hill,Residential,1,0,637.98,2.13,2.25,69.69,138.21,0,0,0,33,210,4.6
5789,8184,1271,1,7,2026-02-04,Nashville,Residential,0,0,630.3,2.21,2.78,97.41,156.03,1,0,0,45,210,5.0
5790,8185,1208,5,6,2026-02-04,Brentwood,Residential,0,0,216.29,1.27,1.01,31.17,33.67,1,0,1,42,214,5.0
5791,8187,372,2,1,2026-02-04,Franklin,Commercial,1,0,843.44,2.62,2.14,72.92,209.8,1,0,0,41,211,4.9
5792,8188,1232,1,1,2026-02-04,Franklin,Residential,0,0,475.72,2.5,2.71,92.01,106.12,1,0,0,34,232,5.0
5793,8190,786,1,4,2026-02-04,Franklin,Residential,0,0,371.39,2.35,2.56,71.8,77.08,1,0,1,56,271,4.1
5794,8191,1332,5,4,2026-02-04,Franklin,Residential,0,0,154.44,1.22,1.15,32.27,20.29,1,0,1,39,271,5.0
5795,8193,661,1,3,2026-02-05,Nashville,Residential,1,0,484.62,2.25,1.83,53.14,122.12,1,0,0,56,256,4.4
5796,8195,1314,6,8,2026-02-05,Franklin,Residential,1,0,1324.84,3.05,3.16,85.35,412.92,1,0,0,61,177,4.3
5797,8196,1160,2,5,2026-02-05,Brentwood,Commercial,0,0,786.5,2.12,2.14,77.13,176.61,1,0,1,37,278,4.7
5798,8197,519,3,7,2026-02-05,Brentwood,Residential,1,0,9258.1,19.27,23.28,814.89,4602.92,1,0,0,55,245,4.5
5799,8198,561,6,6,2026-02-05,Nashville,Residential,1,0,1257.39,2.84,2.75,85.15,566.79,1,0,0,41,308,4.8
5800,8199,998,5,7,2026-02-05,Franklin,Residential,1,0,176.45,1.38,1.57,54.79,28.52,1,0,0,32,130,4.2
5801,8200,916,2,5,2026-02-05,Nashville,Residential,0,1,389.43,2.35,2.69,96.72,107.38,0,0,0,25,110,4.8
5802,8201,533,6,1,2026-02-05,Brentwood,Residential,0,0,1359.28,3.39,3.19,108.52,504.9,1,0,0,44,247,4.4
5803,8203,1252,2,3,2026-02-05,Brentwood,Commercial,1,0,815.12,2.81,2.55,73.96,168.98,1,0,0,64,250,4.7
5804,8205,1254,2,7,2026-02-05,Brentwood,Residential,0,1,394.63,2.86,2.51,87.81,82.29,1,0,1,56,157,4.5
5805,8207,933,6,1,2026-02-05,Franklin,Residential,0,0,697.97,3.0,2.96,100.57,301.98,1,0,0,45,270,4.7
5806,8208,1209,1,1,2026-02-05,Nashville,Residential,1,1,508.17,2.0,1.63,55.53,142.08,0,1,0,8,69,4.2
5807,8210,557,5,8,2026-02-05,Nashville,Residential,1,0,204.75,1.27,1.62,43.62,34.14,1,0,0,29,169,4.4
5808,8211,1327,1,4,2026-02-05,Spring Hill,Residential,0,0,394.57,2.41,3.08,86.22,90.17,1,0,0,32,211,4.4
5809,8212,503,2,5,2026-02-05,Nashville,Residential,0,0,614.14,2.49,2.13,76.72,133.91,1,0,0,18,258,4.2
5810,8213,790,1,2,2026-02-05,Franklin,Residential,0,0,460.67,2.32,1.97,69.12,106.93,1,0,0,27,342,4.8
5811,8214,1002,4,7,2026-02-05,Nolensville,Residential,0,0,1421.45,10.74,9.98,349.27,483.43,1,0,0,41,249,4.7
5812,8215,315,5,7,2026-02-05,Franklin,Residential,0,0,177.14,1.03,1.11,38.69,26.42,0,1,0,31,294,4.4
5813,8216,1056,5,2,2026-02-05,Franklin,Residential,0,0,127.56,1.51,1.51,52.68,22.73,1,0,0,8,190,5.0
5814,8218,1378,1,6,2026-02-05,Franklin,Residential,0,0,545.06,2.87,3.25,100.89,108.42,1,0,0,46,219,4.4
5815,8219,723,5,8,2026-02-06,Franklin,Residential,1,0,186.52,1.03,0.91,24.44,27.51,1,0,0,30,222,3.7
5816,8220,779,5,1,2026-02-06,Nashville,Commercial,0,0,364.28,1.34,1.02,34.68,50.18,1,0,0,21,293,4.9
5817,8221,78,2,6,2026-02-06,Nashville,Commercial,0,0,942.77,1.69,2.04,63.29,221.31,1,0,0,38,186,4.6
5818,8222,11,1,6,2026-02-06,Nashville,Residential,0,1,548.32,1.99,1.57,48.8,127.5,1,0,1,59,122,4.7
5819,8223,797,2,3,2026-02-06,Nashville,Residential,1,1,448.47,2.23,2.21,63.99,108.21,1,0,0,32,114,4.6
5820,8227,977,3,5,2026-02-06,Spring Hill,Residential,0,0,8196.72,18.22,20.66,743.8,4001.68,0,1,0,46,412,3.9
5821,8228,37,5,5,2026-02-06,Nashville,Residential,1,0,177.91,1.44,1.43,51.53,27.78,0,1,0,8,207,4.7
5822,8229,503,5,6,2026-02-06,Nashville,Residential,0,0,213.92,1.47,1.35,41.85,34.83,1,0,0,40,195,4.5
5823,8230,1159,2,3,2026-02-06,Franklin,Residential,0,0,628.91,2.78,2.11,61.32,165.17,1,0,0,61,203,4.6
5824,8231,934,1,1,2026-02-06,Nashville,Residential,0,0,492.12,2.23,2.29,77.91,121.14,1,0,0,34,248,5.0
5825,8232,398,1,7,2026-02-06,Nashville,Residential,1,0,456.35,2.11,1.81,63.42,100.62,1,0,0,35,206,4.6
5826,8233,602,5,3,2026-02-06,Nashville,Residential,0,0,184.14,1.35,1.26,36.57,25.23,1,0,0,35,215,4.2
5827,8234,693,7,4,2026-02-06,Franklin,Residential,1,0,1101.83,4.23,4.7,131.7,268.37,1,0,0,28,328,4.5
5828,8236,1176,1,8,2026-02-06,Nolensville,Residential,0,0,566.48,2.61,3.1,83.7,119.54,1,0,0,52,252,4.7
5829,8241,1048,5,4,2026-02-06,Spring Hill,Commercial,0,0,280.01,1.17,1.08,30.2,39.1,0,1,1,10,294,3.7
5830,8242,834,1,3,2026-02-06,Franklin,Residential,0,0,456.46,2.29,2.0,57.91,96.66,1,0,0,40,197,4.7
5831,8244,694,3,7,2026-02-06,Spring Hill,Residential,0,0,9688.01,16.45,16.66,583.23,4864.05,0,0,0,33,294,4.9
5832,8246,43,1,6,2026-02-06,Franklin,Residential,0,0,485.74,1.72,1.71,52.88,87.26,1,0,0,62,196,5.0
5833,8247,320,5,7,2026-02-06,Nashville,Residential,0,0,258.08,1.43,1.47,51.32,41.59,1,0,0,66,375,4.1
5834,8248,310,1,2,2026-02-07,Nashville,Residential,1,0,327.71,2.15,1.99,69.81,87.15,1,0,0,24,277,4.7
5835,8250,551,2,2,2026-02-07,Nashville,Residential,0,0,668.12,2.23,1.96,68.76,147.76,1,0,0,39,195,5.0
5836,8251,1405,5,6,2026-02-07,Nashville,Residential,1,0,176.58,1.39,1.24,38.34,26.14,1,0,0,37,190,4.9
5837,8252,318,5,2,2026-02-07,Nashville,Residential,0,0,230.14,1.43,1.27,44.45,31.08,1,0,0,55,266,5.0
5838,8253,863,2,5,2026-02-07,Brentwood,Commercial,0,0,684.64,2.58,2.57,92.56,172.56,1,1,1,67,229,4.0
5839,8254,857,5,5,2026-02-07,Nashville,Residential,0,0,217.33,1.26,1.17,42.07,38.04,1,0,0,10,302,4.2
5840,8255,1410,4,5,2026-02-07,Nashville,Residential,0,0,2658.14,10.72,8.53,307.24,774.74,1,0,0,46,235,5.0
5841,8257,1401,1,1,2026-02-07,Spring Hill,Residential,0,0,351.22,2.34,2.16,73.27,96.72,1,0,0,42,197,4.5
5842,8258,915,1,8,2026-02-07,Nashville,Residential,0,1,516.57,2.43,2.15,58.16,104.37,0,0,0,28,186,4.4
5843,8260,159,4,7,2026-02-07,Nolensville,Residential,0,0,2915.01,8.97,7.61,266.37,734.62,1,0,0,43,122,4.6
5844,8262,879,6,6,2026-02-07,Franklin,Residential,0,0,1244.53,3.09,2.8,86.92,402.39,1,0,0,58,245,5.0
5845,8263,837,5,7,2026-02-08,Brentwood,Residential,0,0,147.73,1.23,1.32,46.24,22.21,1,0,0,54,226,4.4
5846,8266,1415,2,1,2026-02-08,Brentwood,Residential,1,0,617.0,1.8,0.98,33.44,138.73,0,1,0,46,208,4.1
5847,8267,791,1,7,2026-02-08,Nashville,Residential,1,1,394.9,2.12,1.43,49.88,96.28,1,0,0,58,35,4.7
5848,8268,1132,1,7,2026-02-08,Franklin,Residential,0,0,433.05,1.91,1.81,63.24,86.66,1,0,0,38,225,4.5
5849,8270,448,1,6,2026-02-08,Nashville,Residential,0,1,341.4,2.3,3.14,97.28,72.79,1,0,0,34,79,5.0
5850,8272,788,2,3,2026-02-08,Spring Hill,Residential,0,0,460.28,2.38,2.79,80.78,97.63,0,0,0,26,284,4.7
5851,8273,1300,2,6,2026-02-08,Brentwood,Residential,0,0,583.34,2.71,2.41,74.62,142.53,1,0,0,40,202,4.5
5852,8274,1105,2,2,2026-02-08,Spring Hill,Residential,1,0,515.7,2.54,2.42,84.64,142.17,0,0,0,40,255,5.0
5853,8275,38,2,7,2026-02-09,Franklin,Residential,0,0,451.37,2.46,2.73,95.5,95.66,1,0,0,25,191,4.5
5854,8276,1058,4,7,2026-02-09,Nashville,Residential,1,0,2819.67,11.78,9.41,329.46,772.29,0,1,0,40,324,4.0
5855,8277,1172,5,8,2026-02-09,Nashville,Residential,0,0,190.75,1.13,1.36,36.66,31.33,1,0,0,12,269,4.0
5856,8278,980,5,6,2026-02-09,Franklin,Commercial,1,0,369.56,1.37,1.21,37.46,65.73,1,0,0,46,351,5.0
5857,8279,511,1,6,2026-02-09,Spring Hill,Residential,1,0,409.78,2.46,2.44,75.77,101.03,1,0,0,40,208,5.0
5858,8281,801,1,5,2026-02-09,Nashville,Residential,0,0,512.16,1.71,2.14,77.14,92.61,1,0,0,11,268,4.4
5859,8282,1406,1,7,2026-02-09,Nashville,Residential,1,0,521.41,2.22,2.47,86.33,137.83,1,0,0,44,213,4.6
5860,8283,717,1,2,2026-02-09,Nolensville,Residential,0,1,390.97,2.28,2.04,71.31,84.43,1,0,0,44,72,5.0
5861,8284,1254,5,7,2026-02-09,Brentwood,Residential,0,0,201.67,1.28,1.24,43.5,27.27,1,0,0,49,192,4.8
5862,8285,420,4,7,2026-02-09,Nashville,Residential,0,0,2520.17,10.01,7.74,270.95,757.11,1,0,0,28,217,4.8
5863,8286,1051,4,5,2026-02-09,Brentwood,Residential,0,0,2287.5,8.83,11.01,396.22,875.88,1,0,0,36,289,4.3
5864,8287,858,6,2,2026-02-09,Nashville,Residential,0,0,1353.32,3.2,2.7,94.34,494.08,1,0,0,50,331,4.9
5865,8288,1210,1,4,2026-02-09,Franklin,Residential,0,1,378.53,2.23,2.14,59.95,85.52,1,0,0,48,37,4.4
5866,8290,946,4,5,2026-02-09,Brentwood,Residential,1,0,2767.74,9.09,10.42,375.03,902.55,1,0,0,53,141,4.6
5867,8292,236,2,6,2026-02-09,Nashville,Residential,0,1,516.23,2.3,1.71,53.13,109.65,1,0,0,33,20,5.0
5868,8295,1219,5,6,2026-02-09,Nashville,Residential,0,0,181.98,1.31,1.46,45.12,32.35,1,0,0,42,206,4.3
5869,8296,1121,2,5,2026-02-09,Franklin,Residential,0,1,538.03,2.17,2.09,75.16,109.24,1,0,0,46,111,4.4
5870,8299,1189,5,4,2026-02-10,Spring Hill,Commercial,1,0,363.84,1.33,1.25,34.89,61.73,0,0,0,39,284,4.4
5871,8303,514,5,8,2026-02-10,Franklin,Residential,1,0,157.29,1.06,1.41,38.11,24.78,1,0,0,33,218,4.1
5872,8304,281,5,5,2026-02-10,Franklin,Residential,1,0,136.87,1.16,1.28,46.26,19.65,1,0,0,28,203,4.5
5873,8305,1197,2,7,2026-02-10,Nashville,Residential,1,1,378.27,1.98,1.78,62.32,109.13,1,0,0,24,20,4.4
5874,8307,1354,1,4,2026-02-10,Nashville,Residential,1,0,436.38,2.59,2.25,63.06,106.9,1,0,0,25,310,4.7
5875,8308,609,6,6,2026-02-10,Nashville,Residential,0,0,889.2,3.47,2.54,78.6,420.63,1,0,0,45,279,4.6
5876,8309,935,7,5,2026-02-10,Brentwood,Residential,0,0,1630.22,3.5,3.84,138.14,438.76,1,0,0,49,160,4.7
5877,8310,1216,1,8,2026-02-10,Nolensville,Residential,0,0,399.83,2.33,1.79,48.35,89.42,1,0,0,46,228,4.1
5878,8311,1356,3,7,2026-02-10,Franklin,Residential,1,0,12638.16,17.83,17.76,621.51,7722.04,1,0,0,33,193,4.6
5879,8312,1078,7,1,2026-02-10,Spring Hill,Residential,0,0,1085.64,5.25,5.89,200.29,281.21,1,0,0,46,236,4.7
5880,8313,1244,3,7,2026-02-10,Nashville,Residential,1,0,7258.24,19.51,22.75,796.27,3159.37,1,0,0,50,205,4.5
5881,8315,311,1,3,2026-02-10,Franklin,Residential,0,0,394.21,2.35,1.31,38.09,79.02,1,0,0,29,262,4.4
5882,8317,1360,2,6,2026-02-10,Franklin,Residential,1,0,476.54,2.62,2.58,79.96,121.07,1,0,0,53,216,4.3
5883,8318,157,1,4,2026-02-10,Nolensville,Residential,1,1,533.51,2.28,2.35,65.69,116.1,1,0,0,69,20,4.3
5884,8319,943,5,1,2026-02-10,Nolensville,Residential,1,0,182.83,1.22,1.0,33.87,25.9,1,0,0,33,214,4.7
5885,8320,533,3,7,2026-02-10,Brentwood,Residential,0,0,9063.33,18.14,14.65,512.89,4937.56,1,0,0,40,236,4.6
5886,8322,957,4,7,2026-02-11,Brentwood,Residential,0,0,2160.44,10.93,14.81,518.32,736.06,1,0,0,42,190,4.8
5887,8325,24,5,2,2026-02-11,Brentwood,Residential,0,0,250.48,1.42,1.75,61.28,34.49,1,0,1,30,180,4.9
5888,8326,130,6,3,2026-02-11,Nolensville,Commercial,0,0,2318.03,4.11,4.22,122.45,1054.31,1,0,0,19,272,4.7
5889,8327,1260,1,8,2026-02-11,Spring Hill,Residential,0,0,504.75,1.97,2.12,57.15,99.09,1,0,0,39,253,4.3
5890,8328,359,2,8,2026-02-11,Nolensville,Residential,0,0,543.32,2.48,2.73,73.63,163.28,1,0,0,35,260,3.9
5891,8329,1121,7,3,2026-02-11,Franklin,Residential,0,0,1134.86,4.65,4.02,116.45,281.02,1,0,0,49,150,4.6
5892,8330,466,5,7,2026-02-11,Nashville,Commercial,0,0,231.4,1.24,1.67,58.56,32.16,1,0,0,46,199,4.3
5893,8331,678,1,1,2026-02-11,Nashville,Residential,0,0,426.23,2.06,2.12,72.14,96.09,1,0,0,40,170,4.6
5894,8333,346,5,1,2026-02-11,Brentwood,Residential,0,0,172.3,1.67,1.64,55.7,28.88,1,0,0,36,277,4.5
5895,8335,249,1,7,2026-02-11,Spring Hill,Residential,0,0,525.89,2.18,2.25,78.92,116.13,1,0,0,44,207,5.0
5896,8336,773,2,6,2026-02-11,Brentwood,Residential,0,0,630.41,2.39,2.11,65.48,149.62,1,0,0,34,312,4.7
5897,8338,535,5,6,2026-02-11,Brentwood,Residential,1,0,214.84,1.28,0.88,27.22,31.24,1,0,0,46,233,4.7
5898,8339,208,5,7,2026-02-11,Nashville,Residential,0,0,166.81,1.17,1.11,38.85,23.11,1,0,0,48,210,4.4
5899,8340,2,1,5,2026-02-11,Nashville,Residential,0,0,510.48,1.79,1.56,56.22,94.81,1,0,0,16,127,4.1
5900,8341,1258,5,7,2026-02-11,Franklin,Residential,0,0,154.98,1.28,1.17,40.92,21.45,0,1,0,30,487,4.6
5901,8342,616,6,1,2026-02-11,Brentwood,Residential,0,0,1253.04,3.18,3.35,113.92,560.17,1,0,0,26,216,4.7
5902,8344,1265,1,8,2026-02-11,Franklin,Residential,0,0,549.5,2.4,2.84,76.76,128.26,1,0,0,43,165,4.2
5903,8345,431,5,1,2026-02-12,Franklin,Residential,0,0,213.34,1.56,1.37,46.66,31.92,1,0,0,54,208,4.7
5904,8346,975,5,4,2026-02-12,Nashville,Residential,0,0,199.74,1.23,1.42,39.69,25.01,1,0,0,67,262,4.4
5905,8348,906,6,8,2026-02-12,Spring Hill,Residential,0,0,1099.23,3.58,4.98,134.33,472.53,1,0,0,47,131,4.5
5906,8350,714,7,6,2026-02-12,Nashville,Residential,0,0,1151.72,4.72,4.21,130.42,256.95,1,0,0,18,287,4.3
5907,8351,1107,7,3,2026-02-12,Nashville,Residential,1,0,897.39,4.88,5.01,145.33,232.42,1,0,0,36,227,4.9
5908,8352,640,5,7,2026-02-12,Franklin,Residential,0,0,190.34,1.37,0.83,29.08,27.18,0,1,0,23,237,4.1
5909,8353,1109,3,7,2026-02-12,Nashville,Residential,0,0,8841.55,18.03,23.41,819.51,4813.96,0,1,0,12,241,4.0
5910,8354,1310,5,8,2026-02-12,Nashville,Residential,0,0,230.61,1.46,1.75,47.26,33.94,1,0,0,10,256,4.0
5911,8355,703,7,4,2026-02-12,Nolensville,Residential,1,0,1051.72,5.76,5.42,151.87,264.96,1,0,0,30,205,4.4
5912,8356,590,6,5,2026-02-12,Franklin,Residential,1,0,1109.43,3.09,3.3,118.8,356.23,1,0,0,47,251,4.2
5913,8357,24,3,7,2026-02-12,Brentwood,Residential,0,0,10139.57,15.5,16.88,590.87,5775.69,1,0,0,32,241,4.9
5914,8358,1386,5,7,2026-02-12,Franklin,Residential,1,0,186.94,1.4,1.57,54.99,23.76,1,0,0,36,157,5.0
5915,8359,1314,5,1,2026-02-12,Franklin,Residential,1,0,232.36,1.35,1.08,36.78,31.4,0,0,0,54,221,5.0
5916,8360,1087,7,4,2026-02-12,Nashville,Commercial,0,0,1595.58,4.44,4.04,113.19,412.05,1,0,0,14,213,4.4
5917,8361,24,6,4,2026-02-12,Brentwood,Residential,0,0,681.32,3.81,4.46,124.84,245.57,1,0,0,29,241,4.6
5918,8362,588,6,5,2026-02-12,Nashville,Residential,0,0,1147.42,3.35,3.44,123.92,492.74,1,0,0,36,297,4.8
5919,8364,692,1,5,2026-02-12,Nashville,Commercial,0,1,714.64,1.98,2.26,81.29,161.76,1,0,0,22,96,4.6
5920,8366,1329,3,7,2026-02-12,Spring Hill,Residential,1,0,9023.08,19.94,11.61,406.51,5577.44,1,0,0,30,225,3.8
5921,8367,312,5,7,2026-02-12,Franklin,Residential,0,0,163.81,1.56,1.77,61.88,26.1,0,1,0,32,264,4.2
5922,8369,1347,7,1,2026-02-12,Nashville,Residential,0,0,1019.78,4.07,3.72,126.34,236.45,1,0,0,18,271,4.4
5923,8370,1363,2,5,2026-02-12,Brentwood,Residential,0,0,412.99,2.14,2.59,93.27,100.6,1,0,0,50,288,4.8
5924,8371,860,6,7,2026-02-12,Nashville,Residential,0,0,780.11,3.36,4.04,141.31,276.42,0,1,0,33,166,4.0
5925,8372,1147,3,7,2026-02-12,Nashville,Residential,0,0,11040.13,18.2,18.23,637.92,6283.18,1,0,0,29,327,4.5
5926,8375,1142,2,6,2026-02-12,Spring Hill,Residential,0,0,626.63,2.35,1.97,61.06,130.59,1,0,1,32,133,4.7
5927,8376,826,2,2,2026-02-12,Nashville,Commercial,1,0,727.47,2.07,1.93,67.48,213.97,1,0,0,33,285,4.6
5928,8377,1245,5,6,2026-02-13,Nashville,Commercial,0,0,296.28,1.28,1.49,46.06,40.64,0,1,0,53,270,4.5
5929,8378,736,5,3,2026-02-13,Brentwood,Residential,0,0,151.37,1.43,1.64,47.7,24.99,1,0,1,48,392,4.5
5930,8379,1377,1,5,2026-02-13,Nolensville,Residential,0,0,582.21,2.26,2.23,80.19,88.52,1,0,0,23,183,4.7
5931,8380,188,1,6,2026-02-13,Brentwood,Residential,1,0,445.7,1.7,1.41,43.65,126.15,1,0,0,35,173,5.0
5932,8382,437,4,7,2026-02-13,Brentwood,Residential,1,0,2680.4,10.12,7.84,274.53,1100.99,1,0,0,43,246,4.3
5933,8384,1355,6,3,2026-02-13,Spring Hill,Residential,0,0,1178.16,3.14,3.22,93.24,591.53,1,0,0,38,180,4.7
5934,8385,432,3,7,2026-02-13,Nashville,Commercial,0,0,15252.74,16.79,19.32,676.37,7283.97,1,0,0,45,310,4.8
5935,8386,513,3,7,2026-02-13,Nashville,Residential,1,0,8589.17,17.1,20.47,716.51,5048.57,1,0,0,33,277,4.7
5936,8387,835,5,7,2026-02-13,Nashville,Residential,0,0,230.82,1.43,1.44,50.24,29.87,1,0,0,42,220,4.8
5937,8388,1217,1,6,2026-02-13,Brentwood,Residential,0,0,441.81,2.44,1.9,58.98,85.0,1,0,0,33,286,4.6
5938,8389,681,1,6,2026-02-13,Brentwood,Residential,1,0,457.58,2.23,2.29,71.11,107.68,1,0,0,27,108,4.7
5939,8390,360,5,1,2026-02-13,Nashville,Residential,0,0,158.6,1.22,1.31,44.67,25.49,1,0,0,31,155,4.8
5940,8391,382,4,5,2026-02-13,Franklin,Residential,0,0,2355.39,10.13,9.06,326.03,711.51,1,0,0,30,283,4.4
5941,8394,54,4,7,2026-02-13,Spring Hill,Residential,0,0,2211.89,11.6,11.45,400.78,619.06,1,0,0,36,214,4.6
5942,8396,950,5,4,2026-02-13,Nashville,Commercial,0,0,329.89,1.3,1.66,46.36,50.26,0,0,1,51,158,4.7
5943,8397,1137,1,2,2026-02-13,Spring Hill,Residential,0,0,470.48,2.05,2.57,89.94,97.41,1,0,0,37,318,5.0
5944,8399,877,1,5,2026-02-13,Spring Hill,Residential,0,0,527.83,2.13,1.9,68.22,130.51,1,0,0,32,330,4.7
5945,8400,853,1,4,2026-02-13,Brentwood,Residential,0,1,619.58,2.31,2.28,63.76,125.31,1,0,0,23,24,4.4
5946,8401,1325,6,5,2026-02-13,Nashville,Residential,0,0,1266.22,4.06,4.26,153.3,460.84,1,0,0,33,202,4.8
5947,8402,300,1,5,2026-02-13,Brentwood,Residential,0,0,543.64,2.13,2.29,82.33,98.88,1,0,1,34,277,4.8
5948,8403,1051,4,5,2026-02-13,Brentwood,Residential,0,0,2251.13,8.57,10.47,376.94,669.4,1,0,0,53,215,4.4
5949,8406,916,1,6,2026-02-13,Nashville,Residential,0,1,443.24,2.28,1.87,58.09,96.48,1,0,1,23,98,4.7
5950,8407,1031,1,3,2026-02-13,Nashville,Residential,0,0,675.27,2.58,3.75,108.82,137.18,1,0,0,21,311,4.7
5951,8408,565,6,1,2026-02-13,Franklin,Residential,0,0,1460.33,4.23,3.77,128.1,619.5,1,0,0,52,315,4.4
5952,8409,1259,5,8,2026-02-14,Nashville,Residential,0,0,223.88,1.14,1.24,33.59,30.08,1,0,0,31,264,4.1
5953,8414,133,1,3,2026-02-14,Nolensville,Residential,0,1,469.88,2.5,2.3,66.56,108.69,0,1,1,53,20,4.0
5954,8416,1369,5,2,2026-02-14,Nashville,Residential,1,0,174.56,1.49,1.24,43.46,26.73,1,0,0,37,262,5.0
5955,8417,41,1,7,2026-02-14,Nolensville,Residential,0,0,433.0,2.26,2.5,87.62,101.94,1,0,0,48,260,4.9
5956,8418,946,4,7,2026-02-14,Brentwood,Residential,1,0,2508.31,10.18,8.38,293.45,679.81,1,0,0,38,232,4.6
5957,8419,301,2,8,2026-02-14,Franklin,Commercial,0,0,926.58,2.42,2.65,71.64,194.19,1,0,0,48,356,4.5
5958,8420,1080,1,1,2026-02-14,Spring Hill,Residential,0,1,476.63,2.36,2.12,71.98,111.17,1,0,0,46,152,5.0
5959,8421,714,1,1,2026-02-14,Nashville,Residential,0,0,625.2,2.12,2.4,81.75,112.17,1,0,0,18,256,5.0
5960,8423,675,1,2,2026-02-14,Spring Hill,Residential,0,0,407.72,2.07,2.78,97.2,79.42,0,1,0,49,252,4.7
5961,8424,605,3,7,2026-02-14,Franklin,Commercial,0,0,18350.13,19.16,18.68,653.91,10568.85,1,0,0,15,207,5.0
5962,8425,447,1,4,2026-02-14,Spring Hill,Residential,0,0,506.52,2.12,2.35,65.81,95.16,1,0,0,26,221,4.8
5963,8426,10,2,8,2026-02-14,Franklin,Commercial,0,0,838.32,2.55,2.47,66.62,180.23,1,0,1,37,261,4.5
5964,8427,38,1,1,2026-02-15,Franklin,Residential,0,0,392.48,2.08,1.37,46.55,76.3,1,0,0,40,204,4.9
5965,8428,63,2,5,2026-02-15,Spring Hill,Residential,0,0,333.56,2.67,3.02,108.65,79.65,1,0,0,30,211,4.4
5966,8430,1344,7,3,2026-02-15,Nashville,Residential,0,0,1097.06,4.75,4.65,134.83,250.23,1,0,0,50,186,4.6
5967,8431,887,2,5,2026-02-15,Nashville,Commercial,0,1,864.46,2.4,2.92,105.12,197.87,1,0,0,45,62,4.8
5968,8432,619,5,5,2026-02-15,Nashville,Residential,1,0,181.08,1.24,1.11,40.08,26.27,1,0,0,8,226,5.0
5969,8433,582,5,2,2026-02-15,Nashville,Residential,0,0,198.47,1.32,1.26,44.15,29.37,1,0,0,49,202,5.0
5970,8434,553,2,5,2026-02-15,Nashville,Residential,1,1,562.53,2.87,3.23,116.17,130.48,0,1,0,24,100,4.1
5971,8435,669,4,5,2026-02-15,Franklin,Residential,1,0,3046.22,10.33,6.72,241.9,1052.66,1,0,0,30,202,4.6
5972,8436,1407,1,3,2026-02-15,Nashville,Residential,0,0,539.37,1.79,2.28,66.14,106.12,1,0,1,56,280,4.7
5973,8437,298,3,7,2026-02-15,Nashville,Residential,0,0,13259.4,19.13,18.12,634.2,6446.72,1,0,0,46,313,3.8
5974,8438,923,4,7,2026-02-15,Franklin,Residential,0,0,1525.99,9.29,9.4,328.99,403.83,1,0,0,14,286,4.8
5975,8440,1328,1,8,2026-02-15,Nashville,Residential,0,0,370.58,1.93,1.51,40.77,72.73,1,0,0,16,272,4.5
5976,8441,871,2,5,2026-02-15,Franklin,Commercial,0,0,895.73,2.24,2.64,94.95,219.48,0,1,0,19,216,4.0
5977,8442,570,5,4,2026-02-16,Nashville,Commercial,0,0,251.76,1.43,1.23,34.5,30.53,1,0,1,34,340,4.3
5978,8443,918,1,3,2026-02-16,Spring Hill,Commercial,1,1,788.42,2.0,2.06,59.6,185.69,1,0,0,41,57,5.0
5979,8444,1342,1,1,2026-02-16,Brentwood,Residential,0,0,464.97,2.09,1.82,61.91,95.52,1,0,1,27,158,5.0
5980,8445,1409,2,3,2026-02-16,Nashville,Residential,0,1,417.81,2.58,2.54,73.66,90.4,0,1,0,24,57,4.1
5981,8446,845,7,8,2026-02-16,Brentwood,Residential,1,0,1534.7,3.87,4.35,117.4,371.98,1,0,0,46,187,4.1
5982,8447,206,2,6,2026-02-16,Nashville,Residential,1,1,530.81,2.08,2.43,75.28,89.97,1,0,0,41,132,4.7
5983,8448,167,1,7,2026-02-16,Brentwood,Residential,0,0,686.05,1.99,1.91,67.01,139.02,1,0,0,49,233,4.9
5984,8450,1259,4,5,2026-02-16,Nashville,Residential,0,0,2324.4,11.32,8.08,291.05,815.57,1,0,0,39,169,4.9
5985,8451,1253,1,5,2026-02-16,Franklin,Residential,1,1,388.41,2.04,1.72,61.86,83.8,0,1,0,30,80,4.1
5986,8452,722,1,8,2026-02-16,Nashville,Residential,0,0,563.87,2.28,3.1,83.57,110.17,1,0,0,47,339,4.1
5987,8455,672,7,4,2026-02-16,Franklin,Residential,0,0,785.16,4.27,4.45,124.6,207.66,0,1,0,63,258,4.2
5988,8456,762,1,8,2026-02-16,Nashville,Residential,1,0,439.29,2.09,3.01,81.3,114.88,1,0,0,23,217,4.2
5989,8457,805,6,4,2026-02-17,Nolensville,Residential,1,0,1539.34,3.78,4.22,118.22,618.06,1,0,0,75,205,4.9
5990,8458,1375,7,1,2026-02-17,Spring Hill,Residential,0,0,1094.29,4.33,5.28,179.56,239.34,0,1,0,31,185,4.0
5991,8459,322,1,2,2026-02-17,Franklin,Residential,0,1,547.46,2.29,2.45,85.76,97.77,1,0,0,30,97,5.0
5992,8460,670,5,7,2026-02-17,Nashville,Residential,0,0,169.04,1.38,1.65,57.62,22.39,1,0,0,62,198,4.7
5993,8461,908,7,2,2026-02-17,Nashville,Residential,1,0,977.52,5.87,4.7,164.38,228.14,1,0,0,30,165,4.9
5994,8462,1420,5,6,2026-02-17,Spring Hill,Residential,0,0,163.62,1.17,0.89,27.59,21.67,1,0,1,54,253,5.0
5995,8463,769,1,8,2026-02-17,Nashville,Residential,1,1,493.55,2.01,2.41,65.16,106.23,1,0,0,12,200,4.0
5996,8464,1207,5,6,2026-02-17,Spring Hill,Residential,0,0,220.79,1.14,1.05,32.7,28.23,1,1,0,68,254,4.2
5997,8466,1152,1,5,2026-02-17,Franklin,Commercial,0,1,846.23,2.22,2.04,73.45,183.72,1,0,0,26,76,4.6
5998,8467,30,1,7,2026-02-17,Franklin,Residential,0,0,478.9,2.39,2.0,70.01,96.81,1,0,0,37,190,5.0
5999,8468,586,5,2,2026-02-17,Nashville,Residential,0,0,178.55,1.4,0.94,33.06,25.11,1,0,0,39,197,5.0
6000,8469,1222,6,5,2026-02-17,Franklin,Residential,1,0,1287.38,3.86,4.34,156.38,652.59,1,0,0,55,248,4.5
6001,8470,316,2,7,2026-02-17,Nolensville,Residential,0,0,411.56,2.16,1.5,52.37,88.86,1,0,0,35,262,4.8
6002,8471,221,7,4,2026-02-17,Nashville,Residential,1,0,1063.86,3.91,3.04,85.08,246.13,0,1,0,32,229,4.0
6003,8472,1135,1,1,2026-02-17,Franklin,Residential,0,0,456.29,2.15,1.86,63.26,89.4,0,0,0,29,226,4.4
6004,8473,208,1,2,2026-02-17,Nashville,Residential,0,1,426.6,1.9,2.04,71.53,89.88,1,0,0,58,20,4.7
6005,8474,820,4,5,2026-02-17,Nashville,Residential,1,0,2289.54,8.99,9.81,353.01,579.44,1,0,0,24,240,5.0
6006,8475,593,1,8,2026-02-17,Spring Hill,Residential,1,0,422.22,2.33,2.16,58.39,107.3,1,0,0,46,224,4.3
6007,8477,1237,6,1,2026-02-17,Nashville,Residential,1,0,1390.43,4.24,3.4,115.45,575.0,1,0,0,42,200,4.8
6008,8478,942,2,2,2026-02-17,Franklin,Residential,0,1,663.77,1.93,1.86,65.14,156.61,1,0,1,43,110,5.0
6009,8479,52,7,7,2026-02-17,Nolensville,Residential,1,0,855.48,5.2,4.47,156.49,286.69,1,0,0,42,315,4.6
6010,8480,553,5,8,2026-02-17,Nashville,Residential,1,0,268.19,1.17,1.38,37.23,42.64,1,0,0,16,274,4.4
6011,8483,214,2,1,2026-02-18,Brentwood,Residential,0,0,632.69,2.89,2.95,100.39,129.52,1,0,0,44,209,4.4
6012,8484,81,5,5,2026-02-18,Franklin,Residential,0,0,165.36,1.23,1.07,38.59,25.41,1,0,0,32,273,4.6
6013,8485,586,6,4,2026-02-18,Nashville,Residential,0,0,864.09,3.32,4.47,125.11,403.54,1,0,0,59,172,4.5
6014,8486,183,5,6,2026-02-18,Franklin,Commercial,0,0,233.58,1.25,1.21,37.4,40.11,1,0,0,44,217,4.5
6015,8487,1070,1,4,2026-02-18,Franklin,Residential,0,0,353.77,2.18,2.25,62.91,70.88,1,0,0,32,250,4.5
6016,8488,243,5,4,2026-02-18,Brentwood,Residential,1,0,169.07,1.2,1.01,28.41,19.52,1,0,0,50,204,4.2
6017,8490,49,3,5,2026-02-18,Nashville,Residential,0,0,6618.8,17.32,17.05,613.63,3722.07,1,0,0,41,231,4.9
6018,8492,747,5,6,2026-02-18,Nashville,Residential,0,0,205.61,1.46,1.64,50.79,33.33,1,0,0,34,232,4.8
6019,8493,1384,1,1,2026-02-18,Franklin,Residential,0,1,300.64,2.23,2.46,83.7,68.48,1,0,1,46,106,4.5
6020,8494,370,1,6,2026-02-18,Franklin,Residential,0,0,444.0,2.24,2.73,84.6,102.39,1,0,0,69,185,5.0
6021,8495,1015,3,7,2026-02-18,Franklin,Residential,0,0,11252.81,15.69,16.84,589.23,6058.84,1,0,0,21,261,4.8
6022,8496,538,5,2,2026-02-18,Spring Hill,Residential,1,0,174.04,1.27,1.49,52.24,34.08,1,0,0,34,253,4.6
6023,8498,77,5,7,2026-02-18,Nashville,Residential,1,0,190.02,1.05,0.92,32.17,27.04,1,0,0,49,292,4.5
6024,8499,1399,3,7,2026-02-18,Nolensville,Residential,0,0,9462.87,17.58,14.53,508.68,4170.43,1,0,0,36,117,4.3
6025,8501,840,1,3,2026-02-18,Nolensville,Residential,0,1,526.41,1.95,2.11,61.26,118.48,1,0,0,26,93,4.9
6026,8502,1211,2,1,2026-02-18,Nolensville,Residential,0,0,418.13,1.99,1.61,54.85,108.25,1,0,0,42,146,4.8
6027,8504,939,5,5,2026-02-18,Franklin,Residential,0,0,181.65,1.47,0.92,33.03,22.28,1,0,0,43,251,4.8
6028,8506,1174,6,6,2026-02-19,Franklin,Commercial,0,0,2388.79,3.28,2.72,84.43,854.13,1,0,0,40,200,5.0
6029,8509,1004,5,3,2026-02-19,Spring Hill,Residential,1,0,174.7,1.69,1.56,45.2,21.67,1,0,0,45,143,4.4
6030,8510,1420,4,5,2026-02-19,Spring Hill,Residential,0,0,2850.15,11.77,10.85,390.55,1038.77,1,0,0,28,173,5.0
6031,8511,1072,5,8,2026-02-19,Nashville,Commercial,0,0,258.69,1.11,1.17,31.52,40.06,1,0,1,42,247,4.3
6032,8512,1247,4,7,2026-02-19,Franklin,Commercial,0,0,4360.05,9.69,6.65,232.79,1336.82,1,0,0,27,264,4.7
6033,8513,631,2,4,2026-02-19,Nashville,Residential,0,1,401.85,2.63,3.09,86.63,84.3,0,0,0,37,63,4.7
6034,8514,633,3,5,2026-02-19,Brentwood,Residential,1,0,11929.29,15.92,12.06,434.19,7220.06,1,0,0,33,246,4.7
6035,8515,657,4,7,2026-02-19,Brentwood,Residential,0,0,2501.72,10.23,13.07,457.57,695.66,1,0,0,42,203,4.9
6036,8516,81,5,3,2026-02-19,Franklin,Residential,0,0,171.19,1.24,1.21,34.98,20.9,0,0,0,36,241,5.0
6037,8517,1281,5,6,2026-02-19,Franklin,Residential,0,0,221.21,1.2,1.22,37.78,30.17,1,0,0,47,156,4.9
6038,8518,507,2,3,2026-02-19,Brentwood,Residential,0,0,508.81,2.22,2.53,73.39,101.7,1,0,1,50,170,4.5
6039,8519,1337,4,7,2026-02-19,Franklin,Residential,1,0,2681.21,7.83,8.03,281.06,1084.86,1,0,0,32,271,5.0
6040,8520,628,7,1,2026-02-19,Nolensville,Residential,1,0,1363.69,4.73,3.93,133.78,271.59,1,0,0,34,231,5.0
6041,8521,320,5,6,2026-02-19,Nashville,Residential,0,0,153.47,1.11,0.78,24.03,28.92,1,0,0,45,243,4.4
6042,8522,1201,1,4,2026-02-19,Franklin,Residential,0,0,469.6,2.34,2.31,64.55,97.63,1,0,0,38,314,4.5
6043,8523,499,1,6,2026-02-19,Franklin,Residential,0,1,534.2,2.33,2.33,72.37,123.3,1,0,0,50,56,4.7
6044,8524,1065,1,3,2026-02-20,Nashville,Residential,0,1,414.24,2.34,2.25,65.25,75.97,1,0,0,63,120,4.7
6045,8526,1135,1,2,2026-02-20,Franklin,Residential,0,0,443.3,2.29,1.91,66.96,90.64,1,0,0,46,227,5.0
6046,8529,220,5,5,2026-02-20,Nashville,Residential,0,0,211.56,1.46,1.61,57.86,30.07,1,0,0,40,219,4.3
6047,8530,877,2,3,2026-02-20,Spring Hill,Residential,0,0,473.27,2.38,2.16,62.76,120.06,1,0,0,32,254,4.4
6048,8531,201,5,5,2026-02-20,Nashville,Residential,0,0,170.83,1.39,1.22,43.81,21.22,1,0,0,41,234,4.5
6049,8532,563,2,8,2026-02-20,Nashville,Commercial,0,0,808.1,2.27,2.03,54.86,151.59,1,0,0,36,135,4.2
6050,8533,308,1,7,2026-02-20,Brentwood,Residential,0,0,403.83,2.33,2.65,92.92,74.74,1,0,0,34,281,4.7
6051,8534,787,1,1,2026-02-20,Nashville,Commercial,0,0,833.36,2.03,2.01,68.49,154.65,1,0,0,32,195,4.9
6052,8535,89,5,1,2026-02-20,Spring Hill,Residential,1,0,172.14,1.56,1.2,40.81,22.79,1,0,0,57,198,5.0
6053,8536,237,1,8,2026-02-20,Nashville,Residential,0,0,408.98,2.37,2.69,72.53,75.6,0,0,1,22,179,4.3
6054,8538,1288,1,6,2026-02-20,Spring Hill,Residential,0,0,499.3,2.48,3.29,102.12,111.62,1,0,0,32,303,5.0
6055,8539,130,2,7,2026-02-20,Nolensville,Commercial,0,0,907.23,2.39,1.97,69.07,174.2,1,0,1,37,227,4.6
6056,8540,76,2,4,2026-02-20,Nashville,Residential,1,0,440.11,1.74,1.82,51.04,100.5,1,0,0,38,227,4.4
6057,8541,586,5,8,2026-02-20,Nashville,Residential,0,0,201.87,1.14,1.36,36.67,26.45,0,0,0,34,193,4.6
6058,8542,725,1,1,2026-02-20,Nashville,Commercial,1,1,776.35,2.13,1.92,65.27,160.34,1,0,0,16,141,4.6
6059,8544,1135,2,1,2026-02-20,Franklin,Residential,0,0,562.0,2.53,2.44,82.9,154.73,1,0,1,46,186,4.8
6060,8545,294,4,7,2026-02-20,Spring Hill,Residential,1,0,2488.86,9.39,8.39,293.56,837.19,0,1,0,30,307,3.8
6061,8546,206,2,5,2026-02-20,Nashville,Residential,1,0,515.57,2.42,2.4,86.26,100.63,1,0,0,49,188,4.9
6062,8548,318,4,5,2026-02-20,Nashville,Residential,0,0,3209.72,12.69,13.89,500.0,1193.61,1,0,0,43,229,4.7
6063,8549,1181,5,1,2026-02-20,Nashville,Residential,0,0,219.83,1.34,1.26,42.8,35.98,1,0,0,21,232,4.7
6064,8550,734,2,5,2026-02-20,Nashville,Residential,0,0,503.28,2.24,1.93,69.53,98.78,0,1,1,21,246,3.9
6065,8551,500,1,1,2026-02-21,Nashville,Commercial,0,0,898.69,1.85,2.51,85.34,226.69,1,0,0,17,163,4.5
6066,8553,117,1,3,2026-02-21,Nashville,Residential,0,0,486.05,2.23,2.77,80.3,102.69,1,0,0,25,280,5.0
6067,8555,53,7,4,2026-02-21,Franklin,Residential,0,0,1034.8,4.28,5.62,157.28,233.45,1,0,0,43,286,4.4
6068,8556,461,5,3,2026-02-21,Franklin,Residential,0,0,204.77,1.57,1.28,37.04,31.41,1,0,0,59,266,4.5
6069,8557,1447,1,8,2026-02-21,Nashville,Commercial,0,0,956.81,2.2,1.89,51.02,168.94,1,0,0,31,171,4.1
6070,8558,220,6,6,2026-02-21,Nashville,Residential,0,0,1070.4,3.7,3.87,119.99,370.89,1,0,0,36,196,5.0
6071,8559,644,5,8,2026-02-21,Spring Hill,Residential,1,0,213.85,1.41,2.13,57.41,33.92,1,0,0,51,275,4.0
6072,8560,154,4,7,2026-02-21,Nashville,Residential,0,0,2630.11,8.84,10.15,355.3,863.73,1,0,0,44,261,4.6
6073,8561,13,2,2,2026-02-21,Spring Hill,Residential,0,0,557.33,2.55,2.2,76.9,128.4,1,0,1,58,309,5.0
6074,8562,772,2,8,2026-02-21,Brentwood,Commercial,0,0,1256.51,2.24,2.82,76.04,263.43,0,1,0,25,178,3.8
6075,8564,1442,1,2,2026-02-21,Franklin,Commercial,1,0,777.25,2.43,2.58,90.29,173.47,1,0,0,33,271,5.0
6076,8565,210,1,1,2026-02-21,Spring Hill,Residential,0,0,506.19,2.69,3.65,124.21,98.63,1,0,0,59,258,4.4
6077,8566,955,5,3,2026-02-21,Brentwood,Residential,0,0,176.52,1.27,1.47,42.57,26.59,1,0,1,61,264,4.5
6078,8568,172,5,4,2026-02-21,Brentwood,Commercial,0,0,330.55,1.33,1.45,40.58,48.42,1,0,0,56,209,4.7
6079,8569,642,3,7,2026-02-22,Brentwood,Residential,0,0,7377.89,19.53,18.05,631.67,3746.36,1,0,0,21,259,4.3
6080,8571,1042,4,5,2026-02-22,Spring Hill,Residential,0,0,2943.95,11.08,7.69,276.78,909.92,1,0,0,22,273,4.8
6081,8572,784,5,4,2026-02-22,Franklin,Residential,0,0,180.72,1.44,1.58,44.16,28.61,1,0,0,42,245,4.4
6082,8573,287,2,5,2026-02-22,Franklin,Commercial,1,0,692.33,2.4,2.33,83.98,184.2,1,0,0,43,190,4.7
6083,8574,317,2,7,2026-02-22,Brentwood,Residential,0,1,562.44,2.66,2.17,75.91,123.18,1,0,0,40,21,4.1
6084,8575,415,1,3,2026-02-22,Nolensville,Residential,1,0,442.59,2.1,2.49,72.09,123.83,1,1,0,27,330,4.2
6085,8576,408,5,6,2026-02-22,Franklin,Residential,0,0,238.51,1.28,1.16,36.11,40.61,1,0,0,43,290,5.0
6086,8577,616,5,5,2026-02-22,Brentwood,Residential,0,0,179.62,1.14,1.07,38.68,29.8,1,0,0,44,294,5.0
6087,8578,486,1,5,2026-02-22,Franklin,Commercial,0,0,982.63,2.33,2.39,86.11,245.02,1,0,0,33,208,4.8
6088,8579,728,1,5,2026-02-22,Nashville,Residential,1,0,380.66,2.25,1.66,59.63,76.94,1,0,0,24,344,4.4
6089,8581,1112,1,8,2026-02-22,Franklin,Residential,0,0,400.06,1.8,1.75,47.28,73.48,1,0,0,27,272,3.8
6090,8584,367,5,6,2026-02-23,Nashville,Residential,0,0,186.8,1.28,1.11,34.3,25.93,1,0,0,23,225,4.7
6091,8586,1235,1,6,2026-02-23,Franklin,Residential,1,0,347.24,2.26,2.46,76.3,75.51,1,0,0,56,98,5.0
6092,8589,1290,1,4,2026-02-23,Franklin,Residential,0,1,355.94,2.09,1.66,46.56,66.77,1,0,0,25,48,4.0
6093,8590,1128,1,3,2026-02-23,Nashville,Residential,0,0,453.51,2.1,2.03,58.87,99.52,1,0,1,48,272,5.0
6094,8591,108,5,7,2026-02-23,Nashville,Residential,1,0,244.69,1.57,1.66,58.25,31.41,0,1,0,45,245,4.0
6095,8592,475,5,3,2026-02-23,Brentwood,Residential,1,0,179.21,1.48,1.55,45.02,31.11,1,0,0,36,293,4.2
6096,8593,856,1,2,2026-02-23,Nolensville,Residential,0,0,565.92,2.18,2.25,78.87,124.49,1,0,0,51,176,4.9
6097,8594,448,1,2,2026-02-23,Nashville,Residential,0,0,585.85,2.18,2.17,76.04,145.83,0,0,0,26,314,4.8
6098,8595,222,1,2,2026-02-23,Nolensville,Residential,0,0,410.15,1.97,1.39,48.7,88.28,1,0,0,34,279,4.6
6099,8596,1386,2,5,2026-02-23,Franklin,Residential,1,0,477.99,2.66,3.04,109.37,114.49,1,0,0,51,217,4.5
6100,8597,832,7,7,2026-02-23,Franklin,Residential,0,0,1007.64,5.01,4.59,160.5,250.53,1,0,0,32,200,4.6
6101,8599,79,7,5,2026-02-23,Franklin,Residential,0,0,1519.33,5.53,5.74,206.47,344.6,0,1,0,33,240,3.8
6102,8602,516,5,1,2026-02-23,Spring Hill,Residential,1,0,205.03,1.27,1.38,46.96,28.19,1,0,0,61,190,5.0
6103,8603,462,4,5,2026-02-23,Nashville,Commercial,1,0,4988.7,12.94,9.17,330.17,2019.32,1,0,0,28,360,4.5
6104,8604,1267,2,4,2026-02-23,Spring Hill,Residential,1,0,423.97,2.38,2.97,83.23,95.8,1,0,0,8,341,4.5
6105,8605,1280,1,3,2026-02-24,Nashville,Residential,0,0,343.87,2.39,2.23,64.55,78.35,1,0,0,14,220,4.7
6106,8610,897,5,8,2026-02-24,Nashville,Residential,1,0,174.59,1.0,1.3,35.16,21.53,1,0,0,36,307,4.0
6107,8611,1134,7,8,2026-02-24,Spring Hill,Residential,0,0,1205.68,5.31,5.28,142.48,267.28,1,0,0,42,230,4.5
6108,8613,1370,4,7,2026-02-24,Brentwood,Commercial,0,0,4409.76,12.19,12.81,448.25,1221.12,0,0,0,50,149,4.3
6109,8614,1104,7,4,2026-02-24,Franklin,Residential,0,0,1086.71,3.49,3.04,85.0,213.51,1,0,0,48,237,4.5
6110,8615,478,3,7,2026-02-24,Spring Hill,Residential,0,0,8568.88,17.9,16.47,576.34,3349.87,1,1,0,65,247,3.9
6111,8616,604,3,7,2026-02-24,Brentwood,Residential,0,0,9221.09,14.85,17.54,614.0,4632.41,1,0,0,36,261,4.6
6112,8620,157,2,2,2026-02-24,Nolensville,Residential,1,0,511.85,2.12,1.92,67.18,129.62,1,0,0,64,227,4.9
6113,8622,1122,6,6,2026-02-24,Nolensville,Residential,1,0,1353.14,3.76,3.09,95.7,583.4,1,0,0,49,255,4.8
6114,8624,539,7,6,2026-02-24,Franklin,Residential,1,0,1041.5,4.21,3.74,115.83,208.58,1,0,0,36,243,4.6
6115,8625,212,2,4,2026-02-24,Nashville,Residential,0,0,370.9,2.16,1.85,51.87,88.21,1,0,0,46,334,4.4
6116,8626,496,1,2,2026-02-24,Nashville,Residential,0,0,528.49,2.56,2.44,85.27,109.63,1,0,0,54,242,4.8
6117,8628,636,1,3,2026-02-25,Spring Hill,Residential,1,0,428.94,1.8,1.86,53.88,106.5,0,1,0,53,292,3.9
6118,8629,530,5,3,2026-02-25,Franklin,Residential,0,0,135.83,1.13,1.34,38.97,22.1,1,0,0,45,296,4.9
6119,8632,612,1,4,2026-02-25,Nashville,Residential,0,0,401.27,2.4,2.63,73.75,62.18,1,0,0,24,271,4.5
6120,8633,1222,5,1,2026-02-25,Franklin,Residential,1,0,194.33,1.46,1.59,53.94,29.66,1,0,0,50,209,5.0
6121,8635,275,2,2,2026-02-25,Nashville,Residential,0,1,444.93,2.59,2.75,96.14,95.1,1,0,0,40,95,4.8
6122,8637,411,5,5,2026-02-25,Spring Hill,Residential,0,0,227.99,0.89,0.89,31.92,36.86,1,0,0,53,175,4.5
6123,8638,1268,3,7,2026-02-25,Nashville,Residential,0,0,8838.02,19.03,17.71,619.93,3808.56,1,0,0,46,244,4.7
6124,8639,938,3,7,2026-02-25,Nashville,Residential,1,0,9285.24,18.62,18.31,640.93,4590.32,1,0,0,38,214,5.0
6125,8640,386,2,7,2026-02-25,Franklin,Residential,0,1,527.23,2.94,3.1,108.65,126.75,1,0,1,28,32,4.5
6126,8642,1444,2,7,2026-02-25,Brentwood,Residential,1,0,609.58,2.35,3.06,107.16,151.61,1,0,0,30,350,4.5
6127,8643,689,1,1,2026-02-25,Brentwood,Commercial,0,0,724.24,2.47,1.77,60.29,169.73,1,0,0,22,215,4.6
6128,8644,867,3,5,2026-02-25,Spring Hill,Residential,0,0,10721.77,17.88,17.83,641.74,4034.47,1,0,0,30,220,4.9
6129,8645,785,2,5,2026-02-25,Nashville,Residential,0,0,636.16,2.7,2.45,88.07,150.49,1,0,0,31,139,5.0
6130,8646,854,1,1,2026-02-25,Nashville,Residential,0,0,379.88,2.15,2.08,70.72,90.57,1,0,1,26,275,5.0
6131,8648,800,3,7,2026-02-25,Nashville,Residential,0,0,8174.47,21.21,15.22,532.81,4818.13,0,0,0,38,298,4.8
6132,8649,429,6,4,2026-02-25,Franklin,Residential,1,0,988.89,3.6,4.65,130.29,391.16,1,0,0,54,245,4.5
6133,8650,513,2,6,2026-02-25,Nashville,Residential,1,0,751.09,2.38,2.04,63.33,205.91,1,0,0,61,255,5.0
6134,8651,239,5,4,2026-02-25,Nolensville,Residential,1,0,165.86,1.32,1.12,31.31,25.34,1,0,0,46,183,4.4
6135,8652,47,7,8,2026-02-25,Franklin,Residential,0,0,841.4,3.86,5.48,147.87,181.96,1,0,0,18,200,4.4
6136,8654,411,1,4,2026-02-25,Spring Hill,Residential,0,0,327.3,2.14,2.11,59.14,66.34,1,0,0,19,197,4.2
6137,8655,827,5,8,2026-02-26,Spring Hill,Commercial,0,0,345.18,1.36,1.44,38.92,53.16,0,1,1,31,176,3.8
6138,8658,804,5,4,2026-02-26,Nashville,Residential,0,0,195.03,1.18,1.34,37.52,32.67,1,0,0,29,319,4.5
6139,8659,615,5,6,2026-02-26,Spring Hill,Commercial,1,0,283.03,1.23,1.6,49.71,40.16,1,0,0,50,212,5.0
6140,8660,10,1,7,2026-02-26,Franklin,Commercial,0,1,767.31,2.1,2.16,75.53,142.72,1,0,0,25,20,4.3
6141,8661,59,1,4,2026-02-26,Brentwood,Residential,1,0,432.77,2.5,1.95,54.61,114.96,1,0,0,39,231,4.5
6142,8662,257,1,6,2026-02-26,Nashville,Residential,0,0,422.36,2.32,2.47,76.66,86.68,1,0,0,34,286,4.1
6143,8663,570,6,8,2026-02-26,Nashville,Commercial,0,0,1967.95,3.46,3.62,97.76,891.35,1,0,0,30,156,4.9
6144,8664,343,7,1,2026-02-26,Franklin,Residential,0,0,965.12,5.16,3.98,135.21,225.05,1,0,0,30,292,4.8
6145,8665,105,1,3,2026-02-26,Brentwood,Residential,0,1,592.09,2.26,1.19,34.44,114.58,1,0,1,23,20,4.5
6146,8667,103,5,1,2026-02-26,Brentwood,Residential,1,0,161.32,1.17,0.98,33.26,26.97,1,0,0,50,191,4.5
6147,8668,1253,5,7,2026-02-26,Franklin,Residential,1,0,177.35,0.97,1.16,40.75,24.45,0,1,0,38,225,3.8
6148,8669,807,5,7,2026-02-26,Nashville,Commercial,0,0,394.38,1.45,1.66,58.11,46.57,1,0,0,44,371,4.6
6149,8670,630,1,8,2026-02-26,Nashville,Residential,0,0,534.02,2.38,2.14,57.79,84.84,1,0,0,18,217,4.3
6150,8671,1254,2,2,2026-02-26,Brentwood,Residential,0,0,542.76,2.31,2.05,71.77,129.84,1,0,0,51,229,4.7
6151,8672,164,5,1,2026-02-26,Brentwood,Residential,1,0,257.71,1.58,1.47,49.88,37.05,1,0,0,40,234,5.0
6152,8673,937,5,6,2026-02-26,Franklin,Commercial,0,0,321.18,1.32,1.49,46.29,55.11,0,1,0,47,215,4.3
6153,8674,1437,1,4,2026-02-26,Brentwood,Residential,1,0,417.88,2.49,2.35,65.87,73.99,1,0,0,43,236,4.5
6154,8675,726,2,4,2026-02-26,Brentwood,Residential,1,0,524.31,2.21,2.34,65.61,122.95,1,0,0,39,247,4.0
6155,8676,1282,5,7,2026-02-26,Brentwood,Residential,0,0,209.81,1.09,0.89,31.0,30.41,1,0,0,44,184,5.0
6156,8677,1280,5,1,2026-02-26,Nashville,Residential,0,0,160.02,1.29,1.79,60.75,20.15,1,0,0,15,237,4.4
6157,8679,1,1,7,2026-02-27,Brentwood,Residential,0,0,425.62,2.36,2.45,85.86,81.05,1,0,0,49,287,4.4
6158,8680,756,5,7,2026-02-27,Nolensville,Residential,1,0,212.36,1.37,1.45,50.72,29.72,1,0,0,43,226,4.3
6159,8683,1197,2,5,2026-02-27,Nashville,Residential,1,0,570.22,2.37,2.67,96.11,123.09,1,0,0,24,253,4.3
6160,8684,548,1,5,2026-02-27,Spring Hill,Commercial,1,0,609.28,1.88,2.16,77.74,158.6,1,0,0,53,235,4.9
6161,8686,380,4,7,2026-02-27,Nashville,Residential,0,0,2691.84,12.3,11.38,398.17,706.34,0,0,0,32,311,4.8
6162,8687,1392,2,7,2026-02-27,Nashville,Residential,0,0,504.89,2.42,2.98,104.41,137.66,1,0,1,46,190,4.4
6163,8688,91,1,1,2026-02-27,Brentwood,Residential,1,0,518.11,2.28,1.96,66.78,135.65,1,0,0,61,254,4.4
6164,8689,430,1,4,2026-02-27,Spring Hill,Residential,0,0,332.62,2.41,2.81,78.57,72.8,1,0,0,37,207,4.9
6165,8690,680,2,6,2026-02-27,Nashville,Residential,0,0,776.5,1.79,2.03,62.92,182.7,1,0,0,57,262,4.9
6166,8691,1028,5,6,2026-02-27,Nolensville,Residential,0,0,157.65,1.4,1.76,54.56,22.58,1,0,1,41,174,5.0
6167,8692,877,1,8,2026-02-27,Spring Hill,Residential,0,0,398.83,2.36,3.21,86.69,84.6,1,0,0,40,258,3.6
6168,8696,431,2,4,2026-02-27,Franklin,Residential,0,1,622.18,2.65,2.33,65.34,130.96,0,1,0,53,140,4.1
6169,8697,526,1,2,2026-02-27,Franklin,Residential,0,0,358.88,2.14,2.15,75.36,62.25,1,0,0,38,293,4.4
6170,8698,1237,2,6,2026-02-27,Nashville,Residential,1,0,513.19,2.16,2.27,70.39,132.28,1,0,0,44,264,4.6
6171,8699,404,1,7,2026-02-27,Franklin,Residential,1,0,434.41,1.94,1.49,52.25,111.22,1,0,0,29,243,4.7
6172,8700,677,6,3,2026-02-27,Spring Hill,Residential,0,0,1346.86,3.07,3.39,98.44,588.57,1,0,0,26,207,4.6
6173,8701,748,5,8,2026-02-27,Franklin,Commercial,0,0,361.27,1.17,1.5,40.37,63.26,0,1,1,32,309,3.9
6174,8702,1216,5,8,2026-02-27,Nolensville,Residential,0,0,182.49,1.24,1.19,32.06,27.9,0,1,0,38,215,4.1
6175,8703,756,1,6,2026-02-27,Nolensville,Residential,1,0,433.82,2.33,1.75,54.16,98.74,1,0,0,47,264,5.0
6176,8706,1440,3,5,2026-02-27,Spring Hill,Residential,0,0,8064.6,21.58,23.57,848.56,4452.71,1,0,0,61,197,5.0
6177,8707,288,1,2,2026-02-27,Nolensville,Residential,0,0,583.87,2.09,2.12,74.05,135.27,1,0,0,33,279,5.0
6178,8708,358,2,3,2026-02-28,Franklin,Residential,0,0,653.44,2.44,2.98,86.43,135.08,1,0,0,15,281,4.1
6179,8710,707,1,3,2026-02-28,Franklin,Residential,0,0,546.14,1.91,1.88,54.6,111.32,1,0,0,30,310,5.0
6180,8711,265,6,8,2026-02-28,Brentwood,Residential,0,0,1151.25,3.03,2.87,77.52,399.52,1,0,0,81,101,4.2
6181,8714,1345,5,7,2026-02-28,Spring Hill,Residential,0,0,193.75,1.18,1.38,48.32,30.61,1,0,0,13,186,4.7
6182,8715,527,1,7,2026-02-28,Franklin,Residential,0,0,427.98,2.33,2.15,75.38,100.88,1,0,0,42,239,4.7
6183,8717,937,5,3,2026-02-28,Franklin,Commercial,0,0,266.85,1.26,1.17,34.04,42.45,1,0,0,34,213,4.5
6184,8718,861,3,7,2026-02-28,Nashville,Residential,0,0,10869.06,15.52,14.29,500.01,5551.57,1,0,0,39,201,4.8
6185,8719,71,4,5,2026-02-28,Nashville,Residential,1,0,1664.87,9.73,7.97,286.75,536.98,1,0,0,25,293,4.8
6186,8721,787,1,3,2026-02-28,Nashville,Commercial,0,0,1093.91,2.5,2.35,68.24,242.16,1,0,0,62,218,4.6
6187,8722,1380,5,7,2026-02-28,Nolensville,Residential,0,0,150.09,1.56,1.89,66.31,23.74,1,0,0,53,232,5.0
6188,8723,34,5,8,2026-02-28,Franklin,Residential,0,0,174.11,1.1,0.97,26.27,23.15,1,0,0,46,248,4.3
6189,8724,267,5,4,2026-02-28,Nashville,Residential,1,0,196.28,1.54,1.53,42.84,28.21,1,0,0,44,282,4.7
6190,8725,420,5,8,2026-03-01,Nashville,Residential,0,0,226.33,1.22,1.36,36.81,29.97,1,0,1,11,86,4.3
6191,8726,1394,1,3,2026-03-01,Spring Hill,Residential,1,0,527.51,2.22,2.22,64.37,120.63,1,0,0,40,177,4.9
6192,8729,828,6,4,2026-03-01,Spring Hill,Residential,1,0,1428.08,3.5,4.35,121.79,438.93,1,0,0,41,207,4.5
6193,8730,351,5,4,2026-03-01,Brentwood,Residential,0,0,224.66,1.43,1.86,52.09,32.65,1,0,0,41,227,4.2
6194,8731,732,5,4,2026-03-01,Nashville,Residential,1,0,242.72,1.42,1.51,42.31,30.03,1,0,0,48,118,4.4
6195,8733,869,7,2,2026-03-01,Spring Hill,Residential,1,0,1204.25,5.36,4.9,171.59,251.52,1,0,0,32,279,5.0
6196,8734,756,3,7,2026-03-01,Nolensville,Residential,1,0,11051.07,22.5,24.78,867.22,5760.84,1,0,0,49,384,4.5
6197,8735,660,5,2,2026-03-01,Brentwood,Residential,0,0,205.61,1.23,1.2,42.05,30.77,1,0,0,47,242,4.6
6198,8737,223,2,7,2026-03-01,Spring Hill,Residential,0,0,405.92,1.8,1.54,53.93,82.24,1,0,0,40,297,4.4
6199,8738,621,7,3,2026-03-02,Nashville,Residential,0,0,986.08,4.1,4.15,120.39,191.78,1,1,0,56,253,4.2
6200,8739,781,3,7,2026-03-02,Spring Hill,Residential,1,0,7493.08,17.02,14.33,501.67,4101.23,1,0,0,55,269,4.4
6201,8740,578,5,3,2026-03-02,Brentwood,Residential,0,0,198.8,1.33,0.82,23.81,32.44,1,0,0,46,232,4.5
6202,8741,1238,5,7,2026-03-02,Nolensville,Residential,0,0,211.4,1.23,1.28,44.92,33.61,1,0,0,46,188,4.3
6203,8742,72,1,6,2026-03-02,Spring Hill,Residential,0,0,392.78,2.43,2.24,69.33,75.77,1,0,0,43,250,4.5
6204,8743,998,5,8,2026-03-02,Franklin,Residential,1,0,165.35,1.23,1.97,53.25,27.1,1,0,0,17,266,4.3
6205,8744,535,5,2,2026-03-02,Brentwood,Residential,1,0,159.14,1.31,1.26,44.14,25.19,1,0,0,47,199,4.8
6206,8745,1144,1,2,2026-03-02,Spring Hill,Residential,0,0,528.8,2.13,2.02,70.65,113.54,0,1,0,34,225,4.5
6207,8746,483,1,8,2026-03-02,Nashville,Residential,0,0,412.72,2.71,2.38,64.38,90.73,1,0,0,21,307,4.6
6208,8748,1426,5,3,2026-03-02,Nashville,Residential,0,0,181.96,1.35,1.12,32.38,28.36,1,0,0,51,284,4.5
6209,8749,577,1,6,2026-03-02,Franklin,Residential,0,0,418.37,2.44,2.2,68.16,94.68,0,1,0,50,276,4.1
6210,8750,1105,1,1,2026-03-02,Spring Hill,Residential,1,0,467.59,2.54,2.48,84.23,120.72,1,0,0,47,203,4.6
6211,8752,1373,4,7,2026-03-02,Brentwood,Commercial,0,0,4710.32,10.78,10.93,382.5,1541.34,1,0,0,33,192,4.7
6212,8753,206,1,1,2026-03-02,Nashville,Residential,1,0,487.86,1.84,1.52,51.6,157.01,1,0,0,27,293,4.8
6213,8754,668,1,6,2026-03-02,Franklin,Residential,0,0,323.17,2.31,2.31,71.68,60.61,1,0,0,51,185,4.3
6214,8757,589,7,6,2026-03-02,Spring Hill,Residential,1,0,1012.42,4.32,4.25,131.86,213.37,1,0,0,47,303,5.0
6215,8758,698,5,6,2026-03-02,Spring Hill,Residential,0,0,166.18,1.34,1.19,36.79,26.39,1,0,0,37,290,5.0
6216,8759,87,3,5,2026-03-02,Spring Hill,Residential,0,0,11750.89,19.44,17.33,623.87,6036.3,1,0,0,56,173,4.7
6217,8760,740,2,1,2026-03-02,Franklin,Residential,0,1,543.51,2.77,2.39,81.3,133.38,1,0,1,41,135,5.0
6218,8761,437,5,7,2026-03-02,Brentwood,Residential,1,0,242.7,1.35,1.08,37.69,34.95,1,0,0,32,205,4.7
6219,8763,88,7,6,2026-03-02,Nolensville,Commercial,0,0,1525.45,4.44,4.26,132.14,461.9,1,0,0,59,240,5.0
6220,8764,1103,3,7,2026-03-02,Nolensville,Residential,0,0,9788.85,16.75,19.5,682.34,4982.35,1,0,0,36,323,4.6
6221,8766,118,5,6,2026-03-03,Nolensville,Residential,0,0,160.58,0.94,0.83,25.76,27.62,1,1,0,36,204,4.4
6222,8768,1225,1,3,2026-03-03,Nashville,Commercial,1,1,840.65,1.81,1.98,57.49,207.53,0,0,0,55,83,4.9
6223,8769,1241,1,7,2026-03-03,Nolensville,Residential,0,0,565.07,1.87,1.93,67.65,125.09,1,0,0,58,244,5.0
6224,8771,1374,1,5,2026-03-03,Franklin,Residential,0,0,653.18,2.17,2.65,95.32,153.67,1,0,1,56,309,4.7
6225,8772,533,1,5,2026-03-03,Brentwood,Residential,0,0,349.68,2.05,1.79,64.41,75.64,0,1,0,40,338,4.4
6226,8774,996,5,6,2026-03-03,Brentwood,Residential,0,0,233.58,1.24,1.43,44.45,32.36,1,0,0,29,121,4.4
6227,8775,1448,2,6,2026-03-03,Nashville,Residential,0,0,576.56,1.96,1.42,44.06,117.22,1,0,0,30,286,5.0
6228,8776,342,2,4,2026-03-03,Franklin,Residential,0,0,513.93,2.3,2.64,74.04,81.51,0,0,0,39,260,4.6
6229,8777,531,1,1,2026-03-03,Nashville,Commercial,0,0,850.88,2.17,2.23,75.88,194.37,1,0,0,33,188,4.8
6230,8779,376,5,5,2026-03-03,Franklin,Residential,1,0,181.21,1.04,0.73,26.14,28.3,1,0,0,39,241,4.9
6231,8780,850,1,8,2026-03-03,Brentwood,Residential,0,0,484.84,2.18,3.1,83.74,109.81,1,0,0,46,284,4.6
6232,8781,371,4,5,2026-03-03,Nashville,Residential,0,0,1922.47,7.79,5.73,206.25,658.65,1,0,0,41,252,4.4
6233,8784,654,1,3,2026-03-03,Nolensville,Residential,1,0,523.01,2.21,2.28,66.18,121.34,1,0,0,26,239,4.8
6234,8785,277,6,6,2026-03-03,Nashville,Commercial,0,0,2056.6,3.95,3.34,103.64,882.34,1,0,0,38,197,4.9
6235,8786,998,1,8,2026-03-03,Franklin,Residential,1,0,328.58,2.62,2.86,77.26,86.74,1,0,0,34,246,4.0
6236,8788,767,5,4,2026-03-04,Nashville,Residential,1,0,149.35,1.16,1.24,34.68,18.63,1,0,0,37,255,4.5
6237,8791,710,5,3,2026-03-04,Brentwood,Residential,0,0,222.55,1.32,1.45,41.98,34.1,1,0,0,21,214,4.8
6238,8792,996,1,6,2026-03-04,Brentwood,Residential,0,1,490.58,2.39,3.19,98.91,99.5,1,0,0,25,85,5.0
6239,8794,1251,1,3,2026-03-04,Franklin,Residential,1,0,453.95,1.95,1.86,53.92,123.43,0,1,0,71,193,4.1
6240,8795,190,2,2,2026-03-04,Spring Hill,Residential,1,0,321.49,1.99,2.38,83.42,81.59,1,0,0,55,142,5.0
6241,8796,839,5,3,2026-03-04,Nashville,Residential,0,0,206.38,1.09,1.23,35.74,35.24,1,0,0,45,267,5.0
6242,8800,179,3,7,2026-03-04,Nashville,Residential,0,0,8159.33,14.04,12.99,454.61,4476.09,1,0,0,27,245,4.4
6243,8802,575,1,6,2026-03-04,Franklin,Residential,0,1,495.01,2.02,2.07,64.2,92.08,1,0,0,45,175,4.8
6244,8804,144,6,4,2026-03-04,Nashville,Residential,0,0,1023.25,4.69,4.85,135.86,368.39,0,1,0,33,289,3.7
6245,8805,1044,7,5,2026-03-04,Spring Hill,Residential,0,0,918.53,4.97,4.75,171.01,252.39,1,0,0,33,212,4.8
6246,8809,258,2,5,2026-03-05,Nashville,Residential,1,1,639.62,2.27,2.1,75.7,155.72,0,0,0,21,184,4.9
6247,8811,612,2,4,2026-03-05,Nashville,Residential,0,0,392.73,2.05,2.65,74.28,96.29,1,0,0,33,263,4.6
6248,8812,608,1,6,2026-03-05,Franklin,Residential,1,0,569.45,2.18,1.9,58.83,132.33,1,0,0,47,323,4.7
6249,8813,1162,1,4,2026-03-05,Spring Hill,Residential,0,1,396.45,2.32,1.97,55.27,69.17,0,1,0,34,83,3.7
6250,8814,169,5,2,2026-03-05,Franklin,Residential,0,0,232.5,1.28,1.31,45.68,38.82,1,0,0,42,294,4.9
6251,8815,430,6,7,2026-03-05,Spring Hill,Residential,0,0,1414.71,3.55,2.77,97.12,511.72,1,0,0,41,209,4.0
6252,8817,486,5,5,2026-03-05,Franklin,Commercial,0,0,513.21,1.41,1.22,43.94,91.83,1,0,0,47,253,4.8
6253,8818,1408,5,4,2026-03-05,Nashville,Residential,1,0,191.82,1.06,1.14,32.05,29.95,1,0,0,53,296,4.5
6254,8822,1024,1,5,2026-03-05,Nashville,Residential,0,0,553.43,1.65,1.39,50.21,140.91,1,0,1,8,213,4.7
6255,8823,939,4,7,2026-03-05,Franklin,Residential,0,0,3907.16,10.93,12.41,434.23,1186.39,1,0,0,43,160,4.7
6256,8824,1363,6,6,2026-03-05,Brentwood,Residential,0,0,1131.24,3.56,2.28,70.59,523.86,1,0,0,14,267,4.6
6257,8827,1206,2,8,2026-03-05,Nashville,Residential,1,1,570.7,2.13,1.94,52.3,159.18,1,0,0,25,143,4.3
6258,8828,1309,4,5,2026-03-05,Nolensville,Residential,1,0,2292.37,10.06,9.52,342.79,772.6,1,0,0,42,159,4.6
6259,8829,314,1,8,2026-03-06,Brentwood,Residential,0,1,520.82,2.14,1.81,48.94,96.42,1,0,0,54,107,4.6
6260,8830,239,2,2,2026-03-06,Nolensville,Residential,1,1,360.72,2.86,2.97,104.08,97.16,1,0,0,29,20,4.8
6261,8831,698,1,7,2026-03-06,Spring Hill,Residential,0,0,746.63,1.88,1.86,64.99,164.26,1,0,0,44,266,5.0
6262,8833,174,3,5,2026-03-06,Nashville,Residential,0,0,8357.13,17.7,15.7,565.09,4799.55,0,1,0,20,184,4.0
6263,8835,1410,1,8,2026-03-06,Nashville,Residential,0,0,469.27,2.02,2.65,71.56,100.84,1,0,0,40,258,4.4
6264,8836,887,4,5,2026-03-06,Nashville,Commercial,0,0,4047.63,9.14,8.13,292.69,950.87,0,1,0,20,244,3.7
6265,8838,873,3,7,2026-03-06,Nashville,Residential,0,0,10230.26,18.3,12.08,422.88,4727.68,1,0,0,43,199,4.3
6266,8839,746,4,5,2026-03-06,Franklin,Residential,0,0,1954.6,10.4,12.7,457.33,686.28,1,0,0,40,180,4.6
6267,8840,215,3,5,2026-03-06,Brentwood,Residential,0,0,12631.24,14.07,13.57,488.52,6753.56,0,0,0,57,295,4.6
6268,8841,1055,5,3,2026-03-06,Nashville,Residential,1,0,208.7,1.07,1.0,29.08,33.98,1,0,0,47,264,4.8
6269,8842,322,1,4,2026-03-06,Franklin,Residential,0,1,474.03,2.42,2.0,55.87,99.96,1,0,0,40,186,4.7
6270,8844,395,5,2,2026-03-07,Brentwood,Commercial,1,0,272.0,1.52,1.33,46.64,34.57,1,0,0,48,246,4.7
6271,8845,323,1,1,2026-03-07,Spring Hill,Residential,0,1,531.47,2.52,2.03,69.04,93.14,1,0,0,47,42,4.9
6272,8846,34,1,5,2026-03-07,Franklin,Residential,0,1,372.48,2.25,1.62,58.24,102.84,1,0,1,47,34,4.5
6273,8847,208,5,5,2026-03-07,Nashville,Residential,0,0,251.03,1.27,1.28,46.24,34.65,1,0,0,29,236,4.6
6274,8848,190,2,2,2026-03-07,Spring Hill,Residential,1,0,537.13,2.05,1.71,59.76,128.51,1,0,0,17,338,4.6
6275,8851,406,1,2,2026-03-07,Nashville,Residential,0,0,448.23,2.48,2.68,93.65,104.17,1,0,0,37,301,4.8
6276,8853,1015,1,5,2026-03-07,Franklin,Residential,0,1,561.84,2.51,2.88,103.51,112.3,1,0,0,32,56,4.8
6277,8854,165,1,3,2026-03-07,Franklin,Residential,0,0,479.51,2.07,2.03,58.92,100.23,1,0,1,56,316,4.9
6278,8855,1023,2,6,2026-03-07,Franklin,Residential,0,0,755.89,1.97,2.11,65.56,154.61,1,0,0,53,291,4.7
6279,8856,635,5,5,2026-03-07,Spring Hill,Residential,1,0,165.64,1.25,0.93,33.55,22.47,1,0,0,47,258,4.6
6280,8857,397,7,3,2026-03-07,Nashville,Residential,0,0,1226.7,4.93,5.32,154.21,332.49,1,0,0,45,210,4.7
6281,8859,418,2,8,2026-03-07,Nolensville,Residential,0,0,465.03,2.22,1.85,50.03,105.97,1,0,0,37,263,4.3
6282,8860,1316,2,6,2026-03-08,Brentwood,Residential,0,0,441.75,2.26,1.6,49.54,98.3,1,0,0,46,311,5.0
6283,8861,1270,1,2,2026-03-08,Spring Hill,Residential,0,0,573.65,2.36,2.34,81.78,121.12,1,0,0,28,199,4.8
6284,8862,703,5,7,2026-03-08,Nolensville,Residential,1,0,181.44,1.49,1.17,41.11,28.82,0,0,0,32,252,4.5
6285,8863,1097,5,5,2026-03-08,Brentwood,Residential,1,0,222.72,1.11,1.43,51.64,31.2,1,1,0,18,186,4.4
6286,8865,410,6,7,2026-03-08,Brentwood,Residential,0,0,1109.8,3.74,3.85,134.77,474.5,1,0,0,35,198,4.7
6287,8866,1396,6,7,2026-03-08,Spring Hill,Residential,1,0,1100.06,3.36,2.49,87.05,399.26,0,0,0,53,330,4.8
6288,8867,1208,5,6,2026-03-08,Brentwood,Residential,0,0,190.55,1.24,0.88,27.36,27.46,0,1,0,44,215,4.0
6289,8868,298,2,6,2026-03-08,Nashville,Residential,0,1,479.92,2.41,2.73,84.66,120.72,1,0,0,53,72,4.7
6290,8869,294,3,5,2026-03-08,Spring Hill,Residential,1,0,9259.38,14.76,13.4,482.47,4961.58,1,0,0,24,197,4.2
6291,8870,919,7,8,2026-03-08,Franklin,Residential,1,0,1183.97,3.28,4.06,109.49,310.99,1,0,0,48,278,3.9
6292,8871,369,1,3,2026-03-08,Franklin,Residential,0,0,349.81,2.21,2.28,66.15,70.91,1,0,0,37,215,4.6
6293,8872,275,3,7,2026-03-08,Nashville,Residential,0,0,10128.97,17.25,16.8,587.85,6061.57,1,0,0,48,289,4.0
6294,8873,132,2,1,2026-03-08,Nashville,Residential,0,0,614.34,2.44,1.84,62.57,113.68,1,0,0,17,259,4.7
6295,8874,36,1,2,2026-03-09,Spring Hill,Residential,1,0,314.43,2.51,2.35,82.13,75.24,1,0,0,47,238,5.0
6296,8875,1279,5,2,2026-03-09,Nashville,Residential,0,0,230.95,1.24,1.44,50.55,36.84,1,0,0,50,179,4.7
6297,8876,1368,3,7,2026-03-09,Nashville,Residential,1,0,10466.42,20.64,17.17,601.01,4924.08,1,0,0,35,270,4.5
6298,8877,1210,2,2,2026-03-09,Franklin,Residential,0,0,460.93,2.41,2.04,71.27,116.79,1,0,0,40,256,4.7
6299,8878,1030,1,3,2026-03-09,Nashville,Residential,0,0,387.58,2.39,2.38,68.93,86.0,1,0,0,63,203,5.0
6300,8879,948,1,7,2026-03-09,Nashville,Residential,0,0,482.95,2.54,2.37,83.03,108.23,1,0,0,54,184,4.7
6301,8881,1029,1,6,2026-03-09,Brentwood,Commercial,0,0,1108.56,2.19,1.03,31.92,238.48,1,0,0,20,237,5.0
6302,8884,810,1,8,2026-03-09,Nashville,Residential,0,0,418.85,1.91,2.02,54.57,84.56,0,0,0,33,277,3.4
6303,8885,321,1,8,2026-03-09,Franklin,Residential,0,1,707.61,2.47,3.13,84.49,145.96,1,0,1,55,75,4.5
6304,8887,718,2,1,2026-03-09,Nashville,Residential,1,1,464.33,1.98,1.73,58.83,93.21,0,1,0,8,95,4.9
6305,8888,916,4,5,2026-03-09,Nashville,Residential,0,0,2635.66,8.21,8.36,301.13,938.25,1,0,0,8,115,4.3
6306,8889,221,2,1,2026-03-09,Nashville,Residential,1,0,403.12,2.53,2.47,84.09,109.43,1,0,0,21,254,5.0
6307,8890,1447,5,6,2026-03-09,Nashville,Commercial,0,0,335.48,1.53,1.74,53.83,42.63,1,0,0,27,126,4.7
6308,8891,126,6,6,2026-03-09,Nashville,Residential,0,0,1047.36,3.81,4.22,130.78,481.85,1,0,0,46,283,5.0
6309,8892,215,6,4,2026-03-10,Brentwood,Residential,0,0,955.5,3.87,3.98,111.43,350.09,1,0,0,24,246,4.6
6310,8893,1000,1,8,2026-03-10,Franklin,Residential,1,0,477.67,2.35,2.35,63.36,99.68,1,0,0,39,267,4.4
6311,8894,768,5,1,2026-03-10,Nashville,Residential,1,0,220.06,1.16,1.29,43.96,38.07,1,0,0,38,297,4.6
6312,8895,459,1,4,2026-03-10,Nashville,Residential,0,1,449.04,1.73,1.84,51.46,106.0,1,0,1,61,30,4.5
6313,8896,125,1,4,2026-03-10,Franklin,Residential,1,0,586.22,2.26,2.45,68.64,133.63,1,0,0,52,170,4.3
6314,8897,1355,5,2,2026-03-10,Spring Hill,Residential,0,0,244.53,1.34,1.06,37.03,39.2,1,0,0,35,309,4.3
6315,8898,302,2,4,2026-03-10,Brentwood,Residential,1,1,438.89,2.32,2.5,69.87,121.98,0,0,0,56,118,4.9
6316,8899,480,2,6,2026-03-10,Franklin,Commercial,0,0,1156.74,2.42,2.0,62.04,272.56,1,0,1,65,142,4.9
6317,8900,1170,3,7,2026-03-10,Franklin,Residential,1,0,8494.11,13.74,9.47,331.56,4340.5,0,1,0,28,255,4.0
6318,8901,923,5,1,2026-03-10,Franklin,Residential,0,0,182.03,1.44,1.04,35.39,26.6,1,0,0,46,202,5.0
6319,8902,76,2,7,2026-03-10,Nashville,Residential,1,1,484.1,2.41,2.32,81.06,115.22,1,0,0,42,69,4.6
6320,8903,1234,5,7,2026-03-10,Nashville,Residential,0,0,174.59,1.48,1.22,42.78,31.56,1,0,0,42,278,4.8
6321,8904,1287,1,7,2026-03-10,Franklin,Residential,0,0,417.56,2.3,2.61,91.19,74.51,1,0,0,47,170,4.5
6322,8906,204,1,8,2026-03-10,Franklin,Residential,1,0,373.2,2.45,2.32,62.57,98.11,1,0,0,37,226,3.8
6323,8907,277,5,2,2026-03-10,Nashville,Commercial,0,0,408.91,1.28,1.24,43.56,70.41,1,0,0,39,195,5.0
6324,8908,447,3,7,2026-03-10,Spring Hill,Residential,0,0,7337.24,16.66,17.4,609.14,3476.76,1,0,0,63,235,4.5
6325,8909,1348,1,5,2026-03-10,Franklin,Residential,0,1,590.19,1.96,1.35,48.56,90.79,1,0,0,22,101,4.4
6326,8912,304,1,7,2026-03-10,Franklin,Residential,0,1,585.68,1.77,1.59,55.53,80.51,1,0,0,28,32,4.5
6327,8913,78,5,2,2026-03-10,Nashville,Commercial,0,0,332.04,1.0,1.0,34.95,61.76,1,0,0,42,284,4.7
6328,8914,441,2,7,2026-03-11,Spring Hill,Residential,0,0,486.91,2.45,3.01,105.35,109.15,1,0,1,35,202,4.8
6329,8917,337,5,3,2026-03-11,Nashville,Commercial,1,0,423.21,1.19,1.09,31.72,53.55,1,0,0,45,222,4.3
6330,8919,69,7,3,2026-03-11,Nashville,Residential,1,0,746.85,4.13,4.25,123.15,170.7,1,0,0,8,244,4.8
6331,8921,936,6,8,2026-03-11,Nashville,Residential,1,0,1407.17,2.89,3.1,83.75,553.76,1,0,0,30,268,3.8
6332,8923,109,1,8,2026-03-11,Franklin,Residential,1,1,417.4,1.78,2.02,54.56,101.22,0,0,0,55,121,4.1
6333,8925,1439,1,6,2026-03-11,Spring Hill,Commercial,0,1,739.76,2.45,2.28,70.54,157.61,1,0,0,31,186,5.0
6334,8927,704,1,6,2026-03-11,Nashville,Residential,0,0,459.38,2.03,1.26,39.08,98.19,1,0,0,29,274,4.7
6335,8928,701,1,7,2026-03-11,Franklin,Residential,1,1,379.77,2.93,3.07,107.48,96.33,1,0,0,32,140,4.3
6336,8929,713,2,1,2026-03-11,Spring Hill,Residential,0,0,531.35,2.6,2.69,91.37,104.54,1,0,0,48,144,4.9
6337,8934,202,1,3,2026-03-11,Spring Hill,Residential,0,0,471.36,1.92,1.45,42.02,108.22,1,0,0,56,169,4.8
6338,8936,1297,4,7,2026-03-11,Nashville,Residential,1,0,2289.7,11.54,16.32,571.21,790.45,1,0,0,34,155,4.9
6339,8937,816,5,7,2026-03-11,Nashville,Commercial,0,0,293.21,1.48,1.2,42.1,39.78,0,1,0,17,171,4.0
6340,8941,463,1,5,2026-03-12,Spring Hill,Residential,0,0,573.49,2.17,2.52,90.76,101.16,1,0,0,51,177,4.3
6341,8942,251,6,1,2026-03-12,Brentwood,Residential,0,0,1272.09,3.74,3.41,115.94,501.02,1,0,0,61,269,4.5
6342,8943,733,5,3,2026-03-12,Nashville,Residential,1,0,189.8,1.12,1.45,42.05,31.75,1,0,0,26,229,4.6
6343,8944,1181,1,5,2026-03-12,Nashville,Residential,0,0,524.73,2.3,2.26,81.37,113.07,1,0,0,30,115,4.4
6344,8945,892,5,6,2026-03-12,Nashville,Residential,0,0,182.13,1.31,1.46,45.2,26.63,1,0,1,61,184,5.0
6345,8946,1319,5,8,2026-03-12,Brentwood,Residential,0,0,152.59,1.39,1.15,31.09,20.61,1,0,0,34,92,4.2
6346,8947,79,1,6,2026-03-12,Franklin,Residential,0,0,401.64,2.26,1.97,61.14,94.4,1,0,0,38,288,4.7
6347,8949,514,1,2,2026-03-12,Franklin,Residential,1,1,484.93,2.57,2.57,89.92,145.88,1,0,0,39,121,4.7
6348,8952,322,1,7,2026-03-12,Franklin,Residential,0,0,451.79,2.27,2.63,92.14,103.32,1,0,1,21,321,4.9
6349,8956,599,5,8,2026-03-12,Franklin,Commercial,0,0,340.55,1.04,1.06,28.61,46.22,1,1,1,63,172,3.5
6350,8957,491,1,3,2026-03-12,Nashville,Residential,0,0,619.29,2.16,1.51,43.85,132.01,1,0,0,34,321,4.8
6351,8958,1061,5,8,2026-03-12,Nashville,Residential,0,0,177.26,1.28,1.44,38.93,24.1,0,1,0,48,268,3.8
6352,8959,619,5,7,2026-03-12,Nashville,Residential,1,0,229.42,1.08,1.17,41.09,29.39,1,0,0,46,256,4.9
6353,8962,260,5,6,2026-03-12,Brentwood,Commercial,0,0,258.98,1.11,1.17,36.12,38.94,1,0,1,11,194,4.8
6354,8963,1049,2,4,2026-03-12,Franklin,Residential,0,0,588.76,2.45,2.61,73.13,134.42,1,0,0,59,181,4.4
6355,8964,685,1,7,2026-03-12,Spring Hill,Residential,0,0,477.78,2.2,2.28,79.75,99.07,1,0,0,28,232,4.6
6356,8965,1381,1,8,2026-03-13,Nolensville,Residential,0,0,500.84,2.03,2.31,62.4,91.38,1,0,0,63,308,4.7
6357,8967,481,2,5,2026-03-13,Franklin,Residential,0,0,436.86,2.13,1.86,66.89,79.94,1,0,0,42,197,4.7
6358,8968,1325,5,2,2026-03-13,Nashville,Residential,0,0,184.23,1.32,1.32,46.21,30.27,0,1,0,30,69,4.1
6359,8969,435,7,7,2026-03-13,Spring Hill,Residential,1,0,1107.84,3.18,3.23,112.93,301.87,1,0,0,49,260,3.7
6360,8970,429,5,5,2026-03-13,Franklin,Residential,1,0,213.25,1.45,1.36,49.08,34.26,1,0,0,40,197,4.6
6361,8971,314,3,5,2026-03-13,Brentwood,Residential,0,0,10059.02,18.7,21.53,775.2,5361.89,1,0,0,30,153,4.7
6362,8972,1347,1,4,2026-03-13,Nashville,Residential,0,1,594.51,2.11,2.14,59.91,146.3,1,1,0,45,114,3.9
6363,8975,1277,1,3,2026-03-13,Brentwood,Residential,1,0,435.96,2.44,2.8,81.09,122.76,1,0,0,71,279,4.6
6364,8976,813,5,2,2026-03-13,Nolensville,Residential,0,0,215.07,1.38,1.26,43.95,29.78,1,0,1,41,268,4.8
6365,8979,907,1,8,2026-03-13,Nashville,Residential,0,1,455.86,2.04,2.43,65.54,118.13,1,0,1,28,95,4.5
6366,8980,1355,5,4,2026-03-13,Spring Hill,Residential,0,0,206.22,1.12,1.23,34.44,24.02,1,0,0,32,284,4.9
6367,8981,698,5,8,2026-03-13,Spring Hill,Residential,0,0,205.75,1.51,1.91,51.54,33.0,1,0,1,32,268,4.4
6368,8983,982,1,7,2026-03-13,Brentwood,Commercial,0,0,1157.25,2.04,2.49,87.32,207.44,1,0,0,40,207,4.9
6369,8984,286,6,1,2026-03-14,Spring Hill,Residential,0,0,1099.35,3.37,3.65,124.22,419.9,1,0,0,44,192,4.9
6370,8986,834,2,7,2026-03-14,Franklin,Residential,0,0,680.11,2.45,2.91,102.01,159.16,1,0,0,44,244,4.5
6371,8987,1439,3,5,2026-03-14,Spring Hill,Commercial,0,0,18717.61,19.74,21.06,757.99,9611.52,1,0,0,72,259,4.7
6372,8989,1164,2,7,2026-03-14,Spring Hill,Residential,1,0,545.99,2.23,2.21,77.38,131.83,0,0,0,56,317,4.1
6373,8990,985,6,2,2026-03-14,Nashville,Residential,1,0,1535.57,2.82,3.47,121.56,579.53,1,0,0,48,220,4.8
6374,8992,426,2,4,2026-03-14,Franklin,Residential,0,0,552.04,2.82,2.86,80.08,127.57,1,0,0,26,239,4.3
6375,8993,611,1,5,2026-03-14,Nashville,Residential,0,1,462.76,2.28,1.95,70.26,91.31,0,0,0,42,65,4.8
6376,8995,639,5,2,2026-03-14,Nolensville,Residential,0,0,134.92,1.16,1.13,39.51,16.22,1,0,0,51,304,5.0
6377,8998,117,6,1,2026-03-14,Nashville,Residential,0,0,1201.69,3.35,3.18,107.98,564.84,1,0,0,38,284,4.8
6378,9000,572,4,5,2026-03-15,Nolensville,Residential,0,0,2132.15,9.58,7.63,274.57,659.2,1,0,0,31,242,4.6
6379,9002,465,5,2,2026-03-15,Nashville,Residential,0,0,197.87,1.32,0.84,29.5,24.16,0,0,0,51,266,4.6
6380,9003,749,2,3,2026-03-15,Franklin,Residential,0,1,349.44,2.34,2.95,85.41,66.83,1,0,0,50,81,4.5
6381,9004,931,7,3,2026-03-15,Brentwood,Residential,1,0,1064.45,5.26,5.34,154.73,254.63,1,0,0,58,243,4.5
6382,9005,269,6,3,2026-03-15,Brentwood,Residential,1,0,1066.69,3.57,3.16,91.69,521.82,0,1,0,26,268,4.2
6383,9006,1345,7,4,2026-03-15,Spring Hill,Residential,0,0,1321.39,4.64,5.94,166.32,305.07,1,0,0,14,213,4.8
6384,9007,1238,2,6,2026-03-15,Nolensville,Residential,0,0,497.43,1.73,1.51,46.96,102.79,1,0,0,50,384,4.9
6385,9008,1270,6,3,2026-03-15,Spring Hill,Residential,0,0,1615.74,3.31,3.54,102.62,643.1,1,0,0,47,228,4.8
6386,9011,685,5,5,2026-03-15,Spring Hill,Residential,0,0,244.1,1.19,0.94,33.82,41.89,1,0,1,48,218,4.8
6387,9013,280,2,7,2026-03-15,Brentwood,Residential,0,1,599.24,2.33,2.58,90.41,98.06,1,0,0,43,110,4.6
6388,9015,455,2,1,2026-03-15,Spring Hill,Residential,1,0,613.5,1.97,2.22,75.54,162.68,0,0,0,50,192,4.8
6389,9018,75,5,8,2026-03-15,Spring Hill,Residential,1,0,138.45,1.41,1.45,39.23,24.99,1,0,0,52,217,3.9
6390,9019,491,1,6,2026-03-15,Nashville,Residential,0,1,431.79,1.8,1.7,52.68,97.45,0,1,0,17,53,4.1
6391,9020,1278,1,1,2026-03-15,Franklin,Residential,1,0,414.8,2.12,1.79,60.9,90.52,1,0,0,24,268,5.0
6392,9021,1333,6,5,2026-03-15,Franklin,Residential,0,0,1016.58,3.17,2.68,96.39,527.15,1,0,0,63,275,5.0
6393,9022,28,6,5,2026-03-16,Franklin,Commercial,1,0,2803.03,3.07,3.43,123.35,972.31,1,0,0,51,173,4.3
6394,9025,714,5,7,2026-03-16,Nashville,Residential,0,0,126.21,1.34,1.51,52.84,20.73,1,0,0,22,189,5.0
6395,9026,434,5,3,2026-03-16,Nashville,Residential,0,0,224.29,1.27,1.41,41.02,29.78,1,0,0,49,237,4.6
6396,9027,922,4,7,2026-03-16,Nashville,Residential,0,0,1841.09,9.67,10.35,362.34,569.01,0,1,0,44,233,4.1
6397,9028,1267,6,3,2026-03-16,Spring Hill,Residential,1,0,1309.43,3.64,3.03,87.86,440.91,1,0,0,53,305,4.5
6398,9029,374,1,8,2026-03-16,Franklin,Residential,0,0,592.29,2.58,2.63,71.09,132.47,1,0,0,47,236,4.7
6399,9032,337,1,8,2026-03-16,Nashville,Commercial,1,1,670.29,2.29,2.73,73.66,170.13,1,0,0,27,63,4.2
6400,9033,850,7,4,2026-03-16,Brentwood,Residential,0,0,886.46,5.33,4.93,138.11,247.6,1,0,0,47,273,4.7
6401,9034,757,1,6,2026-03-16,Brentwood,Residential,0,0,422.47,1.75,1.52,47.01,94.71,1,0,1,15,311,4.8
6402,9035,1246,2,6,2026-03-16,Spring Hill,Residential,1,0,418.25,2.45,3.18,98.67,106.95,1,0,0,49,195,5.0
6403,9037,372,5,7,2026-03-16,Franklin,Commercial,1,0,288.18,1.16,0.98,34.26,39.27,1,0,0,41,274,5.0
6404,9038,1014,1,4,2026-03-16,Nashville,Residential,0,0,475.42,2.32,2.29,64.07,96.22,1,0,0,41,324,4.8
6405,9039,599,5,6,2026-03-16,Franklin,Commercial,0,0,259.88,1.04,0.74,22.88,43.67,1,0,0,58,157,5.0
6406,9040,366,1,8,2026-03-16,Nolensville,Residential,0,0,554.98,1.86,1.94,52.43,131.43,1,0,0,46,86,4.1
6407,9041,596,1,1,2026-03-16,Spring Hill,Residential,1,1,558.79,1.95,1.37,46.53,119.53,1,0,0,14,117,4.6
6408,9042,330,5,8,2026-03-16,Nashville,Residential,1,0,160.32,1.01,1.24,33.54,22.64,1,0,0,44,268,4.6
6409,9043,418,2,4,2026-03-16,Nolensville,Residential,0,1,471.5,2.32,1.75,48.98,95.76,1,0,0,16,146,4.3
6410,9044,1019,1,6,2026-03-16,Franklin,Residential,1,0,469.94,2.57,2.05,63.5,114.11,1,0,0,58,350,4.4
6411,9045,807,5,7,2026-03-16,Nashville,Commercial,0,0,288.39,1.23,1.36,47.46,46.58,0,1,0,43,230,3.7
6412,9048,461,6,4,2026-03-16,Franklin,Residential,0,0,1509.15,2.88,2.58,72.12,531.29,1,0,0,41,172,4.9
6413,9049,176,5,5,2026-03-16,Nashville,Residential,1,0,222.32,1.12,1.3,46.77,32.55,1,0,0,13,275,4.6
6414,9051,716,5,3,2026-03-16,Nashville,Residential,1,0,185.44,1.24,1.08,31.44,29.55,1,0,0,32,319,4.4
6415,9053,1222,6,4,2026-03-17,Franklin,Residential,1,0,1345.39,3.72,3.85,107.85,554.23,1,0,0,52,129,4.2
6416,9056,1047,1,6,2026-03-17,Nashville,Residential,1,1,348.23,1.94,2.29,70.92,98.1,1,0,0,32,89,4.9
6417,9057,310,1,8,2026-03-17,Nashville,Residential,1,0,610.62,2.39,2.77,74.74,159.33,1,0,0,21,214,4.6
6418,9058,1318,1,8,2026-03-17,Spring Hill,Residential,1,0,382.92,2.18,2.49,67.27,93.44,0,0,0,43,285,4.3
6419,9059,597,5,8,2026-03-17,Nolensville,Residential,0,0,205.03,1.05,1.19,32.26,28.67,0,0,0,48,258,4.2
6420,9061,688,7,7,2026-03-17,Brentwood,Residential,0,0,1154.63,4.71,5.21,182.49,282.23,1,0,0,32,200,4.5
6421,9062,669,5,8,2026-03-17,Franklin,Residential,1,0,169.46,1.41,1.22,33.05,23.47,1,0,0,45,193,4.2
6422,9063,1348,5,1,2026-03-17,Franklin,Residential,0,0,192.28,1.34,1.06,36.02,28.47,1,0,1,45,236,4.6
6423,9064,134,1,2,2026-03-17,Nashville,Residential,0,1,579.38,2.21,1.58,55.17,95.71,1,0,1,50,79,5.0
6424,9066,1031,1,2,2026-03-18,Nashville,Residential,0,0,443.16,2.26,2.45,85.77,89.4,1,0,0,36,191,5.0
6425,9070,11,3,7,2026-03-18,Nashville,Residential,0,0,10672.95,20.18,20.05,701.81,4942.08,1,0,0,29,202,4.8
6426,9073,790,5,6,2026-03-18,Franklin,Residential,0,0,172.05,1.54,1.4,43.38,28.95,1,0,0,28,193,4.8
6427,9074,1191,6,1,2026-03-18,Franklin,Residential,0,0,1364.3,3.05,2.79,94.79,507.5,1,0,0,39,192,4.8
6428,9075,1002,5,6,2026-03-18,Nolensville,Residential,0,0,185.14,1.18,1.07,33.04,21.28,1,0,0,33,275,5.0
6429,9076,322,5,8,2026-03-18,Franklin,Residential,0,0,145.92,1.47,1.37,37.01,19.6,1,0,0,36,197,4.2
6430,9077,1002,1,3,2026-03-18,Nolensville,Residential,0,0,494.21,2.08,2.02,58.66,123.75,1,0,0,31,166,4.1
6431,9078,864,7,3,2026-03-18,Spring Hill,Residential,0,0,1244.54,4.55,4.53,131.44,333.02,1,0,0,50,189,5.0
6432,9079,295,1,1,2026-03-18,Nolensville,Residential,0,0,391.77,1.99,1.96,66.71,85.68,1,0,0,39,175,5.0
6433,9080,1372,5,6,2026-03-19,Brentwood,Residential,0,0,157.39,1.32,1.2,37.31,23.64,1,0,0,18,297,4.7
6434,9082,1369,5,5,2026-03-19,Nashville,Residential,1,0,191.49,1.19,0.84,30.18,27.15,1,0,0,20,230,4.5
6435,9083,849,1,3,2026-03-19,Brentwood,Residential,1,1,376.45,2.27,2.35,68.04,64.78,1,0,0,32,21,4.8
6436,9085,675,1,6,2026-03-19,Spring Hill,Residential,0,0,481.42,2.05,1.75,54.23,98.31,1,0,1,37,281,5.0
6437,9086,360,2,8,2026-03-19,Nashville,Residential,0,1,473.11,3.11,3.59,96.84,102.81,1,0,0,29,85,4.6
6438,9087,722,6,4,2026-03-19,Nashville,Residential,0,0,865.72,3.36,3.14,87.81,412.13,0,1,0,48,215,3.9
6439,9088,29,6,6,2026-03-19,Brentwood,Residential,1,0,1378.58,3.17,3.23,100.01,507.88,1,0,0,40,193,5.0
6440,9091,100,5,7,2026-03-19,Nashville,Residential,0,0,156.31,1.05,1.33,46.7,22.49,1,0,0,40,200,4.6
6441,9092,209,6,4,2026-03-19,Franklin,Residential,1,0,1229.49,2.59,2.59,72.48,500.97,1,0,0,34,265,4.4
6442,9094,510,6,5,2026-03-19,Franklin,Residential,1,0,1072.92,3.67,4.52,162.55,357.82,1,0,0,52,314,4.8
6443,9097,80,2,8,2026-03-20,Nashville,Commercial,0,0,995.2,2.2,2.31,62.49,247.76,1,0,0,46,151,3.3
6444,9099,986,5,5,2026-03-20,Franklin,Residential,0,0,182.84,1.4,1.59,57.28,29.45,1,0,0,32,330,4.9
6445,9100,35,2,6,2026-03-20,Brentwood,Residential,0,0,466.13,2.24,2.03,62.78,111.27,0,1,0,32,279,4.2
6446,9101,695,1,8,2026-03-20,Nolensville,Residential,0,0,495.85,1.97,2.29,61.75,114.55,1,0,0,46,175,4.6
6447,9102,47,2,3,2026-03-20,Franklin,Residential,0,0,600.41,1.92,1.86,54.03,124.35,0,1,0,48,184,3.9
6448,9103,186,1,2,2026-03-20,Nashville,Residential,0,0,551.05,1.89,1.97,69.11,143.45,1,0,0,42,221,4.9
6449,9105,1052,4,5,2026-03-20,Spring Hill,Residential,1,0,2511.13,9.31,10.14,365.13,713.78,1,0,0,51,326,4.6
6450,9107,594,2,1,2026-03-20,Franklin,Residential,0,1,555.37,2.63,2.1,71.44,143.56,1,0,0,43,92,4.8
6451,9108,844,2,7,2026-03-20,Nashville,Residential,0,0,540.66,2.23,1.49,52.24,85.09,1,0,0,27,218,5.0
6452,9109,1170,6,7,2026-03-20,Franklin,Residential,1,0,1120.91,3.34,4.07,142.45,453.32,1,0,0,50,153,4.5
6453,9110,1135,5,2,2026-03-21,Franklin,Residential,0,0,165.13,1.2,1.26,44.11,20.75,1,0,0,32,214,5.0
6454,9111,230,1,2,2026-03-21,Nolensville,Residential,1,1,358.51,2.25,2.2,76.99,76.93,1,0,0,43,133,4.7
6455,9115,1309,7,4,2026-03-21,Nolensville,Residential,1,0,1630.83,4.68,5.53,154.92,396.92,0,1,0,35,257,4.4
6456,9116,366,3,7,2026-03-21,Nolensville,Residential,0,0,8598.42,19.01,19.14,670.05,4945.98,1,0,0,62,230,4.6
6457,9117,334,5,1,2026-03-21,Brentwood,Residential,0,0,242.84,1.21,1.2,40.76,38.34,1,0,0,28,227,4.7
6458,9118,133,1,2,2026-03-21,Nolensville,Residential,0,1,550.06,2.2,2.13,74.42,115.43,0,0,0,32,20,4.8
6459,9119,1111,6,1,2026-03-21,Franklin,Residential,1,0,835.6,4.02,3.49,118.7,387.67,1,0,0,37,177,4.7
6460,9123,360,5,7,2026-03-21,Nashville,Residential,0,0,164.23,1.08,1.23,43.09,21.79,1,0,0,44,236,4.2
6461,9125,1077,3,5,2026-03-22,Spring Hill,Residential,0,0,10778.43,17.05,12.5,449.94,5976.21,1,0,0,69,319,4.8
6462,9126,1172,2,2,2026-03-22,Nashville,Residential,0,1,571.19,1.82,2.44,85.35,137.04,1,0,0,54,20,4.8
6463,9127,401,5,3,2026-03-22,Nashville,Residential,1,0,188.79,1.26,1.25,36.33,29.61,0,1,0,45,157,4.1
6464,9128,691,1,8,2026-03-22,Franklin,Residential,1,1,464.68,2.16,2.38,64.34,133.97,1,0,0,34,111,4.7
6465,9129,963,2,4,2026-03-22,Nolensville,Residential,1,0,393.67,2.16,2.38,66.6,93.05,1,0,0,26,267,4.3
6466,9130,1104,1,3,2026-03-22,Franklin,Residential,0,1,492.19,2.01,2.53,73.44,116.89,1,0,0,37,20,4.4
6467,9131,1114,5,1,2026-03-22,Brentwood,Residential,0,0,156.7,1.23,1.0,33.95,22.52,1,0,1,30,167,4.4
6468,9132,924,5,7,2026-03-22,Nashville,Commercial,0,0,311.06,1.29,1.14,40.0,43.55,1,0,0,8,238,4.7
6469,9133,373,1,4,2026-03-22,Spring Hill,Residential,0,1,504.91,2.43,3.13,87.57,95.32,1,0,0,48,51,4.5
6470,9135,227,2,2,2026-03-22,Spring Hill,Residential,1,0,651.68,2.61,2.97,103.91,173.89,1,0,0,36,313,5.0
6471,9136,1175,1,3,2026-03-22,Spring Hill,Residential,0,0,387.7,2.51,2.4,69.63,82.96,1,0,1,48,235,4.2
6472,9137,219,2,5,2026-03-23,Nolensville,Residential,0,0,391.66,2.24,2.62,94.48,94.46,1,0,1,60,276,4.7
6473,9138,821,1,7,2026-03-23,Spring Hill,Residential,1,0,651.47,1.95,1.34,46.97,165.54,1,0,0,46,214,4.7
6474,9140,1128,1,7,2026-03-23,Nashville,Residential,0,0,377.22,1.73,1.32,46.24,79.36,1,0,1,37,135,4.8
6475,9142,338,5,3,2026-03-23,Nashville,Residential,0,0,179.44,1.38,1.44,41.76,23.61,1,0,0,45,264,4.8
6476,9144,704,1,4,2026-03-23,Nashville,Residential,0,0,467.55,2.15,1.74,48.79,109.93,1,0,0,46,371,4.4
6477,9145,850,1,4,2026-03-23,Brentwood,Residential,0,0,385.09,2.23,1.24,34.7,67.85,0,0,0,50,220,4.4
6478,9148,498,4,7,2026-03-23,Nashville,Residential,0,0,2658.41,10.68,11.81,413.32,923.68,1,0,0,58,255,4.6
6479,9149,1305,5,7,2026-03-23,Franklin,Residential,0,0,138.02,1.24,1.18,41.33,22.74,0,0,0,36,184,4.7
6480,9150,172,6,5,2026-03-23,Brentwood,Commercial,0,0,1825.92,3.32,3.14,113.09,828.75,1,0,0,59,220,4.6
6481,9151,182,5,6,2026-03-23,Brentwood,Residential,0,0,258.4,1.35,1.08,33.48,37.63,1,0,0,32,224,5.0
6482,9152,966,1,5,2026-03-24,Brentwood,Residential,0,0,426.08,2.21,2.46,88.72,98.15,1,0,1,44,301,4.8
6483,9153,1124,1,3,2026-03-24,Nashville,Residential,1,0,411.91,1.98,2.39,69.4,84.63,1,0,0,28,192,4.6
6484,9154,1449,5,5,2026-03-24,Franklin,Residential,0,0,201.9,1.53,1.45,52.18,27.01,1,0,0,54,220,4.5
6485,9155,1019,7,2,2026-03-24,Franklin,Residential,1,0,1307.19,4.44,2.71,94.79,327.45,1,0,0,41,173,5.0
6486,9162,288,1,7,2026-03-24,Nolensville,Residential,0,0,649.34,2.15,2.59,90.78,113.74,1,0,0,23,190,4.4
6487,9163,262,5,3,2026-03-24,Franklin,Residential,0,0,182.69,1.47,1.46,42.31,23.18,1,0,0,38,310,4.5
6488,9164,1030,7,2,2026-03-24,Nashville,Residential,0,0,1024.79,4.88,4.72,165.04,204.03,1,0,0,14,203,5.0
6489,9165,449,6,2,2026-03-24,Nashville,Residential,1,0,1643.47,2.95,2.28,79.84,666.2,1,0,0,39,209,4.7
6490,9167,1436,2,3,2026-03-24,Nashville,Residential,0,1,478.42,1.96,2.04,59.13,91.23,1,0,0,23,36,5.0
6491,9169,618,1,7,2026-03-24,Nashville,Residential,0,1,408.42,1.83,1.65,57.78,97.53,1,0,0,32,110,4.8
6492,9170,944,4,5,2026-03-24,Franklin,Residential,0,0,2185.83,11.75,10.77,387.82,616.93,1,0,0,57,143,4.6
6493,9172,936,2,4,2026-03-24,Nashville,Residential,1,1,547.54,2.55,2.7,75.53,118.51,0,0,0,27,66,4.9
6494,9173,1046,2,6,2026-03-24,Nashville,Residential,0,1,479.4,2.36,2.8,86.91,101.79,1,0,0,30,80,4.7
6495,9174,442,1,6,2026-03-24,Nolensville,Residential,1,0,454.2,1.71,1.69,52.45,95.43,1,0,0,20,224,4.8
6496,9175,600,5,7,2026-03-24,Nolensville,Residential,0,0,185.18,1.55,1.44,50.39,35.0,1,0,0,39,231,4.2
6497,9176,1275,2,2,2026-03-24,Brentwood,Residential,1,0,401.34,2.2,2.18,76.4,100.95,1,0,0,33,212,4.6
6498,9177,1086,5,8,2026-03-24,Nashville,Residential,0,0,150.66,1.39,1.27,34.35,23.82,1,0,0,34,272,4.9
6499,9178,783,1,3,2026-03-25,Nashville,Residential,0,0,529.87,2.17,1.5,43.54,154.59,1,0,0,27,367,4.8
6500,9179,781,1,8,2026-03-25,Spring Hill,Residential,1,0,606.86,2.28,2.67,72.12,142.01,1,0,0,29,231,4.5
6501,9180,1440,5,4,2026-03-25,Spring Hill,Residential,0,0,161.4,1.12,1.09,30.59,19.09,1,0,1,33,249,4.6
6502,9181,1113,3,5,2026-03-25,Nolensville,Residential,0,0,11469.07,17.53,15.49,557.77,4998.52,1,0,0,54,280,5.0
6503,9183,638,1,8,2026-03-25,Brentwood,Residential,0,0,672.79,2.2,2.11,57.08,149.41,1,0,0,31,255,4.4
6504,9184,938,3,7,2026-03-25,Nashville,Residential,1,0,10288.37,14.38,16.31,570.93,5690.05,1,0,0,23,354,4.3
6505,9185,343,3,5,2026-03-25,Franklin,Residential,0,0,8082.0,17.17,17.6,633.5,4206.65,1,0,0,43,188,5.0
6506,9186,790,1,5,2026-03-25,Franklin,Residential,0,0,732.22,1.95,2.2,79.02,138.44,1,0,0,55,214,4.5
6507,9187,462,4,7,2026-03-25,Nashville,Commercial,1,0,4704.64,7.69,8.08,282.74,1377.09,1,0,0,43,214,4.7
6508,9188,783,1,6,2026-03-25,Nashville,Residential,0,0,501.89,1.78,1.82,56.41,122.32,1,0,0,29,217,5.0
6509,9192,198,1,5,2026-03-25,Nolensville,Residential,0,0,412.35,1.69,1.64,59.17,99.01,1,0,0,62,181,4.6
6510,9193,377,2,1,2026-03-25,Spring Hill,Residential,0,0,707.06,2.71,2.98,101.26,148.55,1,0,0,42,214,4.5
6511,9194,531,7,4,2026-03-25,Nashville,Commercial,0,0,1885.74,4.59,5.76,161.36,426.49,1,0,0,46,295,5.0
6512,9195,1041,1,8,2026-03-25,Brentwood,Commercial,1,0,820.01,2.19,2.27,61.26,208.93,0,0,0,54,198,4.4
6513,9196,1324,5,8,2026-03-25,Franklin,Residential,0,0,149.39,1.14,1.12,30.19,19.92,0,1,0,28,343,4.3
6514,9197,674,5,4,2026-03-25,Nolensville,Residential,0,0,187.12,1.43,1.3,36.38,29.68,1,0,0,27,184,4.5
6515,9198,1266,1,4,2026-03-26,Nashville,Residential,0,0,492.74,2.19,2.57,72.01,106.99,1,0,1,65,244,4.5
6516,9199,1131,2,8,2026-03-26,Franklin,Residential,0,0,564.11,1.65,2.04,55.0,143.29,1,0,0,35,187,4.3
6517,9200,444,6,5,2026-03-26,Franklin,Residential,1,0,998.05,2.85,2.44,87.77,453.22,1,0,0,26,288,5.0
6518,9201,1119,5,7,2026-03-26,Nashville,Residential,1,0,145.37,1.6,1.46,51.11,23.03,1,0,0,42,195,4.7
6519,9202,614,3,5,2026-03-26,Franklin,Residential,0,0,9860.39,15.73,15.53,559.24,5257.22,1,0,0,44,267,4.9
6520,9203,1163,6,8,2026-03-26,Nolensville,Residential,0,0,1175.73,3.36,3.32,89.65,374.4,0,0,0,40,339,4.5
6521,9204,549,5,4,2026-03-26,Nashville,Residential,0,0,169.22,1.28,1.64,46.03,18.84,1,0,0,36,144,5.0
6522,9205,455,5,5,2026-03-26,Spring Hill,Residential,1,0,182.14,1.49,1.35,48.71,30.44,1,0,0,49,223,4.7
6523,9207,1312,1,5,2026-03-26,Brentwood,Residential,0,1,453.27,2.27,2.03,73.11,100.23,0,1,0,23,105,4.1
6524,9208,549,1,5,2026-03-26,Nashville,Residential,0,0,437.1,2.41,2.72,97.77,96.09,0,0,0,37,272,4.3
6525,9209,1382,2,2,2026-03-26,Brentwood,Residential,1,0,679.25,2.3,1.9,66.5,142.19,1,0,0,33,240,5.0
6526,9211,474,4,7,2026-03-27,Brentwood,Residential,1,0,2399.67,10.11,10.89,380.99,684.39,0,1,0,40,177,3.8
6527,9214,1007,5,2,2026-03-27,Nashville,Commercial,0,0,293.66,1.43,0.93,32.52,40.8,1,1,1,36,197,4.5
6528,9215,870,3,7,2026-03-27,Spring Hill,Residential,1,0,13561.44,19.99,22.26,779.14,7155.05,1,0,0,33,289,4.8
6529,9216,1338,5,8,2026-03-27,Nolensville,Commercial,0,0,351.34,1.27,1.47,39.69,61.14,1,0,0,24,314,4.5
6530,9219,716,6,7,2026-03-27,Nashville,Residential,1,0,1274.3,3.66,4.05,141.92,513.95,0,1,0,43,222,4.1
6531,9220,232,3,5,2026-03-27,Franklin,Residential,0,0,9361.17,18.34,14.97,538.8,4886.77,1,0,0,76,273,4.7
6532,9221,512,5,6,2026-03-27,Franklin,Residential,0,0,165.02,1.1,1.26,39.12,24.66,1,0,0,57,198,5.0
6533,9222,953,5,1,2026-03-27,Brentwood,Residential,1,0,166.02,1.28,1.26,42.8,24.4,1,0,0,65,242,4.8
6534,9223,1113,5,8,2026-03-27,Nolensville,Residential,0,0,156.99,1.19,1.43,38.5,27.19,1,0,0,45,231,4.3
6535,9224,223,1,6,2026-03-27,Spring Hill,Residential,0,0,365.14,2.4,2.23,69.02,95.45,1,0,0,52,196,4.7
6536,9226,243,3,5,2026-03-27,Brentwood,Residential,1,0,14518.89,17.72,12.19,438.7,7559.05,0,1,0,47,179,4.2
6537,9228,474,5,5,2026-03-27,Brentwood,Residential,1,0,168.79,1.05,1.02,36.54,24.92,1,0,0,68,228,5.0
6538,9229,105,1,4,2026-03-27,Brentwood,Residential,0,1,498.35,2.29,2.17,60.68,89.71,0,1,0,58,114,3.9
6539,9230,127,7,3,2026-03-27,Nashville,Residential,0,0,1094.94,4.56,4.67,135.38,303.73,0,1,0,44,255,4.0
6540,9231,551,2,2,2026-03-27,Nashville,Residential,0,0,481.74,2.09,2.23,78.19,121.72,1,0,0,45,241,4.7
6541,9232,524,1,6,2026-03-27,Nashville,Residential,0,1,425.4,2.49,2.66,82.32,89.07,1,0,0,52,190,5.0
6542,9233,78,1,8,2026-03-27,Nashville,Commercial,0,0,759.81,2.19,2.28,61.65,169.13,1,0,0,19,210,4.4
6543,9235,259,5,3,2026-03-27,Nashville,Residential,1,0,167.52,1.14,1.36,39.58,20.58,1,0,0,30,167,4.9
6544,9237,304,1,3,2026-03-28,Franklin,Residential,0,0,514.19,2.09,2.16,62.5,87.61,1,1,1,14,240,4.1
6545,9238,641,4,7,2026-03-28,Nashville,Residential,0,0,2383.16,9.99,10.27,359.57,768.98,1,0,0,62,196,4.4
6546,9240,13,5,8,2026-03-28,Spring Hill,Residential,0,0,265.14,1.21,1.32,35.52,39.24,1,0,0,44,194,4.1
6547,9241,1063,5,1,2026-03-28,Spring Hill,Residential,1,0,212.93,1.6,1.53,51.94,33.4,1,0,0,29,286,5.0
6548,9243,70,1,4,2026-03-28,Brentwood,Residential,0,1,372.6,2.42,2.59,72.47,93.98,1,0,0,24,41,4.5
6549,9245,1291,3,5,2026-03-28,Nashville,Commercial,0,0,17907.29,13.22,10.32,371.66,8897.81,1,0,0,44,376,4.7
6550,9246,1263,1,5,2026-03-28,Spring Hill,Residential,0,0,385.85,2.7,3.18,114.56,80.95,1,0,0,66,209,4.5
6551,9247,401,1,1,2026-03-28,Nashville,Residential,1,1,269.05,2.26,1.91,64.78,67.52,1,0,0,30,124,4.9
6552,9248,624,1,1,2026-03-28,Nashville,Commercial,0,0,1069.89,2.5,2.81,95.39,206.41,1,0,0,19,258,4.9
6553,9249,1113,5,5,2026-03-28,Nolensville,Residential,0,0,192.95,1.27,0.95,34.19,31.1,1,0,0,55,240,4.5
6554,9251,125,1,8,2026-03-29,Franklin,Residential,1,1,490.7,2.2,2.31,62.38,120.63,1,0,0,24,20,3.9
6555,9252,607,7,1,2026-03-29,Nolensville,Residential,0,0,1605.54,4.4,4.95,168.22,347.62,1,0,0,20,301,4.7
6556,9254,847,5,1,2026-03-29,Franklin,Commercial,0,0,301.09,1.19,1.16,39.58,45.03,1,0,0,25,205,4.6
6557,9255,184,5,5,2026-03-29,Spring Hill,Residential,0,0,198.67,1.32,1.36,48.93,31.18,0,1,0,31,219,4.2
6558,9256,1139,5,5,2026-03-29,Nashville,Residential,1,0,197.34,1.35,1.25,44.89,24.5,1,0,0,30,255,4.8
6559,9257,190,5,8,2026-03-29,Spring Hill,Residential,1,0,244.68,1.22,1.12,30.12,43.64,1,0,0,50,212,4.5
6560,9258,242,1,4,2026-03-29,Brentwood,Commercial,0,0,1154.15,1.73,2.06,57.71,240.13,1,0,0,59,256,4.9
6561,9259,564,5,8,2026-03-29,Brentwood,Residential,0,0,281.29,1.37,1.73,46.79,43.35,1,0,0,39,126,4.3
6562,9260,1148,7,8,2026-03-29,Nashville,Residential,0,0,889.92,4.06,5.57,150.43,219.21,1,0,0,18,240,4.2
6563,9261,293,1,7,2026-03-29,Nashville,Residential,0,0,343.45,2.06,2.32,81.14,78.83,1,0,0,43,140,4.3
6564,9262,1354,5,1,2026-03-29,Nashville,Residential,1,0,131.63,1.05,1.44,48.79,18.0,0,1,0,26,260,4.2
6565,9263,975,1,3,2026-03-29,Nashville,Residential,0,0,465.23,1.9,2.45,70.95,78.37,1,0,0,33,261,4.6
6566,9264,348,5,8,2026-03-29,Spring Hill,Residential,1,0,181.17,1.44,1.98,53.43,23.73,1,0,0,59,243,4.2
6567,9265,381,1,3,2026-03-29,Spring Hill,Residential,0,0,487.34,1.83,1.57,45.51,98.54,1,0,1,45,188,4.5
6568,9266,695,2,5,2026-03-30,Nolensville,Residential,0,0,523.97,2.82,3.69,132.92,133.15,0,1,0,38,232,4.6
6569,9267,504,2,1,2026-03-30,Nashville,Residential,0,0,574.82,2.46,3.11,105.67,121.94,1,0,1,40,309,4.6
6570,9268,302,6,1,2026-03-30,Brentwood,Residential,1,0,1153.99,3.65,2.88,98.05,422.63,1,0,0,32,268,5.0
6571,9269,779,5,5,2026-03-30,Nashville,Commercial,0,0,273.1,1.52,1.56,56.26,36.53,0,0,0,54,251,4.7
6572,9270,953,1,4,2026-03-30,Brentwood,Residential,1,0,538.71,2.04,2.56,71.82,128.51,1,0,0,33,245,4.6
6573,9271,908,2,2,2026-03-30,Nashville,Residential,1,1,359.67,2.6,3.09,108.14,81.96,1,0,0,48,24,4.7
6574,9272,342,1,8,2026-03-30,Franklin,Residential,0,0,524.56,2.59,2.1,56.62,99.29,1,0,0,54,259,4.7
6575,9276,994,2,7,2026-03-30,Franklin,Residential,1,0,559.78,2.24,2.07,72.6,136.87,1,0,0,22,260,4.2
6576,9277,988,2,6,2026-03-30,Nashville,Residential,1,0,498.89,2.61,2.32,71.93,97.93,1,0,0,71,195,5.0
6577,9278,931,1,8,2026-03-30,Brentwood,Residential,1,1,671.47,2.03,2.05,55.28,146.45,1,0,0,37,133,4.6
6578,9279,607,7,7,2026-03-30,Nolensville,Residential,0,0,1080.06,4.8,4.89,171.17,328.05,1,0,0,38,118,4.8
6579,9280,164,1,1,2026-03-30,Brentwood,Residential,1,1,383.34,2.03,2.1,71.36,98.94,1,0,0,37,57,4.7
6580,9283,1121,3,7,2026-03-30,Franklin,Residential,0,0,9073.4,18.66,20.49,717.32,4628.39,1,0,0,36,283,4.9
6581,9284,559,2,4,2026-03-30,Franklin,Residential,0,0,393.19,2.74,3.7,103.53,110.81,1,0,1,37,222,4.4
6582,9285,476,6,3,2026-03-30,Nashville,Residential,1,0,1345.8,3.75,3.81,110.44,565.59,1,0,0,76,210,4.8
6583,9286,318,1,2,2026-03-31,Nashville,Residential,0,0,490.0,2.19,2.2,77.01,101.83,1,0,0,44,119,5.0
6584,9288,720,5,1,2026-03-31,Nashville,Residential,0,0,199.71,1.22,1.13,38.44,26.51,1,0,0,34,100,4.6
6585,9289,28,5,5,2026-03-31,Franklin,Commercial,1,0,343.52,1.06,1.23,44.21,47.07,1,0,0,47,219,4.7
6586,9290,1051,5,8,2026-03-31,Brentwood,Residential,0,0,178.76,1.53,1.61,43.54,26.84,1,0,0,41,221,4.5
6587,9294,1019,5,5,2026-03-31,Franklin,Residential,1,0,216.7,1.09,0.95,34.1,32.02,0,1,0,20,326,4.5
6588,9295,1001,1,4,2026-03-31,Brentwood,Commercial,1,1,787.32,2.03,1.69,47.43,196.47,1,0,0,34,69,4.1
6589,9296,170,6,5,2026-03-31,Nashville,Residential,0,0,1142.66,2.8,2.89,103.9,429.58,1,0,0,27,149,5.0
6590,9298,530,1,7,2026-04-01,Franklin,Residential,0,0,437.69,1.91,2.19,76.5,95.82,1,0,0,38,195,4.9
6591,9301,1311,1,1,2026-04-01,Nashville,Residential,0,1,426.15,2.15,1.95,66.24,101.3,1,0,0,8,20,4.6
6592,9302,1151,2,3,2026-04-01,Nashville,Residential,1,1,384.2,2.58,3.02,87.71,107.89,0,1,0,11,20,3.9
6593,9303,55,1,8,2026-04-01,Brentwood,Residential,0,0,478.67,2.56,2.47,66.63,108.27,1,0,1,30,112,4.2
6594,9305,150,6,6,2026-04-01,Brentwood,Residential,1,0,911.46,3.63,3.63,112.64,427.86,1,0,0,63,198,5.0
6595,9306,1133,2,1,2026-04-01,Nashville,Residential,1,0,484.89,2.14,2.57,87.33,120.08,1,0,0,30,201,5.0
6596,9307,191,1,3,2026-04-01,Nolensville,Residential,0,0,558.5,2.03,2.19,63.37,106.85,1,0,0,30,269,4.9
6597,9308,1147,1,2,2026-04-01,Nashville,Residential,0,1,376.23,2.16,1.8,62.86,87.92,1,0,0,42,118,4.9
6598,9309,657,2,1,2026-04-01,Brentwood,Residential,0,0,682.02,2.81,2.49,84.56,136.25,1,0,0,19,231,5.0
6599,9311,1197,5,3,2026-04-01,Nashville,Residential,1,0,193.5,1.28,1.3,37.75,27.47,0,0,0,27,249,4.9
6600,9312,255,6,2,2026-04-01,Franklin,Residential,1,0,946.46,3.57,4.33,151.6,451.48,1,0,0,31,197,5.0
6601,9314,1004,2,4,2026-04-02,Spring Hill,Residential,1,0,401.39,2.51,2.48,69.52,101.09,1,0,0,29,213,4.7
6602,9315,1308,5,3,2026-04-02,Nashville,Residential,0,0,230.74,1.5,1.24,35.91,34.74,1,0,0,27,239,4.6
6603,9316,550,6,7,2026-04-02,Spring Hill,Residential,0,0,1069.71,3.96,3.24,113.5,414.94,1,0,0,30,252,4.2
6604,9317,966,1,5,2026-04-02,Brentwood,Residential,0,0,459.06,2.06,2.21,79.59,112.09,1,0,0,29,168,4.7
6605,9318,1228,3,5,2026-04-02,Nolensville,Residential,0,0,9215.19,17.57,10.87,391.36,5370.55,1,0,0,39,272,4.2
6606,9319,422,2,8,2026-04-02,Spring Hill,Residential,1,0,569.35,2.47,2.56,69.04,139.5,1,0,0,56,174,3.8
6607,9320,1374,2,3,2026-04-02,Franklin,Residential,0,0,667.26,2.86,3.27,94.72,154.63,1,0,1,50,194,4.5
6608,9321,1062,2,6,2026-04-02,Nolensville,Residential,0,1,336.59,1.89,1.65,51.27,85.37,0,0,0,30,28,5.0
6609,9322,1124,1,3,2026-04-03,Nashville,Residential,1,1,608.25,2.02,2.01,58.32,168.01,1,0,0,61,164,4.6
6610,9324,337,2,1,2026-04-03,Nashville,Commercial,1,0,1189.75,2.0,2.14,72.83,273.59,1,0,0,28,226,4.8
6611,9325,1016,1,8,2026-04-03,Nashville,Residential,1,0,320.42,2.03,2.06,55.72,87.19,1,0,0,47,204,4.4
6612,9326,1020,7,4,2026-04-03,Brentwood,Commercial,0,0,1582.71,4.38,5.38,150.63,375.2,1,0,0,37,302,4.6
6613,9327,1297,2,2,2026-04-03,Nashville,Residential,1,1,508.61,2.76,2.16,75.73,117.99,0,1,0,35,20,4.5
6614,9328,1001,1,2,2026-04-03,Brentwood,Commercial,1,0,754.12,2.29,2.25,78.92,165.81,1,0,0,59,321,4.8
6615,9329,476,2,7,2026-04-03,Nashville,Residential,1,1,334.75,2.18,2.29,80.16,77.17,1,0,0,28,82,4.7
6616,9330,1103,5,6,2026-04-03,Nolensville,Residential,0,0,206.22,1.16,0.96,29.89,35.29,1,0,0,39,155,4.3
6617,9331,562,5,3,2026-04-03,Spring Hill,Residential,1,0,167.53,1.51,1.33,38.52,28.73,0,0,0,28,253,4.4
6618,9332,625,4,7,2026-04-03,Brentwood,Residential,0,0,2025.27,10.1,10.44,365.34,604.92,1,0,0,47,197,4.6
6619,9333,944,2,8,2026-04-03,Franklin,Residential,0,1,779.3,1.87,1.73,46.77,203.33,0,1,0,59,102,3.6
6620,9335,1139,1,3,2026-04-03,Nashville,Residential,1,1,515.66,2.32,2.13,61.88,118.88,0,1,0,37,20,3.8
6621,9338,484,6,5,2026-04-03,Spring Hill,Commercial,0,0,2290.99,3.47,3.69,132.67,798.24,1,0,0,47,262,4.9
6622,9339,1241,1,6,2026-04-03,Nolensville,Residential,0,1,491.42,2.19,2.04,63.13,93.31,1,0,0,41,83,5.0
6623,9340,354,2,1,2026-04-03,Brentwood,Commercial,0,1,608.51,2.31,2.04,69.42,133.1,1,0,0,25,98,4.6
6624,9341,1153,1,3,2026-04-04,Franklin,Residential,1,0,350.74,2.44,2.78,80.75,97.16,1,0,0,46,389,5.0
6625,9342,1053,1,2,2026-04-04,Brentwood,Residential,1,0,497.76,2.65,2.2,77.07,133.53,0,0,0,37,244,5.0
6626,9344,711,6,5,2026-04-04,Brentwood,Residential,0,0,1258.71,3.96,3.46,124.41,461.1,1,0,0,45,253,4.8
6627,9345,14,5,2,2026-04-04,Franklin,Residential,0,0,160.55,1.49,1.61,56.26,23.65,1,0,1,29,149,4.9
6628,9351,489,5,4,2026-04-04,Nashville,Residential,0,0,200.34,1.19,1.06,29.8,29.28,0,1,0,51,236,4.1
6629,9352,837,6,1,2026-04-04,Brentwood,Residential,0,0,1657.88,3.7,3.95,134.14,777.67,1,0,0,42,219,4.7
6630,9353,960,1,6,2026-04-04,Nashville,Residential,0,1,371.59,2.57,2.09,64.69,76.59,0,0,0,34,95,4.4
6631,9354,1097,1,8,2026-04-05,Brentwood,Residential,1,0,403.49,2.51,2.27,61.38,95.71,1,0,0,26,254,4.1
6632,9355,61,2,4,2026-04-05,Brentwood,Residential,0,0,535.9,2.52,2.35,65.85,101.27,1,0,0,43,170,4.5
6633,9356,1221,5,1,2026-04-05,Franklin,Residential,1,0,207.97,1.29,0.89,30.29,29.96,1,0,0,36,288,5.0
6634,9357,625,1,3,2026-04-05,Brentwood,Residential,0,0,498.13,2.37,2.15,62.39,125.77,1,0,0,47,281,4.7
6635,9359,745,1,2,2026-04-06,Spring Hill,Residential,0,0,568.36,2.2,2.13,74.4,144.47,1,0,0,61,203,4.6
6636,9362,1010,5,3,2026-04-06,Brentwood,Residential,0,0,180.04,1.28,1.4,40.58,24.2,1,0,0,33,271,4.8
6637,9363,1205,7,6,2026-04-06,Brentwood,Residential,1,0,1103.74,3.79,3.29,102.09,266.76,1,0,0,27,273,5.0
6638,9364,8,1,7,2026-04-06,Nolensville,Residential,0,0,377.14,2.17,2.57,90.11,67.87,0,1,0,66,240,4.0
6639,9365,145,3,7,2026-04-06,Nashville,Commercial,0,0,22077.7,17.54,16.81,588.48,10115.12,1,0,0,55,218,4.7
6640,9367,1069,5,5,2026-04-06,Spring Hill,Residential,1,0,136.46,1.18,1.3,46.76,23.7,1,0,0,31,348,4.6
6641,9368,556,2,8,2026-04-06,Franklin,Residential,1,0,388.39,2.74,3.52,95.0,87.32,1,0,0,35,253,4.0
6642,9369,1297,1,6,2026-04-07,Nashville,Residential,1,0,362.3,2.47,1.89,58.58,89.05,1,0,0,45,116,5.0
6643,9370,1091,1,7,2026-04-07,Nolensville,Residential,1,0,435.58,1.85,1.43,49.9,123.26,1,0,0,62,285,4.5
6644,9371,789,6,3,2026-04-07,Nolensville,Residential,0,0,1413.64,3.34,4.38,126.88,638.75,1,0,0,33,222,4.6
6645,9372,699,6,4,2026-04-07,Spring Hill,Residential,0,0,1610.03,3.65,4.13,115.54,607.62,0,0,0,36,156,4.8
6646,9373,1295,1,2,2026-04-07,Franklin,Residential,0,0,390.96,2.37,1.51,52.82,90.39,1,0,0,45,255,5.0
6647,9374,1129,5,3,2026-04-07,Brentwood,Residential,0,0,239.25,1.2,1.22,35.5,30.94,1,0,0,68,234,4.7
6648,9375,95,1,8,2026-04-07,Nashville,Residential,1,0,530.95,2.23,2.6,70.07,93.18,1,0,0,34,152,4.0
6649,9376,322,5,4,2026-04-07,Franklin,Residential,0,0,150.2,1.43,1.5,41.96,21.29,0,1,1,26,323,3.8
6650,9377,1084,2,3,2026-04-07,Franklin,Residential,0,0,533.58,2.07,2.07,59.97,91.86,1,0,0,62,219,4.5
6651,9380,218,7,4,2026-04-07,Nashville,Residential,1,0,1693.24,4.88,4.38,122.64,428.71,1,0,0,51,232,4.4
6652,9382,19,5,2,2026-04-08,Nashville,Residential,0,0,203.12,1.11,1.1,38.52,21.75,1,0,0,54,267,4.6
6653,9385,776,2,6,2026-04-08,Nashville,Residential,0,1,484.4,2.47,2.19,67.92,97.07,1,0,0,34,29,4.8
6654,9386,419,5,8,2026-04-08,Nashville,Commercial,1,0,313.77,1.23,1.24,33.57,46.85,1,0,0,24,284,4.5
6655,9388,645,5,5,2026-04-08,Nolensville,Residential,0,0,206.71,1.08,1.25,45.0,32.96,0,0,0,63,229,4.2
6656,9389,642,6,5,2026-04-08,Brentwood,Residential,0,0,1009.93,3.03,3.66,131.81,394.55,1,0,0,43,282,4.3
6657,9390,1173,6,5,2026-04-08,Nolensville,Commercial,1,0,2192.82,3.32,2.9,104.33,903.09,1,0,0,50,150,5.0
6658,9391,372,2,4,2026-04-08,Franklin,Commercial,1,0,931.27,2.19,2.3,64.4,152.93,1,0,0,60,211,4.4
6659,9392,1054,1,2,2026-04-08,Franklin,Residential,1,0,371.25,2.27,1.38,48.34,87.21,1,0,0,34,151,5.0
6660,9393,457,7,7,2026-04-08,Nashville,Residential,0,0,1317.03,4.33,5.05,176.58,370.66,0,1,0,53,179,3.9
6661,9394,363,2,3,2026-04-08,Nashville,Residential,1,0,364.0,2.6,2.54,73.64,97.84,1,0,0,37,255,4.4
6662,9398,961,2,3,2026-04-09,Nashville,Residential,0,0,681.93,2.04,2.73,79.11,152.63,1,0,0,48,156,4.6
6663,9399,753,6,7,2026-04-09,Brentwood,Residential,1,0,1168.82,3.85,2.76,96.65,459.71,1,0,0,56,167,4.6
6664,9400,779,1,7,2026-04-09,Nashville,Commercial,0,0,774.54,2.28,2.72,95.09,171.38,1,0,0,39,258,4.4
6665,9401,503,1,8,2026-04-09,Nashville,Residential,0,0,533.36,2.33,2.41,65.04,129.81,1,0,0,10,249,3.9
6666,9402,787,1,7,2026-04-09,Nashville,Commercial,0,0,794.91,2.47,2.35,82.09,179.11,1,0,1,52,212,4.4
6667,9403,148,1,3,2026-04-09,Nashville,Residential,0,0,314.51,2.62,2.41,70.01,72.88,1,0,1,50,140,4.6
6668,9404,1393,5,7,2026-04-09,Nashville,Residential,1,0,169.57,1.01,1.04,36.57,25.67,1,0,0,35,195,4.8
6669,9405,283,1,2,2026-04-09,Nashville,Residential,1,0,449.64,2.5,2.32,81.04,91.38,1,0,0,60,200,5.0
6670,9406,200,2,6,2026-04-09,Nashville,Residential,0,0,482.44,2.82,3.16,98.05,103.26,1,0,0,37,284,4.7
6671,9408,76,3,7,2026-04-10,Nashville,Residential,1,0,15724.18,16.23,12.65,442.84,6212.85,1,0,0,38,207,4.4
6672,9409,832,5,7,2026-04-10,Franklin,Residential,0,0,207.51,1.18,1.23,43.13,24.71,1,0,0,13,321,4.1
6673,9410,1411,1,2,2026-04-10,Nashville,Residential,0,0,702.86,1.95,1.61,56.5,187.82,1,0,0,44,312,4.4
6674,9412,1363,2,4,2026-04-10,Brentwood,Residential,0,0,560.63,2.1,1.88,52.57,144.88,1,0,0,41,196,4.6
6675,9413,532,6,3,2026-04-10,Nashville,Residential,0,0,1307.95,3.22,3.17,91.91,418.47,0,1,0,57,205,4.1
6676,9414,1063,4,5,2026-04-10,Spring Hill,Residential,1,0,2235.5,10.69,9.57,344.47,854.74,1,0,0,41,303,4.7
6677,9415,789,2,4,2026-04-10,Nolensville,Residential,0,0,515.6,2.15,1.93,54.1,134.41,1,0,0,45,199,4.5
6678,9416,856,5,1,2026-04-10,Nolensville,Residential,0,0,185.73,1.45,1.07,36.46,25.71,1,0,0,51,261,4.4
6679,9418,512,1,6,2026-04-10,Franklin,Residential,0,0,380.93,2.34,2.02,62.47,88.16,1,0,0,29,204,4.9
6680,9419,153,6,7,2026-04-10,Franklin,Residential,1,0,1255.51,3.98,5.15,180.33,499.4,1,0,0,30,203,4.1
6681,9421,110,2,7,2026-04-10,Nolensville,Commercial,0,0,860.7,2.37,2.41,84.51,225.48,1,0,1,43,292,4.8
6682,9422,1275,5,1,2026-04-10,Brentwood,Residential,1,0,197.93,1.34,1.26,42.75,26.65,1,0,0,81,198,5.0
6683,9423,1146,7,5,2026-04-10,Nashville,Residential,0,0,1221.27,4.52,5.06,182.0,261.93,1,0,0,18,248,4.6
6684,9424,1348,1,2,2026-04-10,Franklin,Residential,0,0,648.14,2.33,1.83,63.9,112.03,1,0,0,33,304,5.0
6685,9426,893,1,6,2026-04-10,Brentwood,Commercial,1,0,708.64,1.86,2.22,68.84,206.59,0,1,0,40,178,3.9
6686,9428,993,5,1,2026-04-11,Nolensville,Residential,0,0,165.41,1.36,1.35,45.76,24.49,1,0,0,26,219,4.8
6687,9429,1263,4,5,2026-04-11,Spring Hill,Residential,0,0,2657.79,8.43,8.97,322.84,789.9,1,0,0,27,222,4.1
6688,9430,1031,1,7,2026-04-11,Nashville,Residential,0,0,704.47,1.92,2.26,78.93,177.22,1,0,0,46,202,4.5
6689,9431,913,6,6,2026-04-11,Nolensville,Residential,0,0,1316.11,3.64,4.25,131.73,520.94,1,0,0,49,318,5.0
6690,9432,1244,6,3,2026-04-11,Nashville,Residential,1,0,1348.15,4.33,4.72,136.8,529.22,1,0,0,17,216,4.6
6691,9433,1290,5,8,2026-04-11,Franklin,Residential,0,0,177.21,1.02,1.34,36.18,32.38,1,0,0,64,237,4.4
6692,9434,1352,2,4,2026-04-12,Franklin,Residential,0,1,470.55,2.39,2.54,71.11,113.65,1,0,0,36,22,4.8
6693,9435,363,2,8,2026-04-12,Nashville,Residential,1,0,546.47,2.27,2.67,72.02,135.54,1,0,0,22,127,4.2
6694,9437,641,3,5,2026-04-12,Nashville,Residential,0,0,9524.6,14.42,14.23,512.11,5437.52,0,1,0,39,170,4.4
6695,9438,228,2,7,2026-04-12,Franklin,Residential,0,0,474.82,2.69,2.32,81.21,76.4,1,0,0,29,194,4.6
6696,9439,806,5,3,2026-04-12,Spring Hill,Residential,1,0,202.83,1.31,1.36,39.38,26.76,1,0,0,37,265,4.2
6697,9441,1281,7,4,2026-04-12,Franklin,Residential,0,0,974.28,4.19,4.92,137.84,303.92,1,1,0,41,280,3.8
6698,9445,1018,6,2,2026-04-12,Nolensville,Commercial,0,0,1874.71,3.65,4.57,159.89,784.68,1,0,0,52,163,4.6
6699,9446,803,1,5,2026-04-12,Spring Hill,Residential,0,1,516.31,2.39,2.51,90.44,114.81,1,0,0,59,131,4.6
6700,9447,1162,1,5,2026-04-13,Spring Hill,Residential,0,1,547.03,1.79,1.18,42.38,96.7,1,0,0,52,20,4.5
6701,9448,99,2,1,2026-04-13,Spring Hill,Residential,1,0,450.67,2.02,2.23,75.93,115.23,1,0,0,33,176,4.5
6702,9449,1056,4,7,2026-04-13,Franklin,Residential,0,0,2734.68,10.3,10.5,367.57,857.87,1,0,0,38,249,4.7
6703,9451,1139,2,2,2026-04-13,Nashville,Residential,1,1,549.58,2.15,2.11,73.88,112.21,1,0,0,47,96,4.9
6704,9452,782,1,4,2026-04-13,Brentwood,Residential,0,0,458.02,2.74,2.89,81.04,85.48,1,0,0,25,254,4.5
6705,9453,652,5,1,2026-04-13,Nashville,Residential,0,0,224.01,1.32,1.03,34.89,25.91,1,0,0,21,175,4.9
6706,9454,422,5,3,2026-04-13,Spring Hill,Residential,1,0,168.24,1.4,1.38,40.16,32.44,1,1,0,37,185,3.7
6707,9455,1212,5,1,2026-04-13,Nashville,Residential,0,0,163.96,1.44,1.1,37.5,22.5,1,0,0,17,221,4.7
6708,9456,270,1,4,2026-04-13,Nolensville,Residential,1,0,473.95,2.68,2.75,77.0,110.27,1,0,0,43,119,4.6
6709,9457,1004,6,1,2026-04-13,Spring Hill,Residential,1,0,1245.04,3.96,3.49,118.61,485.2,1,0,0,47,258,4.7
6710,9459,1063,1,2,2026-04-13,Spring Hill,Residential,1,0,475.76,1.97,1.91,66.85,110.75,1,0,0,32,331,5.0
6711,9460,956,5,1,2026-04-13,Brentwood,Residential,0,0,213.63,1.32,1.34,45.41,34.08,1,0,0,57,202,4.6
6712,9461,1423,5,5,2026-04-13,Nashville,Residential,0,0,151.41,1.51,1.22,44.09,23.26,1,0,0,26,281,4.8
6713,9462,1180,5,8,2026-04-13,Franklin,Residential,1,0,262.71,1.05,0.92,24.95,41.46,1,0,0,44,260,4.3
6714,9463,696,1,8,2026-04-13,Spring Hill,Residential,0,1,508.9,2.31,2.41,64.99,101.05,1,0,1,50,32,3.5
6715,9464,1009,3,7,2026-04-13,Nashville,Residential,0,0,13988.43,13.91,11.96,418.47,7215.34,1,0,0,27,284,4.5
6716,9466,113,5,4,2026-04-13,Nashville,Residential,1,0,170.06,1.27,1.24,34.82,26.46,1,0,0,40,287,4.5
6717,9467,728,6,1,2026-04-13,Nashville,Residential,1,0,1139.77,3.93,3.35,113.82,381.82,1,0,0,44,274,5.0
6718,9469,437,5,3,2026-04-13,Brentwood,Residential,1,0,196.6,1.54,1.77,51.31,30.57,1,0,0,57,124,4.4
6719,9473,1302,4,7,2026-04-14,Brentwood,Commercial,0,0,3983.68,8.92,9.76,341.51,1286.19,1,0,0,23,232,4.4
6720,9474,1365,2,1,2026-04-14,Nashville,Residential,0,0,457.34,1.96,2.01,68.3,92.84,1,0,0,27,201,4.7
6721,9476,1350,1,4,2026-04-14,Spring Hill,Residential,1,0,378.46,2.34,2.31,64.6,109.45,1,0,0,21,260,4.4
6722,9479,590,6,5,2026-04-14,Franklin,Residential,1,0,1106.62,3.08,2.39,86.07,482.29,1,0,0,8,221,5.0
6723,9480,1199,5,1,2026-04-14,Franklin,Residential,1,0,206.23,1.51,1.56,52.89,29.54,1,0,0,25,244,5.0
6724,9481,17,2,7,2026-04-14,Franklin,Residential,0,0,730.07,1.98,1.95,68.19,142.74,1,0,0,28,212,4.5
6725,9482,288,1,2,2026-04-14,Nolensville,Residential,0,0,422.76,2.22,1.99,69.8,83.69,0,0,0,20,287,5.0
6726,9483,767,2,4,2026-04-14,Nashville,Residential,1,0,470.64,2.52,1.91,53.47,114.5,1,0,0,42,231,4.4
6727,9486,30,2,4,2026-04-14,Franklin,Residential,0,0,559.59,2.0,2.1,58.71,133.98,1,0,0,16,253,4.6
6728,9487,411,3,5,2026-04-15,Spring Hill,Residential,0,0,11897.68,16.06,15.88,571.6,6265.77,1,0,0,33,242,4.9
6729,9488,239,7,6,2026-04-15,Nolensville,Residential,1,0,1230.29,4.96,5.53,171.57,320.53,1,1,0,32,223,4.3
6730,9489,206,1,3,2026-04-15,Nashville,Residential,1,1,402.99,2.24,1.88,54.52,90.42,1,0,0,44,74,4.7
6731,9491,667,5,8,2026-04-15,Nolensville,Commercial,0,0,398.94,1.48,1.47,39.78,48.76,1,0,0,30,242,4.1
6732,9492,671,1,7,2026-04-15,Nashville,Residential,1,1,541.4,2.11,2.61,91.39,127.23,1,0,0,41,74,4.7
6733,9494,227,1,4,2026-04-15,Spring Hill,Residential,1,0,407.44,2.48,2.74,76.67,98.09,1,0,0,34,229,4.9
6734,9495,180,3,7,2026-04-15,Nashville,Residential,0,0,9295.83,17.18,16.68,583.69,5167.31,1,0,0,38,285,4.5
6735,9496,523,5,8,2026-04-15,Nolensville,Commercial,1,0,296.05,1.34,1.35,36.45,34.46,0,1,0,40,301,3.8
6736,9498,188,1,5,2026-04-15,Brentwood,Residential,1,0,549.62,2.36,2.41,86.64,151.85,1,0,0,66,221,4.4
6737,9499,662,2,1,2026-04-15,Franklin,Residential,0,0,595.03,2.24,2.5,85.08,131.4,1,0,1,27,239,5.0
6738,9501,449,5,8,2026-04-16,Nashville,Residential,1,0,205.87,1.31,1.51,40.82,28.27,1,0,0,53,247,4.6
6739,9502,482,1,1,2026-04-16,Brentwood,Residential,1,0,451.65,2.25,1.83,62.18,101.66,1,0,0,30,273,5.0
6740,9503,861,2,7,2026-04-16,Nashville,Residential,0,1,1006.96,2.45,2.55,89.36,208.42,0,1,0,50,42,4.0
6741,9508,69,5,5,2026-04-16,Nashville,Residential,1,0,202.78,1.2,1.36,48.8,29.21,1,0,0,22,231,4.5
6742,9509,741,2,1,2026-04-16,Nashville,Residential,1,1,415.88,2.6,2.67,90.63,122.65,0,1,0,21,138,4.4
6743,9510,924,1,7,2026-04-16,Nashville,Commercial,0,0,695.46,2.05,2.64,92.49,138.57,1,0,0,45,240,4.7
6744,9511,1347,5,7,2026-04-16,Nashville,Residential,0,0,263.59,1.2,1.36,47.61,34.16,1,0,1,45,281,4.4
6745,9512,1151,1,5,2026-04-16,Nashville,Residential,1,0,434.26,2.72,2.04,73.47,89.64,1,0,0,32,175,4.7
6746,9513,147,5,8,2026-04-16,Brentwood,Residential,0,0,245.09,1.29,1.28,34.49,35.39,1,0,0,43,284,4.4
6747,9514,1120,4,7,2026-04-16,Brentwood,Commercial,0,0,4172.89,10.24,12.09,423.28,1301.22,1,0,0,50,273,4.2
6748,9516,496,5,7,2026-04-16,Nashville,Residential,0,0,167.65,1.24,1.24,43.38,20.9,0,1,0,41,209,4.2
6749,9518,196,7,8,2026-04-16,Franklin,Residential,1,0,1141.85,4.17,5.25,141.63,296.1,0,1,0,50,208,3.3
6750,9519,872,2,1,2026-04-17,Franklin,Residential,1,0,397.24,2.31,2.76,93.77,73.98,1,0,0,47,310,4.7
6751,9521,444,6,8,2026-04-17,Franklin,Residential,1,0,1214.77,3.3,3.23,87.13,437.5,0,1,0,44,229,3.7
6752,9522,104,1,2,2026-04-17,Nashville,Residential,0,0,489.0,2.19,2.72,95.22,117.58,1,0,0,37,253,5.0
6753,9523,1366,1,2,2026-04-17,Franklin,Residential,0,0,420.95,1.84,1.34,46.94,98.31,1,0,0,33,278,5.0
6754,9524,1181,5,2,2026-04-17,Nashville,Residential,0,0,207.32,1.37,1.4,48.85,28.0,1,0,0,33,164,4.6
6755,9525,939,5,2,2026-04-17,Franklin,Residential,0,0,249.15,1.34,1.18,41.44,40.87,1,0,0,21,295,4.8
6756,9526,1422,1,3,2026-04-17,Nolensville,Residential,0,0,506.89,2.17,2.62,75.95,108.94,1,0,1,9,248,4.7
6757,9528,621,1,1,2026-04-17,Nashville,Residential,0,0,519.8,2.08,2.09,70.96,122.8,1,0,0,17,163,4.9
6758,9529,1359,2,8,2026-04-17,Nolensville,Residential,0,0,430.4,2.1,2.82,76.17,85.2,1,0,0,60,333,4.5
6759,9530,1155,3,5,2026-04-17,Nashville,Residential,0,0,6839.6,14.15,12.73,458.1,3893.4,1,0,0,34,238,4.5
6760,9531,769,5,4,2026-04-17,Nashville,Residential,1,0,266.79,1.48,1.53,42.86,43.6,0,1,0,42,183,3.8
6761,9532,1052,6,6,2026-04-17,Spring Hill,Residential,1,0,1378.07,2.97,3.24,100.39,531.9,1,0,0,35,282,4.8
6762,9533,722,5,5,2026-04-17,Nashville,Residential,0,0,268.14,1.08,1.14,40.99,46.85,1,0,0,50,177,4.8
6763,9535,1326,1,5,2026-04-17,Nolensville,Residential,0,1,546.4,2.6,2.08,74.77,122.11,1,0,1,27,82,4.6
6764,9536,753,2,3,2026-04-17,Brentwood,Residential,1,0,543.45,2.46,2.5,72.51,134.02,0,1,0,31,305,4.0
6765,9537,1212,1,3,2026-04-17,Nashville,Residential,0,0,535.43,2.16,2.49,72.09,127.61,1,0,0,26,247,4.5
6766,9538,1065,2,5,2026-04-17,Nashville,Residential,0,0,576.56,2.41,2.64,95.18,122.19,0,0,0,24,182,4.9
6767,9539,1383,1,8,2026-04-17,Nashville,Residential,0,0,496.85,1.69,2.05,55.24,111.08,1,0,0,20,204,4.3
6768,9540,1,2,2,2026-04-17,Brentwood,Residential,0,1,497.39,2.83,2.77,97.11,89.41,1,0,0,43,20,5.0
6769,9542,512,1,7,2026-04-18,Franklin,Residential,0,0,475.04,2.22,2.03,71.15,90.9,0,0,0,34,254,4.0
6770,9543,1123,1,3,2026-04-18,Nashville,Residential,0,0,391.18,2.05,2.2,63.84,94.24,1,0,0,51,227,4.9
6771,9545,270,5,5,2026-04-18,Nolensville,Residential,1,0,215.12,1.39,1.19,42.9,32.71,1,0,0,25,316,4.5
6772,9546,370,5,2,2026-04-18,Franklin,Residential,0,0,206.84,1.12,1.31,45.86,32.09,1,0,0,20,218,5.0
6773,9548,225,2,7,2026-04-19,Spring Hill,Residential,1,0,494.74,2.63,3.01,105.29,127.01,1,0,0,48,301,4.5
6774,9549,456,1,8,2026-04-19,Nashville,Residential,1,0,571.34,1.73,2.24,60.48,170.84,1,0,0,25,301,4.4
6775,9551,158,2,1,2026-04-19,Nolensville,Residential,0,0,575.59,2.27,2.15,73.09,107.68,1,0,1,40,150,4.7
6776,9552,644,2,8,2026-04-19,Spring Hill,Residential,1,1,358.73,2.49,2.78,74.94,75.0,1,0,0,31,51,4.2
6777,9553,676,5,2,2026-04-19,Nashville,Commercial,0,0,290.38,1.36,1.11,38.7,41.58,1,0,0,36,323,5.0
6778,9554,405,5,5,2026-04-19,Franklin,Commercial,0,0,279.57,0.97,0.85,30.48,43.96,1,0,0,9,260,5.0
6779,9555,896,4,7,2026-04-19,Nashville,Residential,0,0,2349.03,9.8,8.02,280.82,905.23,1,0,0,48,176,4.7
6780,9556,1009,6,3,2026-04-19,Nashville,Residential,0,0,1199.62,2.98,2.7,78.44,506.2,1,0,0,59,245,4.8
6781,9560,548,6,1,2026-04-19,Spring Hill,Commercial,1,0,2179.89,3.71,3.7,125.84,776.91,1,0,0,58,294,4.7
6782,9561,1299,5,7,2026-04-20,Nashville,Residential,0,0,283.35,1.24,1.41,49.24,40.71,1,0,1,37,393,4.7
6783,9564,436,1,4,2026-04-20,Nashville,Residential,1,0,431.93,1.86,1.81,50.58,108.4,1,0,0,30,235,4.4
6784,9565,1082,2,7,2026-04-20,Brentwood,Residential,0,0,409.47,2.27,1.9,66.48,92.52,1,0,0,37,303,4.6
6785,9569,1350,1,3,2026-04-20,Spring Hill,Residential,1,0,443.8,2.02,1.91,55.43,106.72,1,0,0,44,286,4.7
6786,9570,1069,1,2,2026-04-20,Spring Hill,Residential,1,1,514.64,1.89,1.52,53.21,111.73,1,0,0,62,20,4.5
6787,9571,807,5,8,2026-04-20,Nashville,Commercial,0,0,278.06,1.34,1.46,39.31,38.67,1,0,0,29,260,4.3
6788,9572,1150,1,2,2026-04-21,Franklin,Commercial,0,0,987.84,2.57,2.83,98.9,248.32,0,1,0,38,251,4.5
6789,9574,326,1,6,2026-04-21,Spring Hill,Residential,0,0,484.74,2.42,2.11,65.52,105.05,1,0,0,42,265,4.7
6790,9575,676,1,3,2026-04-21,Nashville,Commercial,0,0,997.28,2.06,2.16,62.7,216.43,1,0,0,36,163,4.6
6791,9576,530,4,7,2026-04-21,Franklin,Residential,0,0,2494.07,10.83,12.3,430.54,655.54,1,0,0,8,186,4.4
6792,9578,489,5,1,2026-04-21,Nashville,Residential,0,0,162.52,1.2,1.06,36.14,24.81,1,0,0,27,299,5.0
6793,9579,763,5,3,2026-04-21,Franklin,Residential,1,0,251.33,1.45,1.49,43.17,37.01,1,0,0,34,269,4.6
6794,9581,260,1,3,2026-04-21,Brentwood,Commercial,0,0,875.99,2.07,2.14,61.96,195.64,0,1,0,37,224,4.0
6795,9584,1248,5,2,2026-04-21,Nolensville,Residential,1,0,165.97,1.35,1.16,40.57,29.19,1,0,0,48,210,4.9
6796,9585,1411,4,7,2026-04-21,Nashville,Residential,0,0,2768.16,10.87,8.89,311.19,831.02,1,0,0,45,72,4.4
6797,9586,105,7,8,2026-04-21,Brentwood,Residential,0,0,1076.54,4.48,5.8,156.6,320.66,0,0,0,35,284,4.3
6798,9587,1243,1,5,2026-04-21,Franklin,Residential,0,0,478.3,2.08,2.33,83.86,97.06,1,0,1,39,150,4.6
6799,9588,170,5,4,2026-04-21,Nashville,Residential,0,0,175.88,1.16,1.49,41.82,23.83,0,0,0,61,210,4.6
6800,9589,1398,6,1,2026-04-21,Nolensville,Residential,0,0,1392.35,4.33,2.88,97.79,483.68,1,0,0,65,295,4.8
6801,9590,1055,1,8,2026-04-22,Nashville,Residential,1,0,538.36,1.85,1.64,44.29,111.7,1,0,0,33,267,4.2
6802,9591,1117,6,6,2026-04-22,Nashville,Residential,1,0,1151.8,3.13,3.14,97.24,468.81,1,0,0,25,204,4.8
6803,9592,1292,5,2,2026-04-22,Nolensville,Residential,0,0,152.94,1.01,1.26,44.22,22.92,1,0,0,40,215,5.0
6804,9594,878,1,6,2026-04-22,Brentwood,Residential,0,0,313.6,2.15,2.26,70.09,57.31,1,0,0,29,305,5.0
6805,9597,1172,1,6,2026-04-22,Nashville,Residential,0,0,463.03,2.19,2.47,76.54,89.34,0,0,0,46,264,5.0
6806,9598,1060,5,4,2026-04-22,Nashville,Residential,0,0,129.45,1.4,1.48,41.57,16.47,1,0,0,49,325,4.6
6807,9599,1223,1,5,2026-04-22,Brentwood,Residential,0,0,560.98,1.92,2.03,73.23,113.72,1,0,1,52,259,4.2
6808,9600,445,5,3,2026-04-22,Franklin,Residential,1,0,154.58,1.42,1.81,52.35,25.01,0,1,0,54,241,4.2
6809,9602,748,5,5,2026-04-22,Franklin,Commercial,0,0,388.02,1.18,1.06,38.02,57.18,1,0,1,35,209,4.6
6810,9604,1298,1,7,2026-04-22,Brentwood,Residential,1,1,435.47,2.47,2.39,83.62,107.63,1,0,0,42,164,4.1
6811,9606,440,1,5,2026-04-23,Franklin,Residential,0,0,506.35,2.0,1.97,71.0,99.81,1,0,0,56,251,4.7
6812,9607,1244,2,4,2026-04-23,Nashville,Residential,1,0,398.8,1.99,2.72,76.17,104.03,1,0,0,36,261,4.2
6813,9608,764,2,1,2026-04-23,Nashville,Residential,1,0,424.74,2.38,2.14,72.6,95.11,1,0,0,42,257,4.4
6814,9609,1210,1,1,2026-04-23,Franklin,Residential,0,0,376.43,2.08,1.81,61.68,79.19,1,0,0,41,230,4.8
6815,9610,318,5,2,2026-04-23,Nashville,Residential,0,0,290.67,1.39,1.85,64.87,45.36,1,0,0,52,234,4.8
6816,9611,141,5,4,2026-04-23,Nashville,Residential,0,0,279.7,1.1,1.28,35.75,43.56,1,0,0,43,218,4.5
6817,9612,343,1,7,2026-04-23,Franklin,Residential,0,0,546.95,2.06,2.46,86.13,116.32,1,0,0,28,215,4.8
6818,9613,351,5,6,2026-04-23,Brentwood,Residential,0,0,199.93,1.45,1.59,49.42,33.96,1,0,0,25,188,5.0
6819,9614,259,3,5,2026-04-23,Nashville,Residential,1,0,12904.38,13.22,11.68,420.38,6496.32,1,0,0,34,188,5.0
6820,9615,588,2,1,2026-04-23,Nashville,Residential,0,0,421.87,2.1,1.7,57.73,111.04,1,0,0,40,251,4.8
6821,9617,341,5,7,2026-04-23,Spring Hill,Residential,1,0,188.01,1.42,1.54,53.87,27.08,1,0,0,19,292,4.8
6822,9618,907,1,3,2026-04-23,Nashville,Residential,0,0,483.82,2.43,2.72,78.76,97.72,1,0,0,62,278,4.5
6823,9619,1424,2,3,2026-04-23,Nashville,Residential,0,0,444.36,2.51,2.99,86.65,92.22,1,0,1,29,199,4.4
6824,9620,1190,4,5,2026-04-23,Spring Hill,Residential,0,0,3075.5,12.74,13.93,501.41,1307.3,1,0,0,31,286,4.7
6825,9622,601,2,6,2026-04-23,Franklin,Commercial,0,0,822.48,2.25,2.33,72.34,198.99,1,0,0,47,232,4.6
6826,9623,893,2,2,2026-04-23,Brentwood,Commercial,1,1,556.58,2.42,1.63,57.21,141.18,1,0,0,53,78,4.8
6827,9624,1050,5,5,2026-04-23,Nashville,Residential,1,0,160.72,1.28,1.06,38.0,25.04,1,0,0,40,237,4.9
6828,9626,777,2,6,2026-04-24,Nolensville,Residential,0,0,549.55,2.64,1.53,47.49,137.64,1,0,1,18,289,4.9
6829,9629,1043,4,5,2026-04-24,Nashville,Residential,0,0,2001.64,10.16,11.41,410.6,681.83,1,0,0,34,290,5.0
6830,9630,207,1,4,2026-04-24,Nashville,Residential,1,0,412.01,2.02,2.15,60.2,125.83,1,0,0,31,174,4.3
6831,9631,967,2,3,2026-04-24,Nashville,Residential,0,0,444.88,2.69,3.32,96.17,99.73,1,0,1,29,226,4.8
6832,9632,138,4,7,2026-04-24,Franklin,Residential,0,0,3176.6,11.18,9.03,315.91,896.01,1,0,0,49,298,5.0
6833,9634,102,1,8,2026-04-24,Nashville,Residential,0,1,490.79,2.2,2.21,59.8,106.73,0,1,0,9,66,3.5
6834,9636,453,1,3,2026-04-24,Franklin,Residential,0,0,612.53,2.17,2.16,62.75,123.58,1,0,0,32,241,4.4
6835,9640,1373,1,6,2026-04-24,Brentwood,Commercial,0,1,931.07,2.23,2.5,77.65,185.47,1,0,0,15,86,4.8
6836,9641,1376,5,7,2026-04-24,Nashville,Residential,1,0,179.76,1.43,1.46,50.99,23.15,1,0,0,48,236,4.8
6837,9642,395,1,3,2026-04-24,Brentwood,Commercial,1,0,618.18,1.86,2.77,80.41,174.26,0,1,0,25,307,3.9
6838,9643,1434,2,4,2026-04-24,Nolensville,Commercial,1,1,976.75,2.55,3.04,85.1,250.48,1,0,0,51,70,4.8
6839,9644,463,6,1,2026-04-24,Spring Hill,Residential,0,0,1330.01,3.34,2.74,93.2,583.85,1,0,0,50,314,4.7
6840,9645,1109,4,5,2026-04-24,Nashville,Residential,0,0,3202.31,9.88,9.55,343.64,1016.94,0,1,0,44,206,4.4
6841,9647,43,6,8,2026-04-24,Franklin,Residential,0,0,1002.8,3.04,4.02,108.42,459.42,1,0,0,57,165,4.1
6842,9648,1201,5,5,2026-04-25,Franklin,Residential,0,0,164.65,1.38,1.32,47.58,24.52,1,0,0,50,188,4.5
6843,9650,1294,2,7,2026-04-25,Franklin,Residential,0,0,351.05,2.38,1.72,60.21,71.83,1,0,0,43,286,4.3
6844,9651,273,4,5,2026-04-25,Nashville,Residential,1,0,1955.57,8.76,8.74,314.77,510.98,1,0,0,13,355,5.0
6845,9652,101,3,7,2026-04-25,Franklin,Residential,0,0,12063.81,18.99,20.39,713.75,7080.1,1,0,0,19,240,4.6
6846,9654,234,2,6,2026-04-25,Brentwood,Commercial,0,1,759.26,1.9,2.01,62.28,165.33,0,1,0,56,141,4.5
6847,9656,902,1,4,2026-04-25,Spring Hill,Residential,1,1,494.49,2.66,2.58,72.31,127.18,1,0,0,8,132,4.9
6848,9657,1391,4,7,2026-04-25,Nolensville,Residential,0,0,2335.92,11.86,14.5,507.45,830.08,1,0,0,54,290,4.6
6849,9658,846,5,2,2026-04-25,Brentwood,Residential,0,0,229.32,1.17,1.33,46.39,33.56,1,0,1,23,296,5.0
6850,9659,585,1,7,2026-04-25,Nashville,Residential,0,0,411.79,2.4,2.05,71.65,100.91,1,0,0,30,203,5.0
6851,9660,1274,5,8,2026-04-25,Nashville,Residential,0,0,249.89,1.34,1.45,39.27,42.18,1,0,0,31,272,4.4
6852,9662,1032,3,7,2026-04-25,Nolensville,Commercial,0,0,17761.12,18.73,18.28,639.72,9395.93,1,0,0,68,249,4.3
6853,9663,435,2,1,2026-04-25,Spring Hill,Residential,1,0,371.99,2.56,2.04,69.2,86.84,1,0,0,61,182,4.7
6854,9664,730,4,7,2026-04-25,Brentwood,Residential,0,0,2213.4,8.45,8.04,281.41,672.42,1,0,0,36,109,4.3
6855,9665,955,3,7,2026-04-25,Brentwood,Residential,0,0,11643.53,15.46,16.46,576.25,5704.71,0,0,0,37,271,4.6
6856,9666,1060,5,6,2026-04-26,Nashville,Residential,0,0,206.03,1.46,1.6,49.68,32.19,1,0,0,50,210,4.6
6857,9667,169,5,1,2026-04-26,Franklin,Residential,0,0,149.25,1.24,1.33,45.19,21.61,1,0,1,44,278,5.0
6858,9669,1178,5,1,2026-04-26,Brentwood,Residential,0,0,165.3,1.1,1.31,44.58,24.62,1,0,0,62,190,4.9
6859,9670,908,6,2,2026-04-26,Nashville,Residential,1,0,1357.48,3.79,4.01,140.38,513.21,1,0,0,46,266,4.8
6860,9671,217,6,7,2026-04-26,Brentwood,Residential,1,0,1216.66,4.27,4.84,169.27,557.6,1,0,0,64,232,4.3
6861,9672,264,5,2,2026-04-26,Franklin,Residential,1,0,191.92,1.61,1.27,44.34,32.47,1,0,0,35,302,5.0
6862,9674,484,1,8,2026-04-26,Spring Hill,Commercial,0,0,740.09,2.89,3.6,97.31,162.72,1,0,0,32,230,4.4
6863,9675,31,4,7,2026-04-26,Spring Hill,Residential,0,0,2819.71,9.69,9.58,335.33,916.27,1,0,0,31,335,4.7
6864,9676,1366,5,2,2026-04-26,Franklin,Residential,0,0,201.34,1.19,1.62,56.68,26.4,1,0,1,30,195,4.8
6865,9679,781,1,6,2026-04-27,Spring Hill,Residential,1,0,564.07,2.1,1.79,55.63,119.04,1,0,0,28,244,4.8
6866,9680,345,1,8,2026-04-27,Nolensville,Residential,0,0,587.58,2.42,2.04,55.13,111.35,1,0,1,37,236,4.0
6867,9681,519,1,5,2026-04-27,Brentwood,Residential,1,0,395.98,2.15,1.82,65.69,94.75,1,0,0,61,280,4.9
6868,9683,1259,2,6,2026-04-27,Nashville,Residential,0,0,826.64,2.48,2.64,81.95,162.56,1,0,0,39,217,4.8
6869,9685,1272,3,5,2026-04-27,Nolensville,Commercial,0,0,16473.28,16.63,14.82,533.5,8442.17,1,0,0,48,194,4.7
6870,9688,604,5,6,2026-04-28,Brentwood,Residential,0,0,181.2,1.33,1.44,44.67,31.7,1,0,0,22,269,4.6
6871,9689,874,1,3,2026-04-28,Franklin,Commercial,0,0,1192.48,2.11,2.56,74.21,253.21,1,0,0,58,173,4.2
6872,9691,436,1,3,2026-04-28,Nashville,Residential,1,0,441.48,2.34,2.61,75.73,90.26,1,0,0,50,153,4.3
6873,9692,813,2,1,2026-04-28,Nolensville,Residential,0,1,609.2,1.96,1.83,62.32,146.62,1,0,0,55,82,5.0
6874,9693,867,4,5,2026-04-28,Spring Hill,Residential,0,0,2222.11,9.91,10.93,393.37,615.47,1,0,0,63,229,4.3
6875,9694,559,2,4,2026-04-28,Franklin,Residential,0,1,469.33,2.63,2.73,76.57,91.69,1,0,0,27,145,4.7
6876,9695,191,2,5,2026-04-28,Nolensville,Residential,0,0,544.12,2.29,2.6,93.54,108.83,1,0,0,51,266,4.4
6877,9696,723,5,3,2026-04-28,Franklin,Residential,1,0,182.26,1.31,1.29,37.37,34.09,1,0,0,38,243,4.4
6878,9698,530,2,4,2026-04-28,Franklin,Residential,0,1,824.76,2.07,2.45,68.69,196.89,1,0,0,58,112,4.3
6879,9701,54,2,6,2026-04-28,Spring Hill,Residential,0,1,504.81,2.63,3.0,93.15,124.56,1,0,0,21,39,5.0
6880,9702,168,1,7,2026-04-28,Franklin,Residential,0,1,477.41,2.13,2.02,70.57,98.51,1,0,1,25,86,4.3
6881,9703,868,6,6,2026-04-28,Nashville,Residential,0,0,954.46,4.26,4.45,137.82,353.54,0,1,0,27,236,4.6
6882,9704,1357,2,2,2026-04-28,Franklin,Residential,0,0,450.8,2.35,2.17,75.88,112.97,1,0,0,12,230,5.0
6883,9705,294,7,1,2026-04-28,Spring Hill,Residential,1,0,900.19,5.43,5.73,194.84,206.91,1,0,0,67,213,4.9
6884,9706,151,1,3,2026-04-28,Nolensville,Residential,0,0,683.17,2.39,1.94,56.12,163.0,1,0,0,22,269,4.5
6885,9710,842,3,5,2026-04-29,Franklin,Residential,0,0,7746.1,15.87,15.8,568.96,5210.29,1,0,0,38,185,5.0
6886,9711,523,1,1,2026-04-29,Nolensville,Commercial,1,0,675.7,2.69,2.97,100.95,208.87,1,0,0,42,236,4.5
6887,9712,549,5,8,2026-04-29,Nashville,Residential,0,0,276.09,1.47,1.23,33.2,42.71,0,1,1,25,345,3.8
6888,9714,819,4,7,2026-04-29,Brentwood,Residential,0,0,2264.34,12.02,12.46,436.01,765.81,0,1,0,54,183,4.0
6889,9715,549,7,4,2026-04-29,Nashville,Residential,0,0,1231.7,4.37,5.44,152.39,319.18,1,0,0,57,185,5.0
6890,9716,687,2,6,2026-04-29,Nolensville,Residential,0,0,539.35,2.85,2.43,75.46,117.02,1,0,0,54,196,4.6
6891,9719,1040,1,1,2026-04-29,Nolensville,Residential,1,0,389.57,2.03,2.14,72.69,80.47,1,0,0,44,258,4.8
6892,9720,362,1,6,2026-04-29,Spring Hill,Residential,1,0,519.47,1.98,1.99,61.61,146.01,1,0,0,46,271,4.8
6893,9721,136,5,2,2026-04-29,Spring Hill,Commercial,1,0,355.81,1.39,1.36,47.53,66.86,1,0,0,45,276,4.9
6894,9722,1202,4,7,2026-04-29,Brentwood,Residential,0,0,2396.9,8.53,7.35,257.32,758.73,1,0,0,54,256,4.7
6895,9723,673,5,5,2026-04-30,Nolensville,Residential,0,0,186.73,1.41,1.31,47.09,30.34,1,0,1,21,196,5.0
6896,9724,1367,1,3,2026-04-30,Nashville,Residential,1,0,390.61,1.89,2.16,62.62,99.34,1,0,0,65,137,5.0
6897,9725,135,2,5,2026-04-30,Brentwood,Residential,0,1,394.61,2.03,2.63,94.86,74.77,1,0,0,63,60,5.0
6898,9727,226,3,5,2026-04-30,Brentwood,Residential,0,0,11310.23,16.55,11.53,415.05,5002.02,1,1,0,51,174,4.0
6899,9728,542,5,3,2026-04-30,Spring Hill,Residential,0,0,190.59,1.23,1.15,33.22,23.82,1,0,0,25,220,4.4
6900,9729,1171,2,2,2026-04-30,Brentwood,Residential,0,0,465.78,2.87,2.9,101.33,92.6,1,0,0,64,173,4.8
6901,9730,1415,1,8,2026-04-30,Brentwood,Residential,1,0,369.27,2.97,3.32,89.59,64.85,1,0,0,62,320,4.3
6902,9731,1032,1,4,2026-04-30,Nolensville,Commercial,0,0,735.22,2.04,2.22,62.29,169.33,0,1,0,8,256,4.2
6903,9732,866,2,1,2026-04-30,Spring Hill,Residential,0,0,593.18,2.21,2.12,72.18,145.09,1,0,0,44,235,4.5
6904,9733,783,1,4,2026-04-30,Nashville,Residential,0,0,394.95,2.3,2.74,76.75,83.35,1,0,0,57,353,4.7
6905,9734,274,3,5,2026-04-30,Brentwood,Residential,0,0,10754.96,20.35,18.79,676.31,6003.63,1,1,0,55,232,4.2
6906,9735,159,5,4,2026-05-01,Nolensville,Residential,0,0,170.97,1.21,1.3,36.47,25.6,0,1,0,39,237,4.1
6907,9738,263,6,7,2026-05-01,Nolensville,Commercial,0,0,2061.06,4.23,4.63,162.15,888.9,1,0,0,55,249,4.6
6908,9739,861,2,1,2026-05-01,Nashville,Residential,0,0,533.54,2.47,2.26,76.88,99.87,1,0,0,8,199,5.0
6909,9740,295,2,1,2026-05-01,Nolensville,Residential,0,0,525.38,2.42,2.74,93.16,96.44,1,1,0,50,120,4.3
6910,9741,718,2,8,2026-05-01,Nashville,Residential,1,1,511.49,2.39,2.48,66.92,131.8,0,1,0,34,124,3.9
6911,9742,563,2,4,2026-05-01,Nashville,Commercial,0,0,760.61,2.36,2.73,76.43,172.53,1,0,0,48,175,4.6
6912,9743,1188,1,6,2026-05-01,Spring Hill,Residential,0,0,341.99,1.84,1.91,59.13,64.99,1,0,0,45,212,4.3
6913,9744,920,6,5,2026-05-01,Spring Hill,Residential,0,0,964.03,3.13,3.02,108.89,337.83,1,0,0,57,157,5.0
6914,9745,751,6,1,2026-05-01,Franklin,Residential,1,0,998.57,3.28,3.57,121.46,431.42,1,0,0,33,217,4.9
6915,9746,153,5,1,2026-05-01,Franklin,Residential,1,0,210.89,1.04,1.02,34.64,26.14,0,0,0,46,299,4.6
6916,9747,246,2,3,2026-05-01,Nashville,Residential,0,0,516.67,2.35,2.58,74.91,104.33,1,0,1,46,242,4.6
6917,9748,695,1,5,2026-05-02,Nolensville,Residential,0,1,553.26,2.18,1.99,71.69,119.93,1,0,0,32,121,4.8
6918,9749,415,1,1,2026-05-02,Nolensville,Residential,1,0,384.37,2.09,2.05,69.78,87.74,1,0,0,47,266,4.9
6919,9751,169,2,1,2026-05-02,Franklin,Residential,0,0,652.21,2.6,2.58,87.69,140.96,1,0,0,69,290,4.9
6920,9753,1376,5,1,2026-05-02,Nashville,Residential,1,0,134.51,1.27,1.24,42.08,23.93,1,0,0,23,254,4.9
6921,9754,1396,1,3,2026-05-02,Spring Hill,Residential,1,0,328.99,2.39,2.63,76.28,99.84,1,0,0,46,230,4.5
6922,9755,488,5,5,2026-05-02,Franklin,Residential,1,0,200.9,1.24,1.49,53.7,25.15,1,0,0,32,301,4.4
6923,9757,810,4,7,2026-05-02,Nashville,Residential,0,0,2189.39,10.53,9.35,327.15,538.72,1,0,0,43,213,4.5
6924,9759,1078,6,3,2026-05-02,Spring Hill,Residential,0,0,964.18,3.24,3.04,88.02,379.51,1,1,0,63,273,4.0
6925,9760,1148,1,3,2026-05-02,Nashville,Residential,0,0,714.6,2.43,2.42,70.07,164.16,1,0,0,40,194,4.7
6926,9761,1151,3,7,2026-05-03,Nashville,Residential,1,0,11467.71,22.72,30.61,1071.36,5356.39,1,0,0,38,372,4.5
6927,9762,535,5,4,2026-05-03,Brentwood,Residential,1,0,245.23,1.51,1.83,51.29,37.46,0,1,0,26,282,3.8
6928,9763,1418,5,7,2026-05-03,Franklin,Commercial,0,0,376.11,1.44,1.79,62.68,54.83,1,0,0,10,238,4.2
6929,9764,692,4,5,2026-05-03,Nashville,Commercial,0,0,4707.99,8.73,9.7,349.32,1343.33,0,0,0,38,224,4.7
6930,9765,893,1,1,2026-05-03,Brentwood,Commercial,1,0,893.45,1.92,1.81,61.43,232.07,1,1,0,38,274,3.8
6931,9767,1324,3,7,2026-05-03,Franklin,Residential,0,0,7762.84,17.48,15.11,528.7,4015.09,1,0,0,18,238,5.0
6932,9769,6,5,6,2026-05-03,Nashville,Residential,0,0,237.87,1.32,1.06,32.83,40.52,1,0,1,43,249,4.7
6933,9770,388,1,7,2026-05-03,Brentwood,Residential,0,0,544.12,2.02,2.51,87.85,137.8,1,0,1,46,276,4.5
6934,9772,1188,1,7,2026-05-03,Spring Hill,Residential,0,1,537.5,1.99,2.36,82.71,125.39,1,0,0,39,91,4.5
6935,9773,1391,1,2,2026-05-03,Nolensville,Residential,0,0,526.15,1.96,1.62,56.63,104.95,1,0,0,17,247,4.8
6936,9774,1442,7,3,2026-05-03,Franklin,Commercial,1,0,2570.95,4.18,4.66,135.12,531.69,1,0,0,49,228,4.3
6937,9775,1396,7,7,2026-05-03,Spring Hill,Residential,1,0,1059.21,4.74,4.57,160.01,213.18,0,1,0,38,202,4.3
6938,9776,942,5,7,2026-05-03,Franklin,Residential,0,0,178.97,1.31,1.53,53.66,30.59,1,0,0,18,176,4.8
6939,9777,244,2,8,2026-05-03,Spring Hill,Residential,0,0,405.3,2.03,2.12,57.3,94.76,0,0,0,40,192,4.5
6940,9781,859,2,6,2026-05-04,Brentwood,Residential,0,0,529.37,2.11,1.78,55.3,98.89,1,0,0,9,279,4.9
6941,9783,294,1,1,2026-05-04,Spring Hill,Residential,1,0,388.12,2.34,2.58,87.63,101.88,1,1,0,33,318,4.3
6942,9785,604,2,2,2026-05-04,Brentwood,Residential,0,1,450.6,1.95,1.47,51.56,93.33,1,0,0,54,20,4.9
6943,9786,782,3,5,2026-05-04,Brentwood,Residential,0,0,9230.15,21.28,25.1,903.65,5665.73,1,0,0,46,216,4.7
6944,9787,837,4,7,2026-05-04,Brentwood,Residential,0,0,2153.51,6.7,7.5,262.42,824.17,1,0,0,48,278,4.6
6945,9788,214,5,1,2026-05-04,Brentwood,Residential,0,0,264.19,1.28,1.38,46.84,42.15,1,0,0,44,249,4.3
6946,9789,122,1,1,2026-05-04,Spring Hill,Residential,0,0,574.77,2.33,2.49,84.78,130.86,0,1,0,47,263,4.1
6947,9790,245,1,5,2026-05-04,Franklin,Residential,0,0,892.91,2.44,2.85,102.69,167.42,1,0,0,41,98,4.3
6948,9791,679,1,4,2026-05-04,Spring Hill,Residential,1,1,362.26,2.17,2.14,59.82,78.27,1,0,0,23,93,4.7
6949,9792,202,1,4,2026-05-04,Spring Hill,Residential,0,1,445.13,2.3,3.19,89.3,91.49,1,0,1,38,79,4.7
6950,9793,344,2,7,2026-05-04,Brentwood,Residential,0,0,459.68,2.68,2.85,99.87,101.05,1,0,0,34,392,4.3
6951,9794,1088,2,8,2026-05-04,Brentwood,Residential,0,1,653.51,2.15,2.05,55.42,165.29,1,0,0,47,38,4.0
6952,9795,1098,6,4,2026-05-04,Nashville,Residential,0,0,1169.41,3.75,3.35,93.79,433.35,1,0,0,42,212,4.7
6953,9797,1054,4,5,2026-05-05,Franklin,Residential,1,0,2223.24,12.31,11.78,424.15,666.02,0,1,0,37,79,4.2
6954,9799,1203,6,8,2026-05-05,Nolensville,Residential,0,0,1088.87,2.92,3.33,89.92,403.31,0,0,0,51,270,3.7
6955,9800,1298,6,4,2026-05-05,Brentwood,Residential,1,0,1140.5,3.46,3.32,92.97,482.91,1,0,0,46,271,4.9
6956,9802,240,1,6,2026-05-05,Franklin,Residential,1,0,369.81,2.3,2.62,81.12,78.87,1,0,0,37,320,4.7
6957,9803,526,5,4,2026-05-05,Franklin,Residential,0,0,160.17,1.28,1.45,40.66,31.59,1,0,0,44,246,5.0
6958,9804,41,2,1,2026-05-05,Nolensville,Residential,0,0,624.86,2.39,2.27,77.28,148.28,1,0,0,30,244,5.0
6959,9805,1016,2,8,2026-05-05,Nashville,Residential,1,1,589.49,2.55,2.35,63.47,114.98,1,0,0,21,81,4.6
6960,9806,436,2,4,2026-05-05,Nashville,Residential,1,0,451.28,2.53,2.47,69.16,105.42,1,0,0,36,266,4.3
6961,9807,703,5,7,2026-05-05,Nolensville,Residential,1,0,195.52,1.25,1.31,45.86,28.31,1,0,0,50,344,4.7
6962,9809,239,4,5,2026-05-05,Nolensville,Residential,1,0,2608.72,10.15,8.85,318.5,799.1,1,0,0,57,346,4.7
6963,9810,796,5,7,2026-05-05,Nolensville,Residential,0,0,188.03,1.48,1.72,60.2,26.74,1,0,0,48,271,4.7
6964,9811,220,5,3,2026-05-05,Nashville,Residential,0,0,214.65,1.67,1.28,37.19,35.52,1,0,0,40,352,5.0
6965,9812,571,7,1,2026-05-05,Nashville,Residential,0,0,1059.95,5.55,6.07,206.53,280.49,1,0,0,19,173,4.4
6966,9814,1404,7,5,2026-05-05,Nashville,Residential,0,0,1116.5,4.26,5.37,193.3,308.79,1,0,0,25,177,4.5
6967,9815,727,1,4,2026-05-05,Franklin,Residential,1,0,463.9,2.33,2.59,72.6,102.32,1,0,0,39,341,4.5
6968,9816,517,4,7,2026-05-05,Spring Hill,Residential,0,0,2225.18,11.78,10.06,351.94,917.08,1,0,0,29,155,4.3
6969,9818,299,1,2,2026-05-06,Nashville,Residential,0,0,437.05,2.23,2.85,99.62,94.31,0,1,0,65,290,4.0
6970,9819,570,2,5,2026-05-06,Nashville,Commercial,0,1,749.05,2.46,2.21,79.54,186.04,1,0,0,43,67,4.7
6971,9821,591,5,7,2026-05-06,Nashville,Residential,0,0,145.02,1.27,1.33,46.41,24.25,1,0,0,49,242,4.5
6972,9822,683,2,2,2026-05-06,Spring Hill,Residential,1,0,510.86,2.3,2.44,85.39,118.69,1,0,0,40,370,4.8
6973,9823,428,1,2,2026-05-06,Nashville,Residential,0,0,578.3,2.25,2.13,74.48,130.53,1,0,0,40,173,4.8
6974,9824,583,1,8,2026-05-06,Brentwood,Residential,1,0,434.74,2.35,2.95,79.77,101.97,0,1,0,28,278,3.6
6975,9825,984,6,4,2026-05-06,Nashville,Commercial,0,0,1696.81,3.84,3.0,84.11,561.57,1,0,0,47,212,4.3
6976,9827,184,6,6,2026-05-06,Spring Hill,Residential,0,0,1004.09,4.02,4.2,130.27,402.48,1,0,0,17,237,5.0
6977,9828,1343,2,6,2026-05-06,Brentwood,Residential,0,0,759.39,2.0,1.78,55.17,158.73,1,0,0,27,246,4.8
6978,9830,1022,1,7,2026-05-06,Franklin,Residential,0,1,443.73,1.84,2.09,73.25,95.26,1,0,0,28,99,4.8
6979,9831,97,5,5,2026-05-06,Spring Hill,Residential,0,0,293.21,1.17,1.07,38.35,48.01,1,0,0,48,299,4.5
6980,9832,1253,1,2,2026-05-06,Franklin,Residential,1,0,452.49,2.26,2.26,78.97,72.04,1,0,0,38,266,5.0
6981,9833,121,5,6,2026-05-06,Spring Hill,Commercial,0,0,297.4,1.13,0.9,27.8,42.45,1,0,0,33,258,4.3
6982,9836,661,2,3,2026-05-07,Nashville,Residential,1,1,338.8,1.89,2.23,64.61,76.11,1,0,0,38,84,4.2
6983,9837,1221,5,3,2026-05-07,Franklin,Residential,1,0,241.7,1.31,1.4,40.73,38.99,1,0,0,11,312,5.0
6984,9838,859,1,4,2026-05-07,Brentwood,Residential,0,0,324.92,2.3,2.2,61.51,86.31,1,0,0,41,288,4.5
6985,9840,934,5,8,2026-05-07,Nashville,Residential,0,0,199.54,1.38,1.39,37.54,30.01,1,0,0,37,250,4.5
6986,9842,627,5,4,2026-05-07,Spring Hill,Residential,0,0,141.65,1.37,1.22,34.03,23.52,1,0,0,18,236,4.3
6987,9843,1188,4,7,2026-05-07,Spring Hill,Residential,0,0,2688.75,9.9,8.18,286.21,776.05,1,0,0,46,192,4.3
6988,9844,89,1,7,2026-05-07,Spring Hill,Residential,1,1,358.71,2.25,1.91,66.94,96.56,0,1,0,48,151,3.8
6989,9846,404,5,8,2026-05-08,Franklin,Residential,1,0,204.23,1.3,1.56,42.02,28.81,1,0,0,33,289,4.7
6990,9847,808,6,5,2026-05-08,Nolensville,Commercial,1,0,2029.28,3.54,3.15,113.32,874.51,1,0,0,59,275,4.9
6991,9849,1029,2,5,2026-05-08,Brentwood,Commercial,0,0,908.02,2.19,1.24,44.68,189.35,1,0,0,27,192,4.2
6992,9850,24,4,7,2026-05-08,Brentwood,Residential,0,0,2855.13,9.35,10.92,382.18,815.24,1,0,0,37,113,4.9
6993,9851,1110,1,1,2026-05-08,Brentwood,Commercial,1,1,512.51,2.39,1.98,67.41,136.22,1,0,0,46,54,4.7
6994,9852,120,6,6,2026-05-08,Nolensville,Residential,0,0,832.41,3.96,3.95,122.54,378.32,1,0,0,50,290,4.4
6995,9853,98,5,4,2026-05-08,Brentwood,Residential,1,0,196.45,1.71,1.84,51.42,31.52,1,0,0,43,344,4.5
6996,9854,909,5,3,2026-05-08,Nashville,Residential,1,0,227.28,1.08,0.99,28.65,38.3,1,0,0,30,188,4.3
6997,9855,168,7,7,2026-05-08,Franklin,Residential,0,0,1491.07,4.77,4.29,150.1,319.73,1,0,0,34,371,4.9
6998,9856,196,2,1,2026-05-08,Franklin,Residential,1,1,410.25,1.9,1.89,64.17,104.27,1,0,0,57,225,4.6
6999,9857,529,1,6,2026-05-08,Nashville,Residential,0,0,531.17,1.92,2.06,63.97,141.79,0,1,1,58,382,4.2
7000,9858,69,3,5,2026-05-08,Nashville,Residential,1,0,7988.04,19.96,14.8,532.91,3916.04,1,0,0,25,227,4.9
7001,9859,565,1,6,2026-05-08,Franklin,Residential,0,0,415.21,1.91,2.48,76.85,87.24,1,0,0,21,232,4.9
7002,9862,398,1,8,2026-05-08,Nashville,Residential,1,0,394.1,2.15,2.8,75.65,89.4,1,0,0,14,293,4.5
7003,9863,270,3,5,2026-05-08,Nolensville,Residential,1,0,10821.38,20.22,21.43,771.62,5263.79,1,0,0,52,277,4.5
7004,9864,240,5,4,2026-05-08,Franklin,Residential,1,0,141.76,1.58,1.62,45.48,20.77,1,0,0,34,226,4.9
7005,9867,241,2,6,2026-05-08,Nashville,Residential,0,0,479.84,1.91,1.54,47.79,90.68,1,0,0,43,275,4.8
7006,9869,573,5,3,2026-05-09,Nashville,Residential,0,0,193.8,1.43,1.4,40.52,25.62,0,1,1,26,202,3.7
7007,9870,1160,5,8,2026-05-09,Brentwood,Commercial,0,0,343.75,1.31,1.32,35.62,51.4,1,0,0,41,371,4.5
7008,9871,515,5,4,2026-05-09,Nashville,Residential,0,0,196.39,1.51,1.42,39.71,28.1,1,0,0,50,186,5.0
7009,9872,1172,5,3,2026-05-09,Nashville,Residential,0,0,182.72,1.34,1.38,40.04,29.2,0,0,1,23,291,4.8
7010,9873,1422,1,5,2026-05-09,Nolensville,Residential,0,1,392.5,2.17,2.53,91.05,109.36,1,0,0,57,20,4.7
7011,9874,22,1,8,2026-05-09,Brentwood,Residential,0,0,566.83,2.36,3.24,87.48,127.24,0,0,0,44,283,4.4
7012,9875,696,7,5,2026-05-09,Spring Hill,Residential,0,0,1108.97,5.23,5.48,197.41,258.52,1,0,0,38,187,4.6
7013,9878,866,1,2,2026-05-09,Spring Hill,Residential,0,0,594.23,2.28,2.06,72.12,145.06,1,0,0,31,191,5.0
7014,9879,460,2,5,2026-05-09,Franklin,Residential,0,0,480.6,2.16,2.38,85.72,113.48,1,0,0,41,254,4.3
7015,9881,487,1,3,2026-05-10,Nashville,Residential,0,0,491.09,2.36,2.39,69.31,106.05,1,0,0,45,321,4.7
7016,9882,1405,1,6,2026-05-10,Nashville,Residential,1,0,332.24,1.99,1.81,56.05,85.14,1,0,0,64,175,4.9
7017,9883,882,1,8,2026-05-10,Brentwood,Residential,0,1,584.68,2.35,2.48,67.05,128.52,1,0,0,35,71,4.4
7018,9884,160,1,5,2026-05-10,Franklin,Residential,0,1,539.47,2.27,2.55,91.85,83.44,1,0,0,35,20,5.0
7019,9885,1220,2,7,2026-05-10,Nashville,Residential,1,0,672.36,2.27,2.08,72.89,156.64,1,0,0,25,179,4.5
7020,9886,1428,2,2,2026-05-10,Franklin,Residential,1,1,340.56,2.21,2.09,73.29,104.31,0,1,0,39,75,4.1
7021,9888,628,5,1,2026-05-10,Nolensville,Residential,1,0,219.32,1.35,1.24,42.0,30.36,1,0,0,34,292,4.8
7022,9889,783,2,8,2026-05-11,Nashville,Residential,0,0,437.16,2.34,2.68,72.29,76.53,0,1,0,29,291,4.2
7023,9891,1051,2,7,2026-05-11,Brentwood,Residential,0,0,456.26,3.08,3.9,136.38,89.87,1,0,0,41,276,4.6
7024,9892,710,2,3,2026-05-11,Brentwood,Residential,0,0,580.34,2.3,2.06,59.81,107.4,1,0,1,44,226,4.3
7025,9893,1144,5,7,2026-05-11,Spring Hill,Residential,0,0,162.79,1.31,1.12,39.15,27.14,0,0,0,16,248,4.4
7026,9894,1070,4,5,2026-05-11,Franklin,Residential,0,0,1764.69,10.32,8.53,307.22,542.74,1,0,0,35,224,4.3
7027,9899,1382,6,6,2026-05-11,Brentwood,Residential,1,0,1331.14,3.84,4.61,143.02,544.74,1,0,0,20,333,4.5
7028,9901,372,5,6,2026-05-11,Franklin,Commercial,1,0,309.38,1.59,1.27,39.27,47.01,1,0,0,37,231,4.5
7029,9902,564,4,5,2026-05-12,Brentwood,Residential,0,0,2336.1,11.14,8.89,320.08,799.1,1,1,0,44,160,3.9
7030,9903,1170,1,1,2026-05-12,Franklin,Residential,1,0,312.63,1.98,1.87,63.48,83.66,1,0,0,57,208,4.6
7031,9904,1025,3,7,2026-05-12,Spring Hill,Residential,0,0,9277.99,16.71,14.16,495.56,3936.57,1,0,0,20,326,4.6
7032,9906,683,1,7,2026-05-12,Spring Hill,Residential,1,0,394.37,2.2,2.05,71.78,100.96,0,0,0,47,236,4.0
7033,9908,596,1,1,2026-05-12,Spring Hill,Residential,1,1,508.15,1.95,1.86,63.31,138.66,1,0,0,37,130,4.7
7034,9910,1309,1,4,2026-05-12,Nolensville,Residential,1,1,512.49,2.27,2.5,70.0,128.45,1,0,0,53,52,4.3
7035,9911,1253,7,5,2026-05-12,Franklin,Residential,1,0,828.92,5.1,5.78,208.0,224.65,1,0,0,47,278,4.4
7036,9912,895,4,5,2026-05-12,Spring Hill,Residential,0,0,3137.55,8.21,8.86,318.91,938.97,1,0,0,60,284,4.6
7037,9913,1292,5,8,2026-05-12,Nolensville,Residential,0,0,171.52,1.31,1.41,38.05,28.62,1,0,0,38,226,4.6
7038,9915,491,1,7,2026-05-12,Nashville,Residential,0,0,536.21,2.43,2.4,84.07,114.32,1,0,0,65,174,4.4
7039,9916,992,5,4,2026-05-12,Spring Hill,Residential,0,0,254.26,1.33,1.61,45.0,33.65,0,1,0,34,228,4.0
7040,9917,325,7,5,2026-05-12,Brentwood,Residential,0,0,1153.67,4.94,3.43,123.64,238.62,0,0,0,61,290,4.3
7041,9918,101,5,1,2026-05-12,Franklin,Residential,0,0,145.21,1.23,0.75,25.41,19.99,1,0,0,37,249,5.0
7042,9920,806,6,6,2026-05-13,Spring Hill,Residential,1,0,998.32,3.91,3.35,103.8,356.67,0,1,0,20,149,4.3
7043,9921,612,1,6,2026-05-13,Nashville,Residential,0,1,409.25,2.16,1.82,56.42,87.95,1,0,0,40,20,4.7
7044,9925,156,5,6,2026-05-13,Franklin,Residential,0,0,167.52,1.27,1.02,31.63,21.98,1,0,0,15,339,4.9
7045,9926,861,7,8,2026-05-13,Nashville,Residential,0,0,1067.06,4.93,5.34,144.22,287.18,1,0,0,44,304,4.4
7046,9927,105,5,4,2026-05-13,Brentwood,Residential,0,0,165.78,1.26,1.26,35.29,20.27,1,0,1,34,180,4.4
7047,9930,316,2,7,2026-05-13,Nolensville,Residential,0,0,635.05,2.42,2.16,75.64,132.15,1,0,1,49,160,4.8
7048,9932,1283,6,7,2026-05-13,Franklin,Residential,0,0,1498.48,4.21,3.94,137.75,625.31,1,0,0,25,196,4.9
7049,9934,40,5,4,2026-05-13,Franklin,Residential,0,0,158.18,1.28,1.61,44.94,24.93,0,1,1,38,248,4.1
7050,9935,91,1,2,2026-05-13,Brentwood,Residential,1,0,322.03,1.98,1.88,65.73,65.96,1,0,0,37,308,4.9
7051,9936,761,6,7,2026-05-13,Spring Hill,Residential,0,0,1082.87,3.86,4.37,152.83,451.13,1,0,0,47,247,4.5
7052,9937,1223,2,3,2026-05-13,Brentwood,Residential,0,0,557.82,2.75,2.84,82.42,125.49,0,1,0,33,434,4.4
7053,9938,491,5,5,2026-05-13,Nashville,Residential,0,0,250.43,1.01,1.17,42.2,37.08,1,0,0,38,248,4.8
7054,9940,1398,2,4,2026-05-14,Nolensville,Residential,0,1,542.09,2.46,2.11,59.0,122.29,1,0,0,35,63,4.2
7055,9941,1066,6,4,2026-05-14,Nashville,Residential,0,0,984.06,3.67,4.24,118.81,417.14,1,0,0,35,286,4.3
7056,9942,624,1,8,2026-05-14,Nashville,Commercial,0,0,954.43,2.57,3.2,86.52,194.06,1,0,0,31,327,4.4
7057,9943,356,1,7,2026-05-14,Nolensville,Residential,0,0,457.47,2.13,2.7,94.38,101.51,1,0,0,27,184,5.0
7058,9945,1176,2,1,2026-05-14,Nolensville,Residential,0,1,504.33,2.55,2.35,79.77,110.55,1,0,0,12,77,4.5
7059,9948,363,6,3,2026-05-14,Nashville,Residential,1,0,961.54,4.03,4.27,123.79,360.19,1,0,0,61,162,4.5
7060,9949,1154,3,5,2026-05-14,Nashville,Residential,1,0,11730.1,18.01,17.85,642.51,5566.33,1,0,0,23,192,4.7
7061,9950,823,5,4,2026-05-14,Brentwood,Residential,1,0,192.14,1.4,1.55,43.44,22.89,1,0,0,57,312,4.5
7062,9951,991,3,5,2026-05-14,Nashville,Residential,0,0,12609.33,19.26,12.68,456.5,6905.27,1,0,0,9,265,4.5
7063,9953,1271,5,4,2026-05-14,Nashville,Residential,0,0,188.37,1.47,1.56,43.72,28.87,1,0,1,50,230,4.3
7064,9954,1380,1,8,2026-05-15,Nolensville,Residential,0,0,395.6,2.25,2.36,63.67,69.75,0,1,0,40,191,3.9
7065,9956,904,1,6,2026-05-15,Nashville,Residential,0,0,518.38,2.0,1.67,51.63,97.98,1,0,1,44,149,4.5
7066,9958,202,1,7,2026-05-15,Spring Hill,Residential,0,1,446.87,2.13,2.52,88.29,102.18,1,0,0,55,126,4.8
7067,9959,639,2,6,2026-05-15,Nolensville,Residential,0,0,529.0,2.48,2.59,80.23,128.76,1,0,0,25,273,5.0
7068,9960,3,5,2,2026-05-15,Nashville,Residential,0,0,234.35,1.42,1.3,45.54,40.23,1,0,0,35,121,4.9
7069,9961,412,2,2,2026-05-15,Franklin,Residential,0,0,487.72,2.49,1.76,61.55,126.81,1,0,0,43,340,5.0
7070,9962,567,6,3,2026-05-15,Franklin,Residential,0,0,1454.44,2.9,2.63,76.15,529.37,0,0,0,53,257,4.7
7071,9963,641,4,7,2026-05-15,Nashville,Residential,0,0,2293.8,10.96,10.72,375.19,684.97,1,0,0,67,149,4.7
7072,9964,897,5,6,2026-05-15,Nashville,Residential,1,0,188.71,1.07,1.09,33.69,33.18,1,0,0,41,287,5.0
7073,9965,1117,6,8,2026-05-15,Nashville,Residential,1,0,961.75,3.44,4.35,117.36,366.48,1,0,0,35,245,4.2
7074,9966,372,6,5,2026-05-15,Franklin,Commercial,1,0,2670.74,3.31,3.52,126.7,1245.18,0,1,0,45,228,4.4
7075,9967,1091,3,7,2026-05-15,Nolensville,Residential,1,0,10438.19,17.11,16.14,564.77,6805.32,1,0,0,59,262,4.6
7076,9968,1138,1,2,2026-05-15,Nashville,Residential,0,1,569.69,1.98,0.92,32.16,92.25,1,0,1,56,67,4.9
7077,9969,519,5,5,2026-05-15,Brentwood,Residential,1,0,171.29,1.51,1.77,63.79,28.48,1,0,0,36,242,5.0
7078,9970,239,2,2,2026-05-15,Nolensville,Residential,1,0,365.32,2.69,2.45,85.59,83.23,1,0,0,33,236,4.6
7079,9972,468,4,5,2026-05-16,Nashville,Residential,0,0,1891.47,8.16,5.68,204.54,682.27,1,0,0,35,246,4.3
7080,9973,1221,2,8,2026-05-16,Franklin,Residential,1,0,456.47,2.72,2.49,67.35,98.38,1,0,0,64,190,4.3
7081,9975,734,5,8,2026-05-16,Nashville,Residential,0,0,189.62,1.56,1.69,45.55,32.42,1,0,0,12,285,4.7
7082,9976,551,1,3,2026-05-16,Nashville,Residential,0,1,373.52,2.04,1.97,57.03,85.64,1,0,1,60,21,4.6
7083,9977,914,2,5,2026-05-16,Brentwood,Residential,0,1,504.11,2.02,2.21,79.67,93.85,1,0,0,51,46,4.1
7084,9978,869,6,6,2026-05-16,Spring Hill,Residential,1,0,1012.57,3.2,3.88,120.43,502.06,1,0,0,30,274,5.0
7085,9979,843,5,1,2026-05-16,Franklin,Residential,0,0,248.04,1.69,2.09,71.06,30.32,1,0,1,38,273,4.9
7086,9981,883,1,3,2026-05-16,Franklin,Residential,0,0,402.97,1.97,2.37,68.84,89.95,0,1,0,25,299,3.6
7087,9982,34,6,4,2026-05-16,Franklin,Residential,0,0,1387.36,3.85,3.88,108.69,467.96,1,0,0,46,263,4.2
7088,9983,924,6,1,2026-05-16,Nashville,Commercial,0,0,2281.75,3.05,2.47,84.07,938.9,1,0,0,36,269,4.7
7089,9985,1002,1,2,2026-05-17,Nolensville,Residential,0,1,499.28,2.1,2.25,78.89,72.9,1,0,0,34,54,5.0
7090,9986,681,3,5,2026-05-17,Brentwood,Residential,1,0,8881.64,17.73,24.22,871.88,3934.21,1,0,0,42,174,4.8
7091,9988,1042,5,1,2026-05-17,Spring Hill,Residential,0,0,227.76,1.29,1.02,34.74,35.26,1,0,0,26,203,4.7
7092,9991,358,5,6,2026-05-17,Franklin,Residential,0,0,214.39,1.33,1.32,41.02,36.97,1,0,0,38,228,4.4
7093,9992,1209,5,3,2026-05-17,Nashville,Residential,1,0,200.69,1.21,1.05,30.46,30.41,0,1,0,22,319,4.0
7094,9994,836,5,1,2026-05-17,Franklin,Residential,0,0,224.35,1.32,0.98,33.32,32.8,1,0,0,31,194,4.6
7095,9995,340,1,7,2026-05-17,Franklin,Residential,0,1,458.72,2.88,3.22,112.75,100.86,1,0,0,19,30,4.3
7096,9996,30,1,4,2026-05-17,Franklin,Residential,0,0,663.26,2.66,2.68,75.08,152.31,1,0,0,52,103,4.3
7097,9997,1197,5,5,2026-05-17,Nashville,Residential,1,0,167.69,1.07,1.11,40.06,26.85,1,0,0,36,230,5.0
7098,9998,1155,5,7,2026-05-17,Nashville,Residential,0,0,152.07,1.29,0.88,30.97,23.62,1,0,1,45,291,4.3
7099,9999,868,5,6,2026-05-17,Nashville,Residential,0,0,220.75,1.17,1.45,45.0,35.92,1,0,0,50,224,5.0
7100,10000,941,1,4,2026-05-17,Nashville,Residential,1,0,396.09,2.6,2.94,82.43,79.31,1,0,0,27,299,4.9
7101,10001,93,1,4,2026-05-17,Nolensville,Residential,0,0,409.17,1.96,1.82,51.06,91.13,1,0,1,15,151,4.4
7102,10002,977,2,4,2026-05-17,Spring Hill,Residential,0,0,489.66,2.1,2.26,63.33,104.37,1,0,0,33,177,4.8
7103,10003,24,6,3,2026-05-17,Brentwood,Residential,0,0,1355.75,3.03,3.47,100.54,568.16,0,1,0,52,197,4.5
7104,10004,777,5,4,2026-05-18,Nolensville,Residential,0,0,215.02,1.34,1.64,45.89,20.89,0,1,0,23,225,3.6
7105,10005,1199,2,5,2026-05-18,Franklin,Residential,1,0,476.98,2.4,2.37,85.3,132.21,1,0,0,42,274,4.8
7106,10006,256,5,3,2026-05-18,Franklin,Residential,0,0,205.26,1.37,1.17,33.98,28.38,1,0,1,18,216,4.6
7107,10007,275,3,5,2026-05-18,Nashville,Residential,0,0,9514.96,18.62,17.38,625.77,5248.28,1,0,0,29,239,4.6
7108,10008,1106,4,5,2026-05-18,Nolensville,Residential,0,0,2376.17,7.63,8.87,319.25,719.41,1,0,0,40,151,5.0
7109,10010,593,1,4,2026-05-18,Spring Hill,Residential,1,0,360.96,2.74,2.51,70.19,83.42,1,0,0,23,376,4.4
7110,10011,188,1,8,2026-05-18,Brentwood,Residential,1,0,406.01,1.85,2.11,56.96,91.64,1,0,0,53,253,4.5
7111,10013,78,4,5,2026-05-18,Nashville,Commercial,0,0,4950.61,11.29,11.4,410.4,1197.97,1,0,0,37,124,4.6
7112,10014,292,2,4,2026-05-18,Franklin,Residential,1,0,604.63,2.14,2.68,74.97,172.48,1,0,0,49,238,4.2
7113,10016,11,1,8,2026-05-18,Nashville,Residential,0,0,409.51,1.99,1.98,53.47,88.06,1,0,0,42,215,4.8
7114,10017,233,5,4,2026-05-18,Franklin,Residential,0,0,149.84,1.4,1.89,53.06,23.01,1,0,0,57,261,4.3
7115,10018,1086,2,4,2026-05-18,Nashville,Residential,0,0,383.94,2.47,2.66,74.45,87.34,1,0,0,26,249,4.6
7116,10023,162,2,8,2026-05-18,Nolensville,Residential,0,0,461.89,2.43,2.46,66.38,105.47,1,0,1,38,222,4.2
7117,10024,172,1,6,2026-05-18,Brentwood,Commercial,0,0,984.33,2.02,2.08,64.33,190.74,1,0,0,32,148,4.7
7118,10025,674,3,5,2026-05-18,Nolensville,Residential,0,0,7908.7,18.36,13.27,477.54,5359.61,1,0,0,48,209,4.8
7119,10027,1004,5,1,2026-05-19,Spring Hill,Residential,1,0,199.26,1.32,1.23,41.74,34.68,1,0,0,62,226,5.0
7120,10028,778,1,1,2026-05-19,Nashville,Residential,1,1,389.31,2.06,2.81,95.48,95.88,1,0,0,32,22,5.0
7121,10029,1121,2,3,2026-05-19,Franklin,Residential,0,0,523.82,2.45,2.05,59.53,116.22,1,0,0,40,127,4.8
7122,10030,556,1,8,2026-05-19,Franklin,Residential,1,0,383.52,1.79,2.68,72.26,94.09,1,0,0,43,183,4.5
7123,10031,1390,2,4,2026-05-19,Nashville,Residential,1,0,390.25,2.24,3.25,90.97,97.16,0,0,0,35,286,4.3
7124,10033,93,4,7,2026-05-19,Nolensville,Residential,0,0,2312.4,11.89,11.69,409.18,776.0,1,0,0,34,290,4.5
7125,10034,541,1,1,2026-05-19,Nashville,Residential,0,0,454.08,2.16,2.13,72.31,91.11,1,0,0,24,209,5.0
7126,10036,690,5,7,2026-05-19,Nolensville,Residential,0,0,226.68,1.36,1.73,60.69,35.33,1,0,0,58,245,4.6
7127,10038,923,1,7,2026-05-19,Franklin,Residential,0,1,534.44,2.38,2.62,91.56,122.36,1,0,0,25,127,4.5
7128,10039,1372,1,3,2026-05-19,Brentwood,Residential,0,0,533.86,2.42,1.89,54.73,133.13,1,0,1,55,137,4.6
7129,10040,84,1,7,2026-05-19,Nashville,Residential,1,0,556.6,2.36,2.65,92.7,137.0,1,0,0,37,276,4.9
7130,10041,77,6,2,2026-05-19,Nashville,Residential,1,0,1077.82,3.46,2.99,104.77,392.5,1,0,0,35,274,4.3
7131,10042,452,7,8,2026-05-19,Spring Hill,Residential,0,0,1107.23,4.54,5.71,154.07,315.55,1,0,0,41,305,4.3
7132,10043,883,5,3,2026-05-20,Franklin,Residential,0,0,244.58,1.47,1.88,54.65,45.01,1,0,1,48,299,4.7
7133,10044,1172,1,7,2026-05-20,Nashville,Residential,0,1,404.18,2.51,2.92,102.04,73.28,1,0,1,39,254,4.5
7134,10045,928,1,6,2026-05-20,Brentwood,Residential,0,1,708.06,2.14,2.46,76.28,172.6,1,0,1,37,174,5.0
7135,10046,747,2,6,2026-05-20,Nashville,Residential,0,1,677.56,2.74,2.79,86.49,176.38,1,0,0,36,89,4.8
7136,10047,278,5,5,2026-05-20,Nolensville,Residential,0,0,175.6,1.24,1.35,48.59,24.79,1,0,0,55,311,4.7
7137,10048,141,5,8,2026-05-20,Nashville,Residential,0,0,230.53,1.4,2.08,56.03,37.28,1,0,0,24,252,4.0
7138,10050,575,1,2,2026-05-20,Franklin,Residential,0,0,448.89,2.15,1.52,53.06,84.11,1,0,0,10,182,4.8
7139,10051,1391,5,4,2026-05-20,Nolensville,Residential,0,0,205.27,1.37,1.64,45.95,31.02,1,0,0,45,266,4.8
7140,10052,1417,5,1,2026-05-20,Franklin,Residential,0,0,121.84,1.52,1.69,57.42,16.47,1,0,0,48,434,4.7
7141,10053,637,5,3,2026-05-20,Franklin,Residential,0,0,210.76,1.21,1.05,30.43,35.66,0,1,1,24,205,3.9
7142,10054,763,1,8,2026-05-20,Franklin,Residential,1,0,350.03,2.43,3.04,81.99,87.48,1,0,0,75,198,4.7
7143,10056,981,5,6,2026-05-20,Nashville,Residential,0,0,171.16,1.45,1.62,50.28,22.28,1,0,0,47,297,4.7
7144,10058,834,2,4,2026-05-20,Franklin,Residential,0,0,612.81,2.1,2.41,67.35,141.69,1,0,0,50,243,4.7
7145,10059,1114,1,5,2026-05-20,Brentwood,Residential,0,0,505.07,2.07,2.11,75.86,123.75,1,0,1,35,190,4.7
7146,10060,1269,5,1,2026-05-20,Brentwood,Residential,0,0,164.98,1.28,1.35,46.01,22.16,1,0,0,47,226,4.6
7147,10061,703,5,5,2026-05-20,Nolensville,Residential,1,0,153.22,1.37,1.25,44.97,22.06,0,1,0,59,175,4.2
7148,10062,251,1,6,2026-05-20,Brentwood,Residential,0,0,390.28,2.45,2.2,68.26,80.93,1,0,1,34,206,5.0
7149,10064,359,1,3,2026-05-21,Nolensville,Residential,0,0,514.76,1.7,2.07,59.89,110.28,0,1,0,13,244,3.7
7150,10065,722,1,3,2026-05-21,Nashville,Residential,0,0,495.05,2.36,2.9,84.2,116.86,0,0,0,44,285,4.2
7151,10066,179,1,6,2026-05-21,Nashville,Residential,0,0,526.77,1.93,1.69,52.48,102.7,1,0,0,54,85,4.1
7152,10067,302,5,7,2026-05-21,Brentwood,Residential,1,0,118.58,1.05,1.22,42.67,16.36,1,0,0,32,185,4.5
7153,10070,162,5,7,2026-05-21,Nolensville,Residential,0,0,230.44,1.41,1.6,55.97,34.1,1,0,0,52,192,3.9
7154,10071,283,1,3,2026-05-21,Nashville,Residential,1,0,486.97,2.04,1.47,42.49,107.8,1,0,0,41,223,4.3
7155,10073,632,1,7,2026-05-21,Brentwood,Residential,0,0,473.33,2.1,1.89,65.99,116.47,1,0,1,38,239,4.7
7156,10074,653,1,3,2026-05-21,Franklin,Residential,0,1,394.41,2.95,3.05,88.32,94.34,1,0,1,47,42,4.5
7157,10075,93,6,2,2026-05-21,Nolensville,Residential,0,0,1002.14,2.97,3.85,134.91,448.44,1,0,0,28,143,4.7
7158,10076,1004,1,5,2026-05-21,Spring Hill,Residential,1,1,411.09,2.06,1.86,67.09,109.92,1,0,0,32,122,5.0
7159,10077,287,1,8,2026-05-21,Franklin,Commercial,1,0,641.67,2.21,2.5,67.52,149.12,1,0,0,38,298,4.8
7160,10078,1223,5,1,2026-05-21,Brentwood,Residential,0,0,188.59,1.21,1.03,35.17,20.92,1,0,0,72,264,4.9
7161,10079,474,3,7,2026-05-21,Brentwood,Residential,1,0,9786.49,15.93,15.18,531.35,5062.86,1,0,0,28,187,4.7
7162,10081,465,5,5,2026-05-21,Nashville,Residential,0,0,180.7,1.14,1.02,36.54,23.55,1,0,1,59,224,4.4
7163,10085,1402,6,3,2026-05-21,Brentwood,Residential,1,0,1038.1,3.62,3.71,107.49,310.52,1,0,0,48,218,4.8
7164,10086,4,1,4,2026-05-22,Nashville,Residential,0,0,430.69,2.02,1.93,54.12,101.19,1,0,1,44,196,4.5
7165,10088,290,1,6,2026-05-22,Nashville,Residential,1,0,312.83,2.88,2.99,92.75,82.1,1,0,0,17,290,4.5
7166,10091,524,5,4,2026-05-22,Nashville,Residential,0,0,184.92,1.28,1.5,41.92,28.02,1,0,0,44,272,4.8
7167,10092,41,5,1,2026-05-22,Nolensville,Residential,0,0,227.46,1.45,1.53,51.99,36.26,1,0,0,24,319,5.0
7168,10093,1135,5,6,2026-05-22,Franklin,Residential,0,0,160.62,1.28,1.27,39.44,21.82,1,0,0,58,134,5.0
7169,10094,405,1,7,2026-05-22,Franklin,Commercial,0,0,837.55,1.47,1.96,68.52,204.4,1,0,0,67,289,4.6
7170,10095,54,2,5,2026-05-22,Spring Hill,Residential,0,0,584.65,1.67,1.35,48.45,87.26,1,0,0,40,343,4.6
7171,10096,1296,4,7,2026-05-22,Brentwood,Residential,0,0,1948.4,9.42,9.93,347.41,530.16,0,0,0,45,228,4.5
7172,10097,401,3,5,2026-05-22,Nashville,Residential,1,0,8039.81,20.07,21.63,778.76,3393.78,1,0,0,38,312,4.6
7173,10098,1207,6,5,2026-05-22,Spring Hill,Residential,0,0,1476.53,3.31,2.83,101.81,519.48,1,0,0,34,254,4.8
7174,10099,1396,2,5,2026-05-22,Spring Hill,Residential,1,1,581.14,2.62,3.06,110.05,136.86,1,0,0,35,30,4.5
7175,10102,503,5,5,2026-05-22,Nashville,Residential,0,0,209.35,1.19,1.12,40.35,33.33,1,0,0,8,312,5.0
7176,10104,763,1,1,2026-05-23,Franklin,Residential,1,0,470.76,2.58,1.86,63.24,112.01,0,0,0,35,252,4.6
7177,10105,464,6,1,2026-05-23,Nashville,Residential,1,0,1132.62,3.64,3.37,114.52,457.34,1,0,0,41,259,4.7
7178,10106,1282,5,6,2026-05-23,Brentwood,Residential,0,0,243.54,1.09,0.95,29.31,39.84,1,0,1,11,277,5.0
7179,10107,1029,5,4,2026-05-23,Brentwood,Commercial,0,0,372.57,1.31,1.83,51.24,52.18,1,0,0,28,246,4.7
7180,10108,1273,1,5,2026-05-23,Nolensville,Residential,0,0,525.01,2.31,2.57,92.56,106.72,0,0,0,23,220,4.7
7181,10109,428,2,2,2026-05-23,Nashville,Residential,0,0,438.27,2.71,3.22,112.64,80.31,1,0,0,53,247,4.8
7182,10110,1440,1,7,2026-05-23,Spring Hill,Residential,0,0,530.0,2.08,1.96,68.72,90.66,1,0,0,61,240,4.6
7183,10111,603,2,3,2026-05-23,Spring Hill,Residential,0,0,457.05,2.46,2.06,59.61,87.86,1,0,0,35,278,4.7
7184,10112,1099,1,1,2026-05-23,Franklin,Residential,0,0,340.15,2.37,1.93,65.58,67.57,1,0,0,31,206,4.5
7185,10114,391,5,8,2026-05-23,Franklin,Residential,0,0,179.29,1.36,1.9,51.36,22.26,1,0,0,50,197,4.4
7186,10116,1067,1,2,2026-05-23,Franklin,Residential,0,0,551.5,2.27,2.27,79.42,136.95,1,0,0,23,333,4.7
7187,10117,986,2,1,2026-05-23,Franklin,Residential,0,1,400.1,1.87,1.31,44.69,89.56,0,1,1,27,118,4.1
7188,10119,980,1,1,2026-05-23,Franklin,Commercial,1,1,821.11,1.87,1.45,49.2,228.95,1,0,0,31,20,4.7
7189,10120,908,1,5,2026-05-23,Nashville,Residential,1,0,462.53,2.32,1.84,66.11,98.62,1,0,0,40,353,4.7
7190,10121,310,1,7,2026-05-23,Nashville,Residential,1,0,308.65,1.88,2.28,79.95,69.36,0,1,0,66,250,4.3
7191,10124,112,1,1,2026-05-23,Nashville,Commercial,1,0,604.34,2.07,1.74,59.16,161.41,1,0,0,24,319,4.4
7192,10126,789,1,6,2026-05-24,Nolensville,Residential,0,0,508.62,2.2,2.18,67.44,92.25,1,0,1,36,323,5.0
7193,10127,572,5,5,2026-05-24,Nolensville,Residential,0,0,177.64,1.47,1.57,56.67,29.26,1,0,0,71,222,4.7
7194,10128,1097,4,5,2026-05-24,Brentwood,Residential,1,0,2893.07,11.28,7.96,286.54,892.24,1,0,0,56,308,4.6
7195,10129,9,4,7,2026-05-24,Nolensville,Residential,1,0,2688.56,9.57,8.08,282.96,650.91,1,0,0,43,132,4.3
7196,10130,691,4,7,2026-05-24,Franklin,Residential,1,0,2785.1,10.25,11.29,395.32,868.97,1,0,0,27,239,4.3
7197,10131,124,4,5,2026-05-24,Nashville,Residential,0,0,1955.55,7.5,9.95,358.32,595.8,1,0,0,17,228,4.6
7198,10132,936,3,5,2026-05-24,Nashville,Residential,1,0,9929.01,21.55,19.26,693.52,4444.71,1,0,0,31,209,5.0
7199,10134,299,1,6,2026-05-24,Nashville,Residential,0,0,547.21,2.16,2.05,63.6,99.26,1,0,0,58,139,4.8
7200,10136,313,1,5,2026-05-24,Brentwood,Commercial,1,0,794.64,2.22,2.61,93.8,201.58,0,1,0,30,250,4.4
7201,10137,417,2,2,2026-05-24,Nashville,Residential,1,0,453.69,2.31,2.15,75.21,107.4,1,0,0,54,230,4.7
7202,10138,561,2,1,2026-05-24,Nashville,Residential,1,0,453.15,2.59,3.18,108.0,114.23,1,0,0,36,253,4.8
7203,10139,562,5,2,2026-05-24,Spring Hill,Residential,1,0,213.97,1.36,1.29,45.12,31.25,1,0,0,42,252,5.0
7204,10140,410,5,7,2026-05-24,Brentwood,Residential,0,0,169.01,1.39,1.45,50.68,20.34,0,1,0,57,275,4.7
7205,10143,10,5,3,2026-05-25,Franklin,Commercial,0,0,298.38,1.18,1.02,29.69,44.91,1,0,0,36,208,5.0
7206,10146,817,6,4,2026-05-25,Spring Hill,Residential,0,0,989.68,4.11,3.9,109.24,380.74,0,1,0,21,300,4.0
7207,10147,392,1,6,2026-05-25,Franklin,Residential,1,1,428.04,2.2,2.32,72.05,122.01,1,0,0,34,98,4.6
7208,10149,219,5,2,2026-05-25,Nolensville,Residential,0,0,270.91,1.29,1.18,41.33,32.25,1,0,0,40,223,4.7
7209,10150,99,1,5,2026-05-25,Spring Hill,Residential,1,1,556.76,2.46,2.83,101.97,118.15,0,1,0,33,58,4.3
7210,10152,982,4,5,2026-05-25,Brentwood,Commercial,0,0,2652.54,9.95,9.66,347.63,943.09,1,0,0,39,262,4.5
7211,10154,317,4,7,2026-05-25,Brentwood,Residential,0,0,2099.87,9.59,8.73,305.62,760.28,0,1,0,47,319,4.5
7212,10155,1002,1,6,2026-05-25,Nolensville,Residential,0,0,482.91,1.71,1.34,41.63,119.68,1,0,1,55,198,4.8
7213,10156,1258,2,6,2026-05-25,Franklin,Residential,0,0,385.1,2.5,2.42,75.09,81.9,1,0,0,43,183,5.0
7214,10158,1016,5,5,2026-05-26,Nashville,Residential,1,0,195.53,1.28,1.37,49.29,29.95,1,0,0,15,262,5.0
7215,10160,43,1,4,2026-05-26,Franklin,Residential,0,0,554.04,1.92,2.28,63.79,127.86,1,0,0,29,157,4.6
7216,10161,703,2,3,2026-05-26,Nolensville,Residential,1,0,496.3,2.67,2.85,82.57,118.94,1,0,0,23,224,4.4
7217,10162,694,5,4,2026-05-26,Spring Hill,Residential,0,0,193.12,1.38,2.12,59.3,31.26,1,0,0,9,269,4.4
7218,10163,1136,1,5,2026-05-26,Nolensville,Commercial,0,0,834.82,2.09,2.17,78.17,191.32,1,0,1,21,260,4.6
7219,10167,786,6,7,2026-05-26,Franklin,Residential,0,0,1306.13,3.47,3.06,107.14,555.95,1,0,0,30,211,4.9
7220,10168,956,3,5,2026-05-26,Brentwood,Residential,0,0,10678.94,20.38,15.95,574.2,5162.89,1,0,0,25,277,5.0
7221,10169,866,6,3,2026-05-26,Spring Hill,Residential,0,0,1154.29,3.2,2.77,80.45,481.51,1,0,0,56,151,4.3
7222,10171,869,1,5,2026-05-26,Spring Hill,Residential,1,0,460.97,2.16,1.72,61.97,98.25,0,1,0,36,267,3.8
7223,10172,504,3,7,2026-05-26,Nashville,Residential,0,0,8321.33,17.24,13.37,467.85,4405.54,1,0,0,42,229,4.7
7224,10173,632,6,3,2026-05-26,Brentwood,Residential,0,0,1422.95,3.07,3.04,88.27,680.21,1,0,0,44,192,4.0
7225,10176,253,1,1,2026-05-27,Brentwood,Residential,0,0,621.33,2.44,2.33,79.14,129.88,1,0,0,47,314,4.8
7226,10177,996,3,7,2026-05-27,Brentwood,Residential,0,0,9120.67,15.03,10.45,365.69,4598.79,0,0,0,45,326,4.5
7227,10179,25,7,7,2026-05-27,Nashville,Residential,0,0,1016.53,3.52,4.52,158.19,245.54,1,0,0,44,203,5.0
7228,10180,701,1,2,2026-05-27,Franklin,Residential,1,0,430.78,2.12,2.02,70.77,95.13,1,0,0,35,276,4.7
7229,10181,811,7,5,2026-05-27,Nolensville,Residential,1,0,1554.87,4.59,4.48,161.32,464.35,1,0,0,35,260,4.8
7230,10182,513,1,3,2026-05-27,Nashville,Residential,1,0,515.55,2.15,1.86,53.82,132.38,1,0,0,49,264,4.9
7231,10183,1400,5,3,2026-05-27,Nashville,Residential,0,0,231.41,1.36,1.4,40.72,35.15,1,0,1,8,145,4.9
7232,10185,290,6,2,2026-05-27,Nashville,Residential,1,0,1348.07,3.94,4.42,154.83,575.09,1,0,0,37,279,4.8
7233,10186,1428,5,1,2026-05-27,Franklin,Residential,1,0,146.29,1.31,1.49,50.68,24.37,1,0,0,23,299,5.0
7234,10187,201,1,1,2026-05-27,Nashville,Residential,0,0,500.25,2.22,1.41,47.84,103.22,1,0,1,9,205,4.7
7235,10192,1238,5,8,2026-05-27,Nolensville,Residential,0,0,223.96,1.26,1.43,38.69,29.1,1,0,0,29,261,4.2
7236,10193,1412,5,5,2026-05-27,Franklin,Residential,0,0,191.46,1.18,1.05,37.9,22.95,1,0,0,48,266,4.6
7237,10194,1392,6,4,2026-05-27,Nashville,Residential,0,0,1253.24,4.03,3.91,109.6,551.02,0,1,0,37,211,4.3
7238,10195,958,1,1,2026-05-27,Franklin,Residential,0,0,536.94,2.35,2.02,68.83,120.59,0,1,0,51,189,4.0
7239,10196,75,7,2,2026-05-27,Spring Hill,Residential,1,0,1630.6,4.02,3.28,114.87,408.8,0,0,0,37,173,5.0
7240,10198,731,1,5,2026-05-27,Nashville,Residential,0,0,523.66,2.31,2.34,84.1,104.96,1,0,1,15,226,4.8
7241,10199,1335,1,4,2026-05-27,Nolensville,Residential,0,0,391.93,2.56,2.38,66.77,88.52,1,0,0,63,274,4.4
7242,10200,998,5,2,2026-05-28,Franklin,Residential,1,0,160.6,1.42,1.1,38.4,22.68,1,0,0,13,238,5.0
7243,10201,842,5,1,2026-05-28,Franklin,Residential,0,0,289.94,1.37,1.32,45.01,48.48,1,0,0,43,298,4.8
7244,10203,232,1,5,2026-05-28,Franklin,Residential,0,1,669.42,2.29,2.02,72.57,144.3,1,0,0,49,36,4.5
7245,10204,289,6,2,2026-05-28,Spring Hill,Residential,0,0,1039.52,4.66,7.14,249.84,406.89,1,0,0,32,272,5.0
7246,10205,336,3,7,2026-05-28,Spring Hill,Residential,0,0,11734.17,19.9,24.97,873.85,6228.41,0,1,0,34,212,4.5
7247,10207,881,1,1,2026-05-28,Nashville,Residential,0,0,572.72,2.5,2.03,69.17,131.23,1,0,0,20,282,4.7
7248,10208,961,1,1,2026-05-28,Nashville,Residential,0,0,399.14,1.86,1.53,51.87,97.45,1,0,0,43,276,4.7
7249,10209,1417,1,3,2026-05-28,Franklin,Residential,0,0,541.58,2.48,3.01,87.37,111.8,0,1,1,27,311,4.0
7250,10211,24,1,5,2026-05-28,Brentwood,Residential,0,1,464.33,1.78,1.84,66.36,98.76,1,0,0,41,89,4.9
7251,10212,1429,6,7,2026-05-28,Nashville,Commercial,0,0,1748.44,3.35,3.49,122.15,628.1,1,0,0,62,294,5.0
7252,10213,972,5,2,2026-05-28,Spring Hill,Residential,1,0,186.56,1.05,1.19,41.8,28.98,1,0,0,48,239,4.8
7253,10214,625,2,5,2026-05-28,Brentwood,Residential,0,0,539.39,2.56,2.09,75.41,127.88,1,0,0,29,221,4.9
7254,10216,312,4,5,2026-05-28,Franklin,Residential,0,0,2976.31,11.05,11.69,420.86,1063.62,1,0,0,64,404,4.8
7255,10217,979,2,7,2026-05-28,Franklin,Residential,0,0,441.66,2.5,2.7,94.35,105.71,0,1,0,37,136,4.4
7256,10218,186,5,7,2026-05-28,Nashville,Residential,0,0,165.18,1.07,1.24,43.32,23.3,1,0,1,53,333,4.2
7257,10219,503,1,1,2026-05-28,Nashville,Residential,0,0,523.21,2.26,1.65,56.08,102.27,1,0,0,26,292,4.9
7258,10220,209,5,1,2026-05-28,Franklin,Residential,1,0,199.85,1.19,1.22,41.64,31.38,1,0,0,31,294,4.9
7259,10222,1274,5,7,2026-05-28,Nashville,Residential,0,0,182.93,1.61,1.42,49.54,22.1,1,0,0,41,292,4.6
7260,10223,590,2,4,2026-05-28,Franklin,Residential,1,0,504.4,2.36,2.42,67.78,125.03,1,0,0,56,256,4.1
7261,10224,1186,5,3,2026-05-29,Nashville,Residential,0,0,208.94,1.19,1.44,41.74,29.25,0,0,0,59,193,5.0
7262,10227,825,4,7,2026-05-29,Nashville,Residential,0,0,2806.65,10.22,12.9,451.63,846.96,1,0,0,55,152,4.5
7263,10228,843,1,3,2026-05-29,Franklin,Residential,0,0,426.13,2.37,2.47,71.7,105.19,1,0,0,48,153,4.6
7264,10230,143,2,5,2026-05-29,Brentwood,Residential,0,0,621.51,2.62,2.47,89.05,158.01,1,0,0,45,217,4.8
7265,10233,1312,4,7,2026-05-29,Brentwood,Residential,0,0,2443.64,9.87,12.77,446.87,880.14,0,0,0,8,204,4.6
7266,10234,999,5,7,2026-05-29,Spring Hill,Residential,0,0,173.04,1.11,0.95,33.15,24.6,0,1,0,59,240,4.2
7267,10235,291,5,3,2026-05-29,Franklin,Residential,0,0,153.12,1.1,0.85,24.54,19.73,0,1,0,36,226,4.0
7268,10236,826,1,5,2026-05-29,Nashville,Commercial,1,1,1024.53,2.36,2.11,75.99,212.16,1,0,0,32,92,4.7
7269,10237,107,2,1,2026-05-29,Nashville,Residential,0,0,518.78,2.11,1.88,63.86,73.37,1,0,1,15,180,5.0
7270,10238,1399,2,6,2026-05-29,Nolensville,Residential,0,0,618.04,2.57,2.95,91.32,124.45,1,0,0,41,165,4.9
7271,10239,143,1,8,2026-05-29,Brentwood,Residential,0,0,529.46,2.24,2.51,67.81,112.48,1,0,0,35,286,3.9
7272,10241,1311,2,2,2026-05-29,Nashville,Residential,0,0,510.98,2.32,2.1,73.62,119.08,1,0,0,41,193,4.3
7273,10243,1107,5,7,2026-05-30,Nashville,Residential,1,0,249.43,1.34,1.29,45.3,38.78,1,0,0,19,254,4.4
7274,10244,524,2,5,2026-05-30,Nashville,Residential,0,0,743.19,2.69,2.11,76.13,150.77,1,1,0,28,234,4.2
7275,10245,169,4,5,2026-05-30,Franklin,Residential,0,0,2485.66,8.5,8.15,293.55,744.91,1,0,0,38,242,4.9
7276,10246,325,7,7,2026-05-30,Brentwood,Residential,0,0,1194.41,4.26,4.87,170.4,286.65,1,0,0,55,241,4.4
7277,10247,940,1,2,2026-05-30,Nashville,Residential,1,0,388.46,2.13,2.22,77.76,97.87,1,0,0,49,298,5.0
7278,10250,976,4,5,2026-05-30,Spring Hill,Residential,0,0,3251.77,10.31,9.49,341.51,1082.49,0,1,0,47,297,4.2
7279,10253,1280,1,1,2026-05-30,Nashville,Residential,0,0,492.6,2.22,2.86,97.36,105.25,1,0,0,29,207,5.0
7280,10254,1021,2,2,2026-05-30,Franklin,Residential,0,0,572.8,2.17,2.12,74.28,134.54,1,0,0,21,235,5.0
7281,10256,388,2,5,2026-05-31,Brentwood,Residential,0,0,495.79,2.73,3.23,116.24,96.68,1,0,0,36,226,4.7
7282,10257,28,1,5,2026-05-31,Franklin,Commercial,1,0,574.16,1.85,2.13,76.68,146.95,1,0,0,27,234,5.0
7283,10258,426,3,5,2026-05-31,Franklin,Residential,0,0,9016.72,16.3,19.67,708.1,4563.79,0,0,0,39,251,4.6
7284,10259,931,5,1,2026-05-31,Brentwood,Residential,1,0,245.14,1.26,1.05,35.79,33.82,1,0,0,46,128,5.0
7285,10260,245,5,5,2026-05-31,Franklin,Residential,0,0,139.32,1.36,1.35,48.45,19.53,0,0,0,40,218,4.9
7286,10261,1295,5,4,2026-05-31,Franklin,Residential,0,0,212.13,1.18,1.33,37.36,33.26,1,0,0,55,159,4.3
7287,10262,30,1,2,2026-05-31,Franklin,Residential,0,1,467.66,2.05,1.56,54.72,100.72,1,0,1,26,68,4.9
7288,10264,496,5,1,2026-05-31,Nashville,Residential,0,0,220.54,1.21,1.07,36.35,29.16,1,0,1,24,224,4.9
7289,10266,261,1,5,2026-05-31,Nolensville,Residential,1,1,553.91,2.58,3.4,122.24,147.17,1,0,0,52,102,4.4
7290,10267,626,5,3,2026-05-31,Nashville,Residential,0,0,211.53,1.29,1.39,40.35,29.79,1,0,0,45,228,4.1
7291,10269,347,7,7,2026-05-31,Franklin,Residential,0,0,1114.47,5.21,5.9,206.44,284.33,0,1,0,36,217,4.2
7292,10270,992,2,3,2026-06-01,Spring Hill,Residential,0,0,674.51,3.26,3.38,98.16,146.94,1,0,0,35,230,4.5
7293,10272,1102,1,1,2026-06-01,Franklin,Residential,0,0,546.31,2.79,2.62,89.18,109.71,1,0,1,47,358,4.9
7294,10274,642,5,3,2026-06-01,Brentwood,Residential,0,0,180.88,1.07,0.87,25.25,26.2,1,0,0,25,173,4.6
7295,10275,1013,3,7,2026-06-01,Nashville,Residential,0,0,9502.86,15.5,14.72,515.15,4412.58,1,0,0,31,353,4.7
7296,10277,861,2,1,2026-06-01,Nashville,Residential,0,0,705.73,2.34,2.12,71.99,150.26,1,0,0,35,123,4.5
7297,10279,1321,1,3,2026-06-01,Nashville,Residential,0,0,557.14,2.39,2.54,73.76,97.53,1,0,0,16,232,4.4
7298,10280,575,1,2,2026-06-01,Franklin,Residential,0,1,467.76,2.21,1.95,68.37,106.93,1,0,0,39,101,4.6
7299,10281,347,3,7,2026-06-01,Franklin,Residential,0,0,8611.8,17.17,16.84,589.57,4896.18,1,0,0,32,158,4.6
7300,10282,876,2,7,2026-06-01,Brentwood,Residential,0,0,425.25,2.7,2.59,90.55,93.72,1,0,0,43,316,4.4
7301,10283,605,1,4,2026-06-01,Franklin,Commercial,0,0,1124.2,2.29,2.91,81.41,220.78,1,0,0,45,240,4.4
7302,10284,234,4,7,2026-06-01,Brentwood,Commercial,0,0,4798.32,10.5,11.23,392.92,1413.88,1,0,0,69,251,4.4
7303,10287,1197,2,6,2026-06-01,Nashville,Residential,1,1,458.05,2.41,2.33,72.27,124.27,0,1,0,37,20,4.3
7304,10288,6,1,4,2026-06-01,Nashville,Residential,0,0,453.52,1.94,2.05,57.36,99.55,1,0,1,48,211,4.5
7305,10289,93,1,6,2026-06-01,Nolensville,Residential,0,0,479.97,2.46,2.45,75.94,120.45,1,0,0,41,281,5.0
7306,10290,861,4,7,2026-06-01,Nashville,Residential,0,0,2429.53,8.78,11.76,411.52,712.35,1,0,0,59,159,4.5
7307,10291,166,3,5,2026-06-01,Nashville,Residential,0,0,9213.79,17.33,15.66,563.9,5360.4,1,0,0,30,260,4.8
7308,10292,54,4,5,2026-06-01,Spring Hill,Residential,0,0,2586.55,10.21,9.56,344.02,727.74,1,0,0,54,215,4.7
7309,10293,557,6,2,2026-06-01,Nashville,Residential,1,0,1125.48,3.4,2.65,92.72,442.18,1,0,0,51,227,4.5
7310,10294,395,5,4,2026-06-01,Brentwood,Commercial,1,0,315.35,1.29,1.45,40.56,43.05,1,0,0,23,210,4.8
7311,10295,61,2,2,2026-06-01,Brentwood,Residential,0,0,371.4,2.61,2.67,93.49,70.18,1,0,0,48,337,4.8
7312,10297,244,4,7,2026-06-02,Spring Hill,Residential,0,0,3196.35,9.8,11.26,394.07,1043.78,0,0,0,21,230,4.5
7313,10298,282,5,7,2026-06-02,Nashville,Residential,1,0,243.11,1.39,1.8,63.04,32.87,1,0,0,37,142,4.9
7314,10299,1092,1,7,2026-06-02,Nashville,Residential,0,0,620.32,2.31,2.2,76.96,164.96,0,1,0,60,277,4.0
7315,10300,105,5,4,2026-06-02,Brentwood,Residential,0,0,255.67,1.39,1.37,38.23,32.33,1,0,0,38,152,4.5
7316,10301,1241,7,4,2026-06-02,Nolensville,Residential,0,0,913.19,5.01,6.2,173.68,198.3,1,0,0,40,159,4.5
7317,10302,1260,4,5,2026-06-02,Spring Hill,Residential,0,0,2509.89,10.39,8.78,316.11,506.63,1,0,0,28,297,4.8
7318,10303,70,2,8,2026-06-02,Brentwood,Residential,0,0,318.51,2.27,2.5,67.54,71.5,1,0,0,46,242,4.5
7319,10304,378,5,4,2026-06-02,Nashville,Residential,0,0,225.85,1.36,1.65,46.08,40.75,1,0,0,39,274,4.4
7320,10306,424,5,3,2026-06-02,Spring Hill,Residential,1,0,239.51,1.33,1.28,37.13,33.12,1,0,0,34,305,4.3
7321,10307,359,6,1,2026-06-02,Nolensville,Residential,0,0,1117.68,3.35,2.77,94.33,563.36,1,0,0,31,223,4.7
7322,10308,34,1,3,2026-06-02,Franklin,Residential,0,0,504.63,2.0,1.46,42.25,114.51,0,0,1,61,205,4.4
7323,10309,100,1,4,2026-06-02,Nashville,Residential,0,0,543.83,2.1,2.44,68.38,134.5,1,0,0,52,290,4.4
7324,10310,11,5,2,2026-06-02,Nashville,Residential,0,0,182.27,1.61,1.71,59.81,29.18,1,0,0,15,251,4.5
7325,10311,732,5,5,2026-06-02,Nashville,Residential,1,0,251.48,1.29,1.17,42.16,33.47,1,0,0,22,310,4.5
7326,10312,1299,5,8,2026-06-02,Nashville,Residential,0,0,209.88,1.21,1.48,39.97,28.85,1,0,0,34,148,4.8
7327,10315,177,6,2,2026-06-02,Nashville,Residential,0,0,1181.39,3.32,3.75,131.11,548.62,1,0,0,49,279,4.6
7328,10318,1406,5,2,2026-06-02,Nashville,Residential,1,0,145.47,1.17,1.3,45.36,17.97,1,0,0,43,325,5.0
7329,10319,1401,1,4,2026-06-02,Spring Hill,Residential,0,1,381.22,2.64,2.59,72.41,74.75,1,0,1,38,120,4.5
7330,10320,679,2,8,2026-06-03,Spring Hill,Residential,1,0,496.71,2.02,1.77,47.66,120.36,1,0,0,57,271,4.4
7331,10321,178,4,5,2026-06-03,Nashville,Residential,0,0,2505.67,8.22,6.22,224.0,944.6,0,0,0,32,281,4.9
7332,10322,717,5,3,2026-06-03,Nolensville,Residential,0,0,193.49,1.35,1.5,43.45,28.11,0,1,0,23,243,4.6
7333,10323,222,7,3,2026-06-03,Nolensville,Residential,0,0,1048.51,5.15,4.42,128.21,253.19,1,0,0,38,267,4.5
7334,10324,797,2,3,2026-06-03,Nashville,Residential,1,1,322.87,2.49,2.12,61.52,98.97,1,0,0,24,160,4.3
7335,10326,1007,6,8,2026-06-03,Nashville,Commercial,0,0,2406.49,3.65,4.03,108.8,932.61,1,0,0,30,205,4.5
7336,10327,276,6,7,2026-06-03,Nashville,Residential,0,0,1502.0,3.49,3.89,136.26,614.89,1,0,0,35,145,4.9
7337,10329,326,1,3,2026-06-03,Spring Hill,Residential,0,1,404.76,2.46,2.55,73.95,66.24,1,0,0,51,36,4.9
7338,10330,245,6,5,2026-06-03,Franklin,Residential,0,0,957.18,3.58,3.65,131.31,379.94,1,1,0,30,316,4.4
7339,10331,1336,5,4,2026-06-03,Spring Hill,Residential,0,0,147.31,1.58,2.05,57.38,22.06,1,0,0,62,183,4.5
7340,10332,653,1,8,2026-06-03,Franklin,Residential,0,0,411.94,1.88,1.81,48.76,85.06,1,0,0,48,294,4.0
7341,10333,548,5,7,2026-06-03,Spring Hill,Commercial,1,0,295.59,1.24,1.36,47.75,44.73,1,0,0,37,281,4.7
7342,10335,1192,6,2,2026-06-04,Brentwood,Residential,0,0,1293.3,4.34,3.46,121.15,641.78,1,0,0,44,262,4.8
7343,10337,480,1,1,2026-06-04,Franklin,Commercial,0,0,796.66,2.22,1.99,67.83,208.81,1,0,0,34,159,4.8
7344,10338,678,2,4,2026-06-04,Nashville,Residential,0,0,512.92,2.67,3.11,87.09,123.35,1,0,0,54,215,4.3
7345,10339,340,6,6,2026-06-04,Franklin,Residential,0,0,813.05,3.67,3.71,114.94,282.12,1,0,0,37,265,4.6
7346,10340,200,1,5,2026-06-04,Nashville,Residential,0,1,513.96,1.54,1.56,56.31,111.2,1,0,0,44,180,4.7
7347,10341,205,4,5,2026-06-04,Franklin,Residential,1,0,1995.37,9.16,8.76,315.21,627.77,1,0,0,54,249,4.4
7348,10342,1357,6,1,2026-06-04,Franklin,Residential,0,0,1076.34,3.97,3.95,134.24,416.0,1,0,0,51,264,4.6
7349,10343,737,2,2,2026-06-04,Spring Hill,Residential,1,0,431.5,2.37,2.31,80.87,101.54,0,1,0,51,247,4.0
7350,10344,470,1,8,2026-06-04,Brentwood,Commercial,0,0,784.93,1.96,1.92,51.95,145.91,1,0,0,55,246,4.5
7351,10345,1074,2,3,2026-06-04,Nashville,Residential,0,0,541.13,2.29,2.41,69.82,131.41,1,0,0,37,222,4.2
7352,10346,994,2,4,2026-06-04,Franklin,Residential,1,1,429.01,2.34,2.27,63.47,106.49,1,0,0,35,67,4.3
7353,10347,163,6,1,2026-06-04,Nashville,Residential,1,0,905.93,3.17,1.9,64.65,361.66,1,0,0,31,285,4.7
7354,10348,706,2,2,2026-06-04,Nolensville,Commercial,0,0,1305.08,2.95,3.28,114.67,251.67,1,0,0,51,229,5.0
7355,10349,1297,6,1,2026-06-04,Nashville,Residential,1,0,857.2,3.28,3.28,111.53,341.83,1,0,0,31,344,4.7
7356,10351,850,2,5,2026-06-04,Brentwood,Residential,0,0,366.11,2.42,2.59,93.24,84.73,0,1,0,42,280,3.9
7357,10352,9,5,6,2026-06-04,Nolensville,Residential,1,0,227.04,1.35,1.55,47.97,33.37,1,0,0,22,238,5.0
7358,10353,582,1,6,2026-06-04,Nashville,Residential,0,0,649.82,2.44,2.19,67.79,128.07,0,1,0,34,180,4.4
7359,10354,167,2,4,2026-06-04,Brentwood,Residential,0,0,532.68,2.09,2.2,61.73,113.5,0,0,0,50,222,4.6
7360,10355,173,2,5,2026-06-05,Spring Hill,Residential,1,1,504.79,2.14,2.33,83.8,109.54,0,1,0,50,23,3.7
7361,10357,1277,1,2,2026-06-05,Brentwood,Residential,1,0,350.8,1.92,2.13,74.54,93.08,1,0,0,40,346,4.6
7362,10359,562,1,1,2026-06-05,Spring Hill,Residential,1,0,427.67,2.28,1.94,66.02,114.22,1,0,0,57,244,5.0
7363,10362,1396,1,4,2026-06-05,Spring Hill,Residential,1,0,274.85,2.76,2.98,83.32,59.23,1,0,0,31,245,4.2
7364,10363,222,6,3,2026-06-05,Nolensville,Residential,0,0,951.23,3.94,3.24,93.95,404.52,1,0,0,43,289,4.6
7365,10365,833,2,6,2026-06-05,Franklin,Residential,0,0,708.52,2.64,2.46,76.13,134.65,1,1,0,42,212,4.0
7366,10366,295,1,3,2026-06-05,Nolensville,Residential,0,1,367.66,2.02,1.9,54.99,86.85,1,0,0,28,88,4.7
7367,10370,146,2,7,2026-06-05,Nolensville,Residential,1,0,448.93,2.12,2.04,71.52,122.38,1,0,0,38,204,4.7
7368,10371,1075,1,4,2026-06-05,Nashville,Residential,0,0,662.97,1.85,2.09,58.57,144.88,1,0,0,40,170,4.8
7369,10373,876,1,8,2026-06-05,Brentwood,Residential,0,0,417.18,1.88,2.46,66.32,95.93,1,0,0,39,294,4.3
7370,10374,611,5,3,2026-06-05,Nashville,Residential,0,0,173.85,1.58,1.75,50.63,23.82,1,0,0,30,176,4.8
7371,10375,586,1,2,2026-06-05,Nashville,Residential,0,1,524.73,2.16,2.22,77.72,119.13,1,0,0,36,20,5.0
7372,10376,336,1,4,2026-06-05,Spring Hill,Residential,0,1,443.5,2.25,2.3,64.28,106.21,1,0,0,36,90,4.4
7373,10377,316,1,1,2026-06-05,Nolensville,Residential,0,1,405.86,1.96,1.48,50.17,81.17,1,0,0,55,97,4.5
7374,10378,55,5,6,2026-06-05,Brentwood,Residential,0,0,204.52,1.33,1.71,52.88,28.85,1,0,1,25,157,4.9
7375,10379,294,7,7,2026-06-06,Spring Hill,Residential,1,0,1057.14,5.31,5.52,193.12,332.89,1,0,0,36,312,4.6
7376,10380,175,1,4,2026-06-06,Nashville,Residential,1,1,358.19,2.34,2.24,62.74,81.44,0,0,0,49,51,4.4
7377,10381,1098,5,1,2026-06-06,Nashville,Residential,0,0,138.44,1.6,1.98,67.42,24.34,1,0,1,39,285,4.8
7378,10383,1349,5,3,2026-06-06,Nashville,Residential,0,0,247.32,1.47,1.32,38.16,39.7,1,0,1,41,231,4.4
7379,10384,964,5,4,2026-06-06,Franklin,Residential,1,0,191.11,1.12,0.97,27.03,31.85,1,0,0,59,195,4.5
7380,10385,41,4,5,2026-06-06,Nolensville,Residential,0,0,1961.7,8.61,8.97,322.79,618.79,1,0,0,22,222,4.7
7381,10386,1425,1,2,2026-06-06,Franklin,Residential,0,1,410.55,2.58,2.2,76.96,73.57,1,0,0,20,90,5.0
7382,10387,225,1,1,2026-06-06,Spring Hill,Residential,1,1,493.95,2.26,2.38,80.76,102.43,1,0,0,54,20,5.0
7383,10388,1138,1,3,2026-06-06,Nashville,Residential,0,0,464.15,2.29,2.2,63.77,88.09,1,0,0,40,242,4.6
7384,10389,594,1,2,2026-06-06,Franklin,Residential,0,1,511.92,2.24,1.52,53.37,139.33,1,0,0,38,20,5.0
7385,10390,448,1,4,2026-06-07,Nashville,Residential,0,0,529.56,2.06,2.28,63.77,121.89,0,1,1,51,127,3.6
7386,10391,375,5,6,2026-06-07,Spring Hill,Residential,1,0,236.98,1.22,1.13,35.06,34.06,0,1,0,44,292,4.6
7387,10392,307,6,1,2026-06-07,Brentwood,Residential,0,0,869.19,3.71,4.53,154.18,360.96,1,0,0,32,226,4.6
7388,10393,1307,5,5,2026-06-07,Nashville,Commercial,0,0,419.75,1.21,1.51,54.26,54.34,1,0,0,24,244,4.5
7389,10395,512,5,7,2026-06-07,Franklin,Residential,0,0,175.8,1.38,1.89,66.24,27.03,0,1,0,32,236,3.9
7390,10396,997,3,5,2026-06-07,Nashville,Residential,0,0,8338.84,16.25,18.04,649.56,4181.22,1,0,0,38,245,4.7
7391,10400,1005,5,1,2026-06-07,Brentwood,Residential,0,0,159.62,1.42,1.3,44.26,25.75,1,0,0,34,231,4.6
7392,10402,1227,1,1,2026-06-07,Nashville,Residential,0,0,559.17,1.84,1.85,62.84,109.14,1,0,0,29,286,4.9
7393,10404,853,1,1,2026-06-07,Brentwood,Residential,0,1,654.11,2.27,1.96,66.47,123.93,1,0,1,33,76,4.9
7394,10406,1420,5,1,2026-06-07,Spring Hill,Residential,0,0,126.68,1.39,1.49,50.64,19.12,1,0,0,56,340,4.8
7395,10408,662,1,5,2026-06-08,Franklin,Residential,0,0,445.21,2.14,2.1,75.42,103.9,1,0,0,53,248,4.9
7396,10410,836,2,4,2026-06-08,Franklin,Residential,0,0,475.25,2.52,2.57,71.9,102.0,1,0,0,49,299,4.5
7397,10411,800,1,5,2026-06-08,Nashville,Residential,0,0,352.01,2.24,2.46,88.71,100.21,1,0,0,34,185,5.0
7398,10412,511,1,7,2026-06-08,Spring Hill,Residential,1,0,479.83,1.76,1.7,59.59,95.83,1,0,0,37,177,5.0
7399,10413,1134,2,8,2026-06-08,Spring Hill,Residential,0,0,436.69,2.17,2.68,72.37,104.76,0,1,0,29,202,4.2
7400,10414,159,1,1,2026-06-08,Nolensville,Residential,0,0,836.35,2.46,1.62,54.98,179.43,1,0,0,52,204,5.0
7401,10417,1297,1,2,2026-06-08,Nashville,Residential,1,0,386.25,2.14,2.08,72.83,73.23,1,0,0,58,222,4.6
7402,10419,1225,3,5,2026-06-08,Nashville,Commercial,1,0,16335.59,21.12,17.38,625.65,9257.38,1,0,0,38,306,5.0
7403,10422,868,2,8,2026-06-08,Nashville,Residential,0,0,479.69,3.06,3.88,104.77,121.95,0,1,0,26,264,3.2
7404,10424,231,1,1,2026-06-08,Brentwood,Residential,1,0,435.89,2.05,1.89,64.14,97.88,1,0,0,53,247,5.0
7405,10426,650,1,4,2026-06-08,Franklin,Commercial,1,0,1134.98,2.31,2.11,59.02,246.55,1,0,0,59,192,4.7
7406,10427,1445,4,7,2026-06-08,Franklin,Residential,1,0,1853.74,11.47,12.2,427.11,548.11,1,0,0,8,152,4.4
7407,10428,722,5,7,2026-06-09,Nashville,Residential,0,0,173.79,1.3,1.18,41.23,30.29,1,0,0,34,292,4.5
7408,10429,683,7,2,2026-06-09,Spring Hill,Residential,1,0,921.75,4.8,4.41,154.39,192.88,1,0,0,39,216,5.0
7409,10431,111,1,4,2026-06-09,Nashville,Residential,0,0,387.56,2.41,2.86,79.99,73.25,1,0,0,36,282,4.7
7410,10432,97,6,3,2026-06-09,Spring Hill,Residential,0,0,1663.72,3.78,2.47,71.64,555.13,1,0,0,41,124,4.4
7411,10433,594,1,1,2026-06-09,Franklin,Residential,0,0,534.31,2.01,2.36,80.34,106.28,1,0,0,41,254,4.4
7412,10435,1026,3,5,2026-06-09,Nashville,Residential,1,0,12103.25,13.45,12.02,432.81,6267.8,1,0,0,36,231,4.5
7413,10436,1135,1,8,2026-06-09,Franklin,Residential,0,0,391.8,2.29,3.04,82.18,83.48,1,0,1,59,189,3.9
7414,10437,239,1,8,2026-06-09,Nolensville,Residential,1,0,451.99,2.11,2.39,64.4,111.47,0,1,0,39,176,3.5
7415,10441,386,5,5,2026-06-09,Franklin,Residential,0,0,162.91,1.27,0.92,33.23,26.01,1,0,0,36,270,4.5
7416,10442,1138,3,5,2026-06-09,Nashville,Residential,0,0,9205.94,13.98,12.96,466.48,4673.61,1,0,0,42,241,4.4
7417,10443,574,4,5,2026-06-09,Brentwood,Residential,0,0,1953.78,8.62,7.83,281.8,524.89,1,0,0,44,175,4.4
7418,10446,824,5,8,2026-06-09,Nashville,Residential,0,0,151.89,1.47,2.11,57.04,22.13,0,1,1,29,191,3.7
7419,10447,1313,4,7,2026-06-09,Franklin,Residential,0,0,2548.95,10.58,10.47,366.44,676.03,1,0,0,39,275,5.0
7420,10448,793,2,7,2026-06-09,Nolensville,Commercial,0,1,720.66,2.2,2.54,88.86,126.82,1,0,0,44,110,4.7
7421,10450,1024,1,2,2026-06-09,Nashville,Residential,0,0,526.14,2.56,3.09,107.99,96.74,1,0,0,40,245,4.7
7422,10451,76,1,1,2026-06-09,Nashville,Residential,1,1,346.77,1.75,1.85,63.01,96.34,0,1,0,44,20,3.7
7423,10452,918,4,7,2026-06-09,Spring Hill,Commercial,1,0,4637.06,10.33,12.07,422.53,1502.84,1,0,0,38,233,4.3
7424,10453,1393,1,2,2026-06-09,Nashville,Residential,1,0,431.72,2.12,2.07,72.45,97.14,1,0,0,46,151,4.8
7425,10455,606,1,8,2026-06-10,Brentwood,Residential,0,0,312.23,2.35,2.8,75.71,69.64,1,0,0,63,200,4.4
7426,10458,467,6,4,2026-06-10,Brentwood,Residential,0,0,1244.35,3.56,3.51,98.19,556.53,1,0,0,41,266,4.5
7427,10459,1015,5,1,2026-06-10,Franklin,Residential,0,0,181.08,1.34,1.62,55.21,32.97,1,0,0,51,313,4.4
7428,10460,188,3,7,2026-06-10,Brentwood,Residential,1,0,9773.33,17.5,16.97,593.79,5034.68,1,0,0,46,245,5.0
7429,10462,102,1,2,2026-06-10,Nashville,Residential,0,1,410.52,2.5,2.69,94.02,82.0,1,0,1,34,110,4.7
7430,10464,1110,2,7,2026-06-10,Brentwood,Commercial,1,0,720.84,1.9,2.11,73.75,159.41,0,1,0,50,274,4.2
7431,10465,419,5,5,2026-06-10,Nashville,Commercial,1,0,286.13,1.23,1.35,48.7,40.64,0,1,0,27,276,3.7
7432,10466,580,1,1,2026-06-10,Franklin,Residential,0,0,559.03,1.97,1.6,54.52,131.05,1,0,0,49,239,4.9
7433,10468,845,3,5,2026-06-10,Brentwood,Residential,1,0,9516.48,17.92,16.73,602.36,5260.32,1,0,0,21,202,4.7
7434,10469,752,5,7,2026-06-10,Nolensville,Residential,0,0,172.54,1.38,1.1,38.65,25.52,1,0,0,43,296,4.5
7435,10470,1073,2,3,2026-06-10,Spring Hill,Commercial,0,0,973.55,2.12,1.45,41.91,191.38,0,0,1,40,251,4.4
7436,10471,1250,2,4,2026-06-10,Nashville,Residential,0,0,398.12,2.08,2.16,60.38,85.48,1,0,0,43,277,5.0
7437,10472,42,1,2,2026-06-10,Spring Hill,Residential,0,0,363.07,1.98,2.17,75.84,66.85,1,0,0,32,200,4.7
7438,10473,1321,5,2,2026-06-10,Nashville,Residential,0,0,264.57,1.2,1.38,48.19,43.51,0,0,0,49,215,4.7
7439,10474,747,4,5,2026-06-10,Nashville,Residential,0,0,2325.61,10.34,10.07,362.62,664.56,1,0,0,19,194,5.0
7440,10475,414,1,4,2026-06-10,Nashville,Residential,0,0,462.53,2.35,2.83,79.36,126.85,1,0,0,45,157,4.6
7441,10476,723,2,7,2026-06-10,Franklin,Residential,1,0,422.09,1.92,2.47,86.42,115.41,1,0,0,8,276,4.5
7442,10477,286,1,2,2026-06-10,Spring Hill,Residential,0,0,499.88,1.62,1.57,54.84,95.86,1,0,0,45,307,5.0
7443,10478,538,2,1,2026-06-10,Spring Hill,Residential,1,0,606.2,2.88,2.68,91.19,136.74,1,0,0,21,162,5.0
7444,10480,700,6,4,2026-06-10,Spring Hill,Residential,1,0,971.45,3.97,4.43,124.15,430.0,1,0,0,37,168,4.6
7445,10481,64,5,3,2026-06-10,Nashville,Residential,0,0,166.4,1.3,1.43,41.35,26.32,1,0,0,45,257,4.9
7446,10483,1288,1,4,2026-06-10,Spring Hill,Residential,0,0,544.88,2.07,2.61,72.97,85.71,1,0,0,29,368,4.7
7447,10485,1362,5,5,2026-06-10,Franklin,Residential,0,0,196.77,1.58,1.57,56.67,28.69,1,0,0,40,215,4.7
7448,10486,471,1,2,2026-06-11,Spring Hill,Residential,0,1,475.52,2.29,2.38,83.42,105.85,1,0,0,51,104,5.0
7449,10487,102,3,5,2026-06-11,Nashville,Residential,0,0,12568.58,16.96,18.12,652.45,6820.77,1,0,0,55,186,4.7
7450,10489,725,1,4,2026-06-11,Nashville,Commercial,1,0,905.74,2.42,2.75,77.05,170.06,0,1,0,52,229,4.0
7451,10491,1269,5,5,2026-06-11,Brentwood,Residential,0,0,185.81,1.19,1.07,38.68,21.17,1,0,0,44,228,4.5
7452,10492,178,5,4,2026-06-11,Nashville,Residential,0,0,210.42,1.3,1.26,35.23,29.67,1,0,1,46,311,3.9
7453,10493,825,2,8,2026-06-11,Nashville,Residential,0,0,607.09,1.8,1.83,49.54,138.61,0,1,0,59,245,4.0
7454,10494,222,1,5,2026-06-11,Nolensville,Residential,0,1,502.82,2.1,2.03,72.95,96.33,1,0,0,29,20,5.0
7455,10495,161,1,5,2026-06-11,Franklin,Residential,1,0,538.79,1.85,1.75,62.95,114.71,1,0,0,30,173,4.5
7456,10496,532,4,7,2026-06-11,Nashville,Residential,0,0,2560.17,10.15,7.71,269.81,843.03,1,0,0,48,280,4.5
7457,10497,405,5,3,2026-06-11,Franklin,Commercial,0,0,312.26,1.34,1.47,42.62,46.45,1,0,0,52,229,4.8
7458,10498,981,2,2,2026-06-11,Nashville,Residential,0,0,656.0,2.1,2.47,86.57,128.55,1,0,0,37,228,4.8
7459,10499,1428,1,8,2026-06-11,Franklin,Residential,1,1,565.74,2.6,3.34,90.08,153.46,0,0,0,35,99,4.1
7460,10501,939,1,5,2026-06-11,Franklin,Residential,0,0,546.7,2.27,2.65,95.26,126.97,0,1,0,41,284,4.1
7461,10502,500,6,8,2026-06-11,Nashville,Commercial,0,0,2396.63,3.74,4.71,127.12,1078.26,1,0,0,21,267,4.7
7462,10503,462,5,2,2026-06-11,Nashville,Commercial,1,0,261.27,1.29,1.27,44.44,50.08,1,0,0,45,249,5.0
7463,10506,641,1,2,2026-06-12,Nashville,Residential,0,0,441.85,2.33,2.32,81.04,104.9,1,0,1,29,212,4.6
7464,10507,332,6,7,2026-06-12,Nolensville,Residential,1,0,1617.18,3.61,4.21,147.3,702.87,1,0,0,31,288,4.8
7465,10508,1028,2,5,2026-06-12,Nolensville,Residential,0,1,566.68,2.2,1.89,68.14,132.88,0,0,0,45,83,4.6
7466,10510,619,2,4,2026-06-12,Nashville,Residential,1,0,544.36,2.74,3.58,100.13,148.35,1,1,0,44,224,3.7
7467,10511,2,5,8,2026-06-12,Nashville,Residential,0,0,141.78,1.37,1.53,41.34,22.89,0,1,0,21,309,3.7
7468,10512,1272,2,3,2026-06-12,Nolensville,Commercial,0,0,1230.07,2.7,3.5,101.4,317.51,1,0,0,14,181,4.3
7469,10513,33,3,5,2026-06-12,Nashville,Residential,0,0,9751.3,18.76,20.14,724.93,5289.04,1,0,0,19,271,4.6
7470,10514,817,6,8,2026-06-12,Spring Hill,Residential,0,0,1448.84,3.19,2.8,75.5,458.2,1,0,0,47,269,4.2
7471,10515,410,5,4,2026-06-12,Brentwood,Residential,0,0,231.89,1.51,1.54,43.09,29.08,1,0,0,59,350,4.5
7472,10519,369,5,3,2026-06-12,Franklin,Residential,0,0,178.1,1.35,1.17,33.88,28.03,1,0,0,9,338,4.3
7473,10522,254,3,7,2026-06-12,Franklin,Residential,1,0,8067.51,17.14,13.33,466.58,4877.47,1,0,0,32,153,4.9
7474,10523,692,1,4,2026-06-12,Nashville,Commercial,0,0,686.2,2.23,1.73,48.45,141.36,1,0,0,35,239,4.8
7475,10525,1376,6,2,2026-06-12,Nashville,Residential,1,0,1149.15,3.03,3.2,112.07,531.33,1,0,0,30,263,4.8
7476,10526,1091,3,7,2026-06-12,Nolensville,Residential,1,0,9407.68,18.0,21.11,738.85,3984.7,1,0,0,52,156,5.0
7477,10527,549,6,8,2026-06-13,Nashville,Residential,0,0,1123.27,3.67,4.44,119.91,449.08,1,0,0,39,196,4.7
7478,10528,1290,5,6,2026-06-13,Franklin,Residential,0,0,179.28,1.48,1.51,46.82,34.61,1,0,0,24,170,4.7
7479,10529,986,3,7,2026-06-13,Franklin,Residential,0,0,8139.1,16.94,16.33,571.41,4577.96,1,0,0,25,273,4.3
7480,10530,426,6,5,2026-06-13,Franklin,Residential,0,0,975.8,3.28,2.74,98.52,390.67,1,0,0,41,186,4.6
7481,10531,52,1,7,2026-06-13,Nolensville,Residential,1,1,619.25,2.75,3.38,118.43,140.19,1,0,0,36,75,4.3
7482,10532,104,2,4,2026-06-13,Nashville,Residential,0,0,557.29,2.83,3.37,94.34,124.31,1,0,0,26,256,4.7
7483,10533,1005,1,1,2026-06-13,Brentwood,Residential,0,0,444.19,2.01,1.95,66.44,97.64,1,0,0,49,258,5.0
7484,10534,1172,1,1,2026-06-13,Nashville,Residential,0,1,429.45,2.14,2.25,76.35,100.52,1,0,1,25,135,5.0
7485,10535,179,6,5,2026-06-13,Nashville,Residential,0,0,977.12,3.28,2.93,105.64,414.28,1,0,0,26,169,4.5
7486,10536,952,2,5,2026-06-13,Brentwood,Residential,1,0,509.77,2.87,2.77,99.88,127.59,1,1,0,32,222,4.0
7487,10537,290,5,2,2026-06-13,Nashville,Residential,1,0,236.6,1.2,1.35,47.16,30.34,1,0,0,31,307,4.8
7488,10538,876,1,5,2026-06-13,Brentwood,Residential,0,0,296.7,2.13,2.9,104.33,62.46,1,0,0,50,218,4.5
7489,10539,1240,7,7,2026-06-13,Nashville,Residential,1,0,1212.87,5.34,5.36,187.56,274.86,1,0,0,51,185,4.8
7490,10540,356,7,2,2026-06-14,Nolensville,Residential,0,0,1311.52,5.37,6.04,211.31,301.64,1,0,0,27,192,5.0
7491,10541,442,1,7,2026-06-14,Nolensville,Residential,1,0,460.67,2.04,1.71,59.84,118.95,1,1,0,46,204,4.2
7492,10542,1068,1,6,2026-06-14,Nolensville,Residential,0,0,468.3,2.19,1.89,58.6,111.32,1,0,0,28,218,4.9
7493,10543,1199,1,2,2026-06-14,Franklin,Residential,1,0,415.04,2.45,2.26,78.95,100.31,1,0,0,17,239,5.0
7494,10545,1225,5,3,2026-06-14,Nashville,Commercial,1,0,298.66,1.11,1.15,33.45,39.86,1,0,0,27,214,4.9
7495,10546,480,5,8,2026-06-14,Franklin,Commercial,0,0,346.21,1.51,1.75,47.28,65.85,1,1,0,65,245,4.1
7496,10547,686,1,5,2026-06-14,Nashville,Residential,0,0,442.19,2.7,2.09,75.15,109.39,1,1,0,47,204,4.4
7497,10550,44,5,2,2026-06-14,Brentwood,Residential,0,0,202.98,1.38,0.98,34.29,36.67,0,0,0,59,243,4.5
7498,10551,870,1,2,2026-06-14,Spring Hill,Residential,1,0,521.85,2.25,1.7,59.45,130.05,1,0,0,30,324,4.7
7499,10552,1326,6,2,2026-06-14,Nolensville,Residential,0,0,1174.01,3.2,3.01,105.25,429.36,1,1,0,39,221,4.2
7500,10553,995,2,5,2026-06-14,Nashville,Residential,0,0,497.06,2.11,1.64,58.91,93.67,0,1,0,33,189,4.3
7501,10556,856,5,2,2026-06-15,Nolensville,Residential,0,0,167.26,1.12,1.05,36.82,20.32,1,0,0,50,269,5.0
7502,10558,1182,2,5,2026-06-15,Nashville,Residential,1,0,490.24,2.62,3.42,122.99,117.73,1,0,0,40,266,4.9
7503,10559,366,1,8,2026-06-15,Nolensville,Residential,0,0,580.1,2.52,2.42,65.34,123.51,1,0,0,37,291,4.4
7504,10560,1185,5,4,2026-06-15,Brentwood,Residential,1,0,169.88,1.16,1.08,30.32,24.2,1,0,0,50,130,4.4
7505,10562,532,1,3,2026-06-15,Nashville,Residential,0,0,469.48,1.7,1.71,49.53,117.3,0,0,0,46,237,4.5
7506,10563,994,5,5,2026-06-15,Franklin,Residential,1,0,153.41,1.09,0.79,28.6,28.61,1,0,0,53,254,4.4
7507,10565,1091,5,7,2026-06-15,Nolensville,Residential,1,0,211.76,0.93,1.09,38.16,31.96,1,0,0,49,284,4.9
7508,10566,1091,3,7,2026-06-15,Nolensville,Residential,1,0,10288.95,18.15,11.71,409.9,4592.74,1,0,0,40,246,4.5
7509,10567,1006,1,2,2026-06-15,Spring Hill,Residential,0,0,393.02,2.34,2.94,103.02,72.02,1,0,0,45,275,4.6
7510,10568,79,5,4,2026-06-15,Franklin,Residential,0,0,160.31,1.55,1.51,42.37,23.09,0,1,0,45,201,3.9
7511,10569,251,7,7,2026-06-15,Brentwood,Residential,0,0,1147.64,4.87,4.72,165.05,309.45,1,0,0,70,320,4.6
7512,10570,720,1,8,2026-06-15,Nashville,Residential,0,0,465.76,2.16,2.21,59.77,110.93,1,1,1,29,240,3.5
7513,10571,285,5,1,2026-06-15,Franklin,Residential,0,0,224.47,1.14,0.77,26.17,33.44,1,0,0,51,226,4.5
7514,10572,370,2,3,2026-06-15,Franklin,Residential,0,1,543.08,2.34,2.16,62.59,121.14,1,0,0,35,161,4.9
7515,10574,670,1,3,2026-06-15,Nashville,Residential,0,0,429.23,2.45,2.55,74.05,84.73,1,0,0,24,199,4.4
7516,10575,707,5,4,2026-06-15,Franklin,Residential,0,0,188.46,1.32,1.35,37.73,28.18,0,0,0,49,245,5.0
7517,10576,1285,1,7,2026-06-16,Nolensville,Residential,0,0,405.85,2.44,2.2,77.03,82.56,1,0,0,64,240,4.5
7518,10577,1325,1,6,2026-06-16,Nashville,Residential,0,0,413.01,2.25,1.67,51.92,84.25,0,0,0,41,262,4.7
7519,10578,927,4,7,2026-06-16,Nashville,Residential,1,0,2799.75,8.1,10.79,377.5,938.14,1,1,0,37,270,4.2
7520,10580,76,5,2,2026-06-16,Nashville,Residential,1,0,133.35,1.28,1.38,48.23,17.36,1,1,0,47,322,4.3
7521,10583,1413,2,7,2026-06-16,Brentwood,Residential,0,0,582.91,2.52,2.49,87.22,116.16,1,0,1,61,199,4.6
7522,10584,412,1,3,2026-06-16,Franklin,Residential,0,1,406.79,2.02,2.15,62.47,74.29,1,0,1,41,129,4.6
7523,10585,78,2,5,2026-06-16,Nashville,Commercial,0,0,679.09,2.45,2.73,98.3,132.61,1,0,0,34,241,4.6
7524,10587,238,5,5,2026-06-16,Franklin,Residential,0,0,234.41,1.35,1.64,58.86,33.87,1,0,0,49,193,4.9
7525,10588,865,5,2,2026-06-16,Franklin,Residential,1,0,240.91,1.22,0.96,33.74,37.53,1,0,0,37,287,5.0
7526,10589,1154,5,7,2026-06-16,Nashville,Residential,1,0,233.07,1.44,1.54,53.79,33.09,1,0,0,39,153,5.0
7527,10590,434,5,6,2026-06-16,Nashville,Residential,0,0,181.73,1.12,0.96,29.66,28.45,1,0,0,37,261,4.8
7528,10591,6,1,6,2026-06-16,Nashville,Residential,0,0,482.8,1.82,1.66,51.58,118.07,1,0,0,34,149,4.4
7529,10592,687,2,2,2026-06-16,Nolensville,Residential,0,0,420.29,2.53,2.21,77.47,87.4,1,0,0,43,302,5.0
7530,10593,634,6,3,2026-06-16,Spring Hill,Residential,0,0,1064.71,3.85,2.66,77.06,336.41,1,0,0,44,215,4.4
7531,10594,998,2,4,2026-06-16,Franklin,Residential,1,0,447.87,2.46,2.34,65.47,102.08,1,0,0,8,269,4.9
7532,10599,431,1,8,2026-06-17,Franklin,Residential,0,1,600.05,2.01,1.84,49.67,114.69,0,0,0,8,112,4.2
7533,10600,855,2,6,2026-06-17,Spring Hill,Commercial,1,0,1040.91,2.38,2.69,83.24,247.76,1,0,0,51,194,4.6
7534,10601,238,1,7,2026-06-17,Franklin,Residential,0,0,582.54,2.6,3.02,105.75,121.15,0,0,0,53,315,4.9
7535,10602,785,2,7,2026-06-17,Nashville,Residential,0,0,482.06,2.58,3.28,114.86,84.55,0,1,0,57,237,4.2
7536,10604,462,4,5,2026-06-17,Nashville,Commercial,1,0,4682.75,10.7,10.55,379.9,1556.64,1,0,0,8,277,4.4
7537,10605,831,1,1,2026-06-17,Nashville,Residential,0,0,550.94,2.41,2.5,84.91,133.3,0,1,0,25,173,4.3
7538,10606,1328,1,2,2026-06-17,Nashville,Residential,0,0,446.12,2.48,3.08,107.95,100.71,1,0,0,55,331,4.5
7539,10609,364,7,4,2026-06-17,Spring Hill,Residential,1,0,787.75,4.03,4.37,122.45,224.98,1,0,0,43,252,4.8
7540,10610,1145,7,1,2026-06-17,Nashville,Residential,0,0,1168.86,4.85,4.99,169.76,310.52,1,0,0,23,300,4.6
7541,10611,1179,5,5,2026-06-17,Spring Hill,Residential,1,0,199.36,1.51,0.81,29.15,35.01,1,0,0,49,204,4.8
7542,10612,608,2,8,2026-06-17,Franklin,Residential,1,0,391.95,2.59,3.96,107.0,100.99,1,0,0,29,181,4.1
7543,10613,258,2,7,2026-06-17,Nashville,Residential,1,1,562.67,1.83,1.94,67.89,153.58,1,0,0,33,48,4.4
7544,10614,558,7,5,2026-06-17,Nashville,Residential,0,0,998.89,3.86,2.17,78.09,262.57,1,0,0,28,295,4.1
7545,10616,857,1,1,2026-06-17,Nashville,Residential,0,1,408.58,1.71,1.87,63.54,80.86,1,0,0,32,99,4.7
7546,10617,943,2,7,2026-06-17,Nolensville,Residential,1,0,400.24,2.17,2.19,76.5,111.05,1,0,0,37,248,4.6
7547,10618,619,2,8,2026-06-17,Nashville,Residential,1,0,593.56,2.71,3.94,106.41,173.11,1,0,0,18,248,4.5
7548,10621,929,2,6,2026-06-18,Brentwood,Residential,0,0,414.62,2.52,2.36,73.25,96.46,1,0,0,37,200,4.9
7549,10622,674,6,7,2026-06-18,Nolensville,Residential,0,0,798.38,3.71,3.32,116.35,310.98,1,0,0,36,326,4.3
7550,10623,343,1,4,2026-06-18,Franklin,Residential,0,0,489.85,1.89,1.98,55.33,97.17,1,0,0,45,315,4.6
7551,10624,1117,2,8,2026-06-18,Nashville,Residential,1,0,587.54,2.42,2.74,73.94,118.71,1,0,0,17,275,4.6
7552,10625,704,2,6,2026-06-18,Nashville,Residential,0,0,558.32,3.07,3.14,97.22,119.14,1,0,0,34,272,4.9
7553,10626,115,5,8,2026-06-18,Franklin,Residential,1,0,163.53,1.0,1.05,28.32,23.5,1,0,0,27,303,4.1
7554,10627,4,1,7,2026-06-18,Nashville,Residential,0,0,442.32,1.99,2.45,85.68,100.01,1,0,0,43,191,4.5
7555,10628,692,1,8,2026-06-18,Nashville,Commercial,0,1,811.11,1.83,1.7,46.02,151.46,1,0,0,25,126,4.2
7556,10630,1222,3,5,2026-06-18,Franklin,Residential,1,0,9882.3,20.43,15.89,572.08,4734.21,1,0,0,28,281,4.9
7557,10631,738,1,8,2026-06-18,Nashville,Residential,1,0,466.41,2.02,2.02,54.55,93.92,1,0,0,47,208,4.0
7558,10632,449,1,8,2026-06-18,Nashville,Residential,1,0,375.3,2.11,2.85,77.04,81.59,1,0,0,33,279,4.3
7559,10633,1336,1,6,2026-06-18,Spring Hill,Residential,0,1,546.79,2.34,1.64,50.79,112.78,1,0,1,19,83,4.4
7560,10634,1312,4,5,2026-06-18,Brentwood,Residential,0,0,2036.73,10.72,10.26,369.24,695.31,1,0,0,49,289,4.3
7561,10635,1003,7,7,2026-06-18,Nolensville,Residential,1,0,1317.07,4.69,5.05,176.91,276.24,1,0,0,40,236,5.0
7562,10636,549,5,6,2026-06-18,Nashville,Residential,0,0,174.1,1.36,1.43,44.3,26.58,1,0,0,36,255,4.8
7563,10637,919,2,6,2026-06-18,Franklin,Residential,1,0,401.3,2.71,2.5,77.37,101.69,1,0,0,48,212,4.7
7564,10639,588,2,5,2026-06-18,Nashville,Residential,0,0,431.8,2.12,1.61,58.0,95.02,1,0,0,12,282,4.5
7565,10642,301,1,8,2026-06-18,Franklin,Commercial,0,0,713.29,2.28,2.1,56.75,163.27,1,0,0,44,206,4.3
7566,10643,1289,5,5,2026-06-18,Franklin,Commercial,0,0,272.43,1.12,1.1,39.54,46.32,1,0,1,52,217,4.4
7567,10644,1056,2,3,2026-06-18,Franklin,Residential,0,1,683.34,2.71,2.79,81.04,143.71,1,0,0,37,54,4.7
7568,10645,1303,1,8,2026-06-18,Franklin,Residential,0,0,631.24,2.3,2.76,74.46,139.03,1,1,0,33,181,3.8
7569,10646,1025,1,5,2026-06-19,Spring Hill,Residential,0,1,482.3,1.89,1.65,59.24,80.99,1,0,0,25,20,4.9
7570,10648,1000,7,3,2026-06-19,Franklin,Residential,1,0,1066.4,4.47,5.39,156.44,289.19,0,0,0,36,207,5.0
7571,10649,754,2,4,2026-06-19,Nolensville,Residential,0,0,489.91,2.9,2.75,77.08,101.03,1,0,0,36,226,4.7
7572,10650,1124,6,6,2026-06-19,Nashville,Residential,1,0,1403.88,3.62,3.36,104.21,471.76,1,0,0,54,269,4.6
7573,10652,966,2,6,2026-06-19,Brentwood,Residential,0,0,859.62,2.51,3.06,94.92,170.01,0,1,0,11,316,4.5
7574,10653,1042,1,2,2026-06-19,Spring Hill,Residential,0,0,544.85,1.95,2.22,77.75,126.28,1,0,1,35,184,4.7
7575,10654,433,7,5,2026-06-19,Spring Hill,Residential,0,0,1155.66,5.45,3.93,141.42,214.53,1,0,0,40,284,4.7
7576,10655,1004,7,3,2026-06-19,Spring Hill,Residential,1,0,1197.21,3.96,3.79,109.99,310.26,1,0,0,31,286,4.6
7577,10656,1140,1,1,2026-06-19,Nashville,Residential,0,0,319.76,2.3,2.33,79.23,64.95,1,0,0,34,292,4.7
7578,10657,933,5,5,2026-06-19,Franklin,Residential,0,0,207.56,1.28,1.5,53.83,26.67,1,0,0,46,215,4.9
7579,10658,492,4,5,2026-06-19,Nashville,Residential,0,0,2577.53,10.15,9.58,344.91,661.02,1,0,0,27,208,4.6
7580,10659,466,1,2,2026-06-19,Nashville,Commercial,0,1,1136.56,2.01,2.1,73.36,246.21,1,0,0,57,76,4.8
7581,10660,1172,7,3,2026-06-19,Nashville,Residential,0,0,1427.77,3.61,4.42,128.21,484.41,1,0,0,22,246,4.9
7582,10661,233,1,3,2026-06-19,Franklin,Residential,0,0,579.54,2.03,1.92,55.59,118.14,1,0,1,64,294,4.6
7583,10662,109,1,5,2026-06-20,Franklin,Residential,1,0,516.35,2.42,2.72,97.93,119.59,1,0,0,53,241,4.4
7584,10664,1196,1,7,2026-06-20,Nashville,Commercial,1,0,587.13,2.07,2.23,78.07,132.72,1,0,0,23,297,4.8
7585,10666,1417,1,8,2026-06-20,Franklin,Residential,0,0,376.52,1.87,1.91,51.65,77.69,0,0,0,82,356,4.3
7586,10667,721,1,5,2026-06-20,Spring Hill,Residential,0,0,516.74,2.02,1.93,69.51,112.11,0,0,1,45,307,5.0
7587,10668,287,1,8,2026-06-20,Franklin,Commercial,1,0,661.96,2.54,3.13,84.59,155.12,1,0,0,33,142,4.7
7588,10669,1252,1,4,2026-06-20,Brentwood,Commercial,1,0,818.43,2.61,2.05,57.39,220.29,1,0,0,37,247,4.7
7589,10670,1365,5,1,2026-06-20,Nashville,Residential,0,0,166.05,1.61,1.21,41.05,23.61,1,0,1,26,271,5.0
7590,10671,821,1,3,2026-06-20,Spring Hill,Residential,1,0,343.66,1.76,0.95,27.65,70.59,0,1,0,24,220,3.9
7591,10672,1288,2,6,2026-06-20,Spring Hill,Residential,0,0,692.54,2.0,2.03,63.07,148.02,1,0,0,51,242,4.8
7592,10674,696,4,5,2026-06-20,Spring Hill,Residential,0,0,3020.63,11.49,8.06,290.13,1044.68,0,1,0,31,221,3.9
7593,10676,306,2,4,2026-06-20,Brentwood,Residential,0,1,531.29,1.9,1.73,48.39,113.96,1,0,0,51,190,4.4
7594,10678,1333,4,7,2026-06-20,Franklin,Residential,0,0,2655.51,11.49,11.72,410.18,747.74,1,0,0,45,229,4.6
7595,10679,472,1,5,2026-06-20,Franklin,Commercial,0,0,941.88,2.58,2.39,85.96,208.69,1,0,0,52,158,4.6
7596,10681,767,6,5,2026-06-20,Nashville,Residential,1,0,955.67,3.24,2.94,105.68,391.92,1,0,0,29,278,4.5
7597,10683,1165,6,8,2026-06-20,Nolensville,Residential,1,0,970.18,3.07,3.4,91.85,421.67,1,0,0,59,274,3.9
7598,10685,932,1,5,2026-06-21,Franklin,Residential,0,0,554.42,2.32,2.19,78.76,106.3,1,0,0,45,233,4.3
7599,10689,582,1,5,2026-06-21,Nashville,Residential,0,0,381.61,2.28,2.64,95.05,99.31,1,0,0,36,212,4.6
7600,10690,476,1,5,2026-06-21,Nashville,Residential,1,0,500.1,2.36,2.12,76.45,124.38,1,0,0,28,211,4.3
7601,10691,1222,1,3,2026-06-21,Franklin,Residential,1,0,545.96,2.49,2.04,59.13,113.89,1,0,0,20,234,4.6
7602,10692,290,5,5,2026-06-21,Nashville,Residential,1,0,190.42,1.29,1.31,47.14,29.04,1,0,0,41,200,4.3
7603,10693,199,2,1,2026-06-21,Brentwood,Residential,1,0,534.22,2.47,2.17,73.91,132.29,1,0,0,38,220,5.0
7604,10695,702,5,2,2026-06-21,Nashville,Residential,0,0,197.89,1.26,1.27,44.62,32.64,1,0,0,27,165,5.0
7605,10697,1182,5,1,2026-06-21,Nashville,Residential,1,0,198.25,1.09,1.28,43.36,26.03,1,0,0,35,206,4.9
7606,10701,561,3,7,2026-06-22,Nashville,Residential,1,0,11895.73,17.93,16.39,573.5,6703.6,1,0,0,54,202,4.5
7607,10702,1167,1,8,2026-06-22,Nolensville,Residential,0,0,482.4,2.05,2.72,73.39,111.59,1,0,0,46,240,3.8
7608,10703,955,3,7,2026-06-22,Brentwood,Residential,0,0,10763.45,23.42,14.35,502.11,5784.59,1,0,0,49,217,4.4
7609,10705,12,7,7,2026-06-22,Brentwood,Residential,0,0,1363.52,4.51,3.28,114.85,324.04,0,0,0,50,253,4.4
7610,10706,1380,1,2,2026-06-22,Nolensville,Residential,0,0,356.44,2.35,1.95,68.2,81.19,1,0,0,60,267,4.7
7611,10707,727,1,6,2026-06-22,Franklin,Residential,1,1,494.31,2.19,1.51,46.75,113.7,1,0,0,37,211,4.5
7612,10708,544,2,3,2026-06-22,Nashville,Residential,0,0,580.28,2.13,1.84,53.44,136.36,1,0,0,41,228,4.7
7613,10710,126,1,4,2026-06-22,Nashville,Residential,0,0,503.82,2.13,2.27,63.43,121.65,1,0,0,54,277,4.6
7614,10711,426,1,7,2026-06-22,Franklin,Residential,0,1,442.86,2.16,2.34,81.82,97.02,1,0,1,8,20,4.7
7615,10712,459,1,1,2026-06-22,Nashville,Residential,0,0,350.69,2.2,2.59,87.94,80.74,1,0,0,32,188,5.0
7616,10713,435,1,4,2026-06-22,Spring Hill,Residential,1,1,324.91,1.93,2.32,64.91,81.48,0,1,0,11,97,3.7
7617,10714,438,1,7,2026-06-22,Nashville,Commercial,0,0,691.41,2.05,1.91,67.01,133.13,1,0,0,67,202,4.6
7618,10716,354,1,5,2026-06-22,Brentwood,Commercial,0,1,951.09,1.92,1.31,47.14,203.74,0,0,0,39,112,4.3
7619,10717,627,5,6,2026-06-22,Spring Hill,Residential,0,0,136.86,1.29,1.45,45.01,19.78,1,0,0,45,186,4.8
7620,10718,1372,6,6,2026-06-22,Brentwood,Residential,0,0,1434.38,3.56,4.17,129.39,661.98,1,0,0,29,183,4.9
7621,10719,192,7,8,2026-06-22,Brentwood,Commercial,1,0,1948.97,3.98,3.43,92.6,571.94,1,0,0,34,128,4.4
7622,10720,1012,1,2,2026-06-22,Brentwood,Residential,0,0,476.8,1.84,1.8,63.11,105.78,1,0,0,43,236,5.0
7623,10721,1338,1,4,2026-06-22,Nolensville,Commercial,0,0,886.52,2.21,2.69,75.43,213.94,1,0,0,42,292,4.4
7624,10722,810,1,5,2026-06-22,Nashville,Residential,0,0,634.93,2.17,2.53,91.12,147.89,1,0,0,36,256,5.0
7625,10723,912,1,2,2026-06-22,Franklin,Residential,0,1,454.75,2.0,1.69,59.32,72.33,1,0,0,16,96,5.0
7626,10724,412,1,7,2026-06-22,Franklin,Residential,0,1,543.65,2.14,1.83,64.2,109.69,1,0,0,33,20,5.0
7627,10725,1013,1,1,2026-06-22,Nashville,Residential,0,1,509.93,2.24,2.28,77.68,98.48,1,0,0,37,119,4.7
7628,10727,308,5,3,2026-06-23,Brentwood,Residential,0,0,178.14,1.43,1.19,34.58,24.21,1,0,0,49,258,4.7
7629,10728,909,1,1,2026-06-23,Nashville,Residential,1,0,311.03,2.37,2.6,88.26,85.79,1,0,0,15,260,4.5
7630,10729,1076,1,6,2026-06-23,Nashville,Residential,0,0,381.33,2.85,3.13,97.13,73.22,1,0,0,31,306,4.6
7631,10730,917,1,4,2026-06-23,Franklin,Residential,1,0,626.46,2.48,2.41,67.56,149.16,1,0,0,43,224,4.3
7632,10731,389,5,7,2026-06-23,Franklin,Residential,1,0,155.98,1.55,1.43,49.92,25.46,1,0,0,55,216,4.3
7633,10732,612,3,7,2026-06-23,Nashville,Residential,0,0,10121.07,18.25,15.83,554.18,6684.53,1,0,0,30,238,4.7
7634,10733,695,1,8,2026-06-23,Nolensville,Residential,0,0,471.55,1.75,1.73,46.83,100.32,1,0,1,24,183,4.2
7635,10734,625,1,6,2026-06-23,Brentwood,Residential,0,0,520.48,1.81,1.82,56.56,114.14,1,0,0,29,176,4.5
7636,10735,1297,1,8,2026-06-23,Nashville,Residential,1,0,581.61,2.11,2.25,60.64,127.06,1,0,0,24,298,4.1
7637,10736,959,1,7,2026-06-23,Franklin,Residential,0,1,533.38,2.02,2.5,87.63,134.92,0,1,0,24,20,3.9
7638,10737,949,5,7,2026-06-23,Spring Hill,Residential,0,0,197.35,1.1,1.33,46.38,30.72,1,0,0,42,208,4.6
7639,10738,1198,3,7,2026-06-23,Nolensville,Residential,0,0,12001.26,17.18,17.24,603.35,6210.52,1,0,0,38,308,4.6
7640,10740,313,1,2,2026-06-23,Brentwood,Commercial,1,0,964.3,2.04,2.13,74.55,235.26,1,0,0,32,180,5.0
7641,10741,123,1,5,2026-06-23,Nashville,Residential,1,0,731.27,2.52,2.19,78.75,172.48,1,0,0,24,201,4.5
7642,10742,349,1,2,2026-06-23,Brentwood,Residential,0,0,460.14,2.09,1.78,62.46,89.42,1,0,0,35,260,4.8
7643,10743,462,7,1,2026-06-23,Nashville,Commercial,1,0,1791.26,4.51,2.97,101.15,371.71,1,0,0,36,242,4.9
7644,10744,661,1,1,2026-06-23,Nashville,Residential,1,0,480.62,2.12,2.4,81.61,91.46,1,0,0,13,138,5.0
7645,10745,1148,4,7,2026-06-23,Nashville,Residential,0,0,2714.04,9.34,9.83,343.88,767.6,1,0,0,24,263,4.6
7646,10747,1318,5,3,2026-06-23,Spring Hill,Residential,1,0,255.39,1.12,1.15,33.21,47.71,0,1,0,35,189,4.3
7647,10748,1026,2,5,2026-06-23,Nashville,Residential,1,0,417.64,2.59,2.61,94.09,96.59,1,0,0,25,180,4.3
7648,10749,930,7,1,2026-06-23,Brentwood,Residential,0,0,849.65,5.04,4.34,147.39,207.88,1,0,0,55,272,4.6
7649,10752,533,1,6,2026-06-24,Brentwood,Residential,0,1,486.91,2.01,1.87,57.86,101.53,1,0,0,23,20,4.6
7650,10754,819,1,8,2026-06-24,Brentwood,Residential,0,1,596.08,2.45,2.17,58.72,109.17,1,0,0,41,129,4.2
7651,10756,1369,5,2,2026-06-24,Nashville,Residential,1,0,200.73,1.09,0.97,33.93,35.17,0,1,0,50,202,4.7
7652,10757,1449,4,5,2026-06-24,Franklin,Residential,0,0,2564.8,10.78,12.31,443.22,780.54,1,0,0,38,233,4.7
7653,10760,583,5,7,2026-06-24,Brentwood,Residential,1,0,144.68,1.51,1.53,53.6,23.58,1,0,0,39,287,4.1
7654,10761,924,5,6,2026-06-24,Nashville,Commercial,0,0,247.92,1.64,1.56,48.24,40.84,1,0,1,20,173,4.7
7655,10762,774,1,1,2026-06-24,Franklin,Residential,0,1,406.12,2.38,2.1,71.33,84.62,1,0,0,41,94,5.0
7656,10763,743,1,2,2026-06-24,Nashville,Residential,0,1,533.98,2.19,2.07,72.35,121.95,1,0,0,70,78,5.0
7657,10765,104,1,5,2026-06-24,Nashville,Residential,0,0,485.7,2.18,2.26,81.2,100.03,1,0,0,16,287,4.8
7658,10766,1064,1,5,2026-06-24,Franklin,Residential,0,0,396.74,2.49,2.5,90.04,91.27,1,0,0,48,180,5.0
7659,10768,340,1,8,2026-06-24,Franklin,Residential,0,0,466.52,1.85,2.19,59.03,116.91,1,0,0,69,235,4.1
7660,10772,14,1,3,2026-06-24,Franklin,Residential,0,0,486.95,2.07,2.12,61.56,104.96,1,0,1,64,245,4.8
7661,10774,227,5,8,2026-06-24,Spring Hill,Residential,1,0,141.6,1.29,1.53,41.41,24.16,0,0,0,46,229,4.1
7662,10775,354,1,2,2026-06-25,Brentwood,Commercial,0,0,717.79,2.33,1.89,66.04,167.69,1,0,1,41,227,4.7
7663,10776,718,6,6,2026-06-25,Nashville,Residential,1,0,1547.38,4.13,4.15,128.74,707.3,1,0,0,61,198,5.0
7664,10777,1169,1,2,2026-06-25,Spring Hill,Residential,0,0,424.73,1.75,1.77,61.84,78.25,1,0,0,45,166,5.0
7665,10778,1440,1,5,2026-06-25,Spring Hill,Residential,0,1,577.85,2.16,2.74,98.62,133.02,1,0,0,47,66,4.8
7666,10779,269,4,7,2026-06-25,Brentwood,Residential,1,0,2198.95,8.48,7.42,259.58,774.47,1,0,0,49,198,4.7
7667,10780,418,5,6,2026-06-25,Nolensville,Residential,0,0,197.99,1.12,1.31,40.65,31.14,1,0,0,36,293,4.7
7668,10781,934,1,5,2026-06-25,Nashville,Residential,0,0,422.78,2.2,2.22,79.74,75.91,1,0,0,12,154,4.7
7669,10782,290,6,5,2026-06-25,Nashville,Residential,1,0,1823.79,3.46,2.91,104.64,868.89,1,0,0,45,283,4.6
7670,10784,772,1,3,2026-06-25,Brentwood,Commercial,0,0,1002.64,2.12,2.6,75.41,234.48,1,0,0,29,278,5.0
7671,10785,161,2,8,2026-06-25,Franklin,Residential,1,0,371.26,2.17,2.1,56.66,87.91,0,1,0,50,295,3.9
7672,10788,845,3,5,2026-06-25,Brentwood,Residential,1,0,9026.52,18.38,15.33,551.78,5613.86,1,0,0,72,151,4.4
7673,10789,1434,2,7,2026-06-25,Nolensville,Commercial,1,0,838.87,2.43,2.69,94.08,192.46,1,0,0,49,246,4.7
7674,10790,478,1,1,2026-06-25,Spring Hill,Residential,0,0,643.06,1.77,1.78,60.68,116.17,1,0,1,68,163,5.0
7675,10791,144,3,5,2026-06-25,Nashville,Residential,0,0,13525.63,17.92,24.56,884.14,7315.55,1,0,0,20,216,4.4
7676,10794,1427,1,4,2026-06-25,Nolensville,Residential,1,0,423.09,2.24,2.58,72.11,106.46,1,0,0,52,239,4.4
7677,10795,607,3,7,2026-06-25,Nolensville,Residential,0,0,13454.03,15.46,16.71,584.69,6755.34,1,0,0,47,255,4.3
7678,10796,384,1,7,2026-06-25,Franklin,Residential,0,0,484.61,2.01,2.29,80.09,116.7,1,0,0,49,251,4.3
7679,10797,511,5,2,2026-06-25,Spring Hill,Residential,1,0,193.51,1.34,1.28,44.66,24.35,1,1,0,26,266,4.2
7680,10798,1427,5,5,2026-06-25,Nolensville,Residential,1,0,205.79,1.3,1.45,52.04,24.91,1,0,0,22,388,4.1
7681,10801,1179,4,7,2026-06-25,Spring Hill,Residential,1,0,2203.3,9.8,10.83,379.12,695.29,1,0,0,67,367,4.9
7682,10802,542,5,5,2026-06-26,Spring Hill,Residential,0,0,190.43,1.28,1.07,38.59,32.58,0,0,0,46,223,4.3
7683,10803,377,3,5,2026-06-26,Spring Hill,Residential,0,0,10307.93,17.9,17.03,613.04,5945.62,1,0,0,34,253,4.4
7684,10804,1374,1,3,2026-06-26,Franklin,Residential,0,0,412.97,1.84,2.01,58.36,87.86,1,0,0,52,246,4.9
7685,10805,397,2,6,2026-06-26,Nashville,Residential,0,0,501.52,2.4,1.97,61.06,106.45,1,0,0,43,188,5.0
7686,10806,535,1,2,2026-06-26,Brentwood,Residential,1,0,469.12,2.32,2.34,81.77,110.91,1,0,0,41,268,5.0
7687,10810,1256,7,8,2026-06-26,Brentwood,Residential,0,0,998.09,5.11,6.65,179.62,274.78,1,0,0,28,255,4.1
7688,10811,1130,1,4,2026-06-26,Spring Hill,Residential,0,0,299.64,2.24,2.19,61.21,60.28,1,0,0,31,231,4.5
7689,10812,532,1,3,2026-06-26,Nashville,Residential,0,0,331.16,2.12,2.0,58.1,88.66,1,0,0,25,196,4.7
7690,10813,577,5,4,2026-06-26,Franklin,Residential,0,0,167.84,1.53,1.47,41.14,22.49,0,1,0,40,326,4.1
7691,10814,730,7,2,2026-06-26,Brentwood,Residential,0,0,731.13,3.94,3.65,127.74,172.9,1,0,0,71,179,4.9
7692,10815,1059,3,5,2026-06-26,Nashville,Residential,0,0,8130.99,16.54,18.44,663.93,5222.21,1,0,0,25,237,4.9
7693,10816,621,1,1,2026-06-26,Nashville,Residential,0,0,472.21,2.67,2.89,98.16,99.22,0,1,1,25,189,4.0
7694,10817,440,1,4,2026-06-26,Franklin,Residential,0,1,492.02,1.98,2.11,59.0,116.65,0,1,0,40,106,3.5
7695,10818,1289,1,4,2026-06-26,Franklin,Commercial,0,0,788.21,1.67,1.29,36.11,197.64,1,0,1,17,260,4.8
7696,10819,293,1,2,2026-06-26,Nashville,Residential,0,0,454.7,2.27,2.83,99.15,106.71,1,0,1,50,276,4.9
7697,10820,23,7,6,2026-06-26,Franklin,Residential,0,0,991.19,4.83,4.26,132.05,224.07,1,0,0,36,316,5.0
7698,10821,1293,5,5,2026-06-26,Nashville,Residential,0,0,155.78,1.56,1.12,40.19,24.6,1,0,0,24,294,4.9
7699,10822,976,5,2,2026-06-26,Spring Hill,Residential,0,0,239.04,1.4,1.99,69.79,31.97,1,0,0,51,94,4.8
7700,10824,989,1,4,2026-06-26,Brentwood,Commercial,0,1,981.29,2.57,1.76,49.36,211.65,0,1,0,34,125,3.9
7701,10826,274,1,6,2026-06-26,Brentwood,Residential,0,1,482.83,2.15,2.24,69.35,103.42,1,0,0,32,90,4.8
7702,10827,1187,2,5,2026-06-26,Franklin,Residential,0,0,391.26,2.55,2.78,100.22,80.74,1,0,0,49,220,5.0
7703,10828,1443,1,8,2026-06-26,Spring Hill,Residential,1,1,365.14,2.45,3.3,89.13,87.65,1,1,0,41,80,3.8
7704,10829,1180,4,5,2026-06-26,Franklin,Residential,1,0,2153.43,8.92,10.6,381.56,716.65,1,0,0,50,377,4.4
7705,10830,378,5,3,2026-06-26,Nashville,Residential,0,0,283.76,1.31,1.27,36.71,41.76,1,0,0,37,312,4.7
7706,10831,1446,1,5,2026-06-27,Franklin,Residential,0,0,592.12,1.95,1.94,69.76,135.93,1,0,0,21,258,4.7
7707,10834,1062,5,3,2026-06-27,Nolensville,Residential,0,0,216.99,1.44,1.27,36.95,33.42,1,0,0,38,285,4.3
7708,10835,929,2,1,2026-06-27,Brentwood,Residential,0,0,608.81,2.43,2.44,83.01,123.33,0,1,0,63,239,4.6
7709,10836,409,5,1,2026-06-27,Franklin,Residential,1,0,139.64,1.45,1.35,45.79,19.83,1,0,0,59,208,4.7
7710,10837,889,6,1,2026-06-27,Nashville,Residential,1,0,1497.76,3.9,4.12,140.17,700.78,1,0,0,11,301,4.2
7711,10839,987,1,4,2026-06-27,Brentwood,Commercial,0,1,845.41,2.39,2.28,63.76,153.93,1,0,0,34,104,5.0
7712,10840,986,1,7,2026-06-27,Franklin,Residential,0,0,415.94,2.3,2.54,88.91,107.86,1,0,0,18,243,4.4
7713,10841,1045,5,2,2026-06-27,Brentwood,Residential,1,0,156.34,1.25,1.4,48.85,19.17,1,0,0,35,205,5.0
7714,10842,819,2,5,2026-06-27,Brentwood,Residential,0,1,498.62,2.36,2.91,104.85,112.97,0,1,0,62,173,3.8
7715,10843,547,1,4,2026-06-27,Brentwood,Residential,0,0,486.79,1.81,1.59,44.38,117.22,1,0,1,53,190,4.6
7716,10844,256,6,7,2026-06-27,Franklin,Residential,0,0,1243.67,3.61,3.42,119.74,489.22,0,1,0,37,287,4.9
7717,10847,147,5,2,2026-06-27,Brentwood,Residential,0,0,225.41,1.36,1.7,59.48,34.77,1,0,0,47,194,5.0
7718,10849,408,1,4,2026-06-28,Franklin,Residential,0,1,600.08,1.84,2.11,59.05,154.68,0,1,0,48,74,3.9
7719,10850,252,2,7,2026-06-28,Brentwood,Residential,0,0,436.74,2.57,2.82,98.55,93.53,1,0,0,42,288,4.3
7720,10851,491,5,5,2026-06-28,Nashville,Residential,0,0,168.25,1.51,1.29,46.56,25.33,1,0,0,29,105,4.3
7721,10852,871,4,7,2026-06-28,Franklin,Commercial,0,0,5302.9,10.25,14.92,522.29,1599.07,1,0,0,38,178,4.3
7722,10853,87,2,5,2026-06-28,Spring Hill,Residential,0,0,757.5,2.35,2.6,93.47,156.61,1,0,1,49,359,4.6
7723,10854,940,2,8,2026-06-28,Nashville,Residential,1,1,444.99,2.06,1.58,42.63,97.91,1,0,0,22,20,4.2
7724,10855,345,1,5,2026-06-28,Nolensville,Residential,0,0,625.56,2.01,1.76,63.5,112.38,1,0,0,49,153,4.5
7725,10856,350,1,1,2026-06-28,Nashville,Residential,1,1,465.11,2.27,1.62,55.15,116.36,1,0,0,13,53,4.8
7726,10860,34,4,7,2026-06-29,Franklin,Residential,0,0,2310.43,9.89,13.01,455.36,780.7,1,0,0,32,272,4.8
7727,10861,1433,2,2,2026-06-29,Nashville,Residential,1,0,359.3,2.25,1.89,66.05,72.67,1,0,0,25,303,4.9
7728,10862,260,5,1,2026-06-29,Brentwood,Commercial,0,0,373.63,1.34,1.34,45.72,59.48,1,0,0,47,260,5.0
7729,10864,187,1,8,2026-06-29,Franklin,Residential,0,1,539.4,1.92,1.47,39.81,105.71,0,1,0,63,123,3.7
7730,10866,1430,1,1,2026-06-29,Nashville,Residential,0,0,571.93,2.31,2.0,68.02,132.6,1,0,1,23,291,5.0
7731,10868,207,6,4,2026-06-29,Nashville,Residential,1,0,1216.33,3.4,4.11,115.12,426.05,1,0,0,45,192,4.4
7732,10869,1290,3,5,2026-06-29,Franklin,Residential,0,0,7493.86,18.69,20.34,732.21,5010.22,1,0,0,37,200,4.7
7733,10870,1054,1,1,2026-06-29,Franklin,Residential,1,1,364.13,2.07,1.59,53.99,88.62,1,0,0,68,49,4.7
7734,10871,976,3,7,2026-06-29,Spring Hill,Residential,0,0,12713.42,13.92,12.52,438.37,6734.26,1,0,0,33,206,4.8
7735,10872,1354,1,7,2026-06-29,Nashville,Residential,1,1,413.29,2.42,2.6,90.89,90.41,1,0,0,45,115,4.1
7736,10875,77,7,5,2026-06-30,Nashville,Residential,1,0,1078.94,4.11,2.34,84.37,235.21,1,0,0,36,191,4.8
7737,10876,755,1,5,2026-06-30,Spring Hill,Residential,0,0,436.59,2.23,2.02,72.8,84.15,1,0,0,38,215,5.0
7738,10878,1280,4,5,2026-06-30,Nashville,Residential,0,0,2275.36,7.45,8.03,289.11,748.49,0,0,0,30,287,4.2
7739,10880,1282,2,5,2026-06-30,Brentwood,Residential,0,0,417.83,2.24,2.01,72.33,106.09,1,0,0,43,272,4.7
7740,10881,1336,1,8,2026-06-30,Spring Hill,Residential,0,0,472.2,2.31,2.05,55.44,115.4,1,0,1,35,206,3.8
7741,10882,412,2,2,2026-06-30,Franklin,Residential,0,1,604.54,2.23,1.91,66.73,100.04,1,0,0,34,20,4.5
7742,10883,693,5,2,2026-06-30,Franklin,Residential,1,0,134.97,1.23,1.4,48.85,22.71,1,0,0,42,171,5.0
7743,10884,1343,5,3,2026-06-30,Brentwood,Residential,0,0,185.25,1.17,1.4,40.67,23.67,1,0,0,55,138,4.2
7744,10886,1185,2,7,2026-06-30,Brentwood,Residential,1,0,480.59,2.19,2.34,81.8,108.92,1,0,0,22,249,5.0
7745,10888,652,5,7,2026-06-30,Nashville,Residential,0,0,200.97,0.99,1.15,40.3,30.21,1,0,0,48,178,4.3
7746,10889,153,5,8,2026-06-30,Franklin,Residential,1,0,124.71,1.13,1.29,34.73,16.73,1,0,0,47,211,4.0
7747,10890,1067,7,7,2026-06-30,Franklin,Residential,0,0,1390.72,4.44,5.01,175.39,365.53,1,0,0,26,164,4.4
7748,10891,1266,1,1,2026-06-30,Nashville,Residential,0,0,378.05,2.58,2.47,83.92,84.24,1,0,0,26,396,4.6
7749,10893,1292,1,7,2026-06-30,Nolensville,Residential,0,0,531.07,2.38,2.89,101.0,138.47,1,0,1,46,301,4.4
7750,10894,352,6,7,2026-06-30,Nashville,Residential,1,0,1585.94,3.41,3.39,118.71,615.39,1,0,0,43,237,4.8
7751,10895,1371,1,8,2026-06-30,Brentwood,Residential,1,1,396.12,1.75,2.28,61.69,113.61,0,0,0,50,192,4.5
7752,10897,760,4,7,2026-06-30,Nashville,Residential,0,0,2349.74,8.17,9.76,341.69,668.28,1,0,0,36,204,4.9
7753,10899,29,1,2,2026-07-01,Brentwood,Residential,1,0,346.72,2.75,3.09,108.03,65.09,1,0,0,60,319,4.8
7754,10904,546,5,3,2026-07-01,Franklin,Residential,0,0,160.05,1.53,1.72,49.94,25.56,1,0,1,21,212,4.6
7755,10905,62,2,7,2026-07-01,Nashville,Residential,0,0,512.73,2.44,2.92,102.23,114.53,1,0,0,45,172,4.6
7756,10906,1155,2,1,2026-07-01,Nashville,Residential,0,0,341.66,2.0,2.01,68.39,85.15,1,0,0,16,213,5.0
7757,10907,291,6,7,2026-07-01,Franklin,Residential,0,0,1285.92,3.7,3.83,134.07,632.83,1,0,0,15,206,4.6
7758,10908,29,5,8,2026-07-01,Brentwood,Residential,1,0,197.97,1.24,1.12,30.26,27.64,1,0,0,32,248,4.7
7759,10909,194,1,4,2026-07-01,Spring Hill,Residential,0,0,371.71,1.99,2.68,75.08,91.39,1,0,0,14,180,4.7
7760,10910,1331,1,5,2026-07-01,Franklin,Residential,0,1,484.71,2.24,2.04,73.47,94.49,1,0,0,44,132,4.2
7761,10911,903,4,5,2026-07-01,Spring Hill,Residential,1,0,2522.37,11.51,12.6,453.76,909.09,1,0,0,43,230,4.4
7762,10912,599,2,3,2026-07-01,Franklin,Commercial,0,0,684.74,2.06,1.99,57.73,162.63,1,0,1,46,297,4.8
7763,10914,1323,3,5,2026-07-01,Nashville,Commercial,1,0,15050.25,17.26,17.61,633.87,7252.92,1,0,0,35,193,4.5
7764,10917,1131,1,5,2026-07-01,Franklin,Residential,0,0,439.36,2.04,1.33,48.04,95.2,1,0,0,52,184,4.8
7765,10918,1337,1,6,2026-07-01,Franklin,Residential,1,0,376.41,2.49,2.17,67.21,84.93,0,1,0,20,355,4.2
7766,10919,578,5,4,2026-07-01,Brentwood,Residential,0,0,276.91,1.25,1.31,36.54,38.79,1,0,0,49,330,4.5
7767,10920,1435,1,1,2026-07-01,Nashville,Residential,1,0,432.38,2.43,2.26,76.84,115.17,1,0,0,29,202,5.0
7768,10921,278,7,6,2026-07-02,Nolensville,Residential,0,0,1128.98,5.14,3.66,113.35,336.9,1,0,0,60,222,4.8
7769,10923,1061,4,7,2026-07-02,Nashville,Residential,0,0,2661.12,11.44,12.42,434.72,791.2,1,1,0,59,242,4.5
7770,10925,575,5,8,2026-07-02,Franklin,Residential,0,0,184.71,1.03,1.07,29.02,26.32,1,0,1,37,236,4.4
7771,10926,916,1,7,2026-07-02,Nashville,Residential,0,0,376.02,1.94,2.32,81.12,82.74,1,0,0,38,275,5.0
7772,10927,811,3,5,2026-07-02,Nolensville,Residential,1,0,9741.39,15.04,18.8,676.7,4916.4,1,0,0,47,221,4.9
7773,10928,142,6,7,2026-07-02,Spring Hill,Residential,0,0,822.94,3.13,2.33,81.7,400.95,1,0,0,37,184,4.8
7774,10930,1446,5,2,2026-07-02,Franklin,Residential,0,0,157.39,0.96,0.9,31.49,22.09,1,0,0,33,217,4.8
7775,10931,478,4,7,2026-07-02,Spring Hill,Residential,0,0,1585.8,9.44,6.56,229.75,548.75,0,1,0,53,219,4.0
7776,10933,1436,2,8,2026-07-02,Nashville,Residential,0,1,511.36,2.17,2.46,66.46,121.18,1,0,0,27,76,4.4
7777,10934,1151,7,3,2026-07-02,Nashville,Residential,1,0,922.47,4.19,4.65,134.82,268.72,1,0,0,55,245,4.5
7778,10935,69,7,6,2026-07-02,Nashville,Residential,1,0,1092.61,4.81,5.27,163.24,320.27,1,0,0,41,302,5.0
7779,10938,1324,2,4,2026-07-02,Franklin,Residential,0,0,410.82,2.55,1.77,49.64,93.85,1,0,0,45,237,4.2
7780,10940,570,6,5,2026-07-02,Nashville,Commercial,0,0,1825.12,3.28,2.83,101.73,852.4,1,0,0,36,191,4.5
7781,10941,269,5,1,2026-07-02,Brentwood,Residential,1,0,148.22,1.06,0.86,29.22,21.86,1,0,0,44,254,4.9
7782,10943,1002,5,2,2026-07-02,Nolensville,Residential,0,0,155.79,1.11,1.02,35.84,22.79,1,0,0,60,274,5.0
7783,10944,1241,1,4,2026-07-02,Nolensville,Residential,0,1,413.72,2.36,2.98,83.37,98.82,1,0,0,37,55,4.5
7784,10945,655,1,6,2026-07-02,Nolensville,Residential,0,0,438.68,2.54,3.1,96.16,112.87,0,0,1,36,285,4.9
7785,10946,53,1,6,2026-07-03,Franklin,Residential,0,0,509.63,2.0,1.72,53.28,98.59,0,0,0,40,214,4.6
7786,10947,44,5,7,2026-07-03,Brentwood,Residential,0,0,234.47,1.36,1.29,44.98,36.8,1,0,0,43,321,4.4
7787,10948,935,7,7,2026-07-03,Brentwood,Residential,0,0,1360.31,5.72,5.72,200.1,351.5,1,0,0,44,178,4.7
7788,10949,1096,1,7,2026-07-03,Nashville,Residential,0,0,427.05,2.01,2.83,99.08,96.21,1,1,1,50,269,4.3
7789,10950,809,1,8,2026-07-03,Brentwood,Residential,0,1,472.8,2.03,2.91,78.63,92.98,1,0,0,18,134,4.2
7790,10951,27,6,1,2026-07-03,Franklin,Commercial,0,0,1551.11,3.44,2.54,86.24,582.09,1,0,0,55,193,4.4
7791,10952,227,2,7,2026-07-03,Spring Hill,Residential,1,0,437.05,2.55,2.4,83.94,97.31,1,0,0,59,213,4.6
7792,10953,1039,5,3,2026-07-03,Franklin,Residential,0,0,192.19,1.18,1.09,31.52,30.88,0,1,0,37,259,3.9
7793,10954,1073,4,7,2026-07-03,Spring Hill,Commercial,0,0,4126.7,9.55,9.77,342.06,1287.47,1,0,0,44,245,4.4
7794,10955,355,2,4,2026-07-03,Brentwood,Residential,0,0,531.37,1.72,2.06,57.6,117.45,1,0,0,51,297,4.6
7795,10956,302,1,2,2026-07-03,Brentwood,Residential,1,1,365.44,2.49,2.53,88.59,99.42,1,0,0,31,134,4.6
7796,10957,1323,3,7,2026-07-03,Nashville,Commercial,1,0,16855.37,18.29,18.32,641.24,8290.11,1,0,0,50,234,4.8
7797,10958,84,5,3,2026-07-03,Nashville,Residential,1,0,158.62,1.21,1.34,38.8,22.09,1,0,0,39,143,4.7
7798,10959,1434,7,4,2026-07-03,Nolensville,Commercial,1,0,1726.21,4.99,5.2,145.66,464.82,0,0,0,71,296,4.9
7799,10963,500,1,3,2026-07-03,Nashville,Commercial,0,1,857.62,2.37,2.09,60.54,222.48,1,0,0,44,30,4.5
7800,10964,1273,1,4,2026-07-03,Nolensville,Residential,0,0,408.22,2.25,2.24,62.65,86.93,1,0,0,26,252,4.3
7801,10965,1376,5,6,2026-07-03,Nashville,Residential,1,0,228.75,1.21,0.87,27.06,33.54,1,0,0,39,258,4.5
7802,10966,1189,1,5,2026-07-03,Spring Hill,Commercial,1,0,1103.72,2.28,1.67,60.11,227.27,1,0,0,41,305,4.9
7803,10967,788,2,1,2026-07-03,Spring Hill,Residential,0,0,497.83,2.33,1.92,65.32,105.28,1,0,0,39,269,4.2
7804,10968,215,2,7,2026-07-03,Brentwood,Residential,0,0,627.99,2.54,2.4,83.98,149.28,1,0,0,48,245,4.7
7805,10969,570,2,4,2026-07-03,Nashville,Commercial,0,0,832.06,2.01,2.04,57.16,174.89,1,0,0,55,226,4.6
7806,10972,99,5,4,2026-07-03,Spring Hill,Residential,1,0,204.47,1.14,1.26,35.3,32.7,1,0,0,28,191,4.5
7807,10973,1271,2,6,2026-07-03,Nashville,Residential,0,0,444.55,2.05,2.34,72.6,106.09,1,0,0,42,360,5.0
7808,10974,410,1,2,2026-07-04,Brentwood,Residential,0,0,457.42,2.14,1.51,52.79,92.75,1,0,0,50,221,4.8
7809,10975,913,1,8,2026-07-04,Nolensville,Residential,0,0,414.05,1.94,2.3,62.0,118.62,0,1,0,47,223,3.7
7810,10977,275,1,7,2026-07-04,Nashville,Residential,0,1,557.8,2.65,2.87,100.4,100.73,0,1,0,29,69,4.2
7811,10979,409,5,1,2026-07-04,Franklin,Residential,1,0,247.97,0.9,1.08,36.73,32.07,1,0,0,53,210,4.8
7812,10981,421,5,4,2026-07-04,Franklin,Residential,0,0,168.33,1.6,1.95,54.48,24.52,1,0,0,43,241,4.5
7813,10982,478,1,7,2026-07-04,Spring Hill,Residential,0,0,399.92,2.13,2.14,75.02,84.3,1,0,0,43,159,4.6
7814,10983,1106,1,4,2026-07-04,Nolensville,Residential,0,0,398.85,2.55,2.95,82.46,80.68,1,0,0,26,105,4.8
7815,10984,860,1,2,2026-07-04,Nashville,Residential,0,0,479.92,2.48,2.33,81.57,106.48,1,0,0,38,162,5.0
7816,10985,674,2,6,2026-07-04,Nolensville,Residential,0,0,512.92,2.16,2.29,70.85,106.69,1,0,0,41,315,4.8
7817,10986,128,6,3,2026-07-04,Brentwood,Residential,1,0,1385.4,3.51,3.47,100.66,629.99,0,0,0,61,331,4.6
7818,10987,3,1,6,2026-07-04,Nashville,Residential,0,0,580.23,2.0,1.91,59.14,104.41,1,0,0,40,193,4.5
7819,10989,515,1,7,2026-07-04,Nashville,Residential,0,0,515.85,2.47,2.71,94.74,111.69,1,0,0,24,345,4.5
7820,10990,226,3,7,2026-07-04,Brentwood,Residential,0,0,10871.4,17.88,20.63,722.21,7175.05,0,0,0,41,309,4.6
7821,10994,289,1,5,2026-07-05,Spring Hill,Residential,0,0,489.0,2.25,2.71,97.64,123.68,1,0,0,31,191,5.0
7822,10995,242,6,5,2026-07-05,Brentwood,Commercial,0,0,1627.48,3.49,2.64,94.88,683.98,1,0,0,50,256,5.0
7823,10996,7,5,6,2026-07-05,Brentwood,Residential,0,0,243.9,1.65,1.44,44.76,40.26,1,0,0,33,220,4.8
7824,10998,375,1,2,2026-07-05,Spring Hill,Residential,1,1,612.35,1.96,1.97,68.95,130.17,0,1,0,34,20,4.4
7825,10999,1424,6,3,2026-07-05,Nashville,Residential,0,0,1014.97,3.19,2.47,71.54,383.53,1,0,0,47,201,4.3
7826,11000,253,2,6,2026-07-05,Brentwood,Residential,0,0,447.78,2.01,2.45,75.99,104.23,1,0,0,32,268,5.0
7827,11001,1182,3,5,2026-07-05,Nashville,Residential,1,0,11604.51,17.25,12.88,463.71,5768.71,1,0,0,38,343,4.8
7828,11002,922,1,4,2026-07-05,Nashville,Residential,0,0,638.2,2.79,2.52,70.61,161.22,1,0,1,32,253,4.2
7829,11003,31,1,2,2026-07-05,Spring Hill,Residential,0,0,430.91,2.21,2.29,80.11,103.75,1,0,0,45,198,4.9
7830,11004,1286,4,7,2026-07-05,Brentwood,Residential,0,0,2498.12,10.24,7.43,260.21,763.92,1,0,0,38,208,4.8
7831,11007,433,1,3,2026-07-05,Spring Hill,Residential,0,1,464.5,2.22,1.91,55.42,97.68,1,0,1,49,20,4.5
7832,11008,415,1,6,2026-07-05,Nolensville,Residential,1,1,534.29,2.31,1.62,50.16,136.82,1,0,0,42,155,5.0
7833,11009,1310,2,5,2026-07-05,Nashville,Residential,0,0,637.99,2.14,1.86,66.98,127.04,1,0,0,31,171,5.0
7834,11010,257,1,2,2026-07-05,Nashville,Residential,0,0,372.28,2.52,1.88,65.87,81.16,1,0,0,48,234,4.6
7835,11011,829,1,8,2026-07-05,Nashville,Residential,0,0,387.87,1.98,1.75,47.26,96.97,1,0,0,18,280,4.6
7836,11012,1170,5,5,2026-07-05,Franklin,Residential,1,0,251.56,1.34,1.32,47.68,42.73,1,0,0,53,302,4.8
7837,11013,450,2,5,2026-07-06,Nashville,Residential,0,0,693.85,2.93,2.89,103.94,119.98,1,0,0,19,293,4.4
7838,11015,832,5,2,2026-07-06,Franklin,Residential,0,0,193.4,1.32,1.1,38.59,27.63,1,0,0,15,329,5.0
7839,11016,78,6,3,2026-07-06,Nashville,Commercial,0,0,2299.58,4.53,4.51,130.66,729.93,1,0,0,44,201,4.3
7840,11017,12,1,4,2026-07-06,Brentwood,Residential,0,0,360.57,2.12,1.16,32.42,68.93,0,1,0,35,233,4.0
7841,11018,1289,1,2,2026-07-06,Franklin,Commercial,0,1,1067.71,1.93,1.95,68.24,211.17,1,0,0,32,105,5.0
7842,11019,1357,3,7,2026-07-06,Franklin,Residential,0,0,9675.73,18.18,14.54,508.94,4859.62,1,0,0,8,162,4.3
7843,11020,1158,1,1,2026-07-06,Nashville,Residential,1,1,375.6,2.5,2.61,88.61,113.1,1,0,0,36,42,4.8
7844,11021,804,1,3,2026-07-06,Nashville,Residential,0,0,421.43,2.09,2.71,78.51,99.16,0,1,0,44,233,3.8
7845,11023,958,1,6,2026-07-06,Franklin,Residential,0,0,595.27,2.19,2.33,72.25,132.83,1,0,0,38,133,4.7
7846,11025,1002,3,5,2026-07-06,Nolensville,Residential,0,0,8691.02,17.06,17.65,635.48,4299.88,1,0,0,33,281,4.7
7847,11027,193,1,8,2026-07-06,Nashville,Residential,1,0,530.92,1.95,2.59,69.91,114.64,0,0,0,42,264,4.1
7848,11029,378,1,3,2026-07-06,Nashville,Residential,0,1,465.06,2.7,2.78,80.66,113.71,1,0,1,41,92,4.4
7849,11031,879,1,1,2026-07-06,Franklin,Residential,0,0,400.82,2.32,1.53,52.08,96.62,1,0,1,30,274,4.7
7850,11033,263,5,2,2026-07-06,Nolensville,Commercial,0,0,390.94,1.52,1.53,53.48,57.3,1,0,0,25,175,4.5
7851,11034,1298,1,2,2026-07-06,Brentwood,Residential,1,0,489.0,2.24,2.25,78.59,134.14,1,0,0,49,119,4.8
7852,11036,991,1,3,2026-07-06,Nashville,Residential,0,0,577.47,1.84,1.94,56.33,119.88,1,0,1,47,219,4.8
7853,11038,661,5,1,2026-07-06,Nashville,Residential,1,0,202.54,1.3,1.27,43.03,27.57,1,0,0,37,222,5.0
7854,11041,1334,7,4,2026-07-06,Brentwood,Residential,0,0,1059.1,3.87,3.65,102.14,318.75,1,0,0,34,300,4.6
7855,11043,942,6,6,2026-07-07,Franklin,Residential,0,0,1636.43,3.34,2.64,81.99,681.89,1,0,0,38,319,4.9
7856,11044,672,7,6,2026-07-07,Franklin,Residential,0,0,1332.58,5.15,5.91,183.26,335.67,1,0,0,49,284,4.3
7857,11046,141,5,7,2026-07-07,Nashville,Residential,0,0,210.37,1.38,1.71,59.83,32.96,1,0,1,24,254,4.7
7858,11047,1425,2,1,2026-07-07,Franklin,Residential,0,0,512.28,1.78,1.68,57.09,127.71,1,0,0,56,226,4.9
7859,11048,963,5,5,2026-07-07,Nolensville,Residential,1,0,184.84,1.36,1.41,50.84,38.31,1,0,0,33,263,4.8
7860,11049,673,1,8,2026-07-07,Nolensville,Residential,0,0,412.97,2.39,3.0,81.06,72.85,1,1,0,34,157,3.7
7861,11050,997,5,4,2026-07-07,Nashville,Residential,0,0,154.53,1.21,1.06,29.55,20.87,1,0,0,50,164,4.6
7862,11051,826,2,6,2026-07-07,Nashville,Commercial,1,0,720.54,2.35,1.95,60.52,168.26,1,0,0,55,257,4.7
7863,11052,827,1,2,2026-07-07,Spring Hill,Commercial,0,0,1140.75,1.97,1.43,50.15,213.23,1,0,0,57,105,4.7
7864,11053,953,3,7,2026-07-07,Brentwood,Residential,1,0,7422.94,19.17,25.3,885.58,3267.53,1,0,0,67,258,4.8
7865,11054,687,5,4,2026-07-07,Nolensville,Residential,0,0,259.13,1.3,0.92,25.79,39.31,1,0,1,26,333,4.3
7866,11055,1061,5,3,2026-07-07,Nashville,Residential,0,0,206.67,1.51,1.32,38.24,30.11,1,0,0,35,225,4.5
7867,11056,389,1,1,2026-07-07,Franklin,Residential,1,0,309.82,1.99,1.86,63.18,90.68,1,0,0,37,109,5.0
7868,11057,60,5,7,2026-07-07,Franklin,Residential,1,0,202.87,1.13,1.33,46.61,37.73,1,0,0,37,271,4.9
7869,11059,394,1,8,2026-07-07,Franklin,Residential,0,0,481.98,2.32,2.84,76.65,74.55,1,0,0,40,224,4.2
7870,11060,1086,2,3,2026-07-07,Nashville,Residential,0,0,436.51,2.41,2.69,77.99,95.0,1,0,0,40,231,4.6
7871,11064,1147,6,8,2026-07-07,Nashville,Residential,0,0,1598.7,3.89,3.99,107.75,721.84,1,0,0,48,150,3.9
7872,11069,167,5,6,2026-07-07,Brentwood,Residential,0,0,165.24,1.28,1.2,37.11,23.49,1,0,0,45,286,4.6
7873,11070,679,2,2,2026-07-07,Spring Hill,Residential,1,1,627.78,2.14,2.3,80.39,163.54,1,0,0,62,140,4.7
7874,11071,90,2,1,2026-07-08,Spring Hill,Residential,0,1,482.11,2.21,2.1,71.26,76.04,1,0,0,14,86,4.8
7875,11072,933,5,6,2026-07-08,Franklin,Residential,0,0,179.96,0.88,0.91,28.24,25.8,1,0,0,37,214,4.8
7876,11073,83,2,8,2026-07-08,Nolensville,Residential,0,1,689.14,2.02,2.93,79.07,130.49,1,0,1,57,90,4.3
7877,11074,723,1,8,2026-07-08,Franklin,Residential,1,0,402.77,1.87,2.17,58.63,93.75,1,0,0,46,265,4.3
7878,11075,1151,1,5,2026-07-08,Nashville,Residential,1,0,552.16,2.32,2.24,80.56,141.41,1,0,0,20,285,4.8
7879,11076,625,7,4,2026-07-08,Brentwood,Residential,0,0,1047.06,3.95,4.97,139.09,283.23,1,0,0,49,299,4.5
7880,11077,986,7,2,2026-07-08,Franklin,Residential,0,0,859.39,4.48,4.08,142.73,227.43,1,0,0,8,211,4.9
7881,11078,488,5,2,2026-07-08,Franklin,Residential,1,0,161.02,1.31,1.53,53.49,25.77,1,0,0,34,209,4.7
7882,11079,44,2,7,2026-07-08,Brentwood,Residential,0,0,552.08,2.35,2.37,83.06,130.21,1,0,0,45,218,4.2
7883,11082,72,5,5,2026-07-08,Spring Hill,Residential,0,0,152.54,1.54,0.87,31.43,19.96,0,1,0,54,265,3.8
7884,11083,1095,2,7,2026-07-08,Franklin,Commercial,0,0,822.1,2.61,2.99,104.82,169.87,1,0,0,51,241,4.5
7885,11085,572,5,4,2026-07-08,Nolensville,Residential,0,0,187.75,1.28,1.49,41.8,23.18,1,0,0,53,262,4.3
7886,11088,782,2,7,2026-07-08,Brentwood,Residential,0,0,488.89,2.22,2.45,85.64,104.41,1,0,1,28,240,4.3
7887,11089,1169,6,3,2026-07-08,Spring Hill,Residential,0,0,1480.54,3.57,4.1,118.79,497.13,1,0,0,36,302,5.0
7888,11090,42,5,5,2026-07-08,Spring Hill,Residential,0,0,202.24,1.52,1.71,61.48,31.03,1,0,0,55,209,5.0
7889,11091,1147,2,6,2026-07-08,Nashville,Residential,0,0,586.54,2.42,2.41,74.71,141.65,1,0,0,59,94,4.9
7890,11093,1345,7,3,2026-07-08,Spring Hill,Residential,0,0,990.57,4.59,4.18,121.14,246.61,1,0,0,63,249,4.6
7891,11094,1408,1,8,2026-07-08,Nashville,Residential,1,1,337.58,2.58,3.09,83.55,71.61,1,0,0,10,59,4.2
7892,11095,986,2,2,2026-07-08,Franklin,Residential,0,1,516.46,2.2,2.34,81.93,118.79,1,0,0,28,114,5.0
7893,11096,1016,1,4,2026-07-08,Nashville,Residential,1,0,369.02,2.11,2.08,58.1,89.46,1,0,0,59,248,4.5
7894,11098,1268,2,3,2026-07-08,Nashville,Residential,0,0,484.36,2.06,1.75,50.81,117.9,1,0,1,53,240,4.5
7895,11099,278,2,4,2026-07-08,Nolensville,Residential,0,0,475.84,2.18,2.32,64.99,76.39,1,0,0,41,199,4.7
7896,11100,833,5,6,2026-07-09,Franklin,Residential,0,0,141.31,1.1,1.09,33.92,21.47,1,0,0,52,250,4.6
7897,11102,996,6,1,2026-07-09,Brentwood,Residential,0,0,977.63,3.39,2.97,101.03,372.37,0,1,0,51,171,3.9
7898,11103,508,1,1,2026-07-09,Nolensville,Residential,0,0,450.96,2.22,2.17,73.72,90.76,1,0,1,35,292,4.3
7899,11104,940,2,1,2026-07-09,Nashville,Residential,1,0,584.8,1.58,1.69,57.58,141.87,1,0,0,15,207,5.0
7900,11105,670,5,4,2026-07-09,Nashville,Residential,0,0,192.7,1.47,1.61,45.14,25.35,1,0,0,30,243,4.2
7901,11106,380,5,6,2026-07-09,Nashville,Residential,0,0,188.94,1.45,1.08,33.53,30.23,1,0,0,46,346,5.0
7902,11107,1373,4,7,2026-07-09,Brentwood,Commercial,0,0,4354.59,9.93,13.67,478.57,1285.31,1,0,0,52,312,4.6
7903,11111,315,5,8,2026-07-09,Franklin,Residential,0,0,209.16,1.31,1.98,53.57,26.91,1,0,1,44,150,4.4
7904,11112,276,1,8,2026-07-09,Nashville,Residential,0,0,625.12,1.64,1.64,44.31,147.08,1,0,0,19,208,4.4
7905,11113,823,1,1,2026-07-09,Brentwood,Residential,1,0,393.23,2.05,1.27,43.09,93.7,1,0,0,41,192,4.7
7906,11114,1051,5,2,2026-07-09,Brentwood,Residential,0,0,202.29,1.43,1.69,59.06,25.16,1,0,1,49,233,5.0
7907,11115,1225,5,3,2026-07-09,Nashville,Commercial,1,0,352.34,1.21,1.43,41.45,60.03,1,0,0,31,174,4.7
7908,11117,1108,5,6,2026-07-09,Franklin,Residential,0,0,171.72,1.29,0.98,30.39,27.48,1,0,1,29,259,4.7
7909,11118,935,4,7,2026-07-09,Brentwood,Residential,0,0,3069.0,9.31,9.09,318.18,969.91,1,0,0,32,226,4.3
7910,11119,1248,1,6,2026-07-09,Nolensville,Residential,1,0,716.41,2.02,2.23,69.14,166.03,1,0,0,50,204,4.5
7911,11121,851,1,4,2026-07-09,Nashville,Residential,1,0,652.2,2.56,3.36,94.2,130.85,1,0,0,47,246,4.1
7912,11122,1219,5,2,2026-07-09,Nashville,Residential,0,0,159.4,0.94,0.75,26.37,19.39,1,0,1,52,275,4.8
7913,11124,860,2,4,2026-07-10,Nashville,Residential,0,0,585.61,2.71,3.34,93.45,120.48,1,0,0,46,271,4.7
7914,11125,446,4,5,2026-07-10,Franklin,Residential,0,0,1918.33,8.32,6.08,219.03,622.23,1,0,0,25,289,5.0
7915,11126,12,1,1,2026-07-10,Brentwood,Residential,0,1,440.55,1.86,1.39,47.13,112.96,1,1,0,65,53,4.0
7916,11128,353,5,3,2026-07-10,Nashville,Residential,0,0,197.69,1.31,1.32,38.33,31.87,1,0,0,31,284,4.6
7917,11129,541,3,5,2026-07-10,Nashville,Residential,0,0,9371.29,17.69,11.31,407.19,4708.91,0,1,0,33,243,4.4
7918,11132,129,2,4,2026-07-10,Franklin,Residential,1,1,441.42,2.27,1.67,46.89,94.95,1,0,0,38,63,4.6
7919,11133,958,5,7,2026-07-10,Franklin,Residential,0,0,128.8,1.26,1.11,38.86,20.41,1,0,0,27,258,4.3
7920,11134,385,1,4,2026-07-10,Nolensville,Residential,0,0,479.23,2.03,1.83,51.35,89.75,0,1,0,50,210,3.8
7921,11136,123,7,2,2026-07-10,Nashville,Residential,1,0,1352.93,4.07,4.18,146.22,357.46,1,0,0,45,249,5.0
7922,11138,227,5,3,2026-07-10,Spring Hill,Residential,1,0,206.13,1.24,1.56,45.35,25.09,1,0,0,39,274,4.8
7923,11139,1007,2,6,2026-07-10,Nashville,Commercial,0,1,902.86,2.24,2.39,74.2,218.96,1,0,0,50,22,4.6
7924,11141,179,1,5,2026-07-10,Nashville,Residential,0,0,458.62,2.26,1.72,62.02,114.13,1,0,0,49,214,4.7
7925,11142,1104,5,6,2026-07-10,Franklin,Residential,0,0,235.7,1.66,1.58,48.84,39.2,1,0,0,50,227,4.8
7926,11143,1020,1,1,2026-07-10,Brentwood,Commercial,0,0,804.22,1.92,1.54,52.46,187.86,1,0,0,38,302,4.6
7927,11144,1300,1,1,2026-07-11,Brentwood,Residential,0,1,484.48,2.27,2.3,78.09,109.21,1,0,0,37,102,4.7
7928,11146,158,2,1,2026-07-11,Nolensville,Residential,0,0,492.92,2.75,2.34,79.53,101.83,0,1,1,54,256,4.4
7929,11147,816,5,1,2026-07-11,Nashville,Commercial,0,0,371.66,1.18,0.99,33.63,48.35,1,0,0,21,243,5.0
7930,11149,1257,5,2,2026-07-11,Franklin,Residential,0,0,147.98,0.89,0.88,30.64,22.67,1,0,1,30,320,5.0
7931,11150,803,1,2,2026-07-11,Spring Hill,Residential,0,1,570.62,1.89,2.0,70.02,119.91,1,0,0,40,89,5.0
7932,11151,525,1,7,2026-07-11,Brentwood,Residential,1,0,384.74,2.77,2.22,77.74,84.21,1,0,0,45,241,4.3
7933,11152,629,5,5,2026-07-12,Brentwood,Residential,0,0,217.42,1.31,1.23,44.24,30.08,1,0,0,50,369,5.0
7934,11153,221,5,3,2026-07-12,Nashville,Residential,1,0,125.62,1.25,1.33,38.67,20.48,0,1,0,48,239,4.3
7935,11155,782,7,1,2026-07-12,Brentwood,Residential,0,0,1155.69,4.48,3.62,122.92,248.23,0,0,0,43,267,5.0
7936,11156,662,1,1,2026-07-12,Franklin,Residential,0,0,382.66,1.61,1.44,48.85,73.14,0,1,0,39,131,4.0
7937,11157,334,1,8,2026-07-12,Brentwood,Residential,0,1,397.15,2.02,1.98,53.57,95.3,0,1,0,48,218,3.7
7938,11158,352,5,8,2026-07-12,Nashville,Residential,1,0,136.47,1.22,1.47,39.59,20.8,1,0,0,49,248,4.6
7939,11160,622,4,7,2026-07-12,Franklin,Residential,0,0,2044.89,9.87,10.52,368.22,598.15,1,0,0,37,234,4.7
7940,11163,273,1,4,2026-07-12,Nashville,Residential,1,0,382.88,2.02,2.33,65.1,86.22,0,1,0,40,274,3.8
7941,11166,656,5,4,2026-07-12,Franklin,Residential,0,0,243.63,1.07,1.16,32.42,27.05,1,0,0,19,183,4.5
7942,11167,765,1,7,2026-07-12,Nolensville,Residential,0,1,576.49,2.41,1.79,62.61,123.71,1,0,0,63,68,5.0
7943,11168,843,5,2,2026-07-12,Franklin,Residential,0,0,218.41,1.44,1.53,53.57,32.64,0,1,0,36,256,4.6
7944,11170,36,4,7,2026-07-12,Spring Hill,Residential,1,0,3130.85,9.29,7.83,273.93,1032.08,1,0,0,23,118,4.4
7945,11173,1099,6,5,2026-07-13,Franklin,Residential,0,0,1166.82,2.8,3.09,111.42,461.22,1,0,0,36,318,4.3
7946,11174,67,5,7,2026-07-13,Spring Hill,Residential,0,0,197.56,1.33,1.47,51.36,23.33,1,0,0,43,293,5.0
7947,11175,749,6,7,2026-07-13,Franklin,Residential,0,0,1105.03,3.93,3.7,129.5,497.5,1,0,0,40,296,4.4
7948,11176,85,1,3,2026-07-13,Nashville,Residential,1,0,434.32,2.29,2.78,80.7,87.99,1,0,0,42,241,4.8
7949,11178,1230,5,5,2026-07-13,Spring Hill,Residential,1,0,186.75,1.3,0.76,27.53,24.25,1,0,0,34,237,4.6
7950,11180,459,5,6,2026-07-13,Nashville,Residential,0,0,182.05,1.23,1.17,36.25,25.14,1,0,1,59,229,4.5
7951,11181,355,1,8,2026-07-13,Brentwood,Residential,0,0,428.08,1.92,2.4,64.87,79.61,1,0,0,44,175,4.4
7952,11183,1134,5,3,2026-07-13,Spring Hill,Residential,0,0,186.9,1.22,1.07,31.1,29.01,1,0,0,42,285,4.5
7953,11184,1156,5,6,2026-07-13,Franklin,Residential,1,0,163.65,1.61,1.58,48.92,24.99,1,0,0,62,251,4.8
7954,11186,1425,5,6,2026-07-13,Franklin,Residential,0,0,178.21,1.06,1.07,33.02,24.43,1,0,0,49,134,5.0
7955,11187,1144,6,8,2026-07-13,Spring Hill,Residential,0,0,1087.71,3.19,3.31,89.37,422.76,1,0,0,45,264,4.6
7956,11188,1341,5,7,2026-07-13,Spring Hill,Residential,1,0,206.32,1.18,1.31,45.82,28.88,1,0,0,39,197,4.2
7957,11189,442,1,1,2026-07-13,Nolensville,Residential,1,0,513.48,2.82,2.37,80.42,99.91,1,0,0,53,237,4.7
7958,11190,637,7,3,2026-07-13,Franklin,Residential,0,0,946.37,4.49,3.21,93.04,180.89,1,0,0,52,292,4.7
7959,11192,1211,3,7,2026-07-13,Nolensville,Residential,0,0,9889.52,19.27,23.56,824.57,5236.85,1,0,0,32,237,4.2
7960,11193,4,5,5,2026-07-13,Nashville,Residential,0,0,158.48,1.4,1.67,60.06,19.64,1,0,0,46,143,4.7
7961,11198,63,4,7,2026-07-14,Spring Hill,Residential,0,0,2731.34,10.98,11.52,403.17,812.7,0,0,0,66,215,4.6
7962,11199,127,1,6,2026-07-14,Nashville,Residential,0,0,507.9,2.42,2.74,84.87,90.69,1,0,0,14,258,5.0
7963,11200,16,1,8,2026-07-14,Brentwood,Residential,1,0,461.66,2.32,2.98,80.35,118.34,1,0,0,41,202,4.4
7964,11201,892,1,2,2026-07-14,Nashville,Residential,0,0,473.64,1.91,2.17,76.02,95.0,1,0,0,57,210,4.7
7965,11202,522,2,4,2026-07-14,Franklin,Residential,0,0,668.64,2.62,2.41,67.41,132.72,1,0,0,64,192,4.7
7966,11203,322,2,8,2026-07-14,Franklin,Residential,0,0,645.19,2.55,2.87,77.41,173.49,1,0,0,31,269,4.7
7967,11206,966,7,8,2026-07-14,Brentwood,Residential,0,0,1024.45,5.43,6.53,176.35,267.68,1,0,0,57,226,3.9
7968,11207,1072,1,4,2026-07-14,Nashville,Commercial,0,0,1066.85,2.03,1.74,48.73,229.11,0,0,0,31,140,4.3
7969,11208,192,6,4,2026-07-14,Brentwood,Commercial,1,0,2054.97,2.53,3.22,90.06,715.62,1,0,0,46,243,5.0
7970,11209,187,5,4,2026-07-14,Franklin,Residential,0,0,173.12,0.96,0.92,25.68,27.8,1,0,0,51,223,4.3
7971,11210,684,6,6,2026-07-14,Nashville,Residential,0,0,1377.75,1.96,2.48,76.86,524.49,1,0,0,54,243,4.9
7972,11211,1244,4,7,2026-07-14,Nashville,Residential,1,0,2055.56,9.24,8.91,311.95,648.72,1,0,0,55,265,4.9
7973,11212,110,7,8,2026-07-14,Nolensville,Commercial,0,0,1539.07,4.51,6.3,170.21,382.73,0,1,0,57,275,4.5
7974,11213,939,1,3,2026-07-14,Franklin,Residential,0,0,529.98,2.16,1.62,46.88,120.71,1,0,0,53,258,4.5
7975,11214,1057,3,5,2026-07-14,Nashville,Residential,0,0,10790.37,14.51,13.31,479.01,4521.39,1,0,0,28,184,4.9
7976,11217,983,1,8,2026-07-14,Franklin,Residential,0,0,352.48,2.88,3.06,82.73,72.16,1,0,0,43,298,4.3
7977,11218,325,6,4,2026-07-15,Brentwood,Residential,0,0,1188.46,2.6,2.68,75.14,484.56,1,0,0,45,274,4.9
7978,11221,1392,1,6,2026-07-15,Nashville,Residential,0,0,443.8,1.79,1.95,60.45,97.62,1,0,0,52,205,4.8
7979,11222,673,1,6,2026-07-15,Nolensville,Residential,0,0,379.57,2.08,1.33,41.3,75.24,1,0,0,30,267,5.0
7980,11223,804,1,2,2026-07-15,Nashville,Residential,0,0,544.83,2.34,2.73,95.54,121.84,1,0,0,32,304,4.7
7981,11224,1096,5,6,2026-07-15,Nashville,Residential,0,0,165.34,1.08,1.09,33.81,23.64,1,0,0,34,171,4.9
7982,11225,489,4,5,2026-07-15,Nashville,Residential,0,0,2243.97,11.13,9.02,324.58,851.25,1,0,0,27,213,4.7
7983,11226,1326,5,8,2026-07-15,Nolensville,Residential,0,0,213.15,0.88,0.97,26.08,34.92,1,0,0,52,227,4.5
7984,11227,628,3,7,2026-07-15,Nolensville,Residential,1,0,8101.07,16.2,13.48,471.75,4769.51,1,1,0,32,272,4.1
7985,11228,269,7,8,2026-07-15,Brentwood,Residential,1,0,957.21,4.78,4.03,108.83,246.84,1,0,0,36,247,4.6
7986,11229,479,1,5,2026-07-15,Franklin,Residential,0,0,485.44,2.52,1.97,71.09,131.11,1,0,0,42,222,5.0
7987,11231,140,5,5,2026-07-15,Spring Hill,Residential,1,0,191.91,1.19,0.93,33.51,32.12,1,0,0,60,190,4.6
7988,11232,798,2,1,2026-07-15,Nashville,Residential,1,0,389.33,1.88,2.23,75.88,79.15,0,1,0,47,218,4.1
7989,11233,1117,5,2,2026-07-15,Nashville,Residential,1,0,155.15,1.4,1.43,49.99,24.14,1,0,0,41,276,5.0
7990,11235,1234,7,5,2026-07-15,Nashville,Residential,0,0,1058.05,4.59,4.17,150.07,236.06,1,0,0,33,212,4.9
7991,11236,1307,1,7,2026-07-15,Nashville,Commercial,0,0,909.69,2.16,1.89,66.11,194.49,0,0,1,54,167,4.2
7992,11238,674,4,5,2026-07-15,Nolensville,Residential,0,0,2555.1,9.54,8.4,302.58,969.04,0,1,0,49,298,4.3
7993,11239,348,5,7,2026-07-15,Spring Hill,Residential,1,0,160.37,1.43,1.64,57.42,25.68,1,0,0,46,284,4.6
7994,11241,1206,4,5,2026-07-15,Nashville,Residential,1,0,2649.19,10.92,9.44,339.7,733.24,1,0,0,24,208,4.4
7995,11242,172,5,5,2026-07-15,Brentwood,Commercial,0,0,261.19,1.32,0.91,32.89,37.81,1,0,0,33,153,5.0
7996,11243,525,1,5,2026-07-15,Brentwood,Residential,1,0,364.58,2.27,2.02,72.56,90.66,1,0,0,42,224,4.7
7997,11244,1113,5,2,2026-07-15,Nolensville,Residential,0,0,185.53,1.55,1.24,43.24,24.09,1,0,0,22,167,5.0
7998,11245,716,1,7,2026-07-16,Nashville,Residential,1,0,545.0,2.33,2.18,76.32,140.78,1,0,0,26,238,4.5
7999,11250,309,1,7,2026-07-16,Nashville,Residential,1,0,526.38,1.71,1.89,65.98,124.42,1,1,0,29,180,4.5
8000,11251,781,1,3,2026-07-16,Spring Hill,Residential,1,0,302.5,2.15,1.79,51.95,74.11,1,0,0,26,374,4.4
8001,11252,1448,1,8,2026-07-16,Nashville,Residential,0,0,553.38,2.18,2.44,66.01,124.92,1,1,0,35,243,3.7
8002,11253,1431,2,4,2026-07-16,Nolensville,Residential,0,1,448.54,2.08,2.21,61.78,106.75,1,0,0,36,127,4.0
8003,11254,593,2,2,2026-07-16,Spring Hill,Residential,1,0,358.54,2.25,2.38,83.2,97.74,1,0,0,27,281,4.9
8004,11256,1001,1,5,2026-07-16,Brentwood,Commercial,1,0,826.66,2.17,2.38,85.73,198.53,1,0,0,43,327,4.5
8005,11257,295,6,4,2026-07-16,Nolensville,Residential,0,0,1339.9,3.51,2.79,78.19,449.08,1,1,0,37,266,3.9
8006,11258,596,1,7,2026-07-16,Spring Hill,Residential,1,0,501.15,1.82,1.9,66.67,126.49,1,0,0,43,157,4.6
8007,11259,848,2,1,2026-07-16,Nolensville,Residential,0,1,603.36,2.66,2.16,73.38,130.62,0,0,0,32,61,5.0
8008,11260,520,7,6,2026-07-16,Nolensville,Residential,0,0,970.85,5.01,3.96,122.66,261.58,1,0,0,21,183,4.4
8009,11262,437,6,3,2026-07-16,Brentwood,Residential,1,0,1076.6,2.54,2.65,76.88,453.05,0,1,0,43,254,4.5
8010,11264,1049,5,3,2026-07-16,Franklin,Residential,0,0,191.02,1.23,1.24,35.86,26.23,1,1,0,49,212,4.4
8011,11266,241,4,5,2026-07-16,Nashville,Residential,0,0,2699.87,10.45,10.6,381.76,821.69,1,0,0,35,302,4.4
8012,11269,1048,1,6,2026-07-17,Spring Hill,Commercial,0,0,727.3,2.44,2.01,62.3,143.06,1,0,0,26,275,4.6
8013,11271,375,5,6,2026-07-17,Spring Hill,Residential,1,0,241.42,1.44,1.42,43.94,38.15,1,0,0,47,260,4.9
8014,11272,395,4,7,2026-07-17,Brentwood,Commercial,1,0,6135.19,9.41,8.85,309.79,1813.36,1,0,0,45,120,4.9
8015,11273,681,5,8,2026-07-17,Brentwood,Residential,1,0,175.56,1.48,1.59,43.03,30.05,1,0,0,61,143,4.1
8016,11275,441,5,5,2026-07-17,Spring Hill,Residential,0,0,162.08,1.48,1.4,50.44,21.05,1,0,1,41,197,4.6
8017,11276,1259,1,3,2026-07-17,Nashville,Residential,0,0,579.02,2.34,2.36,68.56,105.29,1,0,1,17,271,4.2
8018,11277,1075,1,6,2026-07-17,Nashville,Residential,0,0,437.69,2.51,2.38,73.71,103.13,1,0,0,47,219,5.0
8019,11278,239,6,3,2026-07-17,Nolensville,Residential,1,0,938.23,4.32,5.6,162.29,292.1,1,0,0,12,238,4.4
8020,11279,1446,2,3,2026-07-17,Franklin,Residential,0,1,535.46,2.68,1.87,54.36,120.55,0,0,0,35,69,4.4
8021,11282,1210,5,3,2026-07-17,Franklin,Residential,0,0,176.39,1.44,1.26,36.62,26.06,1,0,0,66,202,4.2
8022,11283,887,1,6,2026-07-17,Nashville,Commercial,0,0,974.75,2.7,2.82,87.28,195.48,1,0,0,41,197,4.5
8023,11284,1320,5,5,2026-07-17,Nolensville,Commercial,0,0,290.97,1.27,1.2,43.14,49.74,1,0,0,22,221,4.8
8024,11285,915,6,3,2026-07-17,Nashville,Residential,0,0,1137.24,3.11,2.73,79.15,458.35,1,0,0,19,278,4.8
8025,11287,552,2,8,2026-07-18,Nolensville,Residential,1,0,316.58,2.08,1.98,53.44,88.12,1,0,0,33,232,3.6
8026,11288,553,1,8,2026-07-18,Nashville,Residential,1,0,444.16,2.6,3.78,102.16,122.57,1,0,0,44,230,3.5
8027,11289,949,1,2,2026-07-18,Spring Hill,Residential,0,0,423.73,2.25,1.29,45.28,82.01,1,0,0,51,215,5.0
8028,11291,423,6,3,2026-07-18,Franklin,Commercial,1,0,1797.74,3.81,3.14,91.11,706.53,1,0,0,35,174,4.7
8029,11292,677,1,1,2026-07-18,Spring Hill,Residential,0,1,410.48,2.22,2.42,82.36,82.03,1,0,1,48,20,4.6
8030,11293,270,3,5,2026-07-18,Nolensville,Residential,1,0,14087.26,16.84,17.77,639.69,6729.55,0,1,0,74,271,4.0
8031,11294,1244,1,6,2026-07-18,Nashville,Residential,1,0,462.86,1.91,1.54,47.76,103.22,1,0,0,41,263,4.8
8032,11295,1289,7,6,2026-07-18,Franklin,Commercial,0,0,2265.79,4.59,4.22,130.77,608.37,0,0,0,33,327,5.0
8033,11297,433,5,4,2026-07-18,Spring Hill,Residential,0,0,178.36,1.32,1.46,40.79,24.06,1,0,0,45,274,4.2
8034,11300,623,2,6,2026-07-18,Nashville,Residential,0,0,549.47,2.65,3.16,97.86,119.64,1,0,0,45,292,4.5
8035,11301,73,5,1,2026-07-18,Franklin,Residential,0,0,256.67,1.33,1.18,40.16,34.92,1,0,0,35,140,4.9
8036,11302,1261,5,5,2026-07-18,Franklin,Residential,1,0,204.31,1.09,1.11,39.95,31.59,1,0,0,37,210,4.8
8037,11303,200,1,5,2026-07-18,Nashville,Residential,0,0,570.92,2.02,2.06,74.01,148.19,1,0,0,18,230,4.8
8038,11304,1013,5,2,2026-07-18,Nashville,Residential,0,0,217.51,1.2,1.05,36.86,28.42,1,0,1,58,234,4.8
8039,11305,804,6,5,2026-07-19,Nashville,Residential,0,0,1474.62,3.31,3.69,132.96,451.72,1,0,0,30,198,4.6
8040,11306,981,6,2,2026-07-19,Nashville,Residential,0,0,1090.55,3.91,3.67,128.34,502.88,1,0,0,34,300,5.0
8041,11307,592,2,3,2026-07-19,Nashville,Commercial,0,0,844.63,2.6,2.86,82.94,170.74,1,0,0,47,350,4.4
8042,11308,1341,1,8,2026-07-19,Spring Hill,Residential,1,1,531.13,2.4,3.09,83.52,118.82,1,0,0,42,23,4.2
8043,11309,866,1,6,2026-07-19,Spring Hill,Residential,0,0,632.82,2.52,1.88,58.22,119.9,1,0,0,39,169,4.9
8044,11310,935,2,3,2026-07-19,Brentwood,Residential,0,0,487.32,2.68,2.82,81.68,97.04,1,0,0,41,294,5.0
8045,11313,1254,1,8,2026-07-19,Brentwood,Residential,0,0,489.2,2.09,2.19,59.05,120.83,0,0,0,29,243,3.6
8046,11315,460,5,7,2026-07-19,Franklin,Residential,0,0,216.72,1.58,1.76,61.53,35.12,1,0,0,14,157,4.6
8047,11316,458,5,1,2026-07-19,Spring Hill,Residential,0,0,166.74,1.41,1.47,49.85,26.47,1,0,0,44,267,4.5
8048,11319,61,1,3,2026-07-19,Brentwood,Residential,0,0,394.67,2.26,3.1,89.93,95.84,1,0,0,30,291,4.5
8049,11320,289,5,4,2026-07-19,Spring Hill,Residential,0,0,149.99,1.07,0.9,25.17,20.59,1,0,1,25,291,5.0
8050,11323,737,5,2,2026-07-19,Spring Hill,Residential,1,0,218.47,1.42,1.58,55.41,30.82,1,0,0,44,233,5.0
8051,11324,1243,3,7,2026-07-19,Franklin,Residential,0,0,7060.57,24.16,29.18,1021.22,3935.96,1,0,0,33,240,4.5
8052,11326,1159,2,7,2026-07-19,Franklin,Residential,0,0,468.52,2.61,2.8,97.97,131.14,0,1,0,28,205,3.7
8053,11327,109,1,4,2026-07-19,Franklin,Residential,1,0,352.03,2.04,1.73,48.51,86.7,1,0,0,34,234,4.8
8054,11330,861,5,7,2026-07-20,Nashville,Residential,0,0,180.45,1.06,0.95,33.08,26.03,1,0,0,50,289,4.8
8055,11333,48,3,5,2026-07-20,Brentwood,Residential,1,0,8291.27,17.69,15.69,564.91,4675.05,1,0,0,33,287,4.6
8056,11335,561,1,2,2026-07-20,Nashville,Residential,1,0,363.86,2.01,2.15,75.38,117.21,1,0,0,51,296,4.6
8057,11337,585,3,5,2026-07-20,Nashville,Residential,0,0,10453.96,19.15,16.99,611.63,4954.59,1,0,0,26,238,4.4
8058,11338,491,5,3,2026-07-20,Nashville,Residential,0,0,150.15,1.12,1.19,34.58,25.41,1,0,0,47,314,4.3
8059,11340,1246,5,4,2026-07-20,Spring Hill,Residential,1,0,252.18,1.31,1.07,30.08,39.01,0,1,0,43,277,4.0
8060,11342,63,5,2,2026-07-20,Spring Hill,Residential,0,0,132.91,1.05,0.74,25.93,18.38,1,0,0,29,238,4.8
8061,11343,1364,5,6,2026-07-20,Nashville,Residential,1,0,202.8,1.56,1.54,47.64,33.76,0,0,0,35,169,4.9
8062,11344,490,2,5,2026-07-20,Spring Hill,Residential,0,0,546.01,1.8,2.02,72.69,135.42,1,0,0,34,186,5.0
8063,11345,1103,1,2,2026-07-20,Nolensville,Residential,0,0,434.88,1.83,2.29,80.12,92.72,1,0,0,34,251,5.0
8064,11346,950,1,8,2026-07-20,Nashville,Commercial,0,0,932.48,2.13,2.39,64.53,200.24,1,0,0,35,166,4.3
8065,11347,1382,1,5,2026-07-20,Brentwood,Residential,1,0,856.31,2.4,2.22,79.9,193.0,1,0,0,40,343,4.4
8066,11348,185,5,8,2026-07-20,Spring Hill,Residential,0,0,162.55,1.26,1.67,45.12,23.03,1,0,0,48,126,4.2
8067,11349,554,5,4,2026-07-20,Nolensville,Residential,0,0,203.15,1.13,1.29,36.17,35.12,0,0,0,29,211,4.5
8068,11354,1340,2,3,2026-07-21,Franklin,Residential,0,1,478.52,2.27,2.49,72.3,101.55,1,0,0,41,195,4.6
8069,11355,146,1,2,2026-07-21,Nolensville,Residential,1,1,383.08,1.99,1.75,61.36,90.35,1,0,0,57,30,4.6
8070,11357,516,5,5,2026-07-21,Spring Hill,Residential,1,0,148.08,1.21,1.07,38.64,22.88,1,0,0,58,248,4.6
8071,11358,725,1,7,2026-07-21,Nashville,Commercial,1,0,572.22,2.21,1.88,65.72,132.71,1,0,0,47,329,4.6
8072,11359,1319,6,2,2026-07-21,Brentwood,Residential,0,0,1186.84,4.04,3.72,130.33,479.9,1,0,0,38,196,4.7
8073,11360,1444,5,8,2026-07-21,Brentwood,Residential,1,0,249.81,1.18,1.14,30.74,40.83,1,0,0,44,315,4.1
8074,11362,1356,1,5,2026-07-21,Franklin,Residential,1,0,461.12,2.88,3.14,113.17,107.51,1,0,0,24,226,4.2
8075,11363,408,4,7,2026-07-21,Franklin,Residential,0,0,2660.48,10.03,10.69,374.21,718.71,1,0,0,24,201,4.0
8076,11364,162,6,7,2026-07-21,Nolensville,Residential,0,0,1161.62,3.82,5.0,174.99,503.79,1,0,0,57,148,4.4
8077,11365,1434,3,5,2026-07-21,Nolensville,Commercial,1,0,20106.55,12.07,11.29,406.34,9223.13,1,0,0,49,251,5.0
8078,11368,843,6,6,2026-07-21,Franklin,Residential,0,0,1132.61,3.18,2.82,87.32,325.82,1,0,0,34,239,5.0
8079,11369,582,2,7,2026-07-21,Nashville,Residential,0,0,477.66,2.6,2.69,94.3,120.14,1,0,0,49,252,4.6
8080,11371,866,4,5,2026-07-21,Spring Hill,Residential,0,0,3689.36,8.85,8.47,304.81,1107.8,1,0,0,31,358,5.0
8081,11372,141,2,8,2026-07-21,Nashville,Residential,0,0,435.44,2.1,2.17,58.72,88.12,1,0,1,40,185,3.7
8082,11373,1020,5,8,2026-07-22,Brentwood,Commercial,0,0,280.41,1.49,1.84,49.65,43.15,1,0,0,37,215,4.4
8083,11374,1395,1,8,2026-07-22,Nashville,Residential,0,0,603.45,2.23,2.65,71.46,119.73,1,0,0,38,415,4.7
8084,11376,1083,4,5,2026-07-22,Nolensville,Residential,0,0,2359.76,11.31,12.31,443.08,661.06,1,0,0,42,217,4.8
8085,11377,863,1,4,2026-07-22,Brentwood,Commercial,0,0,698.12,1.92,1.89,52.88,143.86,0,0,0,46,231,4.6
8086,11378,560,1,8,2026-07-22,Nashville,Residential,0,0,628.42,2.11,2.58,69.61,177.57,1,0,0,33,293,4.1
8087,11380,46,5,4,2026-07-22,Spring Hill,Residential,0,0,215.81,1.42,1.57,43.85,28.75,1,0,0,35,217,4.3
8088,11382,981,5,2,2026-07-22,Nashville,Residential,0,0,256.59,1.47,1.6,56.07,39.46,1,0,0,55,368,4.8
8089,11383,902,5,3,2026-07-22,Spring Hill,Residential,1,0,180.22,1.39,1.55,44.91,24.66,1,0,0,30,186,4.6
8090,11384,871,6,5,2026-07-22,Franklin,Commercial,0,0,2740.52,3.73,4.22,151.89,1032.18,0,0,0,41,261,4.7
8091,11387,679,5,5,2026-07-22,Spring Hill,Residential,1,0,171.6,1.71,0.7,25.28,24.14,1,0,0,49,211,4.7
8092,11390,498,2,8,2026-07-23,Nashville,Residential,0,0,488.9,2.8,2.25,60.74,107.48,1,0,0,26,255,4.8
8093,11391,424,1,1,2026-07-23,Spring Hill,Residential,1,1,469.55,2.24,2.07,70.39,131.24,0,0,0,29,78,4.5
8094,11392,1230,1,6,2026-07-23,Spring Hill,Residential,1,0,557.92,1.93,1.53,47.5,144.96,1,0,0,35,282,4.4
8095,11393,864,1,7,2026-07-23,Spring Hill,Residential,0,0,616.24,1.88,1.63,56.9,157.92,0,0,0,49,289,4.5
8096,11394,902,5,4,2026-07-23,Spring Hill,Residential,1,0,154.29,1.29,1.41,39.42,17.14,1,0,0,18,279,4.2
8097,11395,1314,2,8,2026-07-23,Franklin,Residential,1,0,469.72,2.59,2.9,78.18,112.42,1,0,0,29,225,4.3
8098,11397,942,3,5,2026-07-23,Franklin,Residential,0,0,10147.62,17.08,11.97,431.07,5765.08,1,0,0,26,221,4.2
8099,11400,792,1,4,2026-07-23,Nolensville,Residential,0,1,481.77,2.15,2.4,67.07,74.96,1,0,0,64,131,4.3
8100,11401,209,2,5,2026-07-23,Franklin,Residential,1,0,633.91,2.51,1.85,66.47,182.69,1,0,0,37,193,4.8
8101,11403,1297,1,4,2026-07-23,Nashville,Residential,1,0,499.29,2.5,3.03,84.81,141.23,0,1,0,55,208,4.2
8102,11405,614,1,3,2026-07-23,Franklin,Residential,0,0,566.97,1.93,1.96,56.94,139.7,1,0,1,60,260,4.5
8103,11406,1083,1,6,2026-07-23,Nolensville,Residential,0,0,512.68,2.36,2.67,82.66,116.92,1,0,0,38,139,4.6
8104,11407,728,1,8,2026-07-23,Nashville,Residential,1,0,370.95,2.3,2.0,53.95,99.29,1,0,0,27,385,4.4
8105,11408,190,2,4,2026-07-23,Spring Hill,Residential,1,0,437.27,2.48,2.57,71.94,103.68,1,0,0,34,124,4.9
8106,11410,1405,5,5,2026-07-23,Nashville,Residential,1,0,194.15,1.27,1.25,44.96,25.53,1,0,0,36,262,4.8
8107,11411,421,1,4,2026-07-24,Franklin,Residential,0,0,372.14,2.22,1.81,50.6,82.19,0,0,0,45,255,4.5
8108,11414,1250,3,7,2026-07-24,Nashville,Residential,0,0,10493.39,19.74,18.53,648.62,6119.31,1,0,0,34,162,4.3
8109,11415,678,1,1,2026-07-24,Nashville,Residential,0,0,536.88,1.37,1.19,40.45,114.52,1,0,0,50,221,5.0
8110,11416,904,1,6,2026-07-24,Nashville,Residential,0,0,534.69,1.91,2.12,65.66,125.55,1,0,1,49,174,4.5
8111,11417,798,3,5,2026-07-24,Nashville,Residential,1,0,8424.1,18.03,20.52,738.62,3352.42,1,0,0,37,254,4.8
8112,11418,9,2,8,2026-07-24,Nolensville,Residential,1,0,511.82,3.01,2.3,62.17,116.94,1,0,0,38,227,4.7
8113,11421,849,1,6,2026-07-24,Brentwood,Residential,1,1,456.34,2.42,2.94,91.16,107.13,1,0,0,37,25,5.0
8114,11422,1129,1,6,2026-07-24,Brentwood,Residential,0,0,509.18,2.15,2.2,68.21,132.05,1,0,0,37,308,4.6
8115,11423,792,5,8,2026-07-24,Nolensville,Residential,0,0,220.49,1.24,1.73,46.77,26.53,1,1,0,43,248,3.4
8116,11424,126,1,5,2026-07-24,Nashville,Residential,0,0,483.4,2.32,2.37,85.15,96.74,1,0,0,19,227,4.6
8117,11425,893,6,1,2026-07-24,Brentwood,Commercial,1,0,2059.69,3.48,3.1,105.24,778.61,1,0,0,31,248,4.8
8118,11426,703,2,5,2026-07-24,Nolensville,Residential,1,0,425.21,2.56,3.11,111.85,94.82,0,0,0,42,162,4.8
8119,11427,1162,1,5,2026-07-24,Spring Hill,Residential,0,1,480.37,2.22,2.08,75.0,98.19,0,0,0,52,20,4.6
8120,11428,195,5,4,2026-07-24,Brentwood,Commercial,1,0,302.08,1.55,1.7,47.48,51.59,1,0,0,58,235,4.5
8121,11429,812,2,7,2026-07-24,Spring Hill,Commercial,1,0,873.13,2.86,3.77,131.83,201.62,1,0,0,21,245,4.3
8122,11431,1342,2,1,2026-07-24,Brentwood,Residential,0,0,499.45,2.5,1.75,59.43,99.4,1,1,0,45,171,4.1
8123,11432,29,6,5,2026-07-24,Brentwood,Residential,1,0,1250.4,3.74,3.29,118.28,531.9,1,0,0,55,280,4.6
8124,11435,1417,1,2,2026-07-25,Franklin,Residential,0,0,381.86,2.02,2.09,73.28,86.07,1,0,0,16,358,4.8
8125,11436,996,6,3,2026-07-25,Brentwood,Residential,0,0,1416.18,3.91,5.61,162.74,543.33,1,0,0,34,185,4.4
8126,11437,539,5,6,2026-07-25,Franklin,Residential,1,0,256.75,1.44,1.12,34.69,27.12,1,0,0,46,245,4.7
8127,11438,588,7,1,2026-07-25,Nashville,Residential,0,0,1182.31,4.31,4.98,169.25,280.58,1,0,0,17,136,4.7
8128,11440,240,1,7,2026-07-25,Franklin,Residential,1,1,426.96,2.4,2.48,86.9,97.98,1,0,0,11,20,4.3
8129,11441,1379,7,2,2026-07-25,Nashville,Residential,0,0,1313.74,4.39,4.49,157.32,334.09,1,0,0,46,159,5.0
8130,11442,717,1,6,2026-07-25,Nolensville,Residential,0,0,569.92,1.82,1.8,55.69,103.16,0,1,0,62,317,4.6
8131,11445,670,1,4,2026-07-25,Nashville,Residential,0,0,412.74,2.37,3.0,84.05,107.32,0,1,0,17,292,4.0
8132,11446,1038,4,5,2026-07-25,Franklin,Residential,0,0,2026.29,10.01,10.5,378.17,612.26,1,0,0,27,286,4.2
8133,11447,1152,5,3,2026-07-26,Franklin,Commercial,0,0,393.08,1.57,1.47,42.49,61.83,1,0,0,52,228,4.2
8134,11448,701,3,7,2026-07-26,Franklin,Residential,1,0,11324.66,15.78,16.29,570.12,4915.43,1,0,0,45,257,4.8
8135,11449,172,6,4,2026-07-26,Brentwood,Commercial,0,0,1431.18,3.84,2.84,79.56,633.38,1,0,0,43,195,4.5
8136,11450,1027,5,6,2026-07-26,Nashville,Residential,0,0,198.86,1.53,1.52,47.13,31.91,0,1,1,31,213,4.0
8137,11451,1048,6,6,2026-07-26,Spring Hill,Commercial,0,0,2595.02,3.82,4.12,127.62,1116.12,1,0,0,30,316,4.7
8138,11452,563,5,2,2026-07-26,Nashville,Commercial,0,0,338.37,1.15,1.41,49.26,56.29,1,0,0,45,261,4.7
8139,11454,180,2,3,2026-07-26,Nashville,Residential,0,1,642.28,2.55,2.57,74.57,156.28,0,1,1,37,127,4.5
8140,11455,844,5,6,2026-07-26,Nashville,Residential,0,0,180.06,1.25,1.4,43.32,24.16,1,0,0,47,310,4.8
8141,11456,422,6,3,2026-07-26,Spring Hill,Residential,1,0,1108.14,3.25,3.25,94.11,445.65,1,0,0,59,220,4.8
8142,11458,699,2,8,2026-07-26,Spring Hill,Residential,0,0,526.4,2.47,2.35,63.54,129.48,1,0,0,33,184,4.7
8143,11459,1362,1,5,2026-07-26,Franklin,Residential,0,1,403.46,2.3,1.86,67.08,77.7,1,0,0,28,150,4.9
8144,11461,342,1,6,2026-07-26,Franklin,Residential,0,1,528.75,2.28,2.15,66.71,117.45,1,0,0,63,88,5.0
8145,11463,15,4,5,2026-07-26,Nashville,Residential,0,0,3138.97,10.08,12.57,452.43,1120.79,1,0,0,36,250,4.3
8146,11466,218,5,3,2026-07-27,Nashville,Residential,1,0,159.67,1.35,1.26,36.55,24.44,1,0,0,45,199,4.5
8147,11468,792,6,7,2026-07-27,Nolensville,Residential,0,0,1006.04,4.1,3.86,135.06,417.77,1,0,0,51,190,5.0
8148,11469,1200,1,4,2026-07-27,Brentwood,Residential,0,0,512.62,1.96,1.96,54.8,125.52,1,0,0,42,357,4.4
8149,11470,861,1,3,2026-07-27,Nashville,Residential,0,0,615.88,2.05,2.22,64.27,136.71,1,0,0,36,266,4.3
8150,11471,1154,4,7,2026-07-27,Nashville,Residential,1,0,2468.4,9.15,10.18,356.42,712.73,1,0,0,38,164,4.9
8151,11472,212,5,4,2026-07-27,Nashville,Residential,0,0,124.29,1.43,1.36,38.21,20.76,1,0,0,39,224,4.7
8152,11476,883,1,3,2026-07-27,Franklin,Residential,0,1,521.41,2.33,2.81,81.53,138.48,0,1,0,60,27,4.7
8153,11477,766,4,5,2026-07-27,Spring Hill,Residential,1,0,3267.01,11.48,9.25,333.15,847.45,0,1,0,40,295,4.4
8154,11478,786,5,5,2026-07-27,Franklin,Residential,0,0,165.98,1.36,1.05,37.84,29.09,1,0,0,37,211,4.7
8155,11479,665,1,1,2026-07-27,Nashville,Residential,0,0,516.77,2.06,1.55,52.82,111.97,0,1,1,44,281,4.5
8156,11480,737,3,5,2026-07-27,Spring Hill,Residential,1,0,8325.68,21.96,18.99,683.65,3774.99,1,0,0,26,175,5.0
8157,11481,1009,1,7,2026-07-27,Nashville,Residential,0,0,471.41,1.84,2.04,71.41,82.8,1,0,0,50,289,4.6
8158,11482,806,5,4,2026-07-27,Spring Hill,Residential,1,0,198.41,1.38,1.21,34.01,30.13,0,1,0,33,276,4.1
8159,11483,851,1,3,2026-07-27,Nashville,Residential,1,0,349.04,2.32,2.02,58.63,98.26,1,0,0,26,280,5.0
8160,11485,935,6,8,2026-07-27,Brentwood,Residential,0,0,1262.37,2.84,2.98,80.43,539.22,1,0,0,33,219,3.7
8161,11486,449,1,8,2026-07-27,Nashville,Residential,1,0,351.38,2.47,3.29,88.79,86.75,1,0,0,20,213,4.1
8162,11488,787,5,7,2026-07-27,Nashville,Commercial,0,0,333.95,1.18,1.06,36.98,59.37,1,0,0,37,187,4.3
8163,11490,564,1,3,2026-07-28,Brentwood,Residential,0,0,385.44,2.26,1.92,55.68,77.68,1,0,0,50,204,5.0
8164,11491,429,5,1,2026-07-28,Franklin,Residential,1,0,210.03,1.05,0.76,25.84,37.75,1,0,0,38,249,4.7
8165,11492,865,5,5,2026-07-28,Franklin,Residential,1,0,260.26,1.15,1.18,42.46,42.05,1,0,0,51,242,5.0
8166,11494,44,5,7,2026-07-28,Brentwood,Residential,0,0,214.41,1.17,1.24,43.34,28.65,1,0,1,52,181,4.7
8167,11496,562,4,7,2026-07-28,Spring Hill,Residential,1,0,1851.69,9.8,12.05,421.77,564.83,1,0,0,25,263,5.0
8168,11497,498,2,4,2026-07-28,Nashville,Residential,0,0,489.69,3.09,3.46,96.81,99.07,1,0,0,58,293,4.4
8169,11500,829,1,7,2026-07-28,Nashville,Residential,0,0,469.89,1.82,1.82,63.74,90.65,1,0,0,44,282,5.0
8170,11501,968,5,8,2026-07-28,Nolensville,Residential,1,0,179.34,1.3,1.3,35.15,22.07,1,0,0,19,251,4.2
8171,11503,1345,2,1,2026-07-28,Spring Hill,Residential,0,0,438.13,2.57,2.71,92.23,68.68,1,0,0,51,250,4.7
8172,11504,202,1,7,2026-07-28,Spring Hill,Residential,0,0,430.3,2.3,2.7,94.37,94.45,1,0,0,39,250,4.3
8173,11505,1234,5,7,2026-07-28,Nashville,Residential,0,0,202.53,1.31,1.36,47.64,28.26,1,0,0,59,296,4.4
8174,11506,403,7,6,2026-07-28,Nashville,Residential,0,0,1777.44,4.11,4.5,139.44,419.39,1,0,0,55,165,4.6
8175,11507,814,5,5,2026-07-28,Spring Hill,Commercial,0,0,405.47,1.3,1.3,46.91,61.22,1,0,0,57,253,4.6
8176,11509,473,1,1,2026-07-28,Nashville,Residential,1,0,355.02,2.53,2.47,83.87,67.75,1,0,0,59,189,4.6
8177,11512,545,4,7,2026-07-28,Franklin,Residential,1,0,3681.5,10.89,8.49,297.23,1098.23,1,0,0,26,276,4.7
8178,11513,606,1,1,2026-07-28,Brentwood,Residential,0,0,429.42,2.28,2.16,73.58,111.37,1,0,1,43,217,4.5
8179,11514,1302,5,6,2026-07-28,Brentwood,Commercial,0,0,275.49,1.38,1.65,51.01,41.48,0,1,0,13,286,4.3
8180,11515,765,6,7,2026-07-28,Nolensville,Residential,0,0,976.31,3.2,3.59,125.75,384.72,1,0,0,34,314,4.8
8181,11516,610,5,2,2026-07-28,Franklin,Residential,0,0,142.77,1.14,0.99,34.59,19.99,1,0,0,23,193,5.0
8182,11517,244,6,1,2026-07-28,Spring Hill,Residential,0,0,1113.95,4.14,4.62,157.04,468.92,1,0,0,37,229,4.8
8183,11518,1316,6,7,2026-07-29,Brentwood,Residential,0,0,1078.12,3.44,4.07,142.43,535.98,1,0,0,32,217,4.5
8184,11519,1134,1,4,2026-07-29,Spring Hill,Residential,0,0,442.49,2.35,2.79,78.11,82.81,0,1,1,21,178,4.2
8185,11521,571,4,5,2026-07-29,Nashville,Residential,0,0,3560.06,9.68,8.94,321.71,1198.62,1,0,0,27,239,4.8
8186,11523,1035,1,3,2026-07-29,Nolensville,Residential,0,0,423.71,2.2,2.61,75.72,87.13,1,0,0,40,289,4.6
8187,11524,524,1,8,2026-07-29,Nashville,Residential,0,0,387.31,2.2,2.28,61.53,90.13,1,0,0,20,309,4.1
8188,11525,710,7,2,2026-07-29,Brentwood,Residential,0,0,1096.92,5.01,5.4,189.11,256.47,1,0,0,31,211,5.0
8189,11526,613,1,7,2026-07-29,Brentwood,Residential,0,0,363.94,2.45,2.89,101.18,73.74,1,0,0,61,232,5.0
8190,11529,582,1,2,2026-07-29,Nashville,Residential,0,1,528.62,1.97,2.04,71.52,109.71,1,0,0,33,115,4.6
8191,11530,396,5,4,2026-07-29,Nolensville,Residential,0,0,209.15,1.23,1.1,30.7,34.4,0,0,0,35,249,4.2
8192,11531,1206,6,4,2026-07-29,Nashville,Residential,1,0,1043.33,3.31,4.11,115.05,440.39,1,0,0,27,252,4.6
8193,11532,1349,5,4,2026-07-29,Nashville,Residential,0,0,190.16,1.23,1.51,42.31,33.05,1,0,1,36,268,4.6
8194,11533,225,2,7,2026-07-29,Spring Hill,Residential,1,1,459.17,2.48,2.66,93.03,127.47,0,0,0,42,35,4.6
8195,11534,253,7,6,2026-07-29,Brentwood,Residential,0,0,1106.01,4.19,4.32,133.95,225.83,0,0,0,41,131,4.7
8196,11535,469,1,4,2026-07-29,Brentwood,Residential,1,1,445.01,2.2,1.73,48.49,99.97,0,1,0,44,153,3.9
8197,11536,1249,6,5,2026-07-29,Nashville,Residential,0,0,1276.8,3.35,4.43,159.5,598.71,1,0,0,52,258,5.0
8198,11537,1246,1,5,2026-07-29,Spring Hill,Residential,1,0,567.07,2.15,1.9,68.46,155.91,1,0,0,66,214,4.5
8199,11539,7,5,1,2026-07-29,Brentwood,Residential,0,0,263.7,1.2,0.95,32.46,35.5,1,0,0,31,321,5.0
8200,11540,522,5,8,2026-07-30,Franklin,Residential,0,0,171.31,1.16,1.32,35.51,25.2,1,0,0,44,289,4.2
8201,11541,445,1,2,2026-07-30,Franklin,Residential,1,1,425.52,1.57,1.42,49.73,116.5,0,1,0,36,38,4.0
8202,11544,115,5,4,2026-07-30,Franklin,Residential,1,0,163.79,1.12,1.32,36.85,22.27,0,1,0,39,218,4.4
8203,11545,236,5,2,2026-07-30,Nashville,Residential,0,0,159.53,1.13,1.01,35.4,26.71,1,1,0,34,191,4.6
8204,11546,494,1,8,2026-07-30,Nashville,Residential,0,0,558.6,2.2,2.09,56.34,139.68,1,0,1,21,228,4.8
8205,11547,500,6,4,2026-07-30,Nashville,Commercial,0,0,1792.53,3.18,3.11,86.99,731.92,0,1,0,27,247,4.2
8206,11548,331,2,7,2026-07-30,Nashville,Residential,0,0,582.6,2.17,2.06,72.0,120.15,1,0,0,49,217,4.6
8207,11549,546,1,3,2026-07-30,Franklin,Residential,0,1,459.21,1.97,2.36,68.46,92.22,1,0,1,56,20,4.4
8208,11551,1318,1,7,2026-07-30,Spring Hill,Residential,1,0,395.22,2.54,2.87,100.49,88.54,1,0,0,40,323,4.3
8209,11552,816,5,5,2026-07-30,Nashville,Commercial,0,0,359.06,1.41,1.23,44.38,55.76,1,0,1,30,121,4.6
8210,11553,1431,1,4,2026-07-30,Nolensville,Residential,0,1,327.34,2.35,2.52,70.68,69.47,1,0,1,45,54,4.2
8211,11555,826,1,5,2026-07-30,Nashville,Commercial,1,0,770.42,2.35,2.18,78.58,205.06,0,1,0,26,219,4.5
8212,11556,253,5,8,2026-07-30,Brentwood,Residential,0,0,208.28,1.22,1.48,40.06,30.07,1,0,0,46,186,4.6
8213,11557,1131,5,3,2026-07-30,Franklin,Residential,0,0,161.11,1.21,1.32,38.17,23.77,1,0,0,50,203,4.6
8214,11558,383,5,7,2026-07-30,Nolensville,Residential,0,0,175.27,1.47,1.67,58.31,30.44,1,0,0,47,332,4.6
8215,11559,994,1,1,2026-07-30,Franklin,Residential,1,0,307.85,2.31,2.59,87.97,82.26,1,0,0,60,162,4.8
8216,11561,95,2,6,2026-07-30,Nashville,Residential,1,0,539.22,1.83,1.51,46.9,141.45,1,0,0,41,120,4.8
8217,11563,248,2,6,2026-07-30,Nashville,Residential,0,0,626.5,2.55,2.56,79.33,158.35,0,1,0,22,216,4.3
8218,11564,1123,6,8,2026-07-30,Nashville,Residential,0,0,1348.63,3.44,3.23,87.31,517.04,1,0,0,38,231,4.7
8219,11566,1332,7,3,2026-07-30,Franklin,Residential,0,0,1075.55,4.54,5.83,169.11,305.14,0,0,0,40,262,4.7
8220,11567,612,1,8,2026-07-30,Nashville,Residential,0,1,635.87,2.42,1.79,48.34,104.69,0,0,0,28,103,4.4
8221,11569,844,2,7,2026-07-30,Nashville,Residential,0,0,458.34,2.28,2.51,87.86,104.92,1,0,0,54,293,4.7
8222,11570,924,1,7,2026-07-30,Nashville,Commercial,0,1,746.89,2.38,2.08,72.85,167.43,1,0,0,48,95,4.4
8223,11571,666,3,5,2026-07-30,Spring Hill,Commercial,0,0,14128.89,13.95,12.99,467.65,8586.74,1,0,0,49,229,4.5
8224,11573,940,1,4,2026-07-31,Nashville,Residential,1,0,322.98,1.91,2.41,67.35,69.51,1,0,0,36,184,4.2
8225,11574,242,6,4,2026-07-31,Brentwood,Commercial,0,0,2039.67,2.99,2.6,72.76,715.31,1,0,0,57,308,4.1
8226,11577,48,6,3,2026-07-31,Brentwood,Residential,1,0,1042.5,2.78,2.66,77.19,432.6,1,0,0,36,352,4.4
8227,11578,1307,2,1,2026-07-31,Nashville,Commercial,0,0,919.51,3.21,2.67,90.85,147.33,1,0,0,15,350,4.7
8228,11579,1421,7,3,2026-07-31,Nashville,Residential,0,0,905.56,4.83,4.58,132.82,161.58,1,0,0,63,250,4.5
8229,11580,513,1,1,2026-07-31,Nashville,Residential,1,0,372.06,2.39,2.33,79.18,78.1,1,0,0,23,239,4.8
8230,11581,1194,1,8,2026-07-31,Nashville,Residential,0,0,337.43,2.26,2.84,76.63,83.6,1,0,0,29,341,3.9
8231,11582,1362,2,7,2026-07-31,Franklin,Residential,0,0,723.91,2.95,3.14,109.95,166.7,1,0,0,23,171,4.8
8232,11586,1388,1,8,2026-07-31,Franklin,Residential,1,1,464.35,1.82,1.86,50.11,112.84,1,0,0,49,98,4.3
8233,11588,243,3,5,2026-07-31,Brentwood,Residential,1,0,11038.31,18.89,20.92,753.08,5142.4,1,0,0,41,177,4.9
8234,11589,720,1,6,2026-07-31,Nashville,Residential,0,0,484.61,2.02,2.0,62.0,121.62,1,0,0,31,302,4.7
8235,11590,1356,5,1,2026-07-31,Franklin,Residential,1,0,121.69,1.37,1.18,39.96,18.25,1,0,0,41,204,5.0
8236,11591,1168,5,3,2026-07-31,Nolensville,Residential,0,0,207.28,1.45,1.49,43.24,24.79,1,0,0,46,157,4.8
8237,11593,1295,1,5,2026-07-31,Franklin,Residential,0,1,518.42,2.33,1.77,63.89,135.65,1,0,0,49,57,4.6
8238,11595,325,6,2,2026-08-01,Brentwood,Residential,0,0,987.73,4.34,4.64,162.53,386.25,1,0,0,56,270,5.0
8239,11596,956,2,4,2026-08-01,Brentwood,Residential,0,0,434.7,2.28,2.2,61.56,130.0,1,0,0,39,324,4.6
8240,11597,960,2,7,2026-08-01,Nashville,Residential,0,1,463.28,2.05,1.88,65.96,98.71,1,0,0,24,115,4.5
8241,11598,1260,5,2,2026-08-01,Spring Hill,Residential,0,0,196.47,1.25,1.11,38.78,37.09,1,0,0,40,307,5.0
8242,11599,68,1,7,2026-08-01,Nashville,Residential,1,0,371.2,2.21,2.1,73.67,73.66,1,0,0,63,158,4.4
8243,11600,1403,4,5,2026-08-01,Spring Hill,Residential,0,0,2336.35,11.07,14.66,527.73,794.43,0,1,0,44,259,4.2
8244,11601,270,1,3,2026-08-01,Nolensville,Residential,1,0,484.38,2.46,2.83,82.13,109.25,1,1,0,18,248,4.4
8245,11602,11,5,5,2026-08-01,Nashville,Residential,0,0,204.15,0.96,1.06,38.05,28.25,1,0,0,36,172,4.9
8246,11604,1398,2,5,2026-08-01,Nolensville,Residential,0,0,404.99,2.1,1.75,62.87,87.17,1,0,0,59,224,5.0
8247,11605,243,1,6,2026-08-01,Brentwood,Residential,1,0,383.71,2.28,2.44,75.54,83.9,1,0,0,28,169,5.0
8248,11606,1262,1,5,2026-08-01,Franklin,Commercial,0,0,716.56,2.31,1.79,64.43,161.6,1,0,0,40,268,5.0
8249,11607,1109,1,1,2026-08-01,Nashville,Residential,0,0,398.76,2.31,1.75,59.49,93.93,1,0,0,42,185,4.6
8250,11609,146,5,3,2026-08-01,Nolensville,Residential,1,0,273.22,0.83,0.94,27.18,43.68,1,0,0,29,262,4.8
8251,11610,327,5,8,2026-08-01,Brentwood,Residential,0,0,180.04,1.06,1.1,29.76,23.1,0,1,0,42,271,3.5
8252,11611,920,2,2,2026-08-01,Spring Hill,Residential,0,0,621.78,2.28,1.94,68.04,126.11,1,0,0,26,248,4.6
8253,11612,550,2,5,2026-08-01,Spring Hill,Residential,0,0,591.48,2.35,2.25,80.99,134.83,1,0,1,48,274,4.8
8254,11613,849,1,4,2026-08-01,Brentwood,Residential,1,1,449.59,2.35,2.62,73.26,121.49,1,0,0,45,122,4.5
8255,11614,521,5,1,2026-08-02,Brentwood,Residential,0,0,246.21,1.29,0.88,29.97,32.54,1,0,0,42,221,4.7
8256,11615,1147,1,7,2026-08-02,Nashville,Residential,0,0,339.14,2.4,2.58,90.14,70.54,1,0,0,15,259,4.9
8257,11617,1327,2,6,2026-08-02,Spring Hill,Residential,0,0,610.67,2.57,2.82,87.47,121.43,1,0,0,63,319,4.8
8258,11619,431,3,5,2026-08-02,Franklin,Residential,0,0,11920.93,15.96,16.21,583.41,6581.47,1,0,0,47,224,4.6
8259,11621,1376,5,3,2026-08-02,Nashville,Residential,1,0,223.95,1.25,1.08,31.22,31.08,0,1,0,36,255,4.5
8260,11622,414,1,4,2026-08-02,Nashville,Residential,0,0,440.15,2.03,2.06,57.78,109.31,1,0,0,57,220,4.4
8261,11623,983,4,5,2026-08-02,Franklin,Residential,0,0,2950.61,9.38,10.33,372.0,1136.11,0,1,0,64,249,4.2
8262,11624,681,1,1,2026-08-02,Brentwood,Residential,1,0,440.13,1.6,1.83,62.22,79.26,1,0,0,42,315,4.9
8263,11625,226,5,8,2026-08-02,Brentwood,Residential,0,0,176.96,1.23,1.44,38.98,20.11,1,0,0,55,184,4.1
8264,11626,1394,1,3,2026-08-02,Spring Hill,Residential,1,0,453.57,2.2,2.28,66.18,91.67,1,0,0,19,205,4.6
8265,11628,1305,3,5,2026-08-02,Franklin,Residential,0,0,11741.68,18.0,16.8,604.65,6675.11,1,0,0,40,244,4.4
8266,11629,415,1,3,2026-08-02,Nolensville,Residential,1,0,484.99,2.64,2.54,73.54,113.73,1,0,0,41,210,4.3
8267,11631,565,5,8,2026-08-03,Franklin,Residential,0,0,170.95,1.24,1.05,28.39,26.88,1,0,1,42,149,4.2
8268,11637,1405,5,4,2026-08-03,Nashville,Residential,1,0,196.53,1.15,0.65,18.08,27.09,1,0,0,51,173,4.6
8269,11638,1341,1,5,2026-08-03,Spring Hill,Residential,1,1,356.81,1.63,1.8,64.65,82.55,1,0,0,51,76,4.5
8270,11639,144,1,2,2026-08-03,Nashville,Residential,0,1,578.19,1.98,1.75,61.17,152.79,1,0,0,25,20,5.0
8271,11641,1146,4,7,2026-08-03,Nashville,Residential,0,0,2196.21,12.22,14.14,494.98,736.9,0,0,0,49,234,4.2
8272,11644,1071,6,2,2026-08-03,Nashville,Residential,0,0,1443.11,3.99,3.06,106.98,569.51,1,0,0,23,205,4.9
8273,11645,1423,6,5,2026-08-03,Nashville,Residential,0,0,1398.96,3.73,4.28,154.24,489.59,1,0,0,24,223,4.3
8274,11646,1267,1,1,2026-08-03,Spring Hill,Residential,1,0,548.59,1.94,2.2,74.72,144.94,1,0,0,40,219,4.7
8275,11647,1297,3,7,2026-08-03,Nashville,Residential,1,0,10926.64,18.9,18.57,650.1,6718.77,0,1,0,51,232,3.8
8276,11648,1225,4,7,2026-08-03,Nashville,Commercial,1,0,4291.1,8.49,9.84,344.51,1318.43,1,0,0,50,280,4.4
8277,11650,345,1,4,2026-08-04,Nolensville,Residential,0,0,432.08,1.99,1.6,44.79,106.7,1,0,0,58,289,4.6
8278,11651,74,6,8,2026-08-04,Brentwood,Residential,1,0,1074.15,3.08,3.02,81.67,431.05,0,1,0,42,210,3.6
8279,11652,643,2,7,2026-08-04,Franklin,Residential,1,1,504.32,2.65,2.97,103.92,130.49,0,0,0,22,105,4.7
8280,11654,185,5,8,2026-08-04,Spring Hill,Residential,0,0,266.91,0.96,0.9,24.38,37.53,1,0,0,36,226,4.5
8281,11655,626,3,7,2026-08-04,Nashville,Residential,0,0,13443.32,18.52,24.78,867.39,7097.22,1,0,0,42,265,4.8
8282,11658,755,5,1,2026-08-04,Spring Hill,Residential,0,0,139.5,1.12,1.07,36.49,21.13,1,0,0,19,232,4.9
8283,11659,1083,5,4,2026-08-04,Nolensville,Residential,0,0,185.33,1.47,1.76,49.24,32.24,1,0,0,36,255,4.8
8284,11660,935,3,5,2026-08-04,Brentwood,Residential,0,0,7781.94,20.76,22.18,798.47,4725.66,1,0,0,38,276,4.9
8285,11661,854,2,5,2026-08-04,Nashville,Residential,0,0,525.24,2.27,2.14,77.19,116.78,1,0,0,14,279,4.5
8286,11664,1218,5,6,2026-08-04,Brentwood,Residential,0,0,183.78,1.34,1.69,52.42,25.85,1,0,0,27,187,5.0
8287,11665,1210,5,7,2026-08-04,Franklin,Residential,0,0,180.94,1.19,1.01,35.37,30.99,1,0,1,30,244,4.7
8288,11666,1054,2,3,2026-08-04,Franklin,Residential,1,0,511.7,2.39,1.88,54.48,133.25,1,0,0,57,147,4.5
8289,11667,145,6,1,2026-08-04,Nashville,Commercial,0,0,1621.89,3.34,3.5,118.84,676.21,1,0,0,28,275,5.0
8290,11668,492,5,4,2026-08-04,Nashville,Residential,0,0,175.64,1.2,1.09,30.39,31.38,1,0,0,30,298,4.4
8291,11669,67,5,6,2026-08-04,Spring Hill,Residential,0,0,244.94,1.3,1.68,52.15,39.74,1,0,0,47,225,4.4
8292,11670,247,2,2,2026-08-04,Spring Hill,Residential,0,0,645.57,2.19,2.1,73.37,134.57,1,0,0,58,265,5.0
8293,11671,377,2,2,2026-08-04,Spring Hill,Residential,0,1,496.28,2.36,2.35,82.12,99.22,1,0,0,51,148,5.0
8294,11672,1379,5,1,2026-08-04,Nashville,Residential,0,0,167.53,1.24,1.14,38.73,27.21,1,0,0,14,254,4.6
8295,11673,1177,2,1,2026-08-04,Nashville,Residential,0,0,506.25,1.96,1.77,60.13,121.77,1,1,0,28,274,4.5
8296,11674,745,4,7,2026-08-04,Spring Hill,Residential,0,0,2123.73,9.42,9.21,322.48,634.59,1,0,0,50,209,3.7
8297,11675,1045,1,2,2026-08-04,Brentwood,Residential,1,0,658.5,1.74,1.76,61.61,159.75,1,0,0,43,276,5.0
8298,11676,748,5,4,2026-08-05,Franklin,Commercial,0,0,332.89,1.43,1.42,39.75,51.55,1,0,0,40,262,5.0
8299,11677,454,1,7,2026-08-05,Franklin,Residential,1,0,412.4,2.29,2.72,95.18,100.72,1,0,0,48,233,4.6
8300,11678,284,1,7,2026-08-05,Franklin,Residential,1,0,343.62,1.9,1.73,60.4,81.05,1,0,0,36,233,4.8
8301,11679,1079,1,3,2026-08-05,Franklin,Residential,0,0,609.3,1.75,2.2,63.73,121.78,1,0,0,42,360,4.6
8302,11680,1133,5,5,2026-08-05,Nashville,Residential,1,0,198.36,1.54,1.38,49.83,33.65,1,0,0,35,263,4.7
8303,11681,664,5,5,2026-08-05,Spring Hill,Residential,1,0,181.11,1.31,0.87,31.31,29.49,1,0,0,27,214,4.7
8304,11682,1333,5,6,2026-08-05,Franklin,Residential,0,0,128.18,1.22,0.96,29.74,17.25,1,0,0,83,207,4.4
8305,11683,1437,1,7,2026-08-05,Brentwood,Residential,1,0,457.57,2.17,1.98,69.13,81.81,1,0,0,34,255,4.5
8306,11684,186,6,5,2026-08-05,Nashville,Residential,0,0,1179.04,3.98,5.57,200.55,373.19,1,0,0,8,214,4.4
8307,11685,25,2,8,2026-08-05,Nashville,Residential,0,0,515.6,2.32,3.22,86.92,105.16,1,1,0,20,280,3.8
8308,11686,1035,1,7,2026-08-05,Nolensville,Residential,0,0,514.32,1.27,1.41,49.32,117.05,1,0,1,35,167,4.7
8309,11689,1404,1,7,2026-08-05,Nashville,Residential,0,0,335.13,2.63,2.49,87.32,74.84,1,0,0,22,238,4.7
8310,11690,515,6,8,2026-08-05,Nashville,Residential,0,0,981.41,2.95,3.97,107.12,360.21,0,0,0,29,239,4.4
8311,11692,478,6,3,2026-08-05,Spring Hill,Residential,0,0,1024.66,3.15,3.19,92.37,411.39,1,0,0,29,200,4.4
8312,11693,887,1,2,2026-08-05,Nashville,Commercial,0,0,843.26,2.11,1.87,65.29,194.24,1,0,0,36,201,5.0
8313,11694,674,4,7,2026-08-05,Nolensville,Residential,0,0,2769.41,10.05,12.25,428.86,938.3,1,0,0,50,377,4.6
8314,11696,1113,5,4,2026-08-05,Nolensville,Residential,0,0,201.7,1.25,1.05,29.48,33.97,0,0,0,21,288,4.4
8315,11698,663,2,4,2026-08-05,Nashville,Residential,1,0,538.35,2.51,3.45,96.73,116.41,1,0,0,54,53,4.9
8316,11699,289,5,2,2026-08-05,Spring Hill,Residential,0,0,160.92,1.25,1.08,37.65,24.08,1,1,0,11,263,4.1
8317,11703,870,5,4,2026-08-06,Spring Hill,Residential,1,0,228.11,1.4,1.55,43.45,33.18,0,1,0,14,287,4.6
8318,11704,723,1,8,2026-08-06,Franklin,Residential,1,0,510.28,2.27,2.38,64.15,99.21,1,0,0,43,221,4.4
8319,11705,471,4,5,2026-08-06,Spring Hill,Residential,0,0,2845.43,11.2,11.68,420.42,929.63,1,0,0,49,186,4.3
8320,11707,1292,1,6,2026-08-06,Nolensville,Residential,0,0,482.05,1.97,1.81,56.18,103.86,1,0,1,42,260,4.5
8321,11708,1219,5,7,2026-08-06,Nashville,Residential,0,0,190.2,1.43,1.62,56.85,21.09,1,0,1,56,225,4.6
8322,11709,305,5,1,2026-08-06,Nolensville,Residential,0,0,133.09,1.55,1.44,49.06,18.13,1,0,0,51,243,4.0
8323,11710,172,1,8,2026-08-06,Brentwood,Commercial,0,0,1051.31,1.72,1.9,51.18,194.62,1,0,0,47,381,3.9
8324,11712,914,1,5,2026-08-06,Brentwood,Residential,0,0,430.79,1.94,1.96,70.54,81.57,1,0,0,60,260,4.5
8325,11715,805,3,7,2026-08-06,Nolensville,Residential,1,0,8661.75,21.86,23.24,813.5,4475.06,1,0,0,33,141,4.3
8326,11716,708,1,1,2026-08-06,Nashville,Residential,0,0,519.43,2.7,2.23,75.96,107.25,1,0,0,27,195,5.0
8327,11717,292,1,3,2026-08-06,Franklin,Residential,1,0,474.99,1.99,1.85,53.71,112.8,1,0,0,39,212,4.8
8328,11718,897,5,8,2026-08-06,Nashville,Residential,1,0,175.47,1.29,1.63,44.13,25.03,1,0,0,28,180,4.3
8329,11719,515,1,5,2026-08-06,Nashville,Residential,0,0,599.2,1.82,1.61,57.85,156.9,1,0,1,25,237,4.7
8330,11721,1333,2,3,2026-08-06,Franklin,Residential,0,0,492.17,2.06,1.82,52.67,113.68,0,0,0,45,245,4.2
8331,11723,840,2,1,2026-08-06,Nolensville,Residential,0,0,560.82,2.58,2.12,72.13,120.88,1,1,0,54,261,4.0
8332,11724,656,1,7,2026-08-06,Franklin,Residential,0,0,520.53,2.33,1.97,68.97,107.85,1,0,0,8,218,4.3
8333,11726,471,3,5,2026-08-07,Spring Hill,Residential,0,0,10640.65,13.82,15.72,566.09,5086.21,1,0,0,62,213,4.8
8334,11727,16,1,3,2026-08-07,Brentwood,Residential,1,0,468.63,2.16,1.81,52.35,107.84,1,0,0,25,261,4.8
8335,11728,669,2,3,2026-08-07,Franklin,Residential,1,1,636.05,1.94,1.8,52.18,145.73,1,0,0,41,168,4.7
8336,11729,1337,2,4,2026-08-07,Franklin,Residential,1,0,646.52,2.35,2.6,72.7,161.11,1,0,0,43,268,4.3
8337,11730,350,6,6,2026-08-07,Nashville,Residential,1,0,1024.98,4.03,4.38,135.8,394.49,1,0,0,37,196,4.6
8338,11731,1010,5,8,2026-08-07,Brentwood,Residential,0,0,280.65,1.31,1.31,35.28,41.59,1,0,0,48,326,4.2
8339,11732,1086,5,5,2026-08-07,Nashville,Residential,0,0,186.98,1.3,1.27,45.66,26.11,1,0,0,9,174,4.3
8340,11733,250,1,1,2026-08-07,Nashville,Residential,0,1,475.06,2.87,2.72,92.46,125.26,1,0,0,31,125,4.7
8341,11734,1137,7,3,2026-08-07,Spring Hill,Residential,0,0,1231.49,5.26,6.24,181.03,292.19,1,0,0,30,146,5.0
8342,11735,1193,6,4,2026-08-07,Nashville,Residential,0,0,1125.78,4.2,6.06,169.79,463.24,1,0,0,17,244,4.7
8343,11736,1343,2,1,2026-08-07,Brentwood,Residential,0,1,553.55,2.28,2.39,81.32,114.28,1,0,0,21,20,4.5
8344,11737,266,1,7,2026-08-07,Spring Hill,Residential,1,0,359.32,1.89,1.96,68.6,81.27,0,1,0,48,274,4.1
8345,11738,1018,3,5,2026-08-07,Nolensville,Commercial,0,0,18441.03,18.84,17.62,634.45,9790.27,1,0,0,52,244,5.0
8346,11739,1088,6,6,2026-08-07,Brentwood,Residential,0,0,1232.09,2.85,2.53,78.32,422.71,1,0,0,38,216,5.0
8347,11740,365,1,5,2026-08-07,Brentwood,Residential,0,0,449.54,2.33,2.74,98.67,116.04,1,0,1,43,241,4.7
8348,11741,145,4,7,2026-08-07,Nashville,Commercial,0,0,3690.32,11.76,12.65,442.73,1178.06,1,0,0,57,239,4.3
8349,11742,1118,1,4,2026-08-07,Nashville,Residential,0,0,559.02,2.39,2.44,68.32,133.8,1,0,0,19,241,4.3
8350,11743,192,1,8,2026-08-07,Brentwood,Commercial,1,0,708.83,1.97,2.0,54.1,172.0,1,0,0,26,269,4.4
8351,11744,103,1,3,2026-08-07,Brentwood,Residential,1,0,402.74,2.65,1.97,57.23,109.89,1,0,0,29,304,4.9
8352,11745,1346,1,6,2026-08-07,Spring Hill,Residential,0,0,532.89,2.02,1.95,60.33,114.8,1,0,0,48,174,4.8
8353,11746,530,5,3,2026-08-07,Franklin,Residential,0,0,253.49,1.1,1.19,34.38,35.47,0,0,0,52,306,4.5
8354,11747,479,5,2,2026-08-07,Franklin,Residential,0,0,183.81,1.6,1.61,56.23,22.01,1,0,0,16,247,5.0
8355,11748,1018,5,3,2026-08-07,Nolensville,Commercial,0,0,361.27,1.18,1.24,35.86,53.44,1,0,0,17,317,4.4
8356,11749,76,5,2,2026-08-07,Nashville,Residential,1,0,238.91,1.17,0.96,33.55,41.9,1,0,0,59,362,4.9
8357,11751,680,5,2,2026-08-08,Nashville,Residential,0,0,178.45,1.23,0.82,28.75,29.19,1,0,0,40,259,4.7
8358,11752,24,1,8,2026-08-08,Brentwood,Residential,0,1,295.81,2.32,2.46,66.55,63.24,1,0,0,40,20,4.4
8359,11753,130,5,5,2026-08-08,Nolensville,Commercial,0,0,364.86,1.19,1.25,45.15,49.74,1,0,1,29,214,4.7
8360,11754,1206,5,6,2026-08-08,Nashville,Residential,1,0,168.37,1.34,1.34,41.39,22.5,1,0,0,25,178,4.8
8361,11755,1386,1,8,2026-08-08,Franklin,Residential,1,0,375.29,1.78,2.55,68.88,86.02,1,0,0,46,140,4.4
8362,11756,907,5,6,2026-08-08,Nashville,Residential,0,0,136.59,1.1,0.99,30.77,19.87,1,0,0,21,287,4.8
8363,11757,1213,7,5,2026-08-08,Nashville,Residential,0,0,959.22,4.48,3.57,128.69,202.05,1,0,0,36,168,5.0
8364,11758,1377,2,6,2026-08-08,Nolensville,Residential,0,0,631.22,2.23,1.96,60.77,148.41,1,0,0,46,205,5.0
8365,11759,220,6,7,2026-08-08,Nashville,Residential,0,0,1229.13,3.6,3.1,108.47,584.78,0,0,0,35,174,4.5
8366,11761,776,2,2,2026-08-08,Nashville,Residential,0,0,532.42,2.24,2.17,76.12,120.01,1,0,0,22,251,4.5
8367,11762,859,6,6,2026-08-08,Brentwood,Residential,0,0,1459.39,4.26,4.05,125.4,617.24,0,1,0,25,186,4.6
8368,11763,782,1,6,2026-08-08,Brentwood,Residential,0,0,446.51,2.61,3.66,113.31,87.6,1,0,1,32,157,5.0
8369,11766,117,3,7,2026-08-08,Nashville,Residential,0,0,10909.62,18.99,18.83,659.2,5859.36,1,0,0,60,277,4.6
8370,11768,801,3,5,2026-08-08,Nashville,Residential,0,0,9315.04,19.79,20.76,747.51,4594.75,1,0,0,21,177,4.8
8371,11769,1392,2,3,2026-08-08,Nashville,Residential,0,0,479.93,2.08,1.57,45.46,112.04,1,0,0,40,245,5.0
8372,11770,524,6,7,2026-08-09,Nashville,Residential,0,0,1255.63,3.51,3.33,116.68,510.38,1,0,0,46,351,4.6
8373,11771,562,1,2,2026-08-09,Spring Hill,Residential,1,1,451.53,1.65,1.72,60.12,118.18,1,0,0,37,143,4.6
8374,11772,1352,5,4,2026-08-09,Franklin,Residential,0,0,225.76,1.49,1.64,45.82,34.22,1,0,0,53,289,4.5
8375,11773,1273,1,5,2026-08-09,Nolensville,Residential,0,0,304.49,1.89,2.2,79.07,54.01,1,0,1,42,177,4.7
8376,11776,683,5,8,2026-08-09,Spring Hill,Residential,1,0,137.06,1.17,1.24,33.45,24.52,1,0,0,31,297,4.5
8377,11777,439,6,3,2026-08-09,Brentwood,Commercial,0,0,2520.58,4.49,3.6,104.43,1021.1,0,1,0,51,273,3.9
8378,11778,231,5,8,2026-08-09,Brentwood,Residential,1,0,278.02,1.28,1.25,33.81,40.47,1,0,0,43,244,4.7
8379,11780,302,1,4,2026-08-09,Brentwood,Residential,1,0,489.31,2.53,2.64,74.04,134.01,1,0,0,46,154,4.9
8380,11782,511,7,5,2026-08-09,Spring Hill,Residential,1,0,1299.26,3.83,3.75,135.03,323.9,1,0,0,40,272,4.7
8381,11783,1266,5,1,2026-08-09,Nashville,Residential,0,0,155.5,1.5,1.51,51.42,19.7,1,0,1,34,239,4.6
8382,11784,51,3,7,2026-08-09,Spring Hill,Residential,1,0,11259.45,17.95,20.56,719.49,5219.26,1,0,0,8,249,4.8
8383,11786,510,1,8,2026-08-09,Franklin,Residential,1,1,410.69,2.23,2.55,68.73,92.12,1,0,0,50,97,4.3
8384,11787,979,5,6,2026-08-09,Franklin,Residential,0,0,263.5,1.23,0.98,30.23,24.67,1,0,0,47,304,4.6
8385,11789,564,1,4,2026-08-09,Brentwood,Residential,0,0,482.56,2.11,2.22,62.26,95.44,1,0,0,52,256,4.7
8386,11790,160,1,5,2026-08-09,Franklin,Residential,0,0,484.82,2.21,2.24,80.69,104.87,1,0,0,38,363,5.0
8387,11792,703,1,7,2026-08-10,Nolensville,Residential,1,0,497.99,2.4,2.88,100.78,140.93,1,0,0,53,296,4.6
8388,11793,1127,3,7,2026-08-10,Franklin,Residential,0,0,8896.21,16.56,16.54,579.01,5590.58,1,0,0,47,203,4.9
8389,11794,1245,1,4,2026-08-10,Nashville,Commercial,0,0,875.97,2.06,2.71,75.86,168.63,1,0,1,25,207,4.1
8390,11796,45,5,7,2026-08-10,Brentwood,Residential,0,0,195.31,1.02,1.09,38.22,27.9,1,0,0,39,317,5.0
8391,11797,47,3,5,2026-08-10,Franklin,Residential,0,0,10402.86,11.64,11.43,411.33,5969.17,1,0,0,43,295,4.6
8392,11798,136,2,4,2026-08-10,Spring Hill,Commercial,1,0,751.11,2.45,2.79,77.98,220.69,1,0,0,11,218,4.6
8393,11799,815,1,2,2026-08-10,Nashville,Residential,1,0,371.96,2.41,2.87,100.36,97.02,1,0,0,41,188,5.0
8394,11800,480,4,5,2026-08-10,Franklin,Commercial,0,0,4391.64,12.06,14.11,508.11,1404.8,1,0,0,42,253,4.5
8395,11801,1165,7,2,2026-08-10,Nolensville,Residential,1,0,995.06,5.84,6.51,227.96,256.4,1,0,0,43,207,4.8
8396,11802,1348,1,1,2026-08-10,Franklin,Residential,0,0,555.18,2.42,1.84,62.42,135.74,1,0,0,26,185,4.6
8397,11803,1434,6,2,2026-08-10,Nolensville,Commercial,1,0,2233.55,3.28,3.72,130.27,807.99,1,0,0,42,170,4.9
8398,11806,671,5,1,2026-08-10,Nashville,Residential,1,0,223.87,1.14,1.05,35.67,31.24,1,0,0,11,242,4.7
8399,11807,788,1,3,2026-08-10,Spring Hill,Residential,0,0,438.73,2.49,2.56,74.33,105.31,1,0,1,60,259,4.3
8400,11809,1372,1,5,2026-08-10,Brentwood,Residential,0,0,557.44,2.04,2.03,73.02,120.88,1,0,1,51,294,4.9
8401,11810,644,3,7,2026-08-10,Spring Hill,Residential,1,0,9460.77,17.37,15.92,557.31,6087.24,1,0,0,51,246,4.6
8402,11811,949,1,2,2026-08-10,Spring Hill,Residential,0,0,574.91,2.23,2.32,81.07,113.77,1,0,0,48,279,5.0
8403,11812,720,2,1,2026-08-11,Nashville,Residential,0,0,468.57,2.08,2.07,70.23,87.42,1,0,0,26,125,4.7
8404,11813,221,5,5,2026-08-11,Nashville,Residential,1,0,214.34,1.19,1.32,47.38,36.9,1,0,0,17,249,4.8
8405,11814,1019,1,3,2026-08-11,Franklin,Residential,1,0,469.07,1.78,2.11,61.22,134.63,1,0,0,53,213,5.0
8406,11815,99,1,6,2026-08-11,Spring Hill,Residential,1,0,451.93,2.35,1.86,57.6,103.71,1,0,0,54,335,4.9
8407,11816,304,7,1,2026-08-11,Franklin,Residential,0,0,1200.42,4.61,5.38,182.99,287.72,1,0,0,42,244,4.4
8408,11820,602,3,5,2026-08-11,Nashville,Residential,0,0,9918.71,16.22,16.05,577.71,5084.02,1,0,0,20,282,4.9
8409,11821,310,6,3,2026-08-11,Nashville,Residential,1,0,1233.49,3.18,2.77,80.42,430.81,1,0,0,43,266,4.7
8410,11822,1404,1,5,2026-08-11,Nashville,Residential,0,1,518.22,1.88,2.02,72.58,129.08,1,0,0,38,181,4.7
8411,11823,500,2,5,2026-08-11,Nashville,Commercial,0,0,608.24,2.92,2.61,94.11,116.73,0,1,1,14,152,3.8
8412,11824,1032,1,2,2026-08-11,Nolensville,Commercial,0,0,1047.67,2.42,2.78,97.24,291.82,1,0,0,44,361,5.0
8413,11825,158,2,2,2026-08-11,Nolensville,Residential,0,1,433.29,1.87,1.4,49.15,87.95,1,0,0,63,52,4.7
8414,11826,756,4,7,2026-08-11,Nolensville,Residential,1,0,2486.78,10.17,7.23,253.17,721.9,1,0,0,30,237,4.7
8415,11827,77,1,5,2026-08-11,Nashville,Residential,1,0,398.93,2.91,2.78,100.14,85.4,1,0,0,29,295,4.8
8416,11828,987,5,6,2026-08-11,Brentwood,Commercial,0,0,393.19,0.91,0.97,30.16,55.02,1,0,0,30,269,4.7
8417,11829,1081,4,7,2026-08-11,Brentwood,Residential,1,0,2455.76,11.35,11.24,393.35,653.77,1,0,0,33,258,4.4
8418,11830,348,1,1,2026-08-11,Spring Hill,Residential,1,0,437.4,2.1,2.06,70.21,76.67,0,1,0,48,268,4.4
8419,11831,1198,3,5,2026-08-11,Nolensville,Residential,0,0,10133.54,17.45,18.43,663.39,5854.36,1,0,0,57,362,4.8
8420,11832,1209,1,6,2026-08-11,Nashville,Residential,1,1,581.45,2.12,1.92,59.44,164.79,0,0,0,64,82,4.7
8421,11834,95,3,7,2026-08-12,Nashville,Residential,1,0,7773.66,17.32,19.79,692.8,4708.93,1,0,0,47,325,4.5
8422,11835,1046,5,3,2026-08-12,Nashville,Residential,0,0,212.25,1.57,1.68,48.63,35.38,0,1,0,46,306,3.9
8423,11837,990,2,7,2026-08-12,Nashville,Residential,0,0,456.54,2.62,2.32,81.35,105.63,1,0,0,51,380,4.5
8424,11839,715,1,6,2026-08-12,Nashville,Residential,0,1,461.45,1.78,1.49,46.3,89.55,1,0,0,32,28,4.6
8425,11841,79,5,6,2026-08-12,Franklin,Residential,0,0,149.22,1.32,1.44,44.59,21.89,1,0,1,32,239,4.6
8426,11842,1101,1,7,2026-08-12,Franklin,Commercial,1,1,1025.43,2.18,1.72,60.31,250.84,0,1,0,41,66,4.0
8427,11843,1104,5,8,2026-08-12,Franklin,Residential,0,0,175.07,1.51,1.45,39.02,24.63,1,0,0,18,247,4.1
8428,11846,1274,6,4,2026-08-12,Nashville,Residential,0,0,815.26,4.13,3.99,111.61,342.98,1,0,0,29,164,5.0
8429,11847,1428,5,1,2026-08-12,Franklin,Residential,1,0,161.36,1.53,1.31,44.7,23.81,1,0,0,40,179,4.8
8430,11848,717,1,6,2026-08-12,Nolensville,Residential,0,0,462.96,2.14,2.33,72.2,96.07,1,0,0,42,121,4.9
8431,11849,5,6,1,2026-08-13,Brentwood,Residential,1,0,1021.29,3.47,2.72,92.37,472.66,1,0,0,41,259,4.5
8432,11850,338,5,4,2026-08-13,Nashville,Residential,0,0,180.22,1.32,1.67,46.67,28.56,1,0,1,37,261,4.7
8433,11851,1445,2,3,2026-08-13,Franklin,Residential,1,0,443.84,1.95,1.93,55.83,115.59,1,0,0,39,196,4.4
8434,11852,158,6,3,2026-08-13,Nolensville,Residential,0,0,1306.99,3.48,3.82,110.92,540.34,1,0,0,39,177,4.7
8435,11853,427,6,2,2026-08-13,Nolensville,Residential,1,0,1330.13,3.06,3.17,110.78,528.15,1,0,0,43,206,4.9
8436,11854,1072,5,1,2026-08-13,Nashville,Commercial,0,0,383.23,1.26,1.15,39.05,51.45,1,0,0,18,327,5.0
8437,11865,865,2,4,2026-08-13,Franklin,Residential,1,1,607.23,2.15,2.67,74.64,141.22,1,0,0,49,44,4.3
8438,11866,278,5,5,2026-08-13,Nolensville,Residential,0,0,163.76,1.35,1.01,36.26,26.77,1,0,0,58,191,5.0
8439,11867,67,2,2,2026-08-13,Spring Hill,Residential,0,0,857.04,2.26,1.85,64.92,182.62,1,0,0,47,284,4.6
8440,11869,827,1,4,2026-08-13,Spring Hill,Commercial,0,0,812.82,1.95,2.48,69.53,175.14,1,0,0,48,296,4.3
8441,11870,1162,1,5,2026-08-13,Spring Hill,Residential,0,1,438.42,2.15,1.58,56.88,83.41,1,0,0,46,138,4.4
8442,11871,567,1,4,2026-08-13,Franklin,Residential,0,1,526.97,2.0,1.91,53.37,108.86,1,0,1,57,73,4.6
8443,11872,829,2,4,2026-08-13,Nashville,Residential,0,0,491.67,2.4,2.32,64.99,112.41,1,0,0,40,245,4.6
8444,11874,474,1,1,2026-08-14,Brentwood,Residential,1,1,366.14,2.1,2.14,72.76,87.37,1,0,0,32,94,4.8
8445,11877,1068,5,2,2026-08-14,Nolensville,Residential,0,0,215.03,1.22,0.92,32.2,34.52,1,0,1,48,284,5.0
8446,11881,93,2,1,2026-08-14,Nolensville,Residential,0,1,623.27,2.53,2.7,91.87,156.67,1,0,1,45,97,4.7
8447,11882,1326,6,3,2026-08-14,Nolensville,Residential,0,0,1286.73,3.59,3.37,97.65,553.07,1,0,0,28,162,4.8
8448,11884,1392,5,3,2026-08-14,Nashville,Residential,0,0,208.38,1.48,1.27,36.85,34.12,1,0,1,47,167,4.7
8449,11886,463,3,7,2026-08-14,Spring Hill,Residential,0,0,12419.44,19.86,16.41,574.22,7615.77,1,0,0,48,250,4.5
8450,11887,946,3,5,2026-08-14,Brentwood,Residential,1,0,13089.28,15.87,17.84,642.12,7370.39,1,0,0,65,237,4.9
8451,11888,630,2,7,2026-08-14,Nashville,Residential,0,0,505.33,1.97,1.81,63.2,113.67,1,0,0,35,199,4.5
8452,11889,768,3,5,2026-08-14,Nashville,Residential,1,0,8146.57,15.38,13.6,489.58,4602.7,1,0,0,21,264,4.6
8453,11890,863,2,3,2026-08-14,Brentwood,Commercial,0,1,677.74,2.14,2.28,66.2,148.37,1,0,0,23,134,4.4
8454,11891,632,4,7,2026-08-14,Brentwood,Residential,0,0,2578.08,10.51,7.61,266.36,823.66,1,0,0,21,252,4.5
8455,11892,303,5,6,2026-08-14,Nashville,Residential,0,0,241.71,1.42,1.66,51.51,36.73,1,0,0,29,306,4.6
8456,11895,645,2,8,2026-08-14,Nolensville,Residential,0,0,487.06,2.81,3.69,99.53,96.02,0,1,0,41,263,3.9
8457,11896,29,5,3,2026-08-14,Brentwood,Residential,1,0,216.08,1.39,1.68,48.8,33.33,1,0,0,57,287,4.5
8458,11897,513,5,6,2026-08-14,Nashville,Residential,1,0,217.35,1.25,1.46,45.19,34.51,1,0,0,36,219,5.0
8459,11899,491,7,2,2026-08-14,Nashville,Residential,0,0,1028.06,5.28,5.96,208.44,233.96,1,0,0,38,186,5.0
8460,11900,568,1,4,2026-08-14,Nolensville,Commercial,1,0,471.93,1.95,2.48,69.37,130.12,1,0,0,29,211,4.5
8461,11902,796,5,8,2026-08-15,Nolensville,Residential,0,0,170.09,1.17,1.06,28.68,29.43,1,0,0,60,46,4.3
8462,11903,578,5,6,2026-08-15,Brentwood,Residential,0,0,219.35,1.12,1.02,31.69,28.08,1,0,0,8,217,4.6
8463,11904,195,5,3,2026-08-15,Brentwood,Commercial,1,0,436.05,1.12,1.22,35.48,64.18,0,1,0,33,280,4.6
8464,11905,670,4,5,2026-08-15,Nashville,Residential,0,0,2272.18,10.66,8.6,309.61,622.0,1,0,0,20,218,4.8
8465,11907,548,5,2,2026-08-15,Spring Hill,Commercial,1,0,312.45,1.31,1.06,37.21,43.45,1,0,0,73,259,5.0
8466,11909,767,5,6,2026-08-15,Nashville,Residential,1,0,186.36,1.26,1.6,49.55,38.49,1,0,0,31,231,4.6
8467,11910,177,5,7,2026-08-15,Nashville,Residential,0,0,184.25,1.26,1.22,42.78,29.18,1,0,0,59,223,4.8
8468,11913,598,1,6,2026-08-15,Nashville,Residential,0,1,520.44,2.3,2.74,84.92,109.12,1,0,0,58,71,5.0
8469,11914,1162,2,7,2026-08-16,Spring Hill,Residential,0,1,571.71,2.59,2.2,76.84,116.65,1,0,1,31,64,4.5
8470,11915,788,1,6,2026-08-16,Spring Hill,Residential,0,1,499.52,2.23,2.42,75.01,112.07,0,1,0,57,142,4.1
8471,11916,417,1,3,2026-08-16,Nashville,Residential,1,0,388.19,1.93,1.75,50.67,80.62,1,0,0,65,247,4.4
8472,11918,1021,4,5,2026-08-16,Franklin,Residential,0,0,2145.02,8.21,6.45,232.06,671.84,1,0,0,40,274,4.8
8473,11919,35,7,5,2026-08-16,Brentwood,Residential,0,0,1117.91,4.98,4.11,148.06,226.55,1,0,0,51,296,4.4
8474,11920,1078,6,6,2026-08-16,Spring Hill,Residential,0,0,1483.18,3.12,3.08,95.48,583.86,1,0,0,51,230,4.8
8475,11921,555,1,3,2026-08-16,Franklin,Residential,1,1,421.5,2.19,1.99,57.82,99.97,1,0,0,33,71,4.4
8476,11922,278,1,7,2026-08-16,Nolensville,Residential,0,0,466.91,2.13,1.89,66.29,106.23,0,1,0,41,312,3.8
8477,11923,657,5,7,2026-08-16,Brentwood,Residential,0,0,158.87,1.39,1.27,44.42,20.96,1,0,0,56,230,4.6
8478,11924,624,4,7,2026-08-16,Nashville,Commercial,0,0,6620.06,10.95,9.91,346.96,2120.08,1,0,0,50,221,3.9
8479,11926,171,5,7,2026-08-16,Brentwood,Residential,1,0,190.07,1.24,1.24,43.24,27.37,1,0,0,68,218,5.0
8480,11927,281,4,5,2026-08-16,Franklin,Residential,1,0,2224.31,10.91,6.45,232.25,761.22,1,0,0,48,266,4.9
8481,11928,721,3,7,2026-08-16,Spring Hill,Residential,0,0,13891.06,16.42,17.52,613.07,6260.7,1,0,0,39,285,4.4
8482,11929,575,1,7,2026-08-16,Franklin,Residential,0,1,620.45,2.26,2.38,83.43,120.37,1,0,1,30,68,3.9
8483,11931,466,2,7,2026-08-17,Nashville,Commercial,0,0,911.58,2.95,3.05,106.59,161.99,1,0,0,18,235,5.0
8484,11932,1064,2,2,2026-08-17,Franklin,Residential,0,0,801.19,2.34,2.5,87.43,165.57,1,0,0,8,174,5.0
8485,11933,12,6,2,2026-08-17,Brentwood,Residential,0,0,1271.98,3.1,2.82,98.87,394.16,1,0,0,37,164,4.8
8486,11934,1320,1,6,2026-08-17,Nolensville,Commercial,0,0,911.83,2.47,2.75,85.21,202.14,1,0,0,51,185,4.9
8487,11935,470,5,5,2026-08-17,Brentwood,Commercial,0,0,299.82,1.33,1.0,35.91,45.19,1,0,1,31,227,4.9
8488,11937,654,5,6,2026-08-17,Nolensville,Residential,1,0,107.47,1.63,1.62,50.09,18.68,1,0,0,63,317,4.7
8489,11940,340,4,7,2026-08-17,Franklin,Residential,0,0,3199.81,11.3,10.81,378.5,834.48,1,0,0,34,209,4.2
8490,11942,1206,1,5,2026-08-17,Nashville,Residential,1,1,475.44,2.46,2.53,91.05,119.96,0,0,0,52,20,5.0
8491,11943,782,1,5,2026-08-17,Brentwood,Residential,0,0,633.57,2.2,1.87,67.42,136.22,1,0,0,41,281,4.4
8492,11945,1003,7,4,2026-08-17,Nolensville,Residential,1,0,1141.6,4.24,5.14,143.84,301.4,1,0,0,39,357,4.2
8493,11946,433,1,4,2026-08-17,Spring Hill,Residential,0,1,483.57,2.0,1.68,47.16,89.45,1,0,0,21,74,4.2
8494,11949,867,1,1,2026-08-17,Spring Hill,Residential,0,0,367.23,2.03,1.8,61.08,83.74,1,0,1,35,280,4.7
8495,11950,144,2,3,2026-08-17,Nashville,Residential,0,0,396.44,2.44,2.57,74.45,90.63,1,0,0,36,260,4.6
8496,11952,855,2,8,2026-08-17,Spring Hill,Commercial,1,0,650.01,1.99,2.38,64.16,154.97,1,0,0,51,216,4.0
8497,11953,616,7,5,2026-08-17,Brentwood,Residential,0,0,1061.94,5.0,5.86,210.88,250.82,1,0,0,27,221,4.5
8498,11956,879,1,3,2026-08-18,Franklin,Residential,0,0,618.97,2.44,2.03,58.93,125.58,1,0,0,53,160,4.3
8499,11957,1446,2,3,2026-08-18,Franklin,Residential,0,0,528.34,2.35,1.81,52.55,105.27,1,0,0,45,134,4.9
8500,11958,27,7,6,2026-08-18,Franklin,Commercial,0,0,2246.46,4.48,6.05,187.54,459.76,1,0,0,43,162,4.9
8501,11960,667,1,2,2026-08-18,Nolensville,Commercial,0,0,1087.75,2.07,2.15,75.33,244.76,1,0,0,52,207,5.0
8502,11961,876,6,5,2026-08-18,Brentwood,Residential,0,0,1232.69,3.64,4.45,160.28,473.25,1,0,0,23,237,4.6
8503,11962,811,5,6,2026-08-18,Nolensville,Residential,1,0,180.83,1.16,1.15,35.75,27.33,1,0,0,46,313,4.9
8504,11963,185,1,4,2026-08-18,Spring Hill,Residential,0,0,458.46,1.96,1.99,55.65,98.93,1,0,0,46,181,4.4
8505,11967,1208,2,3,2026-08-18,Brentwood,Residential,0,1,710.22,2.2,2.32,67.17,142.76,1,0,0,16,80,4.8
8506,11969,543,2,7,2026-08-18,Brentwood,Residential,0,0,503.13,2.19,2.1,73.64,107.47,1,0,0,54,225,4.5
8507,11970,330,2,6,2026-08-18,Nashville,Residential,1,1,473.98,2.1,2.17,67.29,100.6,1,0,0,48,60,4.6
8508,11972,636,5,2,2026-08-18,Spring Hill,Residential,1,0,173.54,1.18,1.39,48.49,24.06,1,0,0,41,268,4.7
8509,11973,306,2,5,2026-08-18,Brentwood,Residential,0,1,531.27,2.62,2.02,72.63,131.61,1,0,0,43,32,4.5
8510,11975,593,1,5,2026-08-18,Spring Hill,Residential,1,0,425.07,2.24,1.91,68.64,121.95,1,0,0,50,180,4.9
8511,11976,1242,5,4,2026-08-18,Franklin,Residential,0,0,166.55,1.46,1.66,46.4,26.21,1,0,0,29,301,4.8
8512,11977,713,1,6,2026-08-18,Spring Hill,Residential,0,0,399.75,2.4,2.86,88.68,109.18,1,0,0,39,175,4.9
8513,11978,472,5,6,2026-08-18,Franklin,Commercial,0,0,246.44,1.11,0.66,20.33,38.13,1,0,1,50,326,4.9
8514,11979,991,6,4,2026-08-18,Nashville,Residential,0,0,1031.31,3.6,4.24,118.66,331.07,1,0,0,68,224,4.4
8515,11980,154,5,4,2026-08-18,Nashville,Residential,0,0,225.51,1.27,1.41,39.6,40.69,1,0,0,55,292,4.3
8516,11981,657,6,8,2026-08-18,Brentwood,Residential,0,0,1009.02,3.3,3.56,96.11,464.67,1,0,0,18,265,3.8
8517,11982,453,5,8,2026-08-18,Franklin,Residential,0,0,159.09,1.35,1.62,43.74,19.09,1,0,0,38,337,4.1
8518,11984,378,1,1,2026-08-18,Nashville,Residential,0,0,365.13,2.02,2.05,69.86,81.62,0,1,0,25,238,4.4
8519,11986,135,1,5,2026-08-19,Brentwood,Residential,0,0,394.83,2.52,2.53,91.25,81.58,0,1,1,26,182,4.0
8520,11988,1300,2,5,2026-08-19,Brentwood,Residential,0,0,627.21,2.32,1.55,55.72,134.74,1,0,0,22,272,4.5
8521,11989,1278,2,6,2026-08-19,Franklin,Residential,1,0,588.08,2.57,1.8,55.81,117.23,1,0,0,55,311,4.6
8522,11991,1097,1,8,2026-08-19,Brentwood,Residential,1,0,425.93,1.73,1.99,53.76,93.37,1,0,0,27,222,4.4
8523,11994,667,3,7,2026-08-19,Nolensville,Commercial,0,0,14215.7,20.08,18.32,641.13,8089.38,1,0,0,54,273,4.8
8524,11996,138,4,5,2026-08-19,Franklin,Residential,0,0,2282.33,11.53,12.79,460.34,765.26,1,0,0,21,399,4.5
8525,11997,975,2,1,2026-08-19,Nashville,Residential,0,1,550.17,2.39,2.41,82.11,114.45,1,0,0,21,149,4.7
8526,11999,1347,5,5,2026-08-19,Nashville,Residential,0,0,195.21,1.05,0.89,32.06,22.77,1,0,0,46,295,4.8
8527,12000,1310,5,2,2026-08-19,Nashville,Residential,0,0,171.83,1.46,1.32,46.17,30.03,1,0,0,37,253,4.5
8528,12002,29,5,7,2026-08-19,Brentwood,Residential,1,0,206.8,1.13,1.06,37.11,29.61,1,0,0,53,332,4.5
8529,12003,1059,1,3,2026-08-19,Nashville,Residential,0,0,588.32,2.35,1.85,53.73,108.58,1,0,1,57,256,4.8
8530,12004,29,1,7,2026-08-19,Brentwood,Residential,1,0,376.26,2.06,2.98,104.22,95.63,1,0,0,29,140,4.5
8531,12006,576,7,1,2026-08-20,Spring Hill,Residential,0,0,1031.59,5.25,3.35,113.83,236.99,1,0,0,55,250,4.8
8532,12007,594,1,4,2026-08-20,Franklin,Residential,0,0,567.78,2.15,1.97,55.19,124.59,1,0,0,43,229,4.3
8533,12008,617,5,3,2026-08-20,Franklin,Residential,0,0,161.58,1.06,1.21,35.23,28.84,1,0,0,41,266,4.4
8534,12009,831,5,1,2026-08-20,Nashville,Residential,0,0,197.43,1.43,1.07,36.22,31.15,1,1,0,26,318,4.4
8535,12010,1306,1,7,2026-08-20,Nashville,Residential,0,1,404.5,2.19,2.29,80.08,84.21,1,0,1,35,109,4.5
8536,12013,1325,5,1,2026-08-20,Nashville,Residential,0,0,182.84,1.04,0.84,28.56,28.19,1,0,0,43,191,5.0
8537,12015,1221,5,6,2026-08-20,Franklin,Residential,1,0,216.68,1.15,1.16,35.94,31.1,1,0,0,64,190,4.6
8538,12018,1376,1,8,2026-08-20,Nashville,Residential,1,0,417.81,2.01,2.12,57.37,95.74,1,0,0,36,251,4.2
8539,12019,812,1,1,2026-08-20,Spring Hill,Commercial,1,0,846.03,2.08,2.12,72.07,194.94,1,0,0,31,276,4.3
8540,12020,1032,1,8,2026-08-20,Nolensville,Commercial,0,0,992.05,2.08,2.34,63.13,223.99,1,0,1,53,230,4.3
8541,12021,1348,1,2,2026-08-20,Franklin,Residential,0,0,473.81,2.25,1.93,67.43,104.6,1,0,0,26,268,4.6
8542,12022,889,5,3,2026-08-20,Nashville,Residential,1,0,180.13,1.35,1.73,50.29,30.9,1,0,0,43,200,4.8
8543,12023,271,3,7,2026-08-20,Nolensville,Residential,1,0,9785.64,20.85,27.71,969.8,4937.14,1,0,0,35,259,5.0
8544,12024,58,5,6,2026-08-20,Nashville,Residential,0,0,144.58,1.48,0.79,24.55,23.16,0,0,0,45,260,4.4
8545,12025,1406,5,7,2026-08-20,Nashville,Residential,1,0,200.53,1.19,1.11,38.82,26.14,1,0,0,60,197,4.3
8546,12026,616,7,8,2026-08-20,Brentwood,Residential,0,0,1235.97,3.92,3.79,102.31,328.65,1,0,0,46,135,4.4
8547,12027,214,2,2,2026-08-20,Brentwood,Residential,0,0,435.17,1.96,2.21,77.44,86.52,1,0,0,19,200,5.0
8548,12028,418,5,2,2026-08-20,Nolensville,Residential,0,0,192.49,1.12,0.8,28.12,27.32,1,0,1,56,166,5.0
8549,12029,651,6,8,2026-08-20,Brentwood,Residential,0,0,1076.31,3.09,2.37,64.11,444.87,1,0,0,43,267,4.5
8550,12031,807,2,2,2026-08-20,Nashville,Commercial,0,1,1031.64,2.69,2.14,74.98,222.46,1,0,0,43,85,4.7
8551,12032,614,4,5,2026-08-20,Franklin,Residential,0,0,3002.39,9.16,7.03,253.02,816.79,1,0,0,28,194,4.9
8552,12034,1261,5,2,2026-08-21,Franklin,Residential,1,0,152.06,1.37,1.15,40.41,25.51,1,0,0,19,205,4.6
8553,12035,1355,2,4,2026-08-21,Spring Hill,Residential,0,0,492.94,2.59,3.65,102.12,114.92,1,0,0,45,174,4.4
8554,12036,635,3,7,2026-08-21,Spring Hill,Residential,1,0,9053.29,19.59,19.62,686.7,4878.42,0,1,0,37,170,4.3
8555,12037,560,5,3,2026-08-21,Nashville,Residential,0,0,208.58,1.44,1.21,35.15,28.0,1,0,0,42,275,4.5
8556,12039,57,1,8,2026-08-21,Franklin,Residential,0,1,613.87,2.55,3.34,90.09,105.93,1,0,0,47,83,4.3
8557,12040,892,1,1,2026-08-21,Nashville,Residential,0,0,412.96,2.4,1.81,61.67,83.45,1,0,0,45,198,4.9
8558,12041,650,5,8,2026-08-21,Franklin,Commercial,1,0,347.12,0.95,0.85,22.83,52.93,1,0,0,53,353,3.9
8559,12042,18,5,6,2026-08-21,Nashville,Residential,1,0,256.64,1.39,1.43,44.2,40.99,1,1,0,52,325,4.1
8560,12043,190,6,1,2026-08-21,Spring Hill,Residential,1,0,1173.64,3.89,3.3,112.26,393.6,0,1,0,52,332,4.2
8561,12044,586,1,7,2026-08-21,Nashville,Residential,0,0,422.13,1.39,1.51,52.71,104.29,1,0,0,31,246,4.5
8562,12047,985,4,5,2026-08-21,Nashville,Residential,1,0,2911.47,7.37,6.79,244.39,849.94,1,0,0,8,216,4.9
8563,12048,533,6,2,2026-08-21,Brentwood,Residential,0,0,1160.0,3.2,2.61,91.4,437.54,1,0,0,27,322,4.8
8564,12050,801,3,7,2026-08-21,Nashville,Residential,0,0,10163.73,16.66,15.63,546.98,5397.76,1,0,0,50,292,4.9
8565,12051,266,1,7,2026-08-21,Spring Hill,Residential,1,0,454.24,1.75,1.48,51.95,91.01,1,0,0,45,231,4.3
8566,12052,184,1,2,2026-08-21,Spring Hill,Residential,0,1,401.77,2.39,1.63,56.92,87.85,1,0,0,36,20,4.7
8567,12053,1157,6,5,2026-08-21,Nashville,Residential,1,0,1600.39,3.58,3.32,119.59,540.3,1,0,0,28,264,4.7
8568,12056,1034,1,6,2026-08-21,Nashville,Residential,0,0,500.63,2.54,2.54,78.7,118.99,0,1,0,40,296,4.4
8569,12059,659,1,7,2026-08-21,Nolensville,Residential,0,0,373.0,2.55,1.48,51.72,81.34,1,0,1,43,325,4.6
8570,12060,1075,2,8,2026-08-21,Nashville,Residential,0,0,375.17,2.32,2.77,74.9,86.21,0,1,0,16,241,4.2
8571,12061,73,5,3,2026-08-22,Franklin,Residential,0,0,258.37,0.99,1.03,29.91,35.82,1,0,0,38,140,4.1
8572,12062,1084,6,4,2026-08-22,Franklin,Residential,0,0,824.58,2.33,2.19,61.36,396.2,1,0,0,35,212,4.2
8573,12063,1028,2,1,2026-08-22,Nolensville,Residential,0,0,486.4,2.87,2.89,98.38,104.06,1,0,0,57,345,4.6
8574,12064,1071,2,5,2026-08-22,Nashville,Residential,0,0,581.43,1.66,1.57,56.49,135.94,1,0,0,29,262,4.6
8575,12065,217,1,3,2026-08-22,Brentwood,Residential,1,1,417.9,1.88,1.87,54.35,97.85,1,0,0,28,163,4.7
8576,12067,740,3,7,2026-08-22,Franklin,Residential,0,0,10587.57,20.69,19.36,677.65,5180.1,1,0,0,27,273,4.4
8577,12068,276,1,8,2026-08-22,Nashville,Residential,0,0,433.8,2.05,2.08,56.05,99.15,1,0,0,8,268,4.5
8578,12069,352,3,5,2026-08-22,Nashville,Residential,1,0,10490.26,16.72,21.63,778.62,6694.41,1,1,0,28,243,4.2
8579,12070,561,2,4,2026-08-22,Nashville,Residential,1,0,513.64,2.76,2.66,74.58,114.53,1,0,0,30,260,4.6
8580,12071,1031,2,8,2026-08-22,Nashville,Residential,0,0,436.58,2.53,2.56,69.04,99.08,1,0,0,28,265,4.5
8581,12072,299,6,1,2026-08-22,Nashville,Residential,0,0,1334.52,2.81,2.45,83.34,604.09,1,0,0,23,181,4.5
8582,12074,1244,6,2,2026-08-22,Nashville,Residential,1,0,1005.12,3.7,2.75,96.11,380.13,0,1,0,10,238,4.5
8583,12075,1187,5,1,2026-08-22,Franklin,Residential,0,0,214.23,1.43,1.05,35.71,34.03,1,0,0,54,52,4.5
8584,12076,1095,1,3,2026-08-22,Franklin,Commercial,0,0,746.71,2.16,2.11,61.26,170.29,1,0,0,38,185,4.8
8585,12077,1333,6,4,2026-08-22,Franklin,Residential,0,0,1040.32,3.5,3.88,108.5,387.83,1,0,0,27,232,4.4
8586,12079,345,1,2,2026-08-22,Nolensville,Residential,0,0,408.65,2.4,2.2,77.07,73.15,1,0,0,28,283,5.0
8587,12080,489,6,7,2026-08-22,Nashville,Residential,0,0,1003.8,2.77,3.18,111.14,351.86,1,0,0,41,163,4.8
8588,12082,441,1,7,2026-08-22,Spring Hill,Residential,0,1,608.78,2.17,2.33,81.7,153.81,1,0,0,39,80,4.1
8589,12083,813,2,1,2026-08-22,Nolensville,Residential,0,1,471.6,2.2,2.37,80.43,99.83,1,0,0,44,27,4.6
8590,12084,236,6,2,2026-08-22,Nashville,Residential,0,0,1297.37,4.1,3.92,137.13,449.18,1,0,0,27,339,4.8
8591,12085,149,2,6,2026-08-22,Spring Hill,Residential,0,0,492.87,2.44,2.25,69.63,117.52,1,0,0,48,246,4.9
8592,12086,437,1,6,2026-08-22,Brentwood,Residential,1,0,414.03,2.27,2.64,81.93,86.7,1,0,0,28,213,4.7
8593,12087,1431,1,3,2026-08-23,Nolensville,Residential,0,0,336.05,2.01,2.56,74.15,88.78,1,1,1,48,265,4.1
8594,12088,300,1,1,2026-08-23,Brentwood,Residential,0,1,499.23,2.19,1.98,67.48,121.76,0,0,0,38,84,4.8
8595,12089,825,2,2,2026-08-23,Nashville,Residential,0,0,425.21,2.4,2.5,87.43,70.07,1,0,0,18,302,4.8
8596,12090,962,2,7,2026-08-23,Spring Hill,Residential,0,1,593.91,2.1,2.06,72.03,123.09,1,0,0,23,101,4.6
8597,12092,1118,1,4,2026-08-23,Nashville,Residential,0,0,509.61,2.0,1.98,55.58,109.19,1,0,0,73,150,4.8
8598,12093,179,1,2,2026-08-23,Nashville,Residential,0,0,618.71,2.64,2.97,103.84,115.53,1,0,0,45,258,5.0
8599,12096,1336,7,4,2026-08-23,Spring Hill,Residential,0,0,1264.3,4.91,4.33,121.34,352.82,1,1,0,48,239,4.0
8600,12097,269,5,4,2026-08-23,Brentwood,Residential,1,0,309.27,1.35,1.39,39.01,47.18,0,1,0,33,215,3.7
8601,12098,398,5,8,2026-08-23,Nashville,Residential,1,0,226.46,1.43,1.78,48.0,40.91,0,0,0,17,178,4.5
8602,12099,919,1,2,2026-08-23,Franklin,Residential,1,0,348.29,2.49,2.83,98.98,72.04,0,1,0,30,272,4.0
8603,12101,949,1,7,2026-08-23,Spring Hill,Residential,0,0,580.35,2.06,2.48,86.74,141.13,1,0,0,68,57,4.8
8604,12105,1348,1,4,2026-08-24,Franklin,Residential,0,0,485.76,2.39,3.29,92.13,106.94,1,0,0,54,221,4.5
8605,12107,1154,7,3,2026-08-24,Nashville,Residential,1,0,1433.3,4.75,4.83,140.16,324.42,1,0,0,59,193,4.7
8606,12108,340,6,2,2026-08-24,Franklin,Residential,0,0,1434.23,3.43,2.27,79.57,616.25,0,0,0,47,226,4.6
8607,12109,893,4,5,2026-08-24,Brentwood,Commercial,1,0,3420.65,11.47,12.25,440.89,1038.9,1,0,0,17,207,4.9
8608,12110,1360,2,3,2026-08-24,Franklin,Residential,1,0,509.07,2.76,2.71,78.7,134.9,1,0,0,32,253,4.3
8609,12111,1059,1,5,2026-08-24,Nashville,Residential,0,0,442.37,2.88,2.8,100.88,87.44,1,0,0,23,221,4.8
8610,12115,635,5,4,2026-08-24,Spring Hill,Residential,1,0,249.03,1.33,1.57,44.0,40.31,1,0,0,24,282,4.3
8611,12116,373,2,4,2026-08-24,Spring Hill,Residential,0,0,375.27,2.45,2.39,66.84,73.5,1,0,0,34,209,4.8
8612,12119,1221,2,5,2026-08-24,Franklin,Residential,1,1,391.02,2.72,2.8,100.92,96.76,1,0,0,53,130,4.5
8613,12120,165,5,5,2026-08-24,Franklin,Residential,0,0,152.8,1.13,1.26,45.24,23.41,0,1,0,32,177,4.2
8614,12121,7,1,5,2026-08-24,Brentwood,Residential,0,0,428.8,2.19,1.56,56.08,93.26,1,0,0,55,274,4.8
8615,12122,1089,1,5,2026-08-24,Brentwood,Residential,0,0,443.41,2.25,1.78,64.15,114.05,1,0,0,62,230,4.7
8616,12123,1298,1,1,2026-08-24,Brentwood,Residential,1,0,356.41,2.5,2.69,91.58,81.15,0,0,0,71,209,5.0
8617,12124,811,1,7,2026-08-24,Nolensville,Residential,1,0,399.17,2.06,2.0,70.08,113.02,1,1,0,21,137,4.2
8618,12126,328,6,7,2026-08-24,Nashville,Residential,0,0,1011.04,3.37,3.95,138.34,401.82,1,0,0,30,180,4.4
8619,12127,399,5,3,2026-08-24,Franklin,Residential,0,0,173.03,1.22,1.38,39.96,24.53,0,1,0,29,154,3.9
8620,12130,1408,7,7,2026-08-24,Nashville,Residential,1,0,993.7,3.88,3.95,138.13,305.88,1,0,0,36,267,4.2
8621,12133,990,1,5,2026-08-24,Nashville,Residential,0,0,690.99,2.01,2.17,78.23,146.43,1,0,1,31,299,4.8
8622,12134,1383,1,3,2026-08-24,Nashville,Residential,0,0,366.39,2.33,2.42,70.28,90.24,1,0,0,39,281,4.6
8623,12135,1001,1,4,2026-08-25,Brentwood,Commercial,1,1,645.85,2.07,2.36,66.09,156.49,0,0,0,51,71,4.6
8624,12136,1290,2,8,2026-08-25,Franklin,Residential,0,0,491.01,2.7,2.69,72.64,85.48,1,0,0,47,175,4.5
8625,12137,1243,5,2,2026-08-25,Franklin,Residential,0,0,188.18,1.14,0.94,32.86,29.05,1,0,0,14,297,4.8
8626,12138,1148,5,6,2026-08-25,Nashville,Residential,0,0,178.32,1.57,1.68,51.93,25.34,1,0,0,25,167,5.0
8627,12139,754,3,7,2026-08-25,Nolensville,Residential,0,0,11121.31,14.94,12.22,427.58,5827.31,0,1,0,42,258,3.7
8628,12140,1369,2,8,2026-08-25,Nashville,Residential,1,1,422.58,2.33,2.65,71.68,109.7,1,0,0,12,166,4.4
8629,12141,404,5,5,2026-08-25,Franklin,Residential,1,0,202.73,1.23,0.89,31.94,30.65,1,0,0,40,303,4.5
8630,12144,1203,5,2,2026-08-25,Nolensville,Residential,0,0,234.02,1.33,1.15,40.16,29.97,1,0,0,47,205,4.8
8631,12145,136,5,4,2026-08-25,Spring Hill,Commercial,1,0,311.11,1.49,1.66,46.37,53.52,0,1,0,33,271,4.0
8632,12146,476,5,2,2026-08-25,Nashville,Residential,1,0,198.93,1.5,1.19,41.52,31.95,1,0,0,49,184,4.8
8633,12147,293,6,3,2026-08-25,Nashville,Residential,0,0,1068.65,3.24,3.66,106.08,383.72,1,0,0,53,202,4.7
8634,12148,352,5,5,2026-08-25,Nashville,Residential,1,0,173.19,1.53,1.25,45.1,27.65,1,0,0,17,244,4.5
8635,12150,107,2,8,2026-08-25,Nashville,Residential,0,0,617.67,2.06,2.53,68.39,132.0,1,1,0,8,266,3.8
8636,12151,1154,1,3,2026-08-25,Nashville,Residential,1,0,399.19,2.02,2.31,67.04,90.71,1,0,0,46,201,4.7
8637,12153,299,2,6,2026-08-25,Nashville,Residential,0,0,456.11,3.17,1.82,56.51,114.46,1,0,0,50,305,4.8
8638,12154,80,6,7,2026-08-25,Nashville,Commercial,0,0,1833.01,3.72,4.53,158.5,679.84,0,1,0,51,233,4.2
8639,12155,379,5,2,2026-08-25,Nashville,Residential,0,0,208.5,1.39,1.58,55.38,24.74,1,0,0,18,253,4.8
8640,12158,1234,5,5,2026-08-26,Nashville,Residential,0,0,281.94,1.12,1.1,39.45,35.12,1,0,0,34,165,4.7
8641,12159,686,5,5,2026-08-26,Nashville,Residential,0,0,176.66,1.21,0.87,31.26,26.75,1,0,0,8,328,4.9
8642,12161,500,5,7,2026-08-26,Nashville,Commercial,0,0,348.64,1.53,1.52,53.05,42.66,1,0,0,61,171,4.7
8643,12162,484,5,2,2026-08-26,Spring Hill,Commercial,0,0,337.23,1.41,1.12,39.16,46.16,1,0,1,47,248,5.0
8644,12163,960,5,6,2026-08-26,Nashville,Residential,0,0,184.31,1.45,1.46,45.17,24.53,1,0,0,35,209,4.7
8645,12164,865,2,7,2026-08-26,Franklin,Residential,1,1,451.43,2.37,2.48,86.7,109.85,0,1,0,32,20,4.2
8646,12165,879,1,8,2026-08-26,Franklin,Residential,0,0,561.96,2.27,2.36,63.6,121.55,0,0,0,44,278,4.4
8647,12166,455,5,2,2026-08-26,Spring Hill,Residential,1,0,180.67,1.24,1.09,37.98,25.04,1,0,0,29,179,5.0
8648,12167,596,5,7,2026-08-26,Spring Hill,Residential,1,0,231.72,1.28,1.59,55.71,32.11,1,0,0,35,214,4.3
8649,12168,211,1,2,2026-08-26,Nashville,Residential,0,1,561.83,2.3,2.1,73.62,121.15,1,0,0,48,45,4.8
8650,12169,1139,3,5,2026-08-26,Nashville,Residential,1,0,8714.61,18.44,14.0,503.84,4555.4,1,0,0,33,191,4.9
8651,12170,140,1,3,2026-08-26,Spring Hill,Residential,1,0,383.4,2.44,2.55,74.03,72.99,1,0,0,28,252,4.8
8652,12171,504,5,5,2026-08-26,Nashville,Residential,0,0,207.9,1.26,1.24,44.49,35.29,1,0,0,54,301,4.6
8653,12172,1338,1,3,2026-08-26,Nolensville,Commercial,0,0,689.35,1.99,2.31,67.08,121.09,1,0,0,21,293,4.5
8654,12173,437,6,7,2026-08-26,Brentwood,Residential,1,0,1438.98,3.29,3.37,118.08,559.26,1,0,0,54,180,4.7
8655,12174,1261,7,7,2026-08-26,Franklin,Residential,1,0,1133.79,5.1,4.73,165.53,350.34,1,0,0,42,256,4.6
8656,12175,1091,2,6,2026-08-27,Nolensville,Residential,1,0,530.49,2.23,2.05,63.4,122.69,1,0,0,31,235,4.7
8657,12176,1364,6,2,2026-08-27,Nashville,Residential,1,0,1556.73,3.16,3.19,111.68,677.98,1,0,0,37,241,5.0
8658,12177,1103,1,3,2026-08-27,Nolensville,Residential,0,0,363.85,2.04,1.77,51.4,70.49,1,0,0,25,176,4.0
8659,12178,740,6,8,2026-08-27,Franklin,Residential,0,0,1034.27,4.16,5.52,148.92,344.57,1,0,0,30,237,4.1
8660,12180,79,1,4,2026-08-27,Franklin,Residential,0,0,405.54,2.17,2.57,71.93,74.9,1,0,0,44,237,4.6
8661,12181,365,6,3,2026-08-27,Brentwood,Residential,0,0,1328.12,4.19,4.09,118.47,575.35,1,0,0,53,182,4.6
8662,12182,760,6,1,2026-08-27,Nashville,Residential,0,0,1138.47,3.62,3.38,114.97,399.29,1,0,0,30,243,5.0
8663,12183,130,5,1,2026-08-27,Nolensville,Commercial,0,0,464.17,1.3,1.14,38.64,77.09,1,0,0,44,289,4.5
8664,12185,191,5,4,2026-08-27,Nolensville,Residential,0,0,198.1,1.08,1.39,39.05,31.76,1,0,0,39,283,4.0
8665,12187,74,3,7,2026-08-27,Brentwood,Residential,1,0,11561.28,19.17,20.4,714.14,6045.23,1,0,0,33,239,4.5
8666,12188,1213,6,1,2026-08-28,Nashville,Residential,0,0,899.62,3.36,3.02,102.54,460.82,0,0,0,12,259,4.7
8667,12189,197,1,2,2026-08-28,Brentwood,Residential,0,0,494.07,2.25,2.16,75.67,97.61,1,0,1,50,200,4.8
8668,12190,435,5,4,2026-08-28,Spring Hill,Residential,1,0,170.34,1.26,1.22,34.04,25.5,1,0,0,27,176,4.3
8669,12191,1065,1,2,2026-08-28,Nashville,Residential,0,0,528.65,2.23,2.53,88.69,97.11,1,0,0,48,340,5.0
8670,12192,900,6,7,2026-08-28,Nashville,Residential,0,0,814.14,3.4,3.63,127.18,280.97,1,0,0,32,229,4.6
8671,12194,1436,2,3,2026-08-28,Nashville,Residential,0,0,471.84,2.31,2.52,73.17,101.22,1,0,1,34,185,4.8
8672,12195,767,6,8,2026-08-28,Nashville,Residential,1,0,1186.97,2.85,3.26,87.89,565.11,1,0,0,8,218,4.9
8673,12197,1179,7,4,2026-08-28,Spring Hill,Residential,1,0,1002.69,4.98,4.06,113.68,254.22,1,0,0,24,247,4.8
8674,12198,799,1,1,2026-08-28,Franklin,Residential,0,0,393.24,2.05,1.63,55.49,91.47,1,0,0,44,331,4.9
8675,12199,1108,5,6,2026-08-28,Franklin,Residential,0,0,115.9,1.25,1.01,31.31,18.99,1,0,1,54,235,5.0
8676,12201,1355,5,4,2026-08-28,Spring Hill,Residential,0,0,217.42,1.14,0.84,23.52,33.35,1,0,0,31,293,4.6
8677,12202,1426,1,8,2026-08-28,Nashville,Residential,0,0,476.35,2.26,2.72,73.32,109.36,1,0,1,47,243,4.2
8678,12203,1437,1,1,2026-08-28,Brentwood,Residential,1,0,468.86,2.3,2.18,74.01,107.09,1,0,0,51,206,5.0
8679,12204,359,6,1,2026-08-28,Nolensville,Residential,0,0,1613.34,3.66,3.93,133.56,675.74,1,0,0,34,323,4.2
8680,12205,1346,3,7,2026-08-28,Spring Hill,Residential,0,0,10007.15,13.66,12.55,439.11,5351.09,1,0,0,59,237,4.7
8681,12206,28,1,4,2026-08-28,Franklin,Commercial,1,1,833.58,2.15,2.43,68.15,213.57,0,0,0,33,137,4.3
8682,12207,527,1,6,2026-08-28,Franklin,Residential,0,0,530.95,2.82,2.79,86.64,91.48,1,0,0,69,325,4.8
8683,12209,1389,5,8,2026-08-28,Spring Hill,Residential,0,0,165.82,1.45,1.7,45.88,20.89,0,1,1,29,301,3.8
8684,12212,194,1,5,2026-08-28,Spring Hill,Residential,0,0,610.56,2.22,2.24,80.74,148.15,1,0,0,51,316,4.5
8685,12213,524,3,5,2026-08-29,Nashville,Residential,0,0,11722.5,16.59,16.04,577.58,6478.66,1,1,0,14,141,3.9
8686,12214,902,3,5,2026-08-29,Spring Hill,Residential,1,0,13057.02,19.8,20.09,723.15,6498.37,1,0,0,34,140,4.9
8687,12216,1404,3,5,2026-08-29,Nashville,Residential,0,0,10422.71,16.86,19.5,701.89,4868.43,1,0,0,9,238,4.6
8688,12217,632,7,2,2026-08-29,Brentwood,Residential,0,0,1402.59,4.12,3.67,128.38,344.89,1,0,0,39,206,4.6
8689,12218,1433,1,8,2026-08-29,Nashville,Residential,1,0,337.5,1.95,2.28,61.47,85.04,0,0,0,31,284,3.7
8690,12219,1131,2,2,2026-08-29,Franklin,Residential,0,0,486.81,2.43,1.94,67.99,67.23,1,0,0,30,225,4.7
8691,12220,172,5,7,2026-08-29,Brentwood,Commercial,0,0,406.35,1.29,1.47,51.28,53.45,1,0,0,53,249,4.7
8692,12222,6,7,5,2026-08-29,Nashville,Residential,0,0,1241.34,4.32,3.65,131.47,309.37,1,0,0,20,222,4.8
8693,12224,820,5,6,2026-08-29,Nashville,Residential,1,0,156.71,1.58,1.44,44.7,22.53,1,0,0,46,240,4.9
8694,12225,1378,5,8,2026-08-29,Franklin,Residential,0,0,233.61,1.36,1.3,35.14,32.63,1,0,0,34,197,4.0
8695,12226,879,4,5,2026-08-29,Franklin,Residential,0,0,2583.87,11.24,12.41,446.83,736.07,1,0,0,29,318,5.0
8696,12229,304,1,4,2026-08-29,Franklin,Residential,0,0,457.57,2.28,2.13,59.65,93.87,1,0,0,58,221,4.7
8697,12230,1290,1,4,2026-08-29,Franklin,Residential,0,0,442.56,2.16,1.92,53.69,80.81,1,0,0,32,411,4.4
8698,12231,1020,2,3,2026-08-29,Brentwood,Commercial,0,0,1241.87,2.57,1.97,57.2,269.52,1,0,0,50,180,4.9
8699,12232,820,1,8,2026-08-29,Nashville,Residential,1,0,549.9,2.67,2.27,61.17,126.91,0,0,0,37,307,4.0
8700,12233,365,2,5,2026-08-29,Brentwood,Residential,0,1,496.43,2.2,2.03,73.0,123.66,1,0,0,37,55,4.8
8701,12235,1192,5,6,2026-08-30,Brentwood,Residential,0,0,294.13,1.42,1.32,41.02,45.85,1,0,0,14,200,4.6
8702,12239,917,5,7,2026-08-30,Franklin,Residential,1,0,190.77,1.27,1.1,38.54,34.49,1,0,0,12,174,4.5
8703,12240,526,3,7,2026-08-30,Franklin,Residential,0,0,8561.7,16.0,16.66,582.94,4689.19,1,0,0,14,210,4.3
8704,12241,835,5,7,2026-08-30,Nashville,Residential,0,0,265.46,1.26,1.17,41.02,27.48,0,1,0,44,255,3.9
8705,12243,1255,7,8,2026-08-30,Nashville,Residential,1,0,766.51,4.97,6.55,176.83,204.67,1,0,0,35,302,4.1
8706,12244,762,6,5,2026-08-30,Nashville,Residential,1,0,994.4,4.03,3.53,127.16,357.76,1,0,0,19,277,4.4
8707,12246,1360,2,7,2026-08-30,Franklin,Residential,1,0,539.28,2.18,1.87,65.43,142.35,1,0,0,42,279,4.6
8708,12247,646,1,7,2026-08-30,Franklin,Residential,0,1,539.7,2.14,2.12,74.16,84.68,1,0,0,38,33,5.0
8709,12249,97,5,5,2026-08-30,Spring Hill,Residential,0,0,224.06,1.57,1.56,56.25,29.51,1,0,1,42,305,4.6
8710,12250,430,5,6,2026-08-30,Spring Hill,Residential,0,0,209.65,1.38,1.54,47.65,20.29,1,0,0,57,185,4.3
8711,12252,845,1,1,2026-08-31,Brentwood,Residential,1,1,472.87,2.25,2.02,68.61,101.29,1,0,0,32,98,4.9
8712,12255,1207,1,3,2026-08-31,Spring Hill,Residential,0,0,462.82,2.38,1.62,46.99,94.49,1,0,0,42,267,4.7
8713,12256,409,2,3,2026-08-31,Franklin,Residential,1,1,459.55,2.11,2.19,63.53,93.52,1,0,0,60,87,4.3
8714,12257,142,1,5,2026-08-31,Spring Hill,Residential,0,0,715.28,2.62,2.79,100.31,154.79,1,0,0,45,296,4.7
8715,12258,974,1,4,2026-08-31,Spring Hill,Residential,0,0,585.01,1.71,2.03,56.97,159.13,1,0,0,22,157,4.6
8716,12260,1413,4,7,2026-08-31,Brentwood,Residential,0,0,2225.21,11.32,9.14,319.93,648.85,1,0,0,45,171,4.6
8717,12261,828,2,5,2026-08-31,Spring Hill,Residential,1,1,347.77,1.95,1.77,63.84,78.6,1,0,0,40,213,4.4
8718,12266,405,1,1,2026-08-31,Franklin,Commercial,0,0,710.25,2.58,2.53,86.01,170.49,1,0,0,42,247,4.8
8719,12267,682,5,6,2026-08-31,Nashville,Residential,1,0,192.97,1.26,1.67,51.72,31.61,1,0,0,40,133,4.4
8720,12270,954,6,8,2026-08-31,Franklin,Residential,1,0,1189.96,2.85,3.07,82.82,491.46,1,0,0,51,232,4.1
8721,12273,681,1,7,2026-08-31,Brentwood,Residential,1,1,378.54,2.22,2.63,92.1,87.98,1,0,0,52,74,4.5
8722,12274,523,1,4,2026-08-31,Nolensville,Commercial,1,0,615.33,2.37,3.01,84.2,149.8,1,0,0,49,187,4.2
8723,12276,901,5,4,2026-08-31,Brentwood,Residential,0,0,155.46,1.19,1.05,29.42,25.46,1,0,1,64,203,4.3
8724,12277,182,2,8,2026-08-31,Brentwood,Residential,0,0,488.77,2.52,2.43,65.65,94.49,1,0,0,45,235,4.5
8725,12278,984,2,3,2026-08-31,Nashville,Commercial,0,0,730.59,2.02,2.48,72.04,147.16,1,0,0,40,229,4.3
8726,12280,1315,7,5,2026-08-31,Brentwood,Residential,1,0,925.91,4.68,5.26,189.49,217.47,1,0,0,60,182,4.7
8727,12281,562,1,4,2026-08-31,Spring Hill,Residential,1,1,329.21,2.29,2.58,72.36,86.01,1,0,0,30,157,4.6
